"em","country","units","X1970","X1971","X1972","X1973","X1974","X1975","X1976","X1977","X1978","X1979","X1980","X1981","X1982","X1983","X1984","X1985","X1986","X1987","X1988","X1989","X1990","X1991","X1992","X1993","X1994","X1995","X1996","X1997","X1998","X1999","X2000","X2001","X2002","X2003","X2004","X2005","X2006","X2007","X2008","X2009","X2010","X2011","X2012","X2013","X2014","X2015","X2016","X2017","X2018","X2019","X2020","X2021","X2022","X2023"
"CH4","abw","ktCH4",0.401837305627783,0.444302903640085,0.448597458520565,0.453353793942006,0.456164588343438,0.458049805124255,0.462422713095754,0.459892362087693,0.458629177855057,0.45924712418792,0.460183962757777,0.464189027765627,0.470593263490924,0.474935980939028,0.484068977097322,0.486423108107622,0.477772769236775,0.471180003215552,0.465638306406586,0.463596124901992,0.553330688306024,0.577196064810123,0.588834676850123,0.615458306045065,0.64587374499452,0.667439538059376,0.667460934960042,0.692974733267295,0.69891214645205,0.701393508370575,2.53474539836091,2.53480654765904,2.53644143815032,2.68259231752537,2.92279137032398,2.94320123594184,1.94172134824051,1.96762005315363,1.83481851793807,1.70270131221041,1.33063788104292,1.5531045154839,0.853778221601104,0.861750409842877,0.884492411639783,0.883292364394234,0.888711889129687,0.894733586768455,0.899922434819528,0.903991474518599,0.898468605003038,0.908540431134982,0.915983310592326,0.917708818725615
"CH4","afg","ktCH4",544.818618017845,547.757465519804,497.293849071883,516.2375769915,540.736354515586,565.994183679802,576.742821953151,573.834019012527,576.990764153375,571.769287393594,570.988885922828,567.897874627771,560.457308870672,536.847177027515,495.763250917714,464.414288400021,417.616374720614,428.326681634891,439.049448903768,436.924536941631,461.513398518784,581.934042036281,537.974216770488,599.304403525805,670.108097906761,715.371167853675,772.555605513101,684.803485123611,710.902693019701,705.348335948962,596.158182965628,437.721936918941,460.927346244804,496.560346220475,575.395306389528,729.733110688484,787.928987669307,657.952936684404,891.688678644543,851.255675924013,700.638121245013,748.754859237252,749.498440804248,705.437951069547,711.195445705945,697.078970969368,673.5751284849,652.108937111394,641.342686054734,651.171485291225,646.011643491934,647.817153415453,664.057084846271,661.254558401059
"CH4","ago","ktCH4",279.055127931346,286.027323207758,310.136325277725,329.638502084842,336.218877615651,328.002540476579,320.947273339119,316.903036669378,312.149801018299,328.590838557652,336.944118653495,325.322573834967,323.179561237988,365.904356351039,393.05600235445,413.37145766347,455.504410771631,512.078730967116,580.400697925859,582.373645040259,600.007683607034,572.988712202671,516.188315743347,645.160447282832,1033.54573255626,1218.04701993206,1475.81566214316,1542.80106292853,1676.8319767033,1672.86354462004,1559.22358569762,1487.89908170753,1446.72596802598,1404.16129983864,1574.7202880752,1571.54969131691,1295.39740244247,1213.65086393776,1258.79656101062,1235.05267865673,1410.13278325189,1340.07824518728,1370.08544496846,1387.74229487654,1373.88301081464,1444.51840674812,1402.19136702984,1333.20984898275,1258.00508426113,1219.61279166208,1174.01218640394,1106.9957821105,1124.54304609519,1131.52285351283
"CH4","alb","ktCH4",109.248613343273,107.755274029079,115.948512209252,117.279370789739,113.993124289515,117.054514734002,123.095911903566,127.20599245768,136.722359446988,137.499547220115,139.747884135544,139.786229140981,154.270461559946,163.716289128603,151.510178985562,148.16875214886,151.615925199828,156.704768690703,154.763198595343,157.799879316689,139.711811925917,146.18506134574,120.987882547755,126.362650482454,148.302614685171,146.688382579475,139.73739546592,130.267809546543,124.577172871043,125.625884007522,127.284603085347,125.17583499072,123.558492534283,124.179574169356,121.571019631787,120.91472065945,119.731527052023,114.259887521606,108.797934836564,104.752313622053,105.833923182194,104.005022136005,106.23053855893,107.627381969415,109.657696862233,111.015984494067,109.421057085209,108.791593668167,109.401812166666,100.792518649846,93.1417433805917,91.1745550389713,85.6182064758971,85.3863123591619
"CH4","are","ktCH4",384.301968306564,516.22392857172,585.254741195946,743.716579186104,813.859078751466,822.37961811799,942.133856973768,969.924408441631,893.506216814904,896.053383124522,838.307371709669,745.868311039258,627.682890807248,582.294951013174,548.062148133751,524.999310538578,599.975466459844,653.908418214013,694.095980674729,834.721255893899,922.279783669362,1043.46557732194,1102.38925606434,1056.06174508553,1050.79740073403,1035.77363951153,1034.16089285658,1070.9190147597,1077.62807360791,966.29882759796,1039.39039433515,1018.39729279441,978.260370842827,1107.03159225484,1174.82193066385,1215.66387499144,1333.07290724713,1348.75704811731,1407.93741909902,1323.46368861988,1386.62452182069,1519.43405718648,1575.6175616278,1656.42988984314,1663.64066437261,1768.08742895966,1826.68192477982,1765.70360483087,1789.11988742079,1819.13028377114,1689.79465936728,1658.43601014632,1839.57102128811,1842.69277852252
"CH4","arg","ktCH4",4072.16287913823,4209.03662276871,4374.91182780069,4494.35105645929,4494.00582300514,4551.42569669089,4643.53661824274,4862.3570075263,4691.38770693606,4692.45848961475,4649.73210636565,4573.78054709342,4487.30149000686,4571.37771196284,4612.78726976492,4551.55577218144,4449.47876015024,4355.5541574645,4476.50088259788,4521.35380043174,4573.54770087033,4550.63626469833,4697.63357444752,4721.96822397142,4860.67902180851,4907.36022061132,4900.41962251095,4934.63999225893,4834.65569095939,4854.77507971572,4745.09574629338,4772.46194286591,4954.04384238785,5222.99249485951,5291.3560612304,5244.05291216549,5377.05993696154,5330.81658751234,5254.13511593898,5055.52286044632,4762.14033331342,4658.44940182971,4767.10845578756,4827.0878275702,4851.8901265817,4829.87247251282,4843.34722278723,4900.41140407699,4916.62633706957,4962.60173593827,4859.85416011332,4860.84449200011,5051.12617929831,5051.24165882517
"CH4","arm","ktCH4",42.1937363089038,45.4429670555475,47.3103241973396,48.8589617504592,50.6972064078641,52.4264317719581,53.823179929138,54.9227851735184,56.6209075827202,58.127118552443,59.4795606155679,60.4752212296968,61.6180752638066,62.8426904089904,64.421994925157,65.587975502797,66.7318170185708,68.0796659803665,70.0100278015834,71.1974496779527,70.8881254923741,68.0412038461229,61.7989161701827,55.1221654011537,54.2582028242451,53.288602523299,53.0863236353935,52.7986269996358,50.5171427224443,50.5800140341937,50.5928532244226,52.1971581656263,53.3231572499503,54.8243760505362,56.2388026579996,56.8923657381469,58.1998330635242,54.6728874819525,55.111272024805,52.3048233161191,51.5053742021276,51.8100557679239,53.5257802322788,56.4163543255207,57.6964898397924,58.8087967164781,60.0337029486756,58.1050228359626,57.876488481858,56.9986203409971,58.233670170525,61.3235543040877,58.1013350488229,59.2708657902251
"CH4","asm","ktCH4",0.0690839804898899,0.0701970615180107,0.070791621218661,0.0713607780444307,0.0716192668441017,0.0730232359465216,0.0738451354241466,0.0744127917092743,0.075483219777051,0.0759632618320424,0.0787951407931321,0.0808441820958198,0.0834817878079762,0.0864704444948238,0.0914664657849109,0.0946316149940028,0.0974636665641345,0.100484532648148,0.104607301598244,0.10877802155288,0.124805163853681,0.293292282877661,0.295759191559587,0.29791729115717,0.299779096658986,0.300923494292053,0.302230108669804,0.305084887142582,0.307706418802205,0.30938802317896,0.321618789831881,0.334988032339359,0.330236872638685,0.336344128534109,0.332983504142466,0.331521855771822,0.331509736685338,0.330649770877739,0.329896171542354,0.325071071487107,0.32311671861453,0.314398513675451,0.336239444411292,0.343242028721865,0.344263860411385,0.33933380508025,0.342263068171986,0.285461001584006,0.285362994414831,0.285255017589423,0.283560518355094,0.284121106110673,0.284317573626706,0.284789346210164
"CH4","atg","ktCH4",1.80393920075012,1.99599428428525,2.00000632186151,2.01727291559358,2.02116475553024,2.04634767613229,2.07354474046241,2.10564186743159,2.2610973223038,2.48266359720079,2.62798117339103,2.62104245875894,2.67848550983933,2.66379063761903,2.65239111527386,2.76550457768232,2.75361766160999,2.7383646767588,2.72596259698571,2.59650937040822,2.59861822804589,2.6285524357844,2.63524202819257,2.67086976278912,2.72066290393612,2.7305585615727,2.71096955207238,2.72930541942959,2.73871292156228,2.76060650026566,2.75917527483428,2.76876291379738,2.77177595431216,2.78391801486925,2.80202709666353,2.79651534867611,2.8119527358793,2.80365329429645,2.78093629972857,2.72446258815423,2.03963052603639,2.02418273492254,2.02542511242917,2.02149116415793,2.02967646492881,2.03387869590119,2.04873377384246,2.06513105464559,2.04122998406096,1.96888871503822,1.95887333553568,1.95946942873627,1.96117592366116,1.9746718231011
"CH4","aus","ktCH4",4254.67627550615,4360.54924022728,4595.08774124815,4574.43214372921,4666.10532924018,4689.08944120106,4701.41692950348,4567.52052678138,4397.5560092791,4352.57181695541,4270.91840620964,4343.60948538038,4355.65077858645,4310.72488019604,4458.41984910229,4464.84844664727,4583.80051724595,4609.72388476264,4527.79657620709,4721.65157500682,4821.90240771035,4782.11888215592,4744.06345119441,4623.58376567768,4511.16118348793,4471.28852056167,4448.53232870947,4565.30000583519,4568.31340032187,4423.48586767149,4602.69220492317,4560.91249550301,4515.19102734948,4298.05430138032,4347.87118312476,4447.23766441142,4406.78968999708,4428.32395425008,4326.0283011459,4279.81782626514,4180.13340384442,4242.40351420981,4250.45083450365,4267.16302945342,4135.22974106124,4144.4838706381,4092.53508792212,4148.74777433113,4221.43917006248,3977.92246063259,3872.00709757516,3878.62475142225,3792.06939761249,3854.39147519838
"CH4","aut","ktCH4",419.146535268383,435.507474032377,436.057394506938,440.559375016065,445.68720519133,443.240172411807,440.607370311553,441.840600685471,443.180717487102,446.759726771083,445.179121315609,442.768548548851,447.868371534529,447.620906016658,455.868722961005,460.618840526362,454.487131263576,450.120643611214,454.208596567768,443.573834760902,445.786914711804,440.059218037951,426.211983012742,428.047412911235,410.575972990483,407.391482650614,395.257922742856,380.699120633571,373.478230980736,365.19145496852,353.429368775508,347.94254446981,342.544799562804,365.432587964685,330.922677472758,324.051863303212,318.533359278556,308.313553177923,302.305937682527,300.043915975504,298.601501109122,290.520631708553,285.635486284888,291.865146570576,285.514075556219,271.304500423149,273.815913562089,281.781415406986,279.236842096459,277.301402432752,274.717649171072,279.938359738127,277.601848177459,276.575253169562
"CH4","aze","ktCH4",161.617994454746,169.410967384078,175.601939035627,181.166760840056,187.094898627417,193.327792197404,198.152820561932,201.934852994803,207.472201904767,212.276157840461,216.183812825007,218.763955687014,222.619336183162,226.953799519072,230.020370712263,233.020202083617,238.025081120208,242.04474280169,243.238922046561,244.87442047099,253.184908304269,247.848475238813,230.76432430742,216.804678719347,205.249074815031,203.592611427479,205.103763304276,210.098875753319,221.809649128782,248.439598405256,255.745697302595,263.917462267006,259.454899076494,268.038356090993,272.52626680264,305.555728855937,332.91765730182,442.160273814461,470.878656639262,421.816188893445,429.939443991823,416.79100833005,419.943789380881,425.352592446872,426.462555302837,426.611351854188,422.05079135665,414.134062820236,415.831821923621,423.999179691748,420.286488314865,433.742144454463,433.169615837045,434.052915160403
"CH4","bdi","ktCH4",53.334686061193,53.776870805491,56.2202799020803,57.7050735916683,58.2557198613496,59.9461340611985,60.2055898709893,60.9324283792958,61.61449320199,63.2888307951632,57.2875565209941,52.2224076311483,53.21352127499,54.0886872485925,55.7075709357444,54.8701679221817,59.8737505688357,59.5529579437274,61.2055272313921,62.324073118501,76.84890000296,78.83354378345,79.34698611084,80.1601637975219,80.304667391756,83.6156846789444,86.4158120589826,88.0452123940761,87.3947031470939,73.1181356843349,74.5177734897168,75.8843966435156,75.632055953605,77.6459774311446,80.5304925076179,84.1356854433067,87.5257717780237,90.4255880251267,93.4950148633813,98.1764748776492,103.77159613712,107.837772449286,107.769050074591,135.91807802999,134.708635729216,134.396764079672,141.948849801622,154.180973182751,155.18608620167,146.769554485594,143.92522802979,161.754006059334,166.279225048445,168.133873871034
"CH4","bel","ktCH4",485.322672618458,489.957534639578,486.316770028508,498.20924336358,505.170384251029,504.461598215028,501.573191657866,503.022940859079,495.450690321892,497.719355229605,501.044647617123,498.889037094083,496.0661713534,493.711359980468,502.655257953912,504.728391544384,491.269259704534,483.769932148176,463.400275246669,462.694793205106,462.604358032932,457.530938432539,453.008126329058,449.920601284178,454.324396879367,455.442134466428,446.501841044621,436.80663979129,430.583087648701,425.722350352212,410.913906460724,396.056011196879,382.656026173649,364.963925413073,364.919748015933,356.740075214301,352.525173600571,349.451669287024,340.294443949411,338.238016649887,342.972967957432,334.707973297284,334.702865428093,338.552758652446,330.927029770177,334.044786803458,335.746716539149,327.99076298032,328.261239499362,323.481458757349,320.00993888236,319.954900780969,308.665436203671,307.473578147963
"CH4","ben","ktCH4",64.4829325729236,65.9037222426193,69.0240237325391,72.6376511624671,71.9195304352911,75.6779537302741,76.9615909056858,78.5910592680196,80.3729444458853,82.2199933412858,86.0692859134545,88.3926489484122,91.1225123953054,87.9934156186363,90.9235258379142,93.7901535521654,88.3316195772613,89.3092363387775,90.6998990412244,91.3194858339518,96.6576751230572,101.205553587347,103.893083140193,105.309692111942,113.02604455967,106.568007188854,112.421974171739,113.51920159889,114.451006350949,120.774644126328,121.953789948665,126.509105134187,129.621859364625,132.437425797795,136.275073812135,138.994697178771,145.803086057638,150.107898687336,154.243174677785,158.932075167014,173.632990276716,178.965905571176,183.790013771357,195.712737650076,199.999003498337,205.08123014984,211.146679377217,216.786996041093,224.109055758892,231.921086880208,226.837766004582,237.632414175911,247.655533492962,249.985606729794
"CH4","bfa","ktCH4",170.681715317482,174.258927861212,168.227703302279,162.398520920253,166.55473100227,174.221974864501,179.407879236084,181.026272010949,187.516509080146,195.47778149191,200.806234216013,208.785426905404,213.447984033608,218.606486859079,225.958279839718,252.159957680795,257.156782109099,263.414204970888,270.806563187929,277.406879307509,302.393692776024,313.496518517503,321.381782809515,329.0957225586,338.532468997827,351.0981347495,359.697430214682,369.860240321704,375.746113170074,353.456568352182,360.887915008802,404.643735991468,410.982763861792,496.278786034598,507.410115747833,519.648199231407,531.149142078172,542.394898997651,567.518801181459,584.689827077078,609.032294096292,622.545929206543,635.428331377854,650.2997101532,666.774813004146,680.081017476178,704.142611928341,717.034913108962,731.180182431205,752.840020676791,659.133865746326,777.035366063039,775.836798338602,779.771886054754
"CH4","bgd","ktCH4",2060.19188664728,1993.40059139186,2030.02421687226,2030.44287310965,2045.72909790294,2127.67715920857,2123.98748516053,2168.81147049287,2313.76705918454,2381.32121913871,2079.12031134802,2118.59761994202,2158.77531320662,2101.20303623509,2152.30923313152,2218.57306013809,2270.50234250963,2263.17721604195,2292.54130376525,2352.16831292695,2371.90381166464,2359.96090891816,2382.23643839514,2380.91778606931,2430.8909132973,2480.16667683899,2505.63208134564,2545.76665755839,2551.74117289429,2645.23962612069,2683.169261517,2690.68022883896,2734.2606767228,2762.62458993728,2741.83460174358,2799.10605839905,2841.25571286266,2873.73407174926,2983.84142195824,3027.08634266397,3079.67498121392,3106.01461089378,3126.74611025148,3148.86996589669,3177.05294405557,3198.36944224931,3192.56391338679,3274.75333682443,3276.46190317611,3291.56233823024,3289.48449372614,3338.97198023281,3360.06350626739,3364.70752083103
"CH4","bgr","ktCH4",550.710024670415,566.611247329127,577.920170202984,576.243804186992,569.723362530798,598.959941985815,607.00560597948,606.403466718787,613.793646491903,627.224357412395,641.308542282094,637.699261486687,649.740062076107,646.07971933644,648.245694091762,626.450974425935,625.413629108774,621.637095159252,602.42164158455,592.534218385126,553.980000145001,521.523618572811,503.057551207178,463.448661402463,422.727727379061,406.188048468841,398.503913886087,385.185184500174,366.363379276398,351.956009726876,347.293177552294,328.006791974843,339.757516835963,349.120890602426,330.592495057677,326.598877065989,317.845955215685,317.08596881179,312.936920548344,307.186137449641,304.746470951106,313.311618020695,286.475317599526,280.20808047296,250.368079752612,316.053011708457,304.165759064608,310.852775042143,286.691754379637,275.418630891919,276.268989623385,278.331013449777,273.810890979115,256.077053301209
"CH4","bhr","ktCH4",513.302030473856,514.089557656164,475.194123763513,495.842117506674,513.633671463019,433.420116398983,446.473311372319,524.831720410831,503.781818648049,514.489426723846,506.443627768555,493.164667785076,465.832643150906,444.592432042426,440.012981938563,451.745639137011,484.238946902544,470.018500303825,481.059924267886,482.135561115001,474.439754970586,560.970663961507,630.230494761882,655.842449762919,644.773192374988,645.834662791507,671.020744605206,567.607340782376,584.137201528643,649.99333957089,651.412124554473,664.037771398591,617.963630529083,581.993710670394,576.120266804669,574.420167064551,556.164794869283,574.568462217355,637.199187957229,658.627375032265,630.865365564981,637.10045237487,723.321669966208,812.446877351261,833.772193400744,829.79436747651,834.551466824389,814.933006423016,809.172195879173,834.993921203745,835.922842732559,824.077998682027,824.094767936342,825.247219909829
"CH4","bhs","ktCH4",3.44175695602546,3.91401014113008,4.00131448833872,4.11753935214932,4.14050028209682,4.2809136552022,4.39840597087419,4.56593523127414,4.64913151364668,4.78154668200878,4.98707847891263,5.08908465811347,5.24991949315615,5.43507411508249,5.62323704555126,5.79483561914755,5.96863200491689,6.1140771758863,6.28343117276364,6.46292496050057,6.80351570770613,6.87252124956822,6.95222048623906,7.05869890957508,7.2079044183293,7.42793922220047,7.61880731407532,7.73091433806424,7.92630159160705,8.02191236407873,8.18798464493911,8.35467622811013,8.51105474093158,8.63289565592503,8.79682606351487,8.97277899909326,9.17016532233616,9.41348860586482,9.45198509399827,9.50388812664785,9.66532003907533,9.97878493042133,10.160112333172,10.2799954555968,10.4278107809608,10.5264211422425,10.6018847225928,10.7165043011979,10.8387054863124,10.9360479708626,10.9912144437857,11.1131336176802,11.2260168349026,11.3273957340602
"CH4","bih","ktCH4",316.611193989076,323.032886564767,326.994416646475,335.590845909367,348.180381709516,358.764190888869,358.988340947436,358.81829729314,363.151598658972,363.959573069123,361.013193246694,373.892759756608,384.69341121787,394.980089521141,402.883512163703,404.384504130243,402.230522980664,406.221619913637,406.772013298574,399.51291767796,403.582377900375,384.159230399696,267.850225682761,248.135905246636,118.939290308876,111.332072512366,96.7567535879117,137.978856579295,145.933023648194,145.601207035305,147.654744962981,147.627087990404,146.812103235507,172.129155753923,174.392774723395,180.765979217698,191.968016219477,187.502562530652,195.303289403197,181.689213567939,182.321546954105,186.433202267019,175.801858169551,170.613891106735,203.731135438958,206.453597845227,215.150623150933,216.574968799317,216.536508863239,206.986713244274,205.23505888488,188.908081086728,195.675717986958,187.842699049814
"CH4","blr","ktCH4",595.231043383102,613.076377972666,628.512120704554,637.5414230182,651.176834475215,666.155394068563,672.136550427568,673.636436269488,684.989333373818,693.808551669948,699.988025653251,700.433155985388,706.42363758434,713.478203766825,724.425836505717,727.515782430305,731.247862886394,736.351307130662,727.882845060296,730.394593737714,738.797311100197,700.627931208799,654.169634034969,622.090656221662,595.792696454469,564.337582126461,555.830293053924,553.773888263853,551.68253702117,538.717172361695,533.518610594196,533.4016922854,532.45106379995,536.281569315362,562.762899805443,549.16798783919,569.197569866939,564.022684927543,602.962738540528,614.677465853237,635.652091412141,627.992877444392,639.513774542383,651.134833014787,649.389273063777,659.280927198907,659.555763562693,661.266905558639,661.299892309633,666.084883426477,677.335126225477,682.187452544514,674.943843911333,672.961076795605
"CH4","blz","ktCH4",5.56299367962996,5.93602576551678,6.09298184627697,6.26560842515039,6.55373809700658,6.7299934945586,6.83602962265981,6.9285141073617,6.9866171422666,7.07966040511397,7.18103376904378,7.25759033564644,7.36632936116506,7.47531265004196,7.58111754080981,7.61240541561158,7.70975881709145,7.75873509106297,7.94564601998215,8.30728851660189,9.03452114601855,8.98929145137136,9.89732849701686,9.46383505996757,9.6721161385709,8.75663597312136,8.96630535225379,9.56851512754534,10.056277281137,11.0267182067239,10.1879704695217,10.6621821496301,10.7900362969042,11.0127354709929,11.1768037935141,11.2621629376665,13.4577502777484,14.300707303694,15.0267263473572,15.7142454817314,15.589976417013,16.5915290922974,16.0255781667049,16.3861565371693,15.4633470878222,15.7325319665022,15.9323994074562,16.20786201832,16.3942247446699,16.6701314624183,16.6107816840799,17.0360217080021,17.2480506955684,17.4276441107837
"CH4","bmu","ktCH4",0.541907631369593,0.597909674050588,0.604997022744413,0.613256986413241,0.619182964177937,0.625715311801492,0.631286827574781,0.6366787083777,0.640303980870118,0.644344711924653,0.649864959955104,0.653320752969177,0.657345809888878,0.66160946064942,0.665150667330188,0.667438724668296,0.670298429246389,0.676130020986704,0.680501525289506,0.68681811328765,0.698279987739031,0.859867330244519,0.84818243911607,0.862176768043209,0.86689629994533,0.83887096572519,0.829420003505351,0.839880963191077,0.839109681724342,0.842456047316112,0.842459843376217,0.852260450111545,0.85738390552767,0.858472639431789,0.854035750245133,0.864949350848538,0.872466484672892,0.879798411145075,0.884539821915172,0.878843297364811,0.875857969620156,0.856271259223285,0.850532048199786,0.846978962978798,0.862724364097931,0.864019673609255,0.860954584654863,0.858122106504836,0.835599518201366,0.823680780761079,0.816715754194008,0.807545923858311,0.799502969861543,0.797988466707923
"CH4","bol","ktCH4",831.000007435933,842.308821252476,973.910544655399,1038.90976126441,1041.60140792286,981.860362084404,1003.63495288452,930.451879702174,939.814354425601,881.180020650371,845.01037502567,762.747344469651,794.72699799833,811.089428932914,750.951967330562,763.762042334589,698.748035059827,732.209810907773,744.45961312584,767.839182013381,753.244038804726,790.708950745961,828.100224082864,833.423052616915,883.530441170181,655.495544181423,653.582642896893,756.611555752544,662.108511119207,674.713143914059,680.056969493812,635.174774427987,657.083527957588,678.230829164118,704.814635498561,731.985926790524,717.949684073069,732.67919483071,739.194703259542,751.20134728138,761.375579783964,790.783050230318,823.695526398398,854.101980604904,852.208203573186,853.181107876054,853.62489402464,857.388285876988,865.575652347848,869.248529447713,886.283058035705,906.07093390271,922.967817688383,923.757381544931
"CH4","bra","ktCH4",6632.19036869092,6930.38744525937,7272.36633602867,7507.99762803736,7946.72586711529,8277.63740877881,8870.78632310473,9230.36128688519,9280.61758862676,9591.11018567436,10412.2392192793,10591.6768255804,10789.5910605833,10898.0630925569,11433.9798133735,11561.0686514881,11924.7012904107,12267.070759049,12592.793543543,12974.9969994024,12911.8406291348,13238.4071901143,13422.6577606855,13542.0016717077,13842.5184549974,14057.7621570897,13705.0145662031,13998.8741410792,14170.918705262,14451.9933166447,14818.041488918,15166.0139719086,15849.1765100621,16704.901826869,17495.7252600923,17544.5579099252,17543.287054976,17211.0205255625,17330.1552629296,17343.4150322329,17849.1389568166,18021.2139162021,17919.9277763151,18062.8026748445,18222.449705635,18500.9321169653,18671.4790678225,18542.9788488862,18663.6225914083,18789.0524594836,19038.8238744012,19450.5064848766,20227.6785916454,20169.5002167967
"CH4","brb","ktCH4",7.87794554011474,8.24054451959107,7.81143976380913,8.29962089487604,7.96946607856753,7.7358846380038,7.61527373277901,8.37484548813628,8.20334537152353,8.28732973571817,8.64488321036211,8.32303501413362,8.28358184932966,8.16150962107128,9.05859669759126,8.13722144538358,7.68457502797886,7.23813493235926,7.15014759009489,7.28379379503609,7.11092536512466,7.08110167314345,7.25175773429087,6.94427724627008,6.98546855749128,6.99273076114573,7.10750198075952,6.96175322482863,7.11606809621259,7.12722118768015,7.55699590800139,7.1604764849591,6.74869448926822,6.69419333851362,6.69529061140787,6.61359133871309,6.14008876046897,5.96063302479218,5.94686443859443,5.98383490331097,5.85984494131354,5.96557548692499,5.81530286524802,5.70213245305488,5.7436338717103,5.68947441121859,5.67852501101224,5.73597991199332,5.73977914412649,5.76263866241049,5.67483880723202,5.60319420565912,5.59259428172048,5.59840121338098
"CH4","brn","ktCH4",23.5861793698004,23.3475656532085,31.3063258048431,42.7762369751572,44.8057836159022,47.035058172317,57.6298317638497,61.0861759307823,61.3216243121676,65.6491111532526,68.4089838931894,54.6484277984661,53.7170920096682,55.700557490868,54.2033470928266,51.4131407826858,51.9714001874993,49.8402838500639,49.3363393429189,49.9008980983425,53.1469339721418,50.235514933285,42.4214207523307,51.5771797827173,53.2886835612191,52.1082762201396,54.1685694257002,57.8173890655636,65.1770171129799,72.0220344895266,79.7494593556679,94.3350010203568,76.6015544532643,80.3542186394321,69.2235900567118,66.7814810250651,89.8146980719022,87.9230030812362,133.813783621524,100.117575292153,86.4003519479599,93.5493387077158,90.1945317298205,82.2388083541161,78.4674152924698,78.838270169767,74.2253170290106,74.611333257263,76.5159437347374,74.9811316298156,72.8671756797962,69.4504494260617,63.406915750149,63.4725473876485
"CH4","btn","ktCH4",14.1269977434772,14.4705830983352,14.8260252162051,15.1457668874815,15.5015415014027,15.8909001971304,16.3518550318201,16.7495127723965,17.2024226368291,17.577846662107,18.0503135880574,18.6001052860292,19.3932865989843,20.223756055369,21.0850060373327,22.1330596380963,22.6802343812245,23.6891985696525,22.7157822319539,23.0455389294806,24.8573766859871,9.1768156987155,9.07917323082962,9.5261368417749,9.78309672429423,10.1131577540946,10.4620776214953,9.56807974707809,9.35752018674775,9.34770299038803,9.66338554243703,9.59294705159343,9.0688052448459,9.0268943157871,9.18128119558671,11.3096297831546,25.0937351846182,24.7630664346679,25.6842876923182,23.6574490766525,23.9470087090726,24.6646627059564,24.3195672781992,24.3360428317812,24.5996036460288,25.0717062190777,26.2608680269095,27.0843145191773,27.544664190888,27.2965930893065,25.7344309984577,25.1921986727548,24.0070269281638,24.3548012505279
"CH4","bwa","ktCH4",67.2894617313152,69.0138174977997,78.6562830820676,80.8634144559571,87.8481284154791,95.9141379579128,107.681077951728,116.583466030191,110.479385368528,110.378588315827,113.462869082503,117.532097715161,119.182077967938,115.231879959588,111.83869121048,107.340576310066,105.777644040163,104.691083273634,113.825911744837,120.60912048029,130.92977210498,117.751733572729,111.720449059094,104.343297366631,114.612935830334,134.783878878749,121.929309317261,123.919103554716,128.251024793568,135.532783548739,136.951534885858,133.063771691216,116.42228155054,114.018141291658,116.73651994159,122.323987998138,123.204526265693,121.535146051636,126.91941806456,131.671438708792,143.497241089696,137.41695032664,136.468708474652,131.752798280905,117.460989620875,125.704188821514,116.015859622983,105.983125621866,110.544558339832,100.332097105973,97.8048957582149,104.004545848203,109.58196556564,110.400569817821
"CH4","caf","ktCH4",40.6142287606421,42.5178260290988,44.8930675063257,46.5270204377007,48.7767455088009,49.8802969650506,51.6952087627302,55.8009675711814,61.1558592532146,75.5318117467727,80.4974629326408,82.6567240724291,87.7091347894191,97.4749172522506,95.1565688025405,98.463123438452,102.271058409687,103.423033642568,106.658295102674,110.970260436094,116.187355702401,124.379741596215,124.91815378469,125.352108840352,126.903345871317,130.359577918861,131.797219527615,135.488168119522,138.66251664357,138.064122192674,141.17546218967,144.465187391772,148.246486494429,151.441689223947,155.075555991883,159.512864055391,164.138641914808,189.147620524307,188.585678452542,193.673047479936,198.016092914037,212.482168406148,215.280951398633,215.531537793624,217.764888885962,221.01312898436,225.663216102375,222.80607358199,227.623759366916,228.560708409895,234.990121716542,235.14626991409,238.92324739283,239.538187723812
"CH4","can","ktCH4",2994.72315347909,3024.3429213485,3216.66585602751,3422.91437707046,3373.46822920532,3362.2371692242,3291.11058901785,3264.389282145,3215.62951417713,3327.22721231476,3292.50259131429,3270.07638130434,3236.60641026343,3194.05719176338,3285.33199657198,3316.19468473941,3295.45235669517,3326.57737121963,3461.21143529055,3563.3447213623,3524.78541931828,3575.78676093403,3742.27182020514,3828.27844822519,3980.64775671103,4136.46785144289,4246.87024831291,4295.94708861081,4324.22059050159,4379.02560239588,4485.94077578781,4453.35689691996,4474.05769166738,4475.52608021149,4595.96148912302,4635.52213311389,4724.01101383862,4626.24298441805,4527.484648714,4251.8007411562,4292.68586503168,4291.87065419999,4372.25465008149,4349.59866948157,4442.57003394603,4342.38277629953,4121.99086741578,4083.72385814179,4097.97107115166,4020.57852439033,3631.90229589364,3603.10682944631,3664.8452193099,3658.24913677599
"CH4","che","ktCH4",249.946595598753,248.268598894136,251.711288019993,260.560217204506,263.1830955752,260.753684923866,262.896123292723,262.460553053808,263.084391973536,263.149079144707,263.413663632535,259.505113427135,260.42152912298,260.717639833349,260.933947441484,259.466763455751,258.407612063013,255.345901043845,255.293613789985,257.018776599591,248.327351854527,248.349776651682,243.22061819762,236.605709963154,232.025444716465,232.30343581461,227.214300207705,220.318349030193,215.84484008414,209.276686802578,204.452923627547,204.406676086654,201.067651925598,197.234714589197,196.559640505997,198.019570449967,198.202715849379,196.997306994878,200.210615125167,185.730014263099,185.621250673213,183.291476459347,183.657796324673,181.465031457348,180.619374095229,180.022647775098,179.054957230679,177.081791479679,175.83371229762,173.071497899405,171.123774423723,172.427424712259,171.376377361673,170.882021677846
"CH4","chl","ktCH4",612.838304446502,615.23551631399,651.292940973573,629.099764159547,631.525661811744,622.640979225593,605.428523094314,595.773256820486,588.49592462706,621.110315479032,709.239531966277,772.585995422732,785.524513415613,767.444152487771,762.469514126311,727.269908890487,702.984059434594,707.973003008978,688.152492791879,678.779535245294,688.904660451023,689.976153359397,708.722453830344,720.492047930124,728.151366938007,769.53920030222,795.275848210452,795.40665658352,793.777145349216,806.597218590621,809.447602577799,812.095934225068,800.575425490225,793.375614356224,813.818624162536,800.85329596364,793.900528832379,788.744447065298,788.329918642348,791.939437769891,725.960957070926,776.93670547742,799.860880745924,790.386942650415,753.822590267555,711.823741708983,709.467443047047,713.589677997914,732.81649889159,733.454177280974,721.346562485889,682.332392623279,774.556807875988,777.059728886507
"CH4","chn","ktCH4",19902.4737149416,20683.6656868436,21225.4438186983,21483.747840404,21786.5135978822,22667.48299363,22971.0203021377,23462.6442562514,24021.9365217507,24248.7315350958,24406.3083267387,24219.3552495272,24607.8974596245,25205.7169596965,25920.8968982871,26300.627149933,26879.3107039977,27488.9767358735,28052.003683164,29066.8016437021,29625.8654201715,29755.6599883175,29979.3543219545,30111.6272549826,30973.8718050975,32733.1835093664,33678.0862205854,31990.663662663,32539.1519825963,32645.9174291885,33100.9761494588,33257.233073461,33363.2656891354,34681.1107952261,36766.0224743605,38406.4462745363,39836.126746256,40424.3442147444,40807.4673998855,41319.7923633988,43039.5413219302,45759.5704719278,45688.1003156069,46171.8851711934,46534.0644886689,46512.4071004094,45017.0247516652,45620.5296339527,46981.4512817563,47629.0161468408,48517.0248844134,50319.4966135238,52435.5189350282,53499.6853522735
"CH4","civ","ktCH4",97.7016719583792,100.018190885708,103.535369326573,106.893511637589,110.662175117387,116.310771516174,121.152299732758,126.385090805558,131.335454018311,135.947999409723,139.448776385534,153.25558372997,162.526045552405,191.926158048829,204.38107248359,211.172488243559,203.351875022472,204.268059974648,200.140188921899,188.963658518169,195.435563116325,202.284383791172,207.268979930086,205.735652763913,225.137052902342,232.564380665962,243.486459369285,249.625972982997,245.398747962498,247.693059280754,251.544652396487,254.200675401135,260.002306185275,263.816840370746,281.704181744331,290.715778669302,299.071365082826,301.973380484529,304.424917884459,299.244374577034,314.487887310124,343.000374409339,360.162051142051,373.928626950027,379.006672195101,384.009366776856,404.445767666096,401.254307519079,375.944826702125,397.053204162331,399.503402624219,416.368332634219,422.668225465541,427.901587047699
"CH4","cmr","ktCH4",154.421023601782,161.527983655641,157.956942332215,157.514563192185,162.557950959646,171.501184077127,179.700236303182,192.316724639605,218.666664200098,284.756494938071,370.661415759015,449.309137934925,494.178025931966,505.603811181039,567.168277445293,717.123192534909,706.416443425073,705.943235289178,687.66821009384,715.582179193913,703.396542531123,683.790288534196,653.273608546444,620.372704058399,575.577877226599,593.406980884468,623.126271523138,606.831021715882,615.594126088391,637.631645885517,659.055192711123,660.546274992464,633.162828504505,641.883934991467,628.260268570677,633.414235469164,614.371873840143,603.441058966342,602.652873327985,613.836314073661,592.189084371748,592.260837444034,615.461804637047,653.859040449568,700.056807101014,781.051629037448,767.555231690347,713.674052165223,695.202402332192,716.217756564736,727.42765761693,728.730863393346,720.117573226387,722.957730156334
"CH4","cod","ktCH4",188.06575638964,196.053410392572,201.965091098952,207.923047381088,213.890198919632,220.64415589071,380.458307721561,372.752940891349,349.70580963249,373.086372253731,363.254339843137,370.769364383796,394.593421322691,413.136727667607,460.648244379332,476.502649928514,481.036465182453,491.961883016227,492.601353374278,493.709054652558,513.159041952269,507.932074545819,505.3637438265,501.151254586419,512.316144408319,540.886111757118,546.521314789938,545.069285908058,535.878502065284,526.633519242985,560.78196735687,558.110614493569,560.816894030714,571.938785881297,583.067139629384,591.695483027755,602.938497724498,635.735109698486,646.363179278159,647.802669817418,677.086500431674,695.839857123942,937.083984246328,987.881760261873,1044.02470204511,1080.15411328783,1110.20169388706,1175.5962325365,1158.78422743017,1192.05900872714,1255.40225151838,1301.64412650326,1348.51303237097,1374.15925122885
"CH4","cog","ktCH4",16.0589813424966,16.2840764170399,26.0989706444586,75.9803773121653,88.3227849772334,70.6361334498184,79.3350101042605,72.3972975640239,90.6501117089499,100.528901684214,117.171711975682,144.415425553838,154.100677423028,152.594361921387,202.521110785654,201.679978894259,200.861547608035,207.478794472118,238.986710092121,268.984492449256,271.369951350942,266.499257743616,267.521341507441,268.798245511093,244.65603721977,302.393798972504,392.279263595914,419.519643357328,503.300843806866,510.519794324245,543.280112114881,514.318486499454,334.637861350362,365.089882061981,401.559753736024,495.51334043313,543.818912707013,460.528947710087,447.883582863757,487.306647912597,532.701175623827,516.755330655872,502.936340747957,450.746954287459,470.952440266858,445.711894202955,439.873744147304,497.916368739066,588.740313847529,599.265012522393,556.139543434365,504.15200092784,497.744086332901,499.01812407973
"CH4","cok","ktCH4",0.372469908664038,0.372635396447497,0.314620883432852,0.341290518913967,0.376218806906258,0.389026498661284,0.623517877767953,0.610063809858372,0.605694498460865,0.576067340693658,0.555612748787483,0.547556823983234,0.527797382687073,0.505300977223085,0.473830341021791,0.452600269906143,0.446024306327478,0.446725983287731,0.449783698347019,0.451208636385535,0.45317689641856,0.447488293492597,0.466551007968181,0.584401773724455,0.63736322052891,0.689101248195571,0.78875395357745,0.838323455331896,0.882484894918519,0.757561922149247,0.730138073785442,0.661730645891645,0.649910706316966,0.652959125810893,0.687900316430644,0.696246736346561,0.696719935670513,0.69949345194405,0.699064348166087,0.697871737780159,0.698843355878124,0.69723406057164,0.69616593138573,0.683577257446214,0.681546010145056,0.671657706550964,0.660803797009718,0.65197268883669,0.658612695369665,0.626437386929107,0.577146481988692,0.56716376048658,0.551208434016492,0.55228353770708
"CH4","col","ktCH4",2129.85888711639,2201.70186454636,2186.85664441687,2192.23131342679,2207.58776210939,2223.13180043305,2241.26330368363,2257.08099471025,2268.93425185347,2243.80454467556,2243.06871755548,2305.73307400226,2366.61000114067,2366.37056236301,2376.94731639114,2416.12783417604,2780.6135950983,3060.27504476594,3068.82638654463,3204.53834066071,3318.45277876246,3253.16921730941,3308.37480966939,3362.21990274667,3392.83553311422,3716.28953343201,3850.38085292582,3856.12111170673,4068.06843625534,4146.4649272586,3886.64394741871,3708.88764471871,3674.2242639476,3631.34521874588,3617.5034226218,3660.35116758112,3691.17888759025,3728.61845731449,3889.14847821797,4069.79245468287,4364.10704343861,4554.65565507492,4532.72886709482,4641.91474708775,4591.5631517083,4580.57136196147,4412.45001051618,4438.391068316,4557.27922967095,4721.09584342311,4478.82361246852,4500.548996425,4551.8661178004,4549.05662088854
"CH4","com","ktCH4",6.91783011825356,7.06946709514697,7.19230967109565,7.34384262371061,7.5558787595832,7.68257087051948,7.97890908172593,8.18518134863186,8.39748060380162,8.78939657856283,8.84055462501902,8.88032570691636,8.89335234255371,8.8564162315159,9.15591970908311,9.06070445629079,9.09597988008997,9.10544506313309,9.29806673816393,9.55154271613754,11.1130903694487,8.94255131457663,9.05307916861052,9.24442624490666,9.4147905348058,9.69412413552489,9.95245198422192,10.1010273652534,10.3633728616133,11.014201975047,10.9715079980529,10.8645143325063,11.0981596245663,10.9424012745538,11.3828861229321,11.3113619014012,11.4086003103444,11.4903158677948,11.6154751103551,11.8099403237003,11.8179739528106,12.0646819746083,12.2848958076005,12.5516156226328,12.7872498861723,12.8618994329348,13.0871418446457,13.2581408051709,13.4792395869446,13.8376103639454,14.002466189192,13.8660418970327,14.091731331162,14.2919939463663
"CH4","cpv","ktCH4",2.17850319885949,2.12457436304667,2.18512906392324,2.06476800548642,1.98097369616961,1.94417659263625,1.97195405353183,1.99768860670221,2.03996140680879,2.06456857075962,2.08605036390488,2.15944974427477,2.2612705451945,2.06183610545,2.06062990245825,2.1889464599055,2.34055070085031,2.47126691242923,2.78924719154469,2.96453342921494,3.97573819107181,4.12567745769344,4.47919138612765,4.65530820929601,4.63487899943271,4.90148963458544,4.91073929945994,5.13716922159797,5.43773363157106,5.81220995309832,5.93739239390892,5.89095054491021,6.05332053906473,4.12028079572567,4.41494662717478,4.51323487243458,4.45585894981685,4.44392962001052,4.4442089582843,4.65901655016325,4.80989882559785,4.8783663591137,4.91075945518064,4.97227738910836,5.03550460619801,5.10728744522037,5.18797975789143,4.89209528254985,4.91662641399228,4.97353717706297,5.14655085203808,5.20559149744388,5.26969093510468,5.2867786909637
"CH4","cri","ktCH4",109.451537340362,115.379443405055,120.898640194384,128.708071145139,128.580442013422,132.48417883374,136.305149113258,141.724627748059,147.521077934116,153.985594882859,159.121419564543,165.842258513794,165.961875900736,172.254847424306,177.029587716678,171.443843408786,172.276830294711,172.935942035907,168.921822107171,168.588066931935,172.472645251734,172.859356444064,172.749914767967,174.26476318396,163.44051227713,151.391400739292,150.066610837339,147.886030236238,150.214203346021,146.911339742365,145.172653851671,143.962862274822,142.892567548671,142.206619618955,142.790664629375,134.355807850065,130.014390204524,140.148368093262,146.738820783474,149.118126199106,152.46255171654,156.730063817374,155.137806532288,158.658209439079,158.840819567111,162.275450095081,168.32773002562,174.249972662503,181.193805048713,185.900105437204,175.513126292068,188.246845760604,192.532048055647,193.103254420139
"CH4","cub","ktCH4",546.011986034426,514.893561201519,503.645301700214,516.782977626263,518.020351930683,522.348458711787,528.422454296812,520.882726107581,520.810546356369,516.527809788801,514.776698666155,511.799067934343,519.804106268332,522.351591646599,531.627483959089,535.40608968855,535.010126466178,530.727886141544,530.540250993453,545.331142351876,536.964695430178,527.390375135135,529.728660457873,492.545885904961,517.802323515744,506.09485103979,536.624872637195,532.061626628722,517.435041385721,504.890328136793,504.477628186034,496.602850624842,498.905296580807,502.946376096335,484.785828350544,458.663933284761,469.533408369909,471.978334565729,482.947251311017,505.610377744402,489.38414580001,498.89246097142,499.220052789403,501.979316019765,500.020620871571,479.708912889053,487.502241238128,470.33109309941,473.543692894091,469.070342375984,450.235043677844,441.94481355665,430.708565149481,430.945210076885
"CH4","cuw","ktCH4",0.747555408014689,0.760919106525372,0.755296748786042,0.776211733522689,0.742576685167282,0.699904255528835,0.770397249668045,0.773463999662632,0.973648183070105,0.903238823450023,0.870465521007418,0.827846684091511,0.676288724165427,0.619590098331188,0.652823464567881,0.610992075027238,0.556583332415577,0.562349780951356,0.557643421291155,0.500125650798583,0.495006597896926,0.522879746900739,0.548594865812953,0.381771214345282,0.498326836033059,0.514899542816333,0.521926856279036,0.526497328785887,0.538018098726993,0.547631988405737,0.557784897682901,0.546503642136272,0.543561703698656,0.540829455922382,0.539530272253804,0.537753938840242,0.533443799004288,0.536962795934632,0.5382446019905,0.529738701364032,0.521820872445138,0.511456065353867,0.468060100830549,0.433777760794972,0.425793160489882,0.412552769366661,0.415795391686677,0.40941716593223,0.399518273367841,0.385146767457025,0.333036917837378,0.33680458336717,0.341436712916932,0.342188736824547
"CH4","cym","ktCH4",0.0909172049318636,0.102761693587273,0.10880792376091,0.115955601025191,0.123578784230401,0.131748035381909,0.140380481544526,0.149542738871853,0.158552172197032,0.167088579805435,0.176113882375483,0.18326987188954,0.189845496016861,0.195981050042715,0.203205496722426,0.21112760950388,0.221330515955469,0.233027896711376,0.245922671806776,0.259858784462047,0.277602218005221,0.382565508079213,0.390735076328658,0.398708364280053,0.440711835561774,0.460188676707881,0.479794902781127,0.501278052710984,0.529972198207987,0.550319123190238,0.566476994518238,0.584153067318675,0.598970058072007,0.615318435747496,0.626299363972003,0.642094351850618,0.661139692947928,0.705005437950409,0.734057479080529,0.7139833897468,0.721293790382808,0.731580561058538,0.731837121388365,0.741897397882661,0.756079129557934,0.769413800986528,0.774786352805581,0.785745820156178,0.797492488960044,0.809986783081132,0.814883229424834,0.825171521346601,0.834529159282269,0.84207325791665
"CH4","cyp","ktCH4",18.4364409328042,18.8776218729523,19.077713491089,19.5324448368723,18.6624136146993,13.6687793630261,14.0703746080856,15.0632955370849,16.0985251689269,15.9571099055701,16.0167372928241,16.5355537167179,17.0480976577552,17.6639412496357,18.4773712505778,18.7532012918275,18.5070509450189,19.1011454201011,19.5584135452638,19.7763980975522,20.1947089821448,20.6695909603196,21.3200155098093,22.1586844036721,22.7366339927622,23.3501812433612,23.9681216586254,23.8563290556814,23.7958301508747,23.60455525306,23.8888259190309,24.9499995787598,25.7547154020533,25.3695399361061,24.888780492057,23.74929741428,23.989242006232,24.326689231312,24.0366795755364,23.8048583528222,38.2887980217726,37.7247577705983,34.9108963716317,33.2044606822843,32.6772783704357,33.5093421998406,34.9557936714317,35.618281942436,47.9689190877682,65.1489298431791,64.2499153351875,70.9281055886686,76.6757636010779,77.0399518621868
"CH4","cze","ktCH4",673.224789851163,694.720024465106,697.286609530268,697.643437182862,704.888246216011,717.175551142394,724.523296370873,742.083065112174,739.385321777481,754.012346717645,743.603630188073,750.092405087914,757.573907988678,762.363904463579,769.298904200976,767.120674691883,763.043214354016,766.195278087865,760.023485108704,747.763535003919,695.235422857302,663.320311906745,615.02281013577,581.520307041146,538.287425113993,533.456986160756,556.54688718004,547.997793201396,529.555500631198,515.214250698153,517.778193875285,527.639795345173,519.818183533201,525.351954113854,522.179634284227,513.394083906752,511.848744020981,507.390564909883,508.199413614627,496.610065304113,507.108807845576,500.542924670655,500.279421237949,479.634508125737,465.701392693938,465.644627685147,467.986477096421,470.383244767013,460.75560520684,464.78207867823,453.712709704283,465.216225508993,457.773686127904,446.69736204148
"CH4","deu","ktCH4",5327.8106108017,5341.39948454897,5223.09509860894,5209.87914534259,5231.19473136132,5212.96190056567,5202.87290355584,5135.90709943724,5178.11829674586,5269.36806775269,5306.7263026351,5290.28645724283,5242.29306733815,5087.51087740871,5059.84933806557,5124.84588866703,5040.09245185148,4896.62355749036,4797.80975314623,4789.7391678665,4755.00118206415,4631.28068115802,4546.48776911858,4611.63754135291,4485.54666777224,4409.67060315273,4340.5164493353,4161.73104289703,3972.56812552625,3929.64985441657,3765.95114686571,3621.87900586163,3456.36672737797,3330.83766168128,3114.7630537659,2960.32670164744,2794.84601649083,2684.2539561002,2634.87844916991,2511.87033040637,2459.90473731554,2371.39982613881,2388.45344841422,2346.25026889197,2260.54202505442,2239.01768707913,2167.490214234,2144.50026386475,2027.69729478355,1927.96954904784,1881.4220331249,1828.92681591172,1757.87190802832,1741.32518154176
"CH4","dji","ktCH4",7.61735011645061,8.11723020977854,8.40915229565341,8.65824031327489,9.19285327147284,10.0070617760605,10.5649075260786,12.0602686704952,12.9974249854622,13.5542412245839,14.6069007428605,14.7161474069656,14.9576722149187,16.0301825873525,16.8352973940214,17.8525923801996,18.7057462378958,19.9505729154075,21.3832540150139,22.6346145338163,25.6844338120031,26.0176552053542,26.7519284307416,27.8177703341598,27.8628254446875,29.5302269480897,30.3113007450698,30.8666087126999,31.4586618733831,33.0687801588189,33.3967195201663,33.1805892019555,33.3851955129004,33.9276618284601,34.4509524180495,34.9054138736792,35.2912493891065,35.6102360174347,36.2213434962238,35.7259833991814,35.5681561855572,36.0704740492211,36.7192425842151,37.3230381803918,37.7650994133803,37.876585409581,39.5858965669115,40.017798194702,39.972520773697,40.4459650851288,40.9394852825558,41.1744206257743,41.8085866213843,42.0525173283185
"CH4","dma","ktCH4",0.734718823847593,0.804612901797265,0.839053928643542,0.875465591410717,0.91082707441337,0.954079706644704,1.00196581471031,1.04910299114838,1.09558237257142,1.14554599358971,1.18422590987003,1.22120762138659,1.26043321949006,1.29202445663528,1.34525146414186,1.4216790506882,1.4944839673783,1.67069634194026,1.70412135364955,1.79980930522113,1.82481660763588,1.81597724520855,1.81561192477449,1.82438515726362,1.8265814006515,1.82538376171231,1.83518376676686,1.83713267632047,1.83666530063893,1.83571973341287,1.84635973700377,1.84704382701674,1.84729255983567,1.86074234367287,1.86973965294946,1.87379542115792,1.88117087168881,1.90245367088315,1.91695184581146,1.92149605068887,1.9397722996819,2.00540275699064,2.0286292269845,2.02444579326141,2.0459563455489,2.0417933496438,2.04955377891605,2.0380312061641,2.04023316882201,2.04585302989988,2.04285589042622,2.05100149803819,2.05136302460381,2.05476668897831
"CH4","dnk","ktCH4",385.403625959772,377.509201369547,385.313351565279,392.71331790259,395.288929391096,392.107943658052,394.796549628481,396.426625990542,402.014553954764,404.024948518559,403.636460987225,399.041993044213,391.101332470025,390.405177106759,377.676023660869,370.886843964821,363.406247252097,355.664770529479,345.248762045219,342.600628651918,345.152407063555,353.8218162894,357.955421568696,366.881526025218,361.414701003875,365.123672056379,367.34353948837,362.00495847871,363.678814561391,358.260846953487,355.354793094598,366.705250849605,365.581255151716,366.914705488362,359.357222311268,349.785310910197,344.165974836606,343.882292703768,337.683441828151,331.978959303178,334.993487023017,328.375289084344,323.35614942605,342.74994401073,340.468020469755,345.459712972587,352.331444404065,354.646678044948,362.247676554762,363.611585213536,366.874612071935,368.036267652361,353.086626950335,353.059005272257
"CH4","dom","ktCH4",146.690191234991,160.21304665592,165.471218950748,171.282455743853,193.402377900723,205.31437796437,217.977707958333,218.329652107405,214.132062272783,224.362025953938,229.139839272001,220.584630153079,229.496211878009,241.390539498509,238.878262633897,236.492560551217,234.671166571593,240.659042164511,238.931453977878,247.120806446767,241.712180744304,251.973199973375,243.291691107788,252.794669093729,250.864462840537,254.330552597794,263.85089227147,268.758556607779,273.890172428384,257.309915112423,252.072058766079,265.568431921808,275.413106582582,271.843375197786,293.25470134084,287.38473095361,294.690100552139,324.926813042222,334.148600062825,346.980284968023,356.02694872473,361.580172807064,364.443717644186,369.503636712755,375.605218261293,379.623264377474,386.116848928773,394.059927853619,404.49246104862,407.217627561717,413.244644709977,421.820366165363,424.645157656202,426.111699625691
"CH4","dza","ktCH4",6272.73030945738,4884.14806440788,6430.46424052362,6470.23288725271,6011.07670783038,5807.14847184776,6276.75024243737,6773.4300839621,7115.00515285241,6932.84759003854,6251.71359319361,5050.24987503516,4550.29048624422,4287.07046832095,4466.50761031551,4678.37862854725,4728.7497282705,4503.97858538661,4479.59322788849,4660.41740710126,4866.26243330386,4756.1267644381,4723.46265346063,4703.40359677218,4676.63269740023,4679.11214974644,4874.1282063895,4844.0280274128,4899.92473550403,5035.07526802499,5156.70858889665,4961.82722919546,5383.93422432851,6244.39438430112,6559.51882205068,6727.61231739393,6643.81547790369,6512.34150438916,6133.06080797726,5609.46905443231,5370.22498695019,5298.62168043553,5033.32434424634,4932.69989878092,5073.09061895874,4963.81810860128,5120.83977502771,5002.7710658461,4947.51592963849,4945.03639778715,4467.40543893799,4580.82049585301,4855.40189949626,4862.20868109334
"CH4","ecu","ktCH4",252.645834220438,245.292762277107,477.84657015697,862.343746406185,772.958877649371,736.260422202486,823.752148479244,824.142245730485,876.048143435742,909.290822756368,914.395372743955,942.573541680447,937.173085599936,1026.28187941429,1117.24720178696,1186.42278880572,1230.90457294937,913.236959273908,1296.09713624432,1264.05311860919,1307.42852149864,1345.34518216802,1435.08232208478,1516.59302146072,1631.00790845907,1673.07345597655,1659.61411704582,1686.44305567751,1610.17937321732,1610.05035065304,1622.8602894885,1643.85606399799,1603.01404505773,1659.72789293481,1946.43575336262,1919.61901608089,1910.41668205809,1812.14157786747,1763.22635777504,1721.19366359083,1704.86965821312,1735.37644628218,1748.59041659268,1803.59036605498,1835.47004127893,1778.95123321705,1794.44148406128,1753.08068021899,1700.95805604757,1744.72983863184,1638.78378754698,1612.45470218783,1619.54932046467,1621.49189103243
"CH4","egy","ktCH4",862.913275415516,882.124542472883,835.354058635924,794.916969208447,797.315324583754,864.478931606773,940.820517029643,1002.15397519207,1074.28584192938,1090.57658807913,1141.94336767271,1162.92920034094,1227.68881837845,1271.90269392687,1354.99855297478,1403.92244625698,1375.01336371014,1458.82044279472,1439.71584872905,1478.7661022072,1519.21926583944,1732.05342582081,1642.79485981505,1660.03988950895,1662.61961730183,1714.05508933047,1764.59035178265,1766.30251062348,1653.79323213136,1743.8881240862,1715.06577273707,1702.40535811406,1760.41586654454,1791.76135948726,1806.39356318531,1812.1383672242,1854.58032550375,1842.86308656085,1884.76529915719,1861.37741136239,1766.72414223522,1825.25680732298,1866.76861220018,1820.2121098815,1819.24530085653,1783.40644052121,1800.77182546279,1813.05880443897,1785.23531643268,1656.41902614396,1639.56338353989,1663.96487230195,1735.89859141244,1745.3746934461
"CH4","eri","ktCH4",17.8418549706798,18.156910067305,18.5715581136364,19.0091145102085,19.4376742323133,19.8588796014043,20.311790953336,20.7288647904079,21.1455778284054,21.4801619877974,21.8898620469937,22.4626177777449,23.1312178037928,23.7310761445926,24.3192153633681,24.9798985918769,25.6949805087554,26.4483857567386,27.2068927547005,27.8942770895205,28.4313463553135,28.8500995684595,31.0969528624438,104.192987201455,106.618117558357,108.258617435417,119.324071403056,131.904419060065,129.979606305236,132.628262296186,135.563032926577,131.901428892169,131.627671289236,136.118704829795,138.62555802488,141.133368601312,138.262978882844,146.107983594198,147.338300391232,148.748969628667,146.882526830857,153.00917125168,154.729097119214,156.870214902525,158.410380148342,159.990284014186,162.056280356534,162.484878586214,163.844612973932,164.964876515335,165.961034229285,167.368172808736,168.494140733173,169.367039352754
"CH4","esh","ktCH4",0.457639746070984,0.469915320693911,0.477537364229956,0.484694962508336,0.500099871019222,0.529896715649448,0.657598770074578,0.798336171108285,0.945280244094811,1.08738146377546,1.21804269636168,1.29840915499869,1.45751529963619,1.55703977155615,1.65590234895826,1.75570577459114,1.86231529309458,1.96795499770681,2.07796305646237,2.19516376357984,2.32070821802963,8.16294704897658,8.31135701874939,8.44657286429956,8.57216622933072,8.70327256006009,8.89350742532318,9.07484419347455,9.2546383337535,9.45194992788648,9.65480521692686,14.2556398885037,10.2880964976117,10.6423330684615,10.9456898209273,11.2308759561251,11.3620427413051,11.4454322124611,11.5866525789144,11.6584989535127,11.7264193110717,11.8648777905273,11.9877864885147,12.0655328440874,12.135779557944,12.2342211322852,12.2676787344963,12.3163092152875,12.3664398219616,12.4577006776336,12.5326776204081,12.5901631107367,12.6462544252381,12.74622022686
"CH4","esp","ktCH4",1076.6554422138,1074.90397314081,1082.31429042618,1112.40104821116,1108.0774490874,1107.94618411942,1117.77237130576,1144.58972099601,1166.10462921929,1153.90400078496,1178.85890360772,1180.78365169377,1276.51116797243,1265.23123021187,1264.63694268854,1261.21091404384,1314.3915920669,1252.57755154649,1351.53223854224,1339.25120508711,1343.70233065772,1304.22720936499,1338.87404106563,1336.59992878761,1383.40578204243,1424.66302280802,1477.75469420464,1506.49865106976,1526.68517033679,1559.69104117261,1628.68785140889,1658.6862208834,1669.27028938877,1681.30360371746,1667.90530848307,1636.5489520055,1614.8918907301,1647.10117255267,1606.82062178842,1684.82432419305,1621.0879435214,1611.90890214253,1543.90161298702,1464.31349389353,1482.05569318715,1519.97801920966,1516.8362242136,1515.19667998825,1538.73558654981,1518.95374122732,1529.92704735617,1533.72073864371,1496.68412539661,1489.92686697976
"CH4","est","ktCH4",72.5572892571629,75.8091532289075,77.6616782215989,78.8189962007474,80.3327685755462,81.5495896182195,82.3278392851419,82.4590408576443,83.399667065305,84.1709539216312,85.166265371309,85.2028721886897,85.582964148941,87.2202456588467,88.1627865567974,88.9242608701135,89.1889329725404,89.8682647611241,89.2122412531203,90.3116998635566,87.0477339931991,83.4935664179773,70.8920397751871,58.6383930628215,59.6318373048911,54.8520291599004,57.1217180244667,56.9992793527806,56.5154304461227,55.3333499295712,58.3788927835056,55.0006316199164,48.0121801906628,53.3675246892457,54.153592608941,51.723820859335,45.7558903683839,52.0732661620467,55.8468454045274,53.3581640392923,54.9507612931229,56.5403585269561,58.5919618753675,55.2048999545013,53.8309419484176,50.8860646646714,53.6708469253409,58.0242382237228,59.7634752176246,55.6067462041436,55.9187199260904,57.2015018940917,55.8230428870892,55.431195978364
"CH4","eth","ktCH4",1479.69000346749,1501.21550698894,1495.94244564163,1521.46147767807,1527.30448728062,1493.41665765301,1483.54728074228,1496.06591569733,1506.92559615454,1513.92868667643,1508.28838871286,1523.85656088973,1542.19693603238,1591.7333114449,1558.4283090827,1634.88708279722,1714.751509045,1632.18127761063,1646.05790374263,1723.47170024249,1764.60363539962,1786.22141033604,1845.7749928455,1608.74732582655,1652.39575033449,1667.0943448393,1736.70971139939,1802.65030897688,1926.02423813167,1921.9915632825,1854.57740750195,1969.16118371456,2175.81987994131,2151.61359391338,2190.03861356774,2276.12985614753,2432.96238427294,2654.08916929565,2781.04813212189,2898.56235434591,3037.03178835936,3005.69684202783,3104.48459057407,3207.71551412112,3318.21950801243,3386.50592372534,3490.2630386417,3573.33982488139,3644.43489370308,3904.00770786807,4093.15743968259,3935.50560307104,4014.22774941385,4027.47841143867
"CH4","fin","ktCH4",387.877467328762,383.188850494353,381.291159436803,384.157107780549,381.253900739338,368.126280916963,365.958527619309,361.324915495435,364.326555034369,365.686848063932,366.592658643632,365.663894793535,359.38008176035,357.778614983789,354.517561019945,353.930007442642,352.84401519487,350.738991044414,342.759623280309,343.638541974877,358.441426203117,356.573890235849,355.453514845643,360.093015583292,363.188308115034,355.321348219228,350.964462564111,354.175214439278,346.367464604128,337.695705971186,330.625698702547,323.32514237052,318.552212168867,311.186439167831,305.557816809238,286.445392261188,299.151172329278,291.327007693391,278.961356209845,262.43984047692,273.537311117754,264.962288255665,261.634479630885,256.67321137284,251.953330783555,249.958880215486,244.711376434114,239.959929988666,241.206086665678,236.557174237443,228.113367277815,227.659731357938,200.482108679171,200.379568647627
"CH4","fji","ktCH4",18.9396209588594,19.4053270877161,19.8197497044195,20.4379364227287,21.2990739947019,22.1153039785338,22.4760969595892,23.4501651383474,23.2235240223967,24.9445143569261,25.4851402471636,26.2433846665238,26.806604136618,26.9230537121016,28.1557057739996,29.1023742317924,30.2128965591998,30.7695480400279,31.2392467306533,31.8714371019567,32.5320546418133,33.3203473454717,34.0996710173261,36.2757020298166,37.9235215389934,39.3712876025852,39.3817178102809,39.2416956868559,38.8411788058935,38.4687336959287,38.6235185988212,39.2424900952969,38.1087630446204,38.0293855168872,38.2606575864391,38.5269682792026,38.7026658588246,38.821605564791,39.1620225774839,38.9083829132867,38.9179764953775,38.9199114548152,39.1602234321938,39.7906920268142,25.8450477824835,25.6941225013262,26.1115628794865,27.3488545133145,27.6945802067295,30.7848418865129,28.6319826098799,26.9299284999084,28.0607648589733,28.1261967721719
"CH4","flk","ktCH4",0.117515429543614,0.0186163163860288,0.0186633654515371,0.0187343011845695,0.018762845414964,0.0187262339575063,0.0192958012323826,0.0193044320248522,0.0193902212825014,0.0199734831976164,0.0189376773159905,0.0191777565510594,0.0192021388207104,0.0193082974054355,0.0200860254334418,0.0207723228312374,0.0214073928560736,0.021304120878573,0.0255513278527867,0.0261807756809181,0.0411598379498186,4.10390994772441,4.00843347320089,4.04384211282475,4.07266985359687,4.00717612598643,3.83116669219484,3.96743701078536,3.94573911859083,3.89798005839762,3.95448939335271,3.84689855231721,3.8506007303542,3.85274592517507,3.85185934363039,3.8510733538017,3.85062735508048,3.90698129566051,3.90658438561509,3.90594640035299,3.9088883389022,3.92349794130875,3.92387355420197,3.92243681088686,3.92752834838637,3.91809695593083,3.89905604472179,3.89493977500037,3.89796551372323,3.91017394245329,3.91705154117958,3.91821820325165,3.91821210225089,3.91826946350683
"CH4","fra","ktCH4",3765.27816717203,3671.96281156484,3596.78566275111,3553.97315255863,3540.36352666576,3566.5894865866,3565.02991624903,3534.88438352688,3472.13493957054,3476.48906683273,3436.88119133725,3420.05678855016,3368.90801870557,3361.28949712499,3353.53392585463,3282.10903171874,3245.98956733916,3136.7782697507,3001.33595728334,2982.82613839377,2964.56470494747,2979.74350696484,2983.15438786676,2997.49679712014,3003.02325033581,3020.88008916513,2988.85840475485,2931.54232248089,2930.89316290432,2924.10105256907,2935.56220330446,2931.68749599172,2873.10134721273,2826.41933620753,2786.08953067701,2745.23359490658,2712.84201739371,2697.02704595144,2706.78390774554,2664.80040095223,2666.58253276011,2596.06706353733,2555.48968870375,2536.19332869352,2503.65343426895,2458.41666648416,2453.63077581352,2445.32768235282,2431.08835770335,2345.95228785901,2250.85991448057,2203.48983008284,2134.38855889112,2128.84023791075
"CH4","fro","ktCH4",1.21319785853974,1.18845644235449,1.22006442949964,1.22558970287508,1.2298925113045,1.22814711159163,1.26409969546053,1.27150519069245,1.27395954289271,1.25378955266608,1.24960466999997,1.24107938428479,1.23535318217845,1.24302596178506,1.24869265721911,1.25208068676918,1.25233690173939,1.2669541936108,1.27255338441919,1.27469541708269,1.28059008772891,1.2756522712944,1.27003781534989,1.26506914348771,1.2571095635892,1.24944058733295,1.25001182713168,1.2508276724699,1.25174748744401,1.25274499406868,1.2538047926952,1.25677346836539,1.25972659569259,1.26263967100031,1.26550228186226,1.26832425040457,1.26827622823783,1.26901171532063,1.26969283499072,1.27036486519834,1.27103660344624,1.2804005395709,1.28972367746057,1.29090275461359,1.50884757885883,1.51708034596023,1.52352492647807,1.53510759663716,1.54261634929003,1.53692105875058,1.55061001957514,1.55894448785117,1.53539622478249,1.53707868197758
"CH4","fsm","ktCH4",0.171204971041015,0.180484115007098,0.178172999165815,0.176751365758055,0.180541455736394,0.184664282962695,0.1884633511853,0.197197993449486,0.206901218103189,0.214230649966856,0.223757811870357,0.23002422327596,0.239401877226959,0.245504766460778,0.257317991056931,0.259124971211063,0.272670753775841,0.280342565277569,0.286798519544557,0.293403811031561,0.37668593277558,1.88815551143395,1.89357529014916,1.89692384180149,1.8940806655021,1.90747871172481,1.90569276371878,1.91408839892914,1.90789711189877,1.90622034003837,1.87530976765513,1.87906435680579,1.87256197036556,1.87152153994186,1.86127750554155,1.85709943680401,1.84999526609813,1.87062294770112,1.86728319473997,1.94299213411965,1.93724393636738,2.03569966894847,2.0356866617679,2.08747747697721,2.12535396545437,2.14677749875895,2.18109799600906,2.15150004946185,2.16173181410378,2.23888667016129,2.19258140610314,2.23356226513688,2.25788961346324,2.25883876307171
"CH4","gab","ktCH4",205.254447981637,205.181069338653,221.194648476028,264.153947347133,349.926004798946,385.299218293476,386.654440824659,381.205135296125,358.303326292283,331.725593809708,303.817253297414,264.065794953054,272.521412918806,274.506571120955,276.989655741986,300.576292525061,291.17013267489,273.052690825476,280.482379291387,362.042172127673,466.501951615502,481.344280721416,518.565430812464,521.316813405554,527.063496515674,588.94270483934,658.392631071545,607.911588144521,707.765584719729,668.932806801269,679.129381357797,696.401417785277,673.44184769009,745.137514654018,691.13301271925,641.412431111893,541.430587463507,455.795869138841,492.062748106225,474.27817137823,474.35809443669,470.910512404941,465.795924582517,447.624624759126,446.751508750085,467.83003644708,462.772334728173,429.699517198597,391.401818399622,443.97563876661,439.854728936074,411.899033955663,431.103122239061,431.272808396458
"CH4","gbr","ktCH4",5093.36680677183,5113.56186494512,4793.67512386967,5041.10914384565,4795.27925694971,4998.74569889375,4924.96231693869,4874.78434679909,4907.76397057242,5042.07404711068,5088.51444474575,5079.64974982755,5055.87496286044,5051.16968716701,4160.88370240406,4730.26350749116,5027.97312317758,4936.90078985543,4876.83436788262,4748.3106540293,4804.45391990506,4880.95507391904,4860.27940593366,4810.32203858878,4564.91718233186,4675.72274105231,4609.16717115968,4469.5160152496,4170.1095667265,3831.0641442764,3617.04315284828,3509.82444741733,3351.27151599093,3188.19827548827,3075.18248826144,2844.01048191597,2627.35323494884,2463.59529999283,2274.06681426756,2181.72163712988,2036.7169236977,1926.39057468365,1885.49120265361,1774.85915180849,1725.07914338246,1707.43047144165,1653.1832401339,1665.96014450061,1644.05658606268,1626.17775435385,1582.7686480943,1575.43753237276,1554.94530583679,1540.84245696735
"CH4","geo","ktCH4",118.527099460674,126.880837741623,129.982127742926,132.315786660052,135.266760696504,138.223133099333,140.089354766091,141.455008501126,144.052908743212,146.283011549527,148.451850670184,149.805434606003,151.58825023562,153.70297971034,156.330345584601,158.183631728176,160.113122379995,161.913197855044,162.833185688926,164.235083388281,163.951216836408,155.079568533186,135.069290802041,125.918298665081,111.060824762944,114.396646271975,120.374626234158,118.742842101984,117.44485179398,119.433665476638,121.61193845181,121.735459525814,123.879543318369,128.490330465611,126.761562648759,124.347609270956,122.331881492004,121.043964243479,111.219554719422,110.334278562391,111.340726514963,112.172360881362,117.588142885272,121.676929247674,123.324720525905,114.499114811494,115.316414441864,115.106735630309,113.290119760767,113.008486415797,113.66041986978,117.586842195701,119.276279250686,120.136253102349
"CH4","gha","ktCH4",113.200129107257,114.726208071619,120.613401606799,121.467646736066,132.774937105297,132.919245816574,133.771180089313,137.813358611797,139.474261186088,145.315621469267,143.530769162907,148.107610117594,149.149156595472,151.660295804253,159.651103448552,165.669169817678,169.039226609455,175.746752418403,178.01782844017,185.722374893137,184.016008161893,195.781890529876,197.166737737339,201.956169818818,207.054386987415,208.591043363754,213.496465316356,216.252323554963,218.666180906482,219.15499961039,235.027021325648,239.338238848191,242.987529188346,246.775409690617,257.973327799241,257.391363275165,268.241638956329,271.065844508247,333.566277576818,322.631719926367,321.081651541334,389.469465323691,399.291808664905,432.610938537627,452.745929820366,461.201434101972,458.126670300152,533.668014721605,544.352514654342,597.521653271311,608.506578358372,554.085243583351,593.78809087707,598.640170963362
"CH4","gib","ktCH4",0.376418063255864,0.415444465786472,0.41659372935005,0.420266328354738,0.420532996476877,0.423595856091844,0.423626774638562,0.424863528943814,0.425676176211515,0.429020423717575,0.429783931527212,0.429139524676598,0.428619984262211,0.426172916144269,0.423351767701792,0.421625055721754,0.417120712517956,0.417960901536166,0.418526111694709,0.412525446834573,0.408954678793799,0.409680374309102,0.416708721986919,0.417000296021284,0.421731317669783,0.422120693157946,0.422289604526323,0.425615352567921,0.427598699886861,0.428790270206494,0.430274042803929,0.432475684084647,0.432762094179191,0.433604199489219,0.436100959339464,0.435554298777626,0.439772192727706,0.445317094330459,0.446473728291673,0.446635885376262,0.449066957406097,0.451331207135167,0.454496024911019,0.460646733874312,0.466341731927884,0.470036695085729,0.478321674073245,0.486864239786549,0.49491254620601,0.509610227411305,0.526448447582881,0.532111863975423,0.535441333360183,0.534958415544839
"CH4","gin","ktCH4",118.118030924824,120.06519112307,122.244073774309,125.844863299997,128.714135863775,132.243770475233,133.987636371266,135.584178386235,137.048220179473,138.881774273733,141.029528548809,143.220581121488,146.051839666135,149.070767457781,152.172846873563,148.65593326484,138.58656011552,149.414116846397,159.356559051035,168.051998503236,187.950055755891,199.630710736456,194.431491796112,207.227695102373,218.877856027641,228.324056638299,259.512856665276,243.853079065099,252.494352104249,288.631756150122,298.914813051691,296.311724861544,307.838924206199,320.14668595916,332.970049523169,347.357577736958,361.556655680995,374.588225186063,385.857983433572,407.295883293267,486.926675174583,508.410538667669,525.949701274606,544.161263114992,561.380322536764,578.35127680779,593.213473757164,622.552308562359,647.889601860279,655.552982964337,663.773028470574,678.714625312288,697.797977487098,700.6149999684
"CH4","global","ktCH4",6.23534604309283,6.37072198939265,6.66690013917101,7.0002604363749,6.49900614195317,5.96274336962412,6.13915287147457,6.10377037995834,6.13294665697137,6.31800376015771,6.14178387460167,5.66922313861259,5.09365924492752,4.7777882804041,4.94950580822288,5.39077191203946,5.75063159882158,5.98505292107936,6.53782555102814,7.09948384097143,7.1295717415575,7.66739253183245,7.81763967319219,8.21095421593031,8.60167556183809,8.88989111267535,8.74486953463478,9.54983797742674,9.50683622664583,9.52519842436083,10.3223813787133,10.4298289984751,10.5984505800247,11.2505693920233,12.1966581569969,12.9450026480816,14.1188111694376,15.1501503851929,15.9645604388841,13.4260343257355,12.3654131089773,13.8995482991648,12.5649206270054,12.391245563534,12.5034733637857,13.1801772909331,13.8849839342608,14.6114265760032,14.8339713328949,15.771853003951,15.370796665342,17.251875126901,16.2551083415135,16.549020373911
"CH4","glp","ktCH4",6.70958788862914,6.81856090769493,6.79461915223734,6.92413167494201,6.90896644814333,7.05589871738277,7.52685692776842,7.59066796150593,7.85550321781608,7.96666858228243,8.10166994897597,8.18129335275652,8.11644548029733,8.21139290726772,8.48805241394606,8.57381338255742,7.9755832633521,7.61594784530657,7.56813932286789,7.54168345893865,7.23897424059439,7.21468925756884,7.03914909243664,6.68069317869788,6.79822196421475,6.76702386418332,7.95633755903075,8.20659345738746,8.15019240391289,7.11163302693526,7.26132783920582,7.21971260066277,8.68510191334194,8.02722530635449,7.82095640491537,7.73474176681082,7.85947384992244,3.13415373488502,3.15934091435368,3.18805966761739,3.22422763318522,3.27257771642228,3.31074015201343,3.35336175344786,3.39500168639395,3.45182496483865,3.50461405752099,3.50301073385643,3.50061016993235,3.49886551909578,3.47295993685974,3.48481710964504,3.49577265022812,3.50472990606189
"CH4","gmb","ktCH4",19.5099649841104,20.0491253953333,19.3050211629056,18.5044344470805,19.602791629474,20.0764403220508,20.4691534344665,20.5726011504477,20.9775799368875,19.7382506774356,21.1604226474617,22.9480036022661,23.076918649541,20.1212188058508,18.9652134201262,20.0091063021331,21.2565989975411,22.0651176555575,23.3797624725738,22.6513883013595,24.9640775928454,25.8408457633656,25.6371412112804,25.2723435731151,26.7705009674481,27.7333284866107,28.3376082596321,27.6739608444832,28.3578578772148,29.4754825872254,30.3518826419007,29.0406936019832,28.6995018803323,32.1905234886015,34.1885988841848,35.2941677265255,36.0482453356988,36.1386103603971,41.3123693555152,52.1147131651617,55.7107496626485,43.3557187541587,47.8455281371184,50.5076578501259,52.4682217569366,57.7088523626742,52.6285664388547,50.9407764966575,44.7844477297617,49.4569112376334,48.2015050177503,41.732230453716,44.9125160706678,45.3733010572495
"CH4","gnb","ktCH4",18.8057166886825,19.2444595023444,19.9242319710591,20.5990879058134,22.0617776609219,24.4161169862089,25.9885107678355,25.8589105533239,24.9851599095775,25.5415141749964,26.1348908590519,28.7875291820502,33.1510878030262,32.1866705349505,31.464979284284,29.3585199320717,29.8035243085117,30.5247669467417,31.5895190019065,33.5146282370771,37.5142860947571,38.1663836385018,39.0897522877164,39.7431402743546,40.3732309081213,41.7937699029389,42.3163805143961,42.5908475751547,43.4216099640226,45.9277093845721,47.479436126869,46.9039794259476,47.238558404266,47.7351163420857,48.2279501760721,49.8612544785456,51.3627663807177,53.2722384288221,55.8304731961463,58.161160475811,60.7751176943874,61.3985312910419,63.2389029110392,65.8632650409251,63.0074300898629,65.284692268102,66.8316265853154,66.6094913191443,67.9243193527171,69.3754827616868,69.3345137880366,70.1240872791829,71.2539261589761,71.6343135909574
"CH4","gnq","ktCH4",35.3558428196387,34.7507637653557,33.5737542378444,31.9724348187728,30.4576797797174,29.1332452650947,28.0722371878584,27.1175279648089,26.5187169670043,26.4999959273877,27.4938642961209,28.6481693265667,30.9455685152905,33.557935187928,36.1758161988022,38.5805905990592,40.4679407993238,42.0151894706933,43.4377998268643,44.7347830422328,46.1360023355525,47.6973830263639,49.3215657636487,51.1041207788672,52.8422639531963,63.3173087636537,129.815192514864,189.148692162805,236.11787980326,258.581120794871,307.020737343515,329.238658109647,249.934461209677,275.512158931509,785.048561379197,541.122228787157,705.957753762456,711.811372626592,650.612767246768,663.541035321488,685.638336322945,542.345569967389,529.646409234898,453.932498665353,493.142030539443,651.863222781136,584.792217604136,512.566348048172,564.111170807791,586.878341819648,603.632053041741,581.45305148679,607.594645927039,608.00337629202
"CH4","grc","ktCH4",373.474523686121,366.378214404876,372.233793299434,386.200706613054,409.910109891011,413.585473911411,414.439514218668,406.517329759055,396.609673323729,393.376696414499,390.051180778899,389.978962207516,385.777361730311,385.836748386501,385.246470732609,387.628825698025,388.788383132409,396.813831375506,402.314725893689,409.447988580404,408.666615700816,412.541114672852,414.464786132518,416.788325212746,416.855820391199,428.098884583445,433.800946952432,437.578517385499,441.695901146606,445.420607281872,450.058484353531,433.46408824908,446.850452714699,457.598137658464,461.344523681516,474.41092994259,480.817666085035,479.428971883145,478.435258060752,463.02451023381,448.367010993511,440.894084086177,431.3194746118,414.563480983112,405.841520444334,396.231801268498,382.489692281244,386.214577458812,384.678717001415,375.4584454865,346.810886363209,343.351124326643,333.650170033992,330.023217841099
"CH4","grd","ktCH4",1.32704845273548,1.41109809373584,1.34893467419413,1.37212394479893,1.34249157442987,1.2985581076705,1.37015121866778,1.4061971228006,1.45260051954027,1.44446685467702,1.43347294676469,1.44877375981567,1.46503954680656,1.47892623117558,1.47461993922916,1.45215212513903,1.41844906304232,1.38470679561624,1.35619450802349,1.34343212452382,1.3392258767646,1.34572508865631,1.35483347730753,1.36761080806496,1.38872898271629,1.40719090889515,1.42415320810398,1.4436513763731,1.46902772705449,1.49041530842534,1.49488421662696,1.49664463915527,1.50471533844659,1.52748980076181,1.52712414514359,1.55032961142056,1.54962835188943,1.56421584048473,1.57764064906326,1.57310495080675,1.56381611577377,1.57119612711498,1.57881727948319,1.5894786627041,1.61172008646764,1.63057416628291,1.64602011319182,1.66401090263974,1.68191867218478,1.70153095219466,1.7181852847263,1.73474897779863,1.75437199491327,1.75874053253666
"CH4","grl","ktCH4",1.61859309286769,1.64631050701814,1.66917939973445,1.69042153665026,1.71057146029852,1.7297163203325,1.73208708861533,1.73246423411302,1.73260252951617,1.73279847678308,1.7334628645249,1.74765052951133,1.76444127011447,1.78109721315071,1.79625858238874,1.81390995742124,1.82444752807734,1.83466314024985,1.84737794458987,1.8565328561724,1.86516060786784,2.03888231015988,2.03702362579665,2.03069302746383,2.02117065303485,2.01479820623988,2.0094646787272,2.00085814220165,1.99542764299978,1.98677856028095,1.97172368295012,1.97786343792846,1.97374341101837,1.98341600758508,1.98783351733053,1.99441615976882,1.99684400137564,2.00343530912045,1.99947793463159,2.00703863901864,2.0118145071637,2.01429301924343,2.02055310023235,2.02360176388931,2.02379249431579,2.02402659558412,2.02213247360056,2.02270035796533,2.02243646495564,2.02331202034376,2.02258041919548,2.0224068864941,2.0221517066399,2.02420783470008
"CH4","gtm","ktCH4",168.652763027281,182.521573676926,193.746086139385,193.857109866409,188.340802907974,193.809883570623,182.750232431271,195.421772292299,202.83993982059,210.5446785075,229.413026665374,237.888989601899,235.251076528802,251.614956510953,247.286679474495,249.920513784338,250.936634075674,252.78168324888,259.997615287255,261.973799226549,266.263583937108,272.227520467966,286.467760278236,298.132055083105,296.072191736567,301.875781725612,307.758448280483,315.873799458082,320.557684521774,336.340447529798,338.445678743949,350.513287488707,373.924814262479,370.332294911621,385.386387844516,398.165184838926,407.926812429263,428.440864707662,446.724857644549,465.067248612216,480.356450811025,485.658636704564,498.682683103818,509.200622833435,528.948495852997,541.954517677316,555.781848287526,571.147311202356,582.477222241274,593.212732538624,603.241766630862,614.564785761796,622.79077922849,626.563959561517
"CH4","guf","ktCH4",0.524552742997495,0.526837899112829,0.523162674056726,0.543987777729895,0.540926430163911,0.557556347159507,0.587691024360726,0.655676786070973,0.746015409143019,0.926321057922236,0.982111129821648,1.16991062618354,1.25683823471824,1.56486641711886,1.87258157443575,2.09760633742333,2.41047652370294,2.59076393153579,2.66091615029643,2.86625379664601,3.34139746757137,3.80672572799768,3.88138944125092,3.71191137404121,3.84688447891101,3.94935346770562,4.30010038288857,4.51797880670564,4.49784528614514,4.22058668251126,4.83763213727308,4.79247257495182,4.91156784953811,4.42867572865265,5.39663910842276,5.59055983707132,5.70056459267545,2.58459484326053,2.65794792822672,2.88279312978111,2.9080389038825,2.95203579876548,3.05038223977334,3.15344932075784,3.30009724976088,3.43206141868482,3.49401860859827,3.57114640166391,3.65273275026046,3.73486389363479,3.80580964718928,3.88260540330891,3.96387505523118,4.03852774424707
"CH4","gum","ktCH4",0,0,0,0,0,0,0,0,0,0,0,0,0,0,0,0,0,0,0,0,0,0,0,0,0,0,0,0,0,0,0,0,0,0,0,0,0,0,0,0,0,0,0,0,0,0,0,0,0,0,0,0,0,0
"CH4","guy","ktCH4",59.6067110285702,58.4191654149071,53.0895968568145,56.900511247181,63.4749997727929,68.8847322749297,58.7164749711567,68.0240520903304,62.5399365354844,50.4720571782608,53.7014030499478,51.7995949042449,54.6004584465602,48.1186802160309,51.2681062412646,45.569216163852,47.1043177858335,44.6484619763959,44.752203794376,43.9807176684666,39.6276779744421,47.8563845737697,50.5564220436708,55.6380503029793,55.3373319883622,63.3643153744661,63.9923498398474,65.5863085625101,61.6010774225455,65.8495566495789,56.7315101348875,58.6813418032761,53.7732832171671,59.4138740483117,55.840865359231,52.9546880782701,51.6844939915727,52.9320629743005,56.3567364666644,57.943584616514,59.7972027773556,62.7131278452677,63.7579199563999,69.5378096666732,75.3258805000367,77.0173979391296,65.9872261849214,72.0275863006009,70.2754133654292,73.0666752073402,91.766709754684,93.8307078955733,122.908415052181,122.990167995177
"CH4","hkg","ktCH4",61.4375769621091,68.5753737990658,70.0654586342286,70.5248948707686,71.7480823421399,73.9531403755507,76.8996634284347,79.7915904473014,83.571851782883,86.6648891781015,89.3283836023988,91.2561147136377,93.1189378781751,94.3092478287915,96.5203042990367,98.1589132863001,101.443197278328,104.311512140944,108.866874803168,113.704703605919,117.344267213702,119.158254447238,120.318483506354,122.991675453898,125.269984387575,126.837373260347,129.128710814023,131.480855933297,132.702932935441,134.971931390834,138.688981564344,138.477770733362,138.658728797152,139.404499386229,141.043074645728,143.208672241013,145.158521697489,146.863756313047,148.092087713862,148.654885227792,150.585054629353,152.322011403949,153.352128426028,154.731241817831,156.205287196294,157.3883205705,158.914746461696,161.002752554799,162.781468431973,164.485739831299,166.648205062528,168.173961334397,169.672676916877,170.750876531559
"CH4","hnd","ktCH4",128.643353054492,131.723945716781,134.227411764655,136.287796320784,146.001082221936,148.746590516514,151.211474496265,154.215295285749,157.358613662442,160.753586347352,165.745743535139,169.096966355859,171.60521024575,197.306823813227,208.205360445258,207.329786231257,206.301139214433,205.805222665252,204.99341726662,203.271285126388,205.146778693667,204.382468181211,203.622314223947,188.596865137723,201.73128769945,193.331102393487,196.034220752783,195.73166122385,191.379235039964,173.565473253812,181.162473682769,187.423863386857,203.215236668184,226.473873913574,232.460461363547,238.678851996656,239.506135924008,246.117909208187,252.172201046634,262.533095653158,267.689909402323,270.362096123767,277.929895774089,282.250809829882,286.404511288122,291.530902256904,293.893110014614,290.202805391483,295.400511847691,299.153168800581,302.53943176152,305.714369267987,308.840715895144,310.093436550947
"CH4","hrv","ktCH4",162.582909029005,166.163812415701,168.228289785859,171.735408080177,178.042669659069,186.101829659388,185.910030734793,184.539888271223,185.409821022406,183.214362346553,181.626608333718,181.746964026586,182.143844436877,180.35240382265,181.632563005874,180.031935451986,179.077903443052,177.058851474652,184.65009815675,176.251388947803,170.300987963804,164.761785302415,145.430143045672,142.28036184617,134.633934790841,133.930528591457,133.257108230949,130.797259573633,127.939862397625,131.437927016983,127.526526535602,132.140385241538,131.1559977764,139.525082036801,150.288846705368,145.07275574864,148.597325772601,153.831532454228,151.555608265451,156.844668726169,153.702502960066,153.015604416535,144.16858482774,142.046614874696,137.721810946806,143.121691862487,145.196538950542,144.111695680488,136.826938397842,133.451327895479,127.949403488137,125.308737795053,118.383957476025,118.151768047514
"CH4","hti","ktCH4",164.422005635971,167.547852523574,170.586855583809,169.508586756014,167.864065464762,167.41891137188,168.679142517844,170.420394857912,175.330941455321,177.398516749322,182.051401420289,187.276387249515,193.502652726681,197.969912112496,201.447567237695,201.690216674254,200.487011853842,197.552313415991,195.786149707831,193.411675809978,195.788488526142,203.47002764903,219.408537464258,215.884730108792,216.527383749206,219.461531707645,222.17847442129,229.912357632669,232.910308662107,235.853875722582,246.782323152711,249.505319443051,252.559784556378,255.298283401061,258.216218959746,262.991024730918,267.07176956502,272.623171330613,277.263131249245,283.162811925557,288.341007535793,295.000361991608,301.598401608912,302.732866970862,303.60979945902,305.965680283134,312.17090256564,312.855455042936,322.913819093559,316.868599389406,311.55737469272,310.309930893952,313.036729800048,314.534907559905
"CH4","hun","ktCH4",528.724166576253,534.320494819941,525.891164141557,532.98841779062,542.639948305302,547.084406505656,543.277556385551,557.129198179722,626.238040446423,627.61795519475,623.771362987086,621.954075978673,624.847943842917,618.990003801878,614.000315331643,601.791955651162,575.002506175292,577.025900371103,562.412773535705,554.324022177641,564.306981808158,549.643783123798,496.1578989759,487.99810997239,479.173263968085,485.99202580431,497.795061004498,488.487655268281,482.458409258936,483.438180518748,475.488954700985,463.944034982297,457.054994794944,453.97938413534,435.389807950203,448.778069970587,437.870611333215,419.450421747932,405.683425102132,392.412506448259,385.909988701594,377.346869301513,372.925209073692,365.03236376707,353.916557120148,354.184169034749,349.876378011299,358.323383736928,359.019009880324,362.950494148834,373.521937683081,381.652078677836,367.780281560329,360.916924978292
"CH4","idn","ktCH4",3604.70138136233,3705.17987021926,3797.27982343395,4119.29653239615,4176.68812844432,4116.7166311104,4298.77810321568,4492.26665122216,4567.49366796489,4530.51295067645,4619.60493102712,4753.54371954946,4422.80446124182,4620.74291004913,4969.86029143585,4917.15991142862,5093.819196415,5061.37941196346,5103.45815296802,5337.10311937721,5481.26625174704,5674.34591095042,6022.80154082762,6103.9855589926,6278.32186988572,6500.01409924121,6750.41568863765,6858.34560073152,6720.01352440373,6769.52578298129,6816.68183978846,6828.94611354618,6907.25935413971,6899.03295542736,7129.64618256888,7316.94206919764,7610.12180782633,7860.12017919487,8120.82242081902,8447.13416314258,8808.29850710356,10158.8098640312,10596.2691587552,10546.6593136482,10806.9676790767,10514.4709198871,10650.3573551877,11320.2937239465,12396.6559578501,12856.0690405697,12410.2898937195,12383.1853636409,13511.7301955483,14215.4207543829
"CH4","ind","ktCH4",17492.9160898114,17677.7365213039,17778.4924207368,17979.8036397564,18185.2954512965,18590.5009097209,18689.8976634503,19035.611604515,19272.3496172493,19442.4353898486,19841.9498084535,20313.8883523173,20481.2325709859,21175.9341161166,21485.863903954,21769.1705636149,22444.4271983881,22571.974459296,23466.4455830425,23997.5756082358,22987.7663298873,23246.6188759294,23443.9258716992,23431.9151731448,23627.8520130442,23917.7517520136,24174.5087237107,24432.0798936394,24614.9831930073,24774.7792102085,24837.7183582121,25005.1564685557,24760.6513575929,25184.8768456892,25542.4415676691,26149.7395347923,26562.2662372482,27162.8920370208,27589.8151837714,27502.5844249177,27753.1514861291,28088.8214037287,28117.2374162081,27276.2326594872,27509.5438354937,27769.8894591357,28048.7977722085,28186.9243499546,28628.106297872,28616.1556670662,28868.8081627704,29281.9198607392,29749.7558010694,30032.4260049403
"CH4","irl","ktCH4",510.050601029756,520.266565158351,517.177276502485,547.97217534361,579.61199779404,581.328628494094,563.65691528714,568.781581753956,574.360312760511,572.278176056421,574.55304190239,550.884707140054,549.634292350011,556.896531610926,561.992124320415,567.115797155095,564.497616202918,556.295292306926,555.659095148884,561.576851166386,572.959062227458,582.764693982689,592.692913292693,598.061305515991,599.306619502498,604.828673259916,623.797890345484,640.393199072209,653.288020153499,712.319197651196,695.543824472391,707.807096581139,698.931338901794,710.714497273091,650.648369302049,629.576303631387,641.408945292678,585.037906952919,567.438587230963,541.174712452915,527.045519471073,526.019112549345,548.396766374759,554.294015387513,553.627471822885,575.412439953389,599.131876507894,614.196857073995,619.321093929177,600.535810466056,607.134703821707,619.172890127269,610.243584999785,609.972388947164
"CH4","irn","ktCH4",4375.97019916717,4369.43155798442,4800.21622248279,5497.40266448721,5651.70029319833,5119.06275058031,5574.37440328891,5382.63828489536,5068.85022834283,3425.50236025294,2041.43329992756,1909.49127855857,2551.11915857015,2714.74830405214,2563.75329255665,2667.50060962631,2515.84659082422,2759.83176460672,2762.00109006395,3263.91793066111,3514.66572088762,4236.7431146741,4493.1823157967,4544.48058802408,4687.74713306473,4511.76015499263,4740.76208052381,4715.56010001632,4203.88292605751,4102.3665474622,4471.55487301158,4141.96011476151,4132.43901160125,4940.46523800178,4826.69427863539,5094.28084404335,5333.66150649174,5044.51820110005,4981.4831904102,5032.10721702469,5206.96708058444,5193.34927651543,4617.66924470219,4615.71048711525,4556.97823009385,4624.92890498916,5612.80311219393,5732.33159343963,5504.27097607935,4651.60633882012,4496.55384665108,4967.13958659322,5136.93419969179,5142.71211990945
"CH4","irq","ktCH4",2601.95741251409,2616.08413601842,2300.36233592434,3053.07713559962,2969.63717629487,3363.97775633432,3589.63937227059,3494.11085638921,3813.85093035523,5062.26294640817,3958.93435312955,1728.22483188789,1764.04269865582,1751.53963560893,2046.24066674066,2369.80977631687,2747.79134008108,3323.59381679167,4205.98671457618,4501.13845759476,3298.38523539476,715.560846378013,927.819886527605,1080.65398948394,1157.52661741531,1198.53894024126,1128.57152845108,1739.61631934622,2023.68743592411,2333.71679398119,2504.03180035983,2548.1182333289,2290.54811283258,2178.97213377448,2564.06003543151,2424.88041203787,2496.22977854649,2389.20012555076,2536.72529377867,2837.23487024642,3118.71208509072,3409.96193609499,3814.42806287315,3820.20200910555,4019.29932183918,4392.94183410598,5449.36383907959,5522.53837657099,5630.49354930986,5839.88699907295,5117.36370628135,5107.9826602636,5555.77257253334,5566.63631837653
"CH4","isl","ktCH4",23.1375722401788,22.9538605625245,24.1361153668875,25.2326797082709,25.6474482378625,25.844652881169,25.483143326011,25.6373088930257,26.0862614045151,25.8973618879257,24.5110442807282,25.0414078261385,24.3458902584371,24.6804206801644,25.2695159753389,25.4442854862311,25.0709456719268,24.4895033384001,24.3159494776045,24.2873649599731,24.2585859071412,23.6962549245595,23.4122812471361,23.7170497312469,24.0736238310831,23.8532668084868,24.1824162741869,24.0257432184619,24.5477341764334,24.4985607829017,24.1500601163307,24.4003511601218,24.0995831156776,23.9159142952065,23.901808403771,25.8983046915789,26.1011681075767,25.4883036398369,25.4214768154012,24.8183946762129,24.7095569559104,23.9921990889598,22.8995267113329,22.6120161900022,23.4794116701329,24.2262595708296,25.2316601516054,26.1682008491456,26.0279439443544,24.7867019082495,23.1133182214316,23.1155914757995,22.8151323997217,22.8667457670993
"CH4","isr","ktCH4",1884.98501599036,1892.70023473717,1990.52436364548,1984.51298834826,1403.66415251592,2123.66818870113,117.057462661963,116.93624255652,118.856871270302,120.109654996446,121.928419924845,123.517916006941,120.175073150057,122.494326199128,124.616693882986,127.246171532564,129.205911886623,131.963201441778,135.185303564929,137.754349272652,140.7897860915,145.134157284056,151.464758879007,157.368570596072,164.085897883085,169.64012843604,173.853409601112,177.27182823302,180.774935570278,184.382316183748,189.185316978234,192.05168759624,193.456045363005,196.897554480188,201.181340543099,194.467340813247,201.851991587333,207.629081748944,205.080826617555,208.50494766608,215.478649455359,221.47171537705,224.464093505407,231.203376006368,236.575424027302,241.91735990128,246.562781228815,250.727215133677,256.025313405498,261.041911716433,267.049207146223,274.252391503637,281.015346640742,284.259529511916
"CH4","ita","ktCH4",1828.15779829629,1994.74592746033,2004.91874271975,2044.83750839959,2032.52446882137,2032.32766182171,2082.47866851945,2100.89338014242,2113.37358825055,2135.73405735853,2133.41733737709,2126.14257447084,2129.82489568211,2073.06198231755,2170.0535030773,2182.42028116699,2187.59371289401,2198.58428704903,2217.36921670797,2224.60274218306,2210.58925135008,2259.73962797371,2184.59127312839,2166.16497388717,2178.31910553664,2202.60375311231,2227.04855595486,2240.38821423095,2227.64382849727,2234.77682047346,2236.04149603812,2194.39665182889,2155.51313670515,2138.24724032619,2026.45028382435,2038.46605531745,1951.67467291247,1951.99166824058,1902.06118328541,1888.18838590995,1862.99890681858,1788.43083109001,1782.86853217739,1748.19715350972,1660.39720325063,1606.26650651723,1556.467463296,1584.93000922049,1520.25526352323,1459.89315961333,1418.77653156293,1398.05651867608,1342.16801187065,1331.63864615212
"CH4","jam","ktCH4",29.6428861695579,30.0532982804242,30.0056938188538,30.2037793150511,30.556830159541,30.9867013458854,31.24937362557,31.3492140424293,30.8894740056325,31.1073657785413,32.1916215433823,31.4318784493816,33.0362179677418,35.5258701688178,36.7747501462363,35.2181421980953,37.4073607924601,37.5561166369428,36.4512342931944,36.4507864561048,38.8551892135435,40.5970952624895,43.3043892837944,43.3017130143666,42.4733814328766,43.3473471288238,41.7976901649703,40.8787080258117,40.6780805300305,41.060318695089,41.239789942353,41.3388084607587,41.2809902007951,43.0534060640602,40.699140534442,39.3132374988938,30.9327202024236,29.6712642950595,29.3837430551002,28.8118419574294,28.0363663113918,28.8467457220806,29.0582650127147,29.0017304570546,28.9315720968207,28.4651352549245,28.6843928292286,28.8474894878459,29.0689106797159,28.7056740728038,28.7297779291353,28.8779447323725,29.3875472783759,29.794371621325
"CH4","jor","ktCH4",23.1387770619136,25.636458404206,26.9901510467234,29.165384985154,28.814031573251,29.5960996372097,28.5107634859678,30.0108122903168,31.1257476249675,33.2290691727619,33.1352091148852,36.2554238037452,37.8020526560591,38.8450644518366,40.6365026874054,43.575143339048,44.0500806176314,47.432250149465,50.1676806401725,53.2226989094188,56.8467415834355,62.398287618633,70.6347148447924,74.9901357406549,74.9049831714939,78.4945691738284,78.6995695304766,78.4482372159588,80.4570966351442,82.6995597861937,82.0068040225436,83.9358704141499,87.0236064930826,89.3901965525187,92.8252786301627,98.2145912142745,102.908918891362,110.79403546541,120.123087500964,122.968123262872,128.545745813627,135.076016210381,141.553394535816,148.67376662317,157.401092421349,164.473312642059,173.721497359271,175.018112378015,178.338951824441,182.343934688666,186.453223766934,191.547675611879,195.100756055947,196.669914802772
"CH4","jpn","ktCH4",2678.26220405926,2500.11453262734,2377.93806661673,2338.56177793197,2280.60502047731,2213.57815410531,2260.42410753726,2277.20907173707,2159.76604914764,2157.40385322697,2140.02056027481,2126.15821142459,2121.49254908445,2127.5170539761,2153.33499649335,2149.2099891487,2137.68239084679,2039.05295918863,2012.85779489403,1998.68129419745,1950.04286949503,1938.72074319954,1925.12223468413,1888.68014411598,1893.08207064743,1841.31940492832,1782.76455333811,1758.81799530556,1677.11223655769,1654.43069163571,1638.21179127802,1586.6438517355,1555.14166409631,1515.84440107361,1507.43975810658,1512.4533118308,1498.00142288329,1490.69903773951,1445.25940077574,1404.92685225794,1402.07932333287,1352.70210942384,1311.26774896924,1313.12427329885,1274.10277761668,1255.19139820408,1248.11060581764,1246.01920167176,1237.40867509653,1219.82458205991,1207.5098391791,1209.98813805705,1226.88830809171,1218.8444473456
"CH4","kaz","ktCH4",2604.2130817574,2648.99131150166,2720.58674629802,2805.07058381448,2871.3176700968,2970.3950310899,3060.71447841952,3090.22931269212,3137.91175158745,3163.39620924181,3160.44374724478,3118.33143772178,3121.42483689436,3107.03018027582,3240.03691078374,3064.52836219847,3120.0662092091,3139.83093132712,3129.3531710851,3157.65225217842,3337.98509294677,3215.10120140052,3077.9737873774,2810.37963263696,2363.33176365966,2037.30420147096,1901.96111911121,1768.4495423813,1611.67821424287,1552.67521484584,1705.45939861595,1793.16356295545,1890.29789955782,2033.95276064791,2184.93309970454,2216.18659418728,2341.32409747151,2379.01043120375,2501.71676158442,2519.56658141691,2598.35613998971,2661.86925501201,2644.07557304668,2685.77931670204,2687.07803515424,2489.03330225125,2513.16999649931,2721.11317315118,2826.19403571943,2950.97482004766,2836.82318603829,2988.75539725313,2985.09816737185,2953.05243141256
"CH4","ken","ktCH4",489.595632949775,503.118950656835,517.82464196026,525.233420070799,533.624168808614,544.810241739608,543.420284481985,558.960593073603,602.281211596207,654.189827404881,613.9207330546,612.072031336989,665.405661352306,731.937440225154,757.518219684334,753.655322578255,772.95246992608,779.44961957784,826.062061375968,859.16341728731,878.146013227125,855.445827104522,857.863125918118,860.999636162895,867.210328173592,870.047666733807,835.340552344627,840.828190779395,846.625884511881,905.940015236774,859.714631946595,865.889794812916,902.017420522514,950.246805194089,1011.3283280125,993.358730820727,988.300825829607,1415.57264223148,1445.99543775252,1403.59751356587,1417.50961418229,1454.56624281899,1444.03238854578,1440.63577200044,1466.76707795059,1493.56831006586,1599.45350388084,1523.92319571965,1576.37735738025,1761.03822929459,1948.36713631243,1799.8942392184,1853.02029514615,1861.4465168083
"CH4","kgz","ktCH4",141.932675509976,149.477327037424,155.043894306906,159.283683727866,164.661407359402,170.47114225851,174.124579298501,176.824040457981,181.966643617221,186.419858759395,190.608230291464,193.240859890985,197.288175837876,201.746996888772,207.472094012926,211.133347957239,214.84642593094,219.275857101406,221.493907666685,225.648384474058,229.845422633563,224.738165242628,200.812660417398,184.260136491372,164.239573606753,142.66114593805,136.157973059869,133.766497129085,135.793889498205,137.125337484872,139.848391646544,141.804459035436,143.657122682033,144.722675557618,145.541668508234,148.684333435628,143.615608660445,148.964909833558,154.589899523107,164.188595489152,166.95702505028,173.623586806733,180.085632166721,186.481336808359,198.723569797777,203.092411403866,206.121384240008,208.677408462981,216.9987539355,222.78128622451,228.219783848893,234.265644208041,239.026952177383,240.1662371589
"CH4","khm","ktCH4",574.070379478542,488.827333034335,406.267904813077,306.552957388939,255.712968229093,277.825696207319,262.083114140089,250.943353951725,245.345134399623,201.396791537761,309.959759268859,301.262934219029,368.045836013231,379.088772041192,294.412381314582,378.156013219621,398.228565023102,385.129956703057,463.874051205658,483.813301624278,496.177093874499,480.493093399698,492.942143283828,520.103828906749,470.997592645165,576.019950474315,570.14836501878,586.734988032094,582.76931989993,607.070204727558,589.800964649715,595.149739204995,601.542576362696,647.931005843789,631.608904218262,691.586565784256,719.886890633854,730.672208096154,741.077587109289,756.48293925853,766.069998938328,793.196010304113,776.547794665308,771.174262957607,781.537209217506,780.744941714956,793.188429328108,807.21125182587,815.657169507395,814.420749489552,813.032283172889,850.082467486574,817.706513181262,820.657676942687
"CH4","kir","ktCH4",0.330696906474175,0.349423774872821,0.36142356835443,0.37469882349771,0.38665667799806,0.399117224727963,0.411700050069778,0.422596706895281,0.434982098041019,0.447694552939061,0.460677875096281,0.468306495306369,0.475033252173475,0.482305121854385,0.491062301058737,0.500947484097571,0.512191095104212,0.521107882952828,0.531560406243472,0.542109834688373,0.568666611583704,0.573124039930983,0.579653724258263,0.586071665668473,0.592686229346131,0.598834961217577,0.616895416298832,0.628044534987462,0.642778577653725,0.65347311352602,0.686536355066962,0.701406257088477,0.73376746828815,0.744408973944945,0.756043929125042,0.774725006820741,0.789080118852911,0.806232263837782,0.82036507784706,0.834129355385931,0.853279259550786,0.867750247439822,0.893420115272558,0.913177513850357,0.934052551886604,0.958798183693005,0.979341908275032,0.995306477404997,1.01305773448879,1.03257266647779,1.04480616070938,1.0610854029249,1.07984189162736,1.09315973984713
"CH4","kna","ktCH4",1.36255201932157,1.4276562129269,1.43225820913545,1.42464638761508,1.43364321700075,1.43033520382327,1.45524475858592,1.46201510925759,1.46072553939822,1.45626885523385,1.44763030003633,1.43123639114289,1.43138786589063,1.4071478855003,1.39907915176326,1.38403263048173,1.37260130195442,1.35353032801321,1.32647884468415,1.29532623630316,1.25821733053096,1.24980524666551,1.25956439834868,1.24936397342306,1.26230347252678,1.27174602768872,1.29825001477483,1.3367147927561,1.34532858838762,1.35541719082774,1.40433774480593,1.41920879954897,1.43096698522217,1.43087960043773,1.45255710034845,1.46631740228641,1.45204656411472,1.49614603822835,1.55163064302366,1.55500307461003,1.56188728911034,1.54399360544004,1.29729855608563,1.2945049728311,1.27104003828712,1.29610740324285,1.2921618708022,1.30332936155727,1.32746050144186,1.34391105932495,1.3576462848635,1.51278413279736,1.69793351960831,1.70676635865041
"CH4","kor","ktCH4",728.199236774573,731.477252121496,735.599621088044,771.65071524712,818.267306427618,844.28068259025,828.515742177641,857.821255595875,876.084943460178,897.244370249496,904.390854618577,926.058822938969,929.620531458918,969.175038637972,1019.52220098658,1061.51515666946,1094.96619921898,1091.6836887664,1088.12801566129,1053.06242988491,1035.46372606783,1046.76418990395,1021.19306982789,998.84707370164,995.840678393105,1002.24795495009,1049.76839290598,1062.56834803642,1026.94395372067,1016.46203417053,1076.48783609253,1067.90759185236,1012.20573044268,1020.45315050237,1033.04069459702,1041.10506099808,1058.96459431782,1071.94083300142,979.690534567567,992.876918161615,1018.25973067457,1021.14828350734,1048.40745130599,1049.13644140234,1048.22556309945,1063.38358145596,1072.83704345418,1088.57821828323,1098.05101300444,1101.58052486716,1194.33191554812,1395.07559352284,1412.32102935865,1401.82491214896
"CH4","kwt","ktCH4",1348.51325592317,1358.20898397008,1464.14071233581,1353.45548885471,1155.54777126217,962.575741531459,988.713213270461,917.880878490435,1005.05212976513,1188.675556088,828.489199416611,593.034285942456,460.364799406534,572.467197359369,625.821333477714,580.508167681279,696.527886422645,764.0811649728,798.628947020254,934.52326144063,590.095974396666,230.499153072867,613.389579466546,979.186914175375,1046.84879928909,985.089743413387,1018.76473366667,1100.36035261977,984.162214242828,926.485613920579,1042.32913255244,982.585303726153,983.50242684616,1202.28103425383,1206.50197719518,1295.23305490392,1312.12635435995,1237.91278025337,1205.79106385893,1090.45495449917,1099.17116332145,1222.80982911662,1325.23027649556,1320.76657466017,1312.72810371918,1327.86533250135,1373.32997517684,1299.10613597658,1316.13010063769,1302.04544003594,1234.13785011254,1234.42282370157,1342.86662146385,1348.66722533291
"CH4","lao","ktCH4",141.656753120914,139.543206677445,137.250864067475,134.930891301151,135.901786255743,134.489332062095,117.903340231325,125.237400197278,130.861834700464,145.295106708482,159.916901648817,163.305698718326,164.982396716503,163.423359432003,164.422706270649,169.077693663181,171.236465905885,168.242113979831,169.799962603924,179.511376145182,194.225631731796,190.036104038395,198.195753452907,198.740003879064,210.043065300239,209.457413344868,212.567304664735,220.5453282005,207.6070128313,206.106134171733,229.182656509022,236.924901383801,240.543647279869,246.077757671865,251.632847618778,247.857857080304,254.009153606456,259.171916250541,274.220315036628,284.367196540741,293.756523867137,293.961844314462,313.435997504695,312.137331842184,322.043254873609,330.304978342092,347.183166707398,350.899350123992,352.717392413336,355.993183172816,370.010962182054,373.431807120565,391.299069114002,385.844236775336
"CH4","lbn","ktCH4",30.8335998211592,34.2824027596289,35.7924218847635,37.073016455647,38.0179912513229,37.8855664150654,37.7267346044609,37.6351519811689,41.0281172950393,41.3710521424751,42.7105154487927,43.3266436620106,43.3395571512289,44.008819044067,44.8755887127131,45.8194886865463,46.5106632847403,47.0635486983793,46.8082334030196,47.3744781711369,48.2226952345723,53.2410020199969,56.4779198727047,58.891413767573,60.7365811066799,62.0295651874917,64.4817531563921,64.9582016588191,65.7343263464464,66.3331912859337,67.3180253149979,69.278577695481,72.3654435115968,75.5626027687914,78.6419818685791,81.318688463256,82.8040249627507,84.0085832060589,85.7359166408547,88.2280625608142,90.7488261826301,96.9287683365079,102.671690414332,108.40336379712,114.162558887597,117.965674111863,120.518901804387,122.137855032408,122.474980643087,124.854592729664,126.91553010401,128.495865278627,129.878047600057,127.610041173614
"CH4","lbr","ktCH4",20.118305995367,20.6969612311769,21.3531485262635,21.9326184924756,22.5474656260901,23.1650831308957,23.8286284951186,24.5180077833802,24.95374653346,25.7640383455344,26.53588356764,27.4985393326457,28.3327335020001,29.6134805269658,30.3334509547036,30.921796845379,31.405708543291,31.6351928420962,31.6042132881828,31.5812243000654,37.5979886970952,36.2722430674954,34.5337946040895,31.6673811691227,30.1217370226666,30.6569605695737,32.6796854694965,36.3556474244165,40.2498276226509,46.2318664333012,50.5402270040329,50.398643272018,52.1688671954257,53.2711702033272,55.2236433147468,57.9039383118562,64.4880084719562,62.6376381381305,65.3952101688589,69.2341779081457,72.3837203821293,74.3963029579749,76.0811016390217,78.380859217049,80.7652616425174,81.5653953821155,83.3514573190946,83.2976931824516,84.5872400270083,86.6873120912857,87.7200985972119,86.6148505792144,88.1954546986154,89.2864763458277
"CH4","lby","ktCH4",5594.26440873501,4647.51893829605,3812.66744595718,3695.21755243909,2610.6568001705,2545.8804699634,3331.80624783871,3522.22910718491,3395.09505800041,3590.75716907584,3167.62876585049,2130.58144208065,2006.62386030439,1916.02515038028,1926.57886816936,1875.88964542895,1858.4725877378,1810.09895170706,1916.05291459782,1960.16082616996,2381.21480558307,2663.79387667097,2545.21152950481,2428.96866991915,2465.42355637144,2520.17160490035,2531.32634148391,2534.04176660351,2640.56163551906,2368.3506891036,2484.14123031202,2396.24989724487,2343.12605240666,2496.22628047167,2757.66182505446,2826.67612617414,2879.98795575995,2868.61791797984,2772.02582123572,2516.32151631267,2556.27573797285,863.179227058096,2229.63273449336,1581.48434582587,850.035784811373,737.827540933495,706.39417519758,1412.49451705737,1738.35393562691,1924.71965722298,731.689712604508,1877.70625465188,1648.59830826165,1649.28325868084
"CH4","lca","ktCH4",1.57194277980421,1.66572416830608,1.66404856555511,1.67548734749578,1.68329292040714,1.70705196632159,1.76224557250287,1.82308064439833,1.88706702220611,1.95667012929505,2.021311964629,2.09075210867059,2.16110493106139,2.23428548534254,2.31283758676824,2.35299497753509,2.39414298547275,2.42818238753035,2.46410197047922,2.4973912076315,2.57090330882443,2.58394153292822,2.60688615907106,2.61739515202707,2.63395686657952,2.6499921629054,2.66400983692298,2.67441162834185,2.69513745944208,2.70511244772999,2.58136869809849,2.53500513373839,2.50965119481109,2.47120448085152,2.44990535766388,2.39901590704637,2.36232477842599,2.33601197623805,2.30937695676907,2.28287896752084,2.24799583960213,2.3283962216935,2.34727641389993,2.3608385109064,2.41384509920597,2.40739643191335,2.40811953263662,2.42560291182133,2.42633638958757,2.42763170177053,2.41856426982956,2.42119838299405,2.43652364465164,2.44341357200239
"CH4","lie","ktCH4",0.000388634320342683,0.000405119807943673,0.000416912237871477,0.000424508323421033,0.00043393615522261,0.000443582099795358,0.000456510101377245,0.000470009757963432,0.000486023871383347,0.00050434522962166,0.000521143344492009,0.000538825494842941,0.000555512119968136,0.000573312016378004,0.000591595858594014,0.000613464649211409,0.000637683471888922,0.000660683276468981,0.000681193519816243,0.000698281980637606,0.000716251721822683,0.659432216688443,0.637345920459027,0.605660955943059,0.618077131579462,0.614395749096024,0.624515749158195,0.608636060064143,0.595454820820982,0.566672675758226,0.561789120291835,0.567204213650661,0.584316409580991,0.591427463319646,0.594935395028421,0.618239896630328,0.646338094502743,0.664928489103558,0.66671793176655,0.667904795376505,0.616091835157948,0.62807743773902,0.63836255111446,0.609847404571022,0.623832294542722,0.609932294542722,0.619032294542724,0.593032294542724,0.600132294542725,0.617432294542723,0.618832294542723,0.603832294542723,0.601832294542723,0.601832294542721
"CH4","lka","ktCH4",283.598271301609,291.109338188985,288.515866677368,294.492552299787,312.737452227426,301.39990425455,312.022613872607,322.777817124437,327.300159000714,329.774541166985,337.534451377378,348.330840519449,339.603292385851,347.276021330124,367.530682690693,369.275749945712,369.751532299073,360.440534013989,375.196171708345,365.307615438822,381.966404218876,364.762116929034,373.455974591507,382.118287665231,394.189502740394,394.555490090502,371.719704950798,373.754470520431,343.387237024079,356.184495986691,354.850305327744,348.586307145202,351.964304832243,365.340194907432,350.906402734059,377.055966270358,379.579591409591,373.96662167506,405.198044545152,392.858237298382,417.196806446254,409.981455236565,414.116024752513,423.773469574476,386.974868251206,422.236219147878,408.06077955545,372.046603465271,404.905618153278,396.784253084496,412.484034154147,422.935070418278,422.384379344034,422.870397387533
"CH4","lso","ktCH4",43.2950597192318,41.3066544049148,40.6355616999181,40.3856503913877,41.541383740124,42.5799884725394,42.0524960317716,38.5692331674704,38.9020618597894,40.5549443458096,43.3065741407286,43.8950805790942,45.2187812777694,44.1858202271475,44.0012388093559,45.8232706967805,46.4238546571782,52.254478857024,51.7629413074418,49.5580633473726,50.6327610082952,51.5798446626068,55.6296449386365,54.685069669167,53.2693400550504,52.3494549856,50.2696952257047,52.4627840565444,46.9324805840265,61.7815501282458,60.1562372945081,59.7795099336072,56.2298757373199,57.10800107573,56.5288001727529,60.6933161064667,58.85259914341,59.3934565285046,59.2364550460252,59.7564714510205,59.7717759979462,60.2162746501046,60.759592587419,58.422282973468,58.081082120279,57.0104870241266,56.4655721383404,59.9760585039914,56.2260243751035,53.2607040412423,46.6542549179843,48.3996826033786,50.0764810708602,50.2239593248241
"CH4","ltu","ktCH4",212.000765138501,219.234258328979,225.060155109151,228.230661732963,233.625131793549,239.005934438699,240.371585748783,240.972830091697,244.978771408217,248.096405372663,250.859208090422,251.47488694724,253.559018334714,256.670981897639,261.100326711751,263.183595130909,264.161679775477,266.236034826304,264.245875521415,268.888751288357,268.373160083096,261.070131344902,225.669059585763,190.688598694501,172.363010493452,162.632398489696,158.026447688892,156.832738830502,151.669420368578,144.718573320249,140.018767888041,138.515453489429,148.355492896399,146.356941152129,147.538049922804,148.923541327216,150.669125704445,154.375714628259,156.736840171296,152.00980910508,153.014117410865,149.602841161323,151.447249870493,146.983977598829,149.196791380858,149.29919743711,133.41044401316,129.301398259733,127.535186750309,126.147500314883,117.218806483651,114.893676949503,108.945822426809,108.515804269488
"CH4","lux","ktCH4",20.4192124292499,20.4810572702821,20.436036506354,21.3972344991966,22.2812878993598,22.1445491567745,22.1768984003134,22.3824454732825,22.7230465380257,23.1302727831184,23.1857684806826,22.9878349102921,22.7349676528165,22.8512165237964,23.2748917674645,23.4205995579158,23.2655781453808,23.4729601217393,23.4366949339134,23.8339703013281,24.2580494698676,24.8810805293357,24.8094195160553,26.2165835915179,25.932115608911,25.913745932393,25.6072799675649,25.1830775714694,24.80492570969,25.6000363340218,25.2932835158803,24.8073952427849,24.4715126965768,23.8253644621635,23.412870797043,23.0824255933773,23.002400504559,23.3458497961997,23.2805875270661,23.2670518790005,24.3575989538758,22.9396656290858,22.1813754504984,22.3844453741692,22.4095152107214,21.6863034399443,22.4295904697078,22.5890157024236,22.2141135466157,22.1938713883774,21.0459016027555,20.779322512971,20.3714146506332,20.3548557417858
"CH4","lva","ktCH4",114.873896510969,119.068643521527,121.856290395021,123.4724140029,125.904490762835,128.312578042856,128.884090758511,128.71809678029,130.29168200635,131.296103002072,132.369869187378,132.441143457462,133.217530739768,134.55443886575,136.707608970791,137.669302389171,138.141727164863,138.568127381465,138.877859555853,141.915865102963,141.047699415016,137.751739080444,118.164134598447,90.5107261771256,83.5787403346043,80.808230520759,78.3452209709402,75.9852199586383,72.9497397007102,66.5450719057017,65.0320750452142,68.1739327301665,67.9664894674532,68.2639412837323,70.6394040602248,76.1829936997605,77.807382295267,83.3236298515985,74.8281735652864,76.6203607816476,73.9298685291984,75.8399787666386,79.512551119883,80.8060578864536,82.4805575965927,79.7388255680325,81.364076822818,83.7449678095562,79.6960646763269,79.4652653401845,78.1615316926607,79.0511921310963,77.589805150166,77.0620967380885
"CH4","mac","ktCH4",0.785440102848215,0.841671907159393,0.783018957168745,0.772718740517202,0.773833971701548,0.773879790719158,0.763958152013686,0.766327375366097,0.77863082978108,0.806167352934521,0.85027541652584,0.859460186107906,0.87374466329181,0.913239177321843,0.932819349197072,0.95105719242625,0.960962313134305,0.998286198127923,1.02025524805865,1.04732177035387,1.18619218631176,1.27474095545046,1.3077955265498,1.30319737343399,1.33491877149006,1.30604628860107,1.21619927850971,1.25190613322099,1.23527985551011,1.19142281243321,1.1314155451966,1.16555352034285,1.18339673087772,1.25522831428061,1.32321228163409,1.33350102430901,1.35243947017973,1.38354411758941,1.34905287866993,1.38385743136928,1.40208909278136,1.45380516582923,1.4736980655669,1.50493340495803,1.5366598345736,1.54889706062817,1.54199817459107,1.58538334087341,1.58497831975427,1.60458661527617,1.6170087490662,1.61933609265565,1.6265626957956,1.65384690496542
"CH4","mar","ktCH4",425.446191006583,447.104297846558,439.750528506428,445.483353043649,444.255171125117,453.080573910331,452.868365010314,452.05853406085,471.473080812106,468.831082210075,492.052425379741,486.085951984709,432.836758449018,454.352562120004,452.107623309189,475.01515437381,512.07711214811,546.825672171271,536.008313064586,556.686930478193,567.331876734337,571.866559516166,572.267587213137,546.902796587636,572.113154446263,576.009982779856,596.543446877373,612.80296964127,616.984159607353,631.071353029672,646.39594326505,655.337508272514,662.89852511663,678.736561742563,710.24046509479,720.3120282497,739.302322184934,751.548497864135,760.641132549901,772.769315385669,795.876871662364,826.123976412901,841.398680986129,864.022680568838,877.896905651643,896.319274457063,912.65931419609,930.13617977863,951.883761708615,972.569002766194,983.67682194435,1003.30006373416,1008.04170175687,1014.27439317355
"CH4","mda","ktCH4",101.001868056404,105.685554986525,109.067693728348,111.212632715697,114.339020155672,117.286733683726,118.258880152371,118.945202072571,121.161808633647,123.083622800754,124.647783160814,125.549395888586,127.232926771503,129.413327717714,132.200214760978,133.731614090435,134.425641936979,135.66056521361,135.326014312824,137.760865755117,138.073871924546,135.76936664067,128.971019685454,114.424359657437,126.901716512123,121.864014253078,117.919621260482,104.650954825645,93.216929228541,89.2712084858161,84.5320309592519,79.5582169941733,83.5486695951006,85.5308430607323,81.9971208105175,78.0516649149781,76.7245348527964,75.5583652858374,67.8975095827148,66.3809574309823,73.3650019285659,74.0569112569307,72.2808140983968,71.2806470227351,71.9497200609908,70.6763847509419,70.8731639178962,72.1536664625656,71.5010331757974,68.5669756107968,69.5332178203038,70.5927022010293,67.1501901922565,67.5648589553646
"CH4","mdg","ktCH4",515.726675406295,492.238958666719,504.463453078484,519.69384597491,530.282074811602,537.890396338268,539.659630803524,566.701636896091,596.231813779191,598.097400664543,616.611881762988,620.584474803204,624.786956095388,625.674747280715,626.632119052414,625.808837080736,630.190149644626,618.029016097425,623.664590837071,632.267444338226,642.509176130043,641.466107447963,651.97107287794,665.985755521227,650.751651445144,662.078847808858,664.184885651544,675.119358652316,683.497909964671,688.738582477504,692.739141697383,645.727099182803,617.739443387381,631.806593106921,646.056376261481,701.210112868123,713.122131180834,726.657883889912,741.459525902341,751.327849380682,762.356330832181,750.146992635076,772.893569357586,739.398500772045,790.696358664264,786.911760954117,795.78081982015,801.43411311307,787.005056800231,830.680105121809,844.996767196749,847.95411646702,856.760782108486,861.497086471811
"CH4","mdv","ktCH4",0.698518742139059,0.743689299447571,0.779236589307834,0.81866788316223,0.862201250456731,0.908240837497112,0.956153497699247,1.00512124081103,1.05903651800206,1.11690541852581,1.18056971754676,1.23145328620566,1.284482246714,1.34152556979607,1.40471657641118,1.47558730983094,1.52281757423427,1.56286839154359,1.60282874037084,1.64350678041635,1.94928511233363,1.97809335026107,2.03414126491403,2.03172887812003,2.04472899619668,2.03280365318491,2.09530848200507,2.16258424427379,2.20778037118916,2.30028064073926,2.24783295619179,2.36255239446463,2.5122628312862,2.65257547653688,2.82843234969439,2.89808277275161,3.12672729482736,3.26703195286406,3.45185214650396,3.5451757452713,3.73351434831657,3.89890550221101,4.04909981030865,4.24538245969531,4.4142398288981,4.63103818648705,4.7482621000139,4.90530660602463,5.0762306349117,5.23318179542887,5.37784914802475,5.5318011723932,5.67688977657366,5.74791190500977
"CH4","mex","ktCH4",2322.55691491118,2370.33465262342,2414.24486798862,2458.7980463951,2573.15478781629,2705.857566387,2805.99098689652,2905.13861617618,2989.48330271323,3074.34669767465,3245.23327650767,3399.33374581927,3527.11706940111,3585.23491453165,3642.09624767217,3746.08935841562,3778.83244589154,3763.24577354145,3779.96956134487,3926.9343339928,3925.53099433364,3952.64592165795,3936.63186511538,4049.1114388192,4055.00480369803,4105.76853601046,4167.71724304044,4363.830905248,4425.80946389139,4317.453170395,4396.71736832006,4353.22624485894,4364.64608768689,4461.94722961915,4447.0763534545,4490.85119314835,4605.60656258283,4680.2946805191,4817.31139176741,4758.40615235047,4763.31783477006,4847.98835049507,4771.438754231,4824.8485513593,4846.4548378513,4883.55194676399,4930.81301194734,4955.21505241559,4986.11539955087,5022.09253080144,5088.81689845195,5097.46733587876,5162.3680130343,5185.64707132846
"CH4","mhl","ktCH4",0.080764912249619,0.081281842133132,0.0839638752164175,0.0869992104114411,0.0898349411857862,0.0924613308517767,0.0950369822695065,0.097402899612788,0.0999934888486433,0.103032289119458,0.10638591272868,0.109985742088194,0.113806415654369,0.118065650428042,0.122326424670043,0.129487210303025,0.134929575353285,0.140275106923875,0.144942836762617,0.148525264862719,0.194936238336417,0.195222367753363,0.194928117597283,0.193946670578526,0.191585417260856,0.182898985656038,0.180212580813434,0.17762836763055,0.176088258546553,0.173665424306754,0.160424157663346,0.159160550945912,0.157698422360734,0.155540304467874,0.153032974300896,0.150538478835566,0.149624563829926,0.147832980095665,0.147393584857597,0.146830931834851,0.146525376421934,0.144346696072867,0.143912136238037,0.142986922055777,0.141411922416129,0.141847853863698,0.139769804827764,0.1385566048569,0.13835597848386,0.138015351279027,0.136768205469747,0.136416490541541,0.135415125466452,0.135364987898547
"CH4","mkd","ktCH4",136.798502425422,140.604492303934,142.178155045326,145.333635731077,151.3157267136,156.555740264767,156.6086203813,155.730604448875,156.573584765394,155.55467428222,154.214414318937,156.380158639594,157.93496809365,157.651988021006,157.465886772341,154.619629426255,151.14286719866,150.861966107565,148.698530693767,145.306663259022,144.870245336559,141.367441806302,80.4138313470876,80.3491659303477,79.3783463466109,77.9954417728919,78.8625686749665,75.4039624349325,73.3819713187578,68.9678679469076,69.4594576413935,67.9526613704238,66.9994441559734,67.3984496792814,67.9355563298031,66.495494811672,67.3614486072217,66.9891433286319,67.4262974230315,64.7748526432792,65.8156524617402,68.1601041254305,64.9829661893724,63.561658293094,63.7199671352746,64.0738080574186,63.8272862070826,64.905580128733,63.7642754197124,59.8346269566808,58.9107339866571,55.5130870389514,54.2450027803246,53.6090103094296
"CH4","mli","ktCH4",295.233949493826,302.704706686802,266.601691290279,247.961535826252,225.861290710797,244.444497559389,252.311402427171,256.159318582463,269.250055030716,293.163986528432,325.627507262288,341.430458178021,356.057146290326,314.740618601053,281.974878807855,261.312166765321,269.055264121002,270.774964897535,284.542925217856,289.754751914372,307.467649698746,306.834234746695,307.515133617907,312.688208223158,320.098486270124,330.956941386909,339.837465773616,347.848480450036,361.131473242494,377.939505190058,394.918417218352,414.210991739185,442.378129265615,466.527805756293,484.125360619516,510.56846558693,510.489683287154,542.942269062945,569.483295517238,592.735528566013,624.468731711494,641.115492875472,669.760141527296,683.243759032037,707.669437465404,743.48517943782,792.755266455741,836.98618313532,876.927553858508,881.311518048598,910.823364279246,963.353501997732,939.466473374618,941.919504247761
"CH4","mlt","ktCH4",2.83895546878967,2.92116398066693,2.8693198834623,2.94005842156314,2.96795285520029,3.06227204728888,3.34348150307565,3.39155598376597,3.32695225799397,3.22683386068385,3.17496547205937,2.99401792019879,3.11422576122145,3.29972201603691,3.49915896915115,3.50114049706001,3.76038009656016,3.88748313359965,3.96567249068088,4.03912181955809,4.13590975201735,4.31375251495724,4.45379450644348,4.56352634030974,4.60018503877049,4.67230139761359,4.72829102808248,4.83935867759703,4.83340405947079,4.95559648038892,4.85167559081826,4.85553846540367,4.91603496001828,4.96478411796066,5.09550812251012,5.24594384830949,5.71676022464704,6.10315251496433,6.28846598110004,6.74846543448421,6.99060378962961,7.71082885635201,4.74258052909205,4.60648400488598,4.62946428412475,5.00577850472925,5.32061573560741,5.43140633649145,5.18829338479627,5.37473269317358,5.24827908538406,5.2746505458506,5.25179565106665,5.25499117573827
"CH4","mmr","ktCH4",1411.20661857146,1418.47984097483,1395.80171960092,1474.19802700622,1479.25571299597,1512.72023489269,1505.51656597436,1511.19100186626,1551.22628600851,1486.70193323774,1563.27991629313,1590.65253305703,1575.48391302406,1604.68639302049,1609.91764172588,1647.32684100337,1647.27018805466,1629.69289868315,1643.00191647547,1619.68496311329,1617.16469712116,1589.21758400194,1686.21843540365,1738.10057968946,1781.16886845021,1847.41196661309,1825.88534604743,1787.18717831322,1814.29839515557,1946.00222758797,1988.14088407483,2031.40957782275,2056.35473278177,2114.14327532073,2168.77473198204,2274.90921676677,2407.75025017275,2456.04531836941,2498.7990366062,2522.41068372483,2557.09392637515,2511.52194973151,2495.68649726415,2530.9674587675,2571.58150361293,2631.8037000495,2679.6475970663,2774.83910311916,2124.30083729751,2108.71519180723,2111.57665232193,2159.03744510335,2137.2679259832,2136.69132699904
"CH4","mne","ktCH4",3.05562504873035,3.03591212702583,3.03380604434852,3.0419089033479,3.04930755650035,3.04845123294352,3.03739169871818,3.01895601306502,2.99627586003887,2.97398441868832,2.95478895135999,2.93989685654398,2.92679014114109,2.91160282514468,2.88911272821708,2.85658224997118,2.81264196852422,2.75932349072023,2.70026654757895,2.64057444994301,2.5835814547497,2.5265001722918,2.47644950557032,2.40867272862927,2.33341310798413,2.28507751788352,2.26706746717342,2.23995152332609,2.20956912353545,2.163793279824,2.1345629639396,2.05593074066639,1.9747796694542,1.90634730342379,1.87103409460999,1.9684938144068,17.6744014785827,16.7705481695428,16.2897230400315,15.8603561774713,15.3153279249755,13.8585062351774,14.1288560631624,13.997561085285,14.2238782213288,14.4275348984776,14.1432985567657,13.6877295259696,13.2156746666815,12.7980187666911,12.2997019560912,11.4048567570324,11.1541817591773,11.0988212054744
"CH4","mng","ktCH4",285.996659775749,298.461421961207,300.040528355955,304.361995943536,307.604858298016,320.101462135461,324.384413177515,321.619289302336,317.820287900482,327.369828777445,327.894022344104,318.249908614825,323.322031338574,328.37158646744,322.884844443639,320.842512424779,323.019208750501,331.476700824417,336.144513625855,341.123727153971,354.571293427394,394.185549897233,381.805106814841,370.558959865027,361.162465182949,386.542706048769,391.198118296831,403.5629127694,422.619287081061,441.678542180488,447.594725766131,388.905935072355,310.658977998394,303.796902075485,294.299581082032,382.679288146154,430.833890972443,490.852892321397,514.25599000388,600.024258222943,693.339623653497,814.700829518654,796.254401078941,815.152138588736,895.163424949822,869.703252514388,1078.80389511493,1237.24330243259,1277.12437259925,1353.58009892309,1250.72742685393,1223.12913509455,1167.23720204883,1257.23545452853
"CH4","moz","ktCH4",169.194488005136,175.038907072385,171.231546443228,174.395286301311,175.994653082107,177.765908984628,172.283773161348,169.72385214677,167.913694028365,169.493827374199,170.22322434757,172.399024800792,167.246651158815,162.130950571237,162.303894225769,162.470995821818,154.431059599833,151.715289974823,151.61079060875,150.427522624505,151.335023689886,148.10763107427,152.650266600514,157.188072083353,158.94215606503,161.828766085622,168.423606416245,171.853328869811,188.188458194331,190.47771248565,202.617511326137,192.053162116137,216.775605680749,212.224862521164,221.291817260682,246.683824554157,239.190305772555,236.295478945721,224.356233587428,206.861580079756,209.705685829547,356.064882146969,427.964315244741,460.333204518553,482.731940374616,465.295867796792,472.51971633013,564.074913581966,657.275600413838,561.633649738642,515.304711086379,582.202724532908,625.574521696564,637.039187689352
"CH4","mrt","ktCH4",146.998602959963,144.483179664658,133.180169572975,130.666470998726,113.027862270232,116.480055962537,121.718744773965,126.031021323084,127.783327565353,130.379204411388,133.113196942813,141.343262845286,145.240865291753,132.527998629627,126.94902023091,134.162057504591,138.198037610902,142.633321848958,148.342903699586,154.555359159179,167.511708867763,173.378050421184,169.658009678515,175.155744657459,171.974947119266,173.235205201996,183.707021915883,196.408291404299,206.165814027905,223.219060692712,230.708548853373,236.855336964766,246.022185169829,253.064777229932,249.58345769994,254.774935288666,262.151724940618,249.832134210753,237.389777571972,251.247796404227,259.49224785664,267.070452018911,274.982751789049,282.872700599132,295.096685261205,299.55187550737,300.266720303795,304.369284228758,307.070518746972,319.019737204129,320.232609649541,321.560958393812,322.212334315759,323.273205165245
"CH4","msr","ktCH4",0.0266034921664574,0.0268240990056626,0.026951337836152,0.0270632623908228,0.0272204693653007,0.0274300779242266,0.0277688205063222,0.0282077141414755,0.0284942523592788,0.0287578889072463,0.0288449819218602,0.0289663667018098,0.0288905586493281,0.0287731550671312,0.0285130149435741,0.0282538720942866,0.0278597424169504,0.0272332524808371,0.0266503745583721,0.0260808735762638,0.0263730398724526,0.680086478718645,0.688023987633492,0.684411239038081,0.691231228980874,0.69052877135767,0.688577767733111,0.686058263631409,0.682376593884907,0.679843747907293,0.676744223194785,0.675602009695957,0.675588205868945,0.675575371625527,0.675644142940746,0.67563940650605,0.676156127616272,0.683677003095135,0.684212828968026,0.684287051743834,0.68011166008215,0.690307939314311,0.69632354401963,0.691116476868142,0.697272435307547,0.697635192350327,0.698026696958464,0.698951501677309,0.699984304886319,0.701901071043168,0.702875571286383,0.704279342891736,0.705297921240862,0.705324691060412
"CH4","mtq","ktCH4",5.13870929608317,5.31907972180764,5.42869304514033,5.47042163966541,5.44398859401191,5.49592973973816,5.61988975846064,5.70462145985809,5.75343722073196,5.92761998807985,6.019734094552,6.18256676495087,5.79168331186309,5.32779960312194,5.3615547616381,5.35679034557482,5.19962914963043,5.01582051432345,4.95303226465174,5.05028552357835,5.24841140821105,5.26908837310828,5.1559226887301,4.87767622233876,4.86828073908173,4.82238115409189,4.75144217196661,4.57177839730147,4.56716898290928,4.53730610970768,4.71257628043058,4.73372495710154,4.45129756721998,4.36801756381726,4.47626826489714,4.24537750863958,4.3879056139467,2.74835225291093,2.7396902538725,2.75164676711807,2.74398163145167,2.73593352702169,2.73229356658444,2.72816350965309,2.72085165783789,2.7204356578151,2.73312661466908,2.74994517916875,2.74852951505087,2.74357499215042,2.71811639658855,2.72540583500919,2.72982212536998,2.72842888718256
"CH4","mus","ktCH4",13.0800377070069,14.3704085917316,14.7590547927096,14.99520339806,15.0507482615698,14.8609386042671,15.432970802986,15.6930524233674,15.59678116421,15.9409732565739,15.8914325706733,16.0267093927559,16.2960638544011,16.2110223072898,16.3280808834388,16.6196061332434,16.9729328796173,17.1279776529169,17.3051700113637,17.4803838247683,17.9067241435214,17.820434209823,18.015267913319,18.0617395535023,18.0783929751997,18.3799671244427,18.5585508851231,18.6934506460938,18.913628548382,18.5138761905696,18.9952572740749,18.8104725221113,18.5435798239242,18.7712299601509,18.9363800261645,18.8358698739075,18.9391667680515,19.0311865277857,19.2429604088145,19.3223877578191,19.4447503732828,19.4840782642711,19.5171970426047,19.4424598705795,19.5279545954615,19.5556270929456,19.617282816315,19.4818126894078,19.5454471849486,19.6572013073325,19.614010136564,19.6365249350064,19.7049931783263,19.7255311210747
"CH4","mwi","ktCH4",48.4726595496882,49.8920089543494,52.6738525435469,54.0212178334894,56.6583063545422,58.2993844213126,61.3187071955577,63.0398236218419,64.4889747636351,65.7224818316779,66.3700191802771,68.651245082554,70.0786889721086,70.7501588895346,73.5233624048072,77.6203817052278,79.4120102222849,83.0638192902205,78.6802315044517,80.1717231154109,106.876283796786,108.417698600351,108.834835272391,107.672388593806,106.604926966266,106.694947903652,108.500051371774,108.110438797733,114.02307706846,120.042980488862,124.92549575626,121.174928243875,122.85515905761,126.115309008151,128.643784212738,132.033605973953,136.463839091133,142.758943783826,150.532598353798,157.4264063286,165.803359627039,173.404658583216,180.173488438074,188.077973905684,195.917162476121,203.467521481498,211.588832064968,218.321064171602,234.641845379037,258.733754323624,266.185825131218,269.859973946808,277.740084558291,280.504366227698
"CH4","mys","ktCH4",296.648045435795,308.391864713283,324.922661835558,324.598175148758,324.018392491661,341.699182994935,374.414733376785,384.633118428935,383.431099916475,444.858380252405,444.511145894686,440.560705682574,457.632695444971,490.627069964691,526.61846238534,544.046916048783,575.673226824429,585.406647759876,610.877055237695,639.759246819705,667.885429539618,686.788722457565,704.832008864838,727.948010522908,758.097159694955,729.657711066339,812.864441169575,901.477221586146,801.367864540549,820.191303741195,853.867669224127,871.327272485403,895.051547472745,993.767262346361,1014.74509828006,1041.69733216994,1072.1745667794,1074.22198515099,1101.91210321828,1109.43491186962,1026.28641978993,988.472848875585,1003.77613418331,1009.66582723397,1018.53187347512,1051.36519664552,1074.56586629678,1076.68457823301,1079.90880479633,1073.18126166264,1027.19361883914,1019.62603835945,1034.77859833456,1037.04320825037
"CH4","nam","ktCH4",113.142928491689,114.985518184422,116.713823587385,118.391968626925,128.739990919333,97.069052894676,95.1854521111832,109.609114903859,110.15952953379,115.273290737995,120.622959325405,100.040465388137,90.1965434855543,86.5264677118738,89.3437928397393,89.5249130937353,94.7784315165131,90.5541338461495,96.282861648347,99.9832613425421,106.073476969835,111.6903729654,108.288670807909,102.523324926431,101.935527829118,101.10949993503,99.9668313495308,103.407827905479,106.49121045946,111.204589937483,123.115211078528,121.908415585928,119.747377425241,121.479448854903,121.730007620861,149.024670290416,125.096462146642,124.62383635612,134.442495988714,132.610617015526,131.27435431238,129.86584614732,147.009586046356,133.493201349608,142.694495037488,141.569976405934,154.499022675247,148.209011633151,144.980768730366,148.5544729914,139.310106915873,153.563039472874,161.446039351531,162.237315450585
"CH4","ncl","ktCH4",8.87175427827928,8.94439942160258,8.63005975836607,9.18936094724077,8.53359184240258,8.8512082229307,8.83008747571074,8.80078308494121,9.33696554503755,8.98976594639103,8.50132779153033,8.43529624041981,7.91948262397837,9.37649436786807,9.41827016097634,9.49991031441852,9.70135452174558,10.0465734341103,10.4615348693082,9.55643656903457,9.63701482691302,9.82047295200996,9.80740287449381,9.5307601998682,8.83266119422565,8.95201401206475,9.0601075996328,9.15930196842348,8.14165266699941,8.96438858199714,8.97360385671734,8.98696759567862,9.10606216071789,9.14437148196935,9.23422251968993,8.53722912696907,7.85048481616853,8.12570844210173,8.22398905144594,8.24175674116977,8.33900975987899,8.3899822771126,7.983989236709,8.57385527323692,8.73270284216518,8.57557675270231,8.34782014578021,8.23509900680582,8.17394209526061,8.24922160254181,8.23196932989586,8.21873886796461,8.17721284261002,8.21973036533797
"CH4","ner","ktCH4",299.233993869159,309.563042102439,314.699805269189,240.499405769373,241.590892867681,257.84608313736,278.786824441756,308.57089865296,319.454896133357,331.239967346152,344.339861597423,358.615025930501,372.988058893998,388.9352458386,281.463855038354,240.671010911717,243.545013283027,251.769198979004,260.35367612366,269.986251187366,281.534278060358,292.281110595076,302.660284506945,316.703237670082,328.786747421043,341.260022902295,356.287563695084,375.496128756414,389.117189706497,403.786732373346,410.586226695039,429.2483595276,446.995468893581,465.549826942136,486.746981938343,505.599054137739,524.25958627973,546.909586733094,571.453703777854,597.49582578595,584.415680473684,605.108137896971,637.88973310431,677.362125837845,708.007399878159,736.847485059656,771.637038115889,807.918020277174,845.714414479612,885.908639564213,928.887817264352,969.191406286404,1013.86120701616,1015.64841355793
"CH4","nga","ktCH4",4627.47975676609,4655.44419427982,5397.87163299174,6028.16363809632,6560.6825498663,5411.35943749879,6176.82136009354,6285.25296380747,5805.66569653312,6871.40433105348,6336.58880861764,4780.89552682912,4442.13497673815,4305.65477983623,4689.79815432518,4995.85644526029,4960.32512053313,4692.47938940922,5049.27395873975,5809.22140505917,6008.86822915135,6285.81541680028,6819.88806016417,7015.18608764667,8026.52020310566,8813.35242634227,10252.8000157425,9498.39140991999,8731.29997443198,8355.73199349608,9213.20274926547,9198.09231919772,7770.12093969203,8583.54082299494,8397.60482718332,8136.77656274562,7574.22496118058,7090.99365032919,6925.01931704698,6710.89494453428,6997.12942682772,7374.7449081526,7529.74483374277,7183.66080667423,7285.60415790064,7236.0991458877,6919.39933219768,7077.57953955106,7201.66460055822,7452.91739091724,6764.7709692212,6588.20721553148,6340.13707437543,6375.15782330302
"CH4","nic","ktCH4",172.955591020891,161.50329796209,161.90684289309,168.204243692275,178.908335895347,186.469345797338,193.661271048381,201.795731811322,204.883953333487,189.469670204798,171.605489237566,175.488610950802,179.519447371767,165.624159409379,179.832538917727,182.1539621705,167.92899481803,155.644421232449,170.848401802179,208.586869740344,232.177612659613,192.841153903163,210.917849753196,233.137344872866,235.698103510548,208.593725456876,203.814414305017,219.761513828063,214.419411898823,247.965279276064,255.418177183913,257.27502746955,260.974148027549,268.807463463882,263.955065137955,271.812212732209,279.504938460358,280.553008036629,282.035441314865,286.03374308889,290.432132349312,316.30128098804,328.471578402061,342.734098348907,357.614123076276,372.84669886062,372.71297437944,370.48308641705,377.395961378953,385.592869335271,396.312715133968,402.918744679695,408.418600372259,408.771725502064
"CH4","niu","ktCH4",0.0701624505940842,0.0757476072098655,0.0740138822331999,0.0902562102223388,0.0874388524004375,0.0873868305074077,0.0879490207573997,0.0905665779091688,0.0786963243893537,0.0785246860710388,0.0685330902470814,0.0683080652152277,0.0676383832275421,0.0676785335718586,0.064695380384249,0.0608929711086334,0.0580900230880932,0.0547724802069519,0.0516748357974144,0.0485947202128946,0.0463956939840423,0.0465603111866164,0.0466689202724647,0.0464081666787718,0.0476675091268375,0.0476866590132081,0.0473057972361899,0.0468948759018117,0.0465350901377772,0.046197820678916,0.0453719436251561,0.0467801682477851,0.0469070959073965,0.0467002444161446,0.046415988257932,0.0477078488008892,0.0475198139366271,0.0491640902492971,0.0488876628458371,0.0485697734439679,0.048932856828827,0.0490829566066216,0.0493996716468984,0.0497092352342181,0.0499024064038307,0.0504569838149846,0.0505026104660847,0.0509506388498551,0.0512147085986995,0.0515404882519092,0.0515704244546631,0.0518737224493849,0.0521349309991944,0.0521640339622315
"CH4","nld","ktCH4",1037.21349698023,1027.40533060733,1072.16616398433,1121.91569933969,1178.00524132366,1199.11101789833,1207.99170461505,1213.96562195667,1241.96164687317,1270.27290557917,1303.22026101769,1299.8952896232,1296.65225932766,1324.00201554523,1344.06478820143,1346.29622810642,1350.23762125972,1346.07117122403,1310.16843589524,1318.94448100368,1327.16133121997,1343.21756658193,1323.17176761694,1305.63402946916,1264.20403430837,1235.44807647111,1207.75532695464,1131.51984335414,1103.59839804017,1049.59699806583,1004.42988784385,979.645304130408,932.584905014091,902.315781376749,885.898753156153,823.289705466278,797.760970750296,781.371568916784,778.748562677271,767.944554494306,765.103307907793,737.871615992342,727.447569953609,723.166349330857,708.233526411897,713.129182088583,752.249540055664,746.564615374153,739.483840523733,711.348697944842,686.391873524443,677.112664131722,670.79288341659,668.414840508388
"CH4","nor","ktCH4",234.109359434467,230.377681827812,231.702044173537,233.089730098813,231.795770671065,224.637782153142,228.940830132401,229.864324468026,231.610183377196,235.426840879946,241.461527522387,247.693029778519,248.021399501772,249.303325309938,250.977416940048,252.498188815214,251.648906617278,249.597309033783,246.035641858027,249.698154324715,249.077817266101,247.417408708389,250.184193927227,254.689624073166,260.761992033806,259.404845008943,257.95128481623,257.420740396384,250.910722700081,244.59588762573,244.308555400599,244.05160770117,238.211751492125,237.559145015803,235.569401423034,228.384713503588,222.264825521605,224.437107929624,219.341015179688,217.507702406346,216.790937928954,209.804197741911,162.097652240182,157.247917401377,157.316180654997,160.977379802104,159.417468001301,159.754491799397,165.043956197271,153.1744717283,154.704060453833,155.416655349065,154.919829811482,154.817330506838
"CH4","npl","ktCH4",504.183686284579,515.425351909299,520.938135384014,537.109360217404,549.957649839044,567.252987240018,580.57826426004,596.514157119268,608.610216693491,616.474638717261,640.619078344458,646.436225620409,639.680746520867,657.352098190504,666.635985717168,671.352803393159,671.815905393617,685.519125817593,692.83096715497,695.381526836653,700.75627299005,684.897365682837,708.737180822602,704.214358988981,737.688744295849,758.650156288366,768.722376055339,778.706480972364,790.949854927005,798.795387013245,806.284795679618,819.084341597961,828.326889032259,842.170154032879,852.058532795857,866.056204604876,865.966050582398,893.596256475973,908.007082651969,917.709945665337,933.608723928989,954.070469277452,930.144679998556,960.543301082874,953.95093531509,949.328232396617,977.296907881499,974.674782693219,989.350255944731,994.55989313228,1006.27489723382,999.64307095605,998.483315458851,999.406793786032
"CH4","nzl","ktCH4",1295.48990725587,1239.33017606417,1288.97128601749,1272.97086806585,1285.91711922644,1283.02029974438,1277.99527320046,1283.18993588274,1297.93120423691,1278.69540109178,1343.1481762613,1347.71732564603,1348.86517970005,1337.33167938521,1348.99960254407,1349.55079927388,1376.06243386017,1331.40779574803,1342.25895942598,1300.92508517693,1300.07167770439,1308.31335351171,1290.48806630298,1303.23739695077,1338.12792251732,1346.78891494478,1372.11236952471,1402.71357308794,1380.22970192098,1386.96956881017,1419.86720310896,1435.65459460077,1422.78110609953,1426.13275857753,1431.11333571646,1446.64216643503,1462.2029558748,1421.89521919533,1363.47312050108,1372.60862207494,1383.35394141056,1394.25586864635,1400.10472767519,1393.05474888205,1409.71665892824,1389.56398610076,1379.65364528472,1382.17177478804,1397.20889150145,1388.39495391995,1379.04970944457,1366.92566234314,1350.35013892111,1351.72839357413
"CH4","omn","ktCH4",678.323064510638,605.396897945249,589.379486134397,612.93538522045,608.51084148001,716.646672745044,768.708998927991,713.93825807945,662.061150397928,623.991592134907,603.001405364917,694.405715025516,712.344434273666,820.380387924775,877.558151624845,1047.1454101409,1174.08597462373,1221.3627717433,1301.52062901776,1342.72148831429,1436.02090284053,1449.14383461217,1480.79334646925,1517.06414465235,1540.68563659386,1580.48346800366,1593.43466240194,1572.76688606056,1521.78207836491,1531.68890981098,1568.03311968058,1638.16266351355,1611.13974072176,1538.30615579062,1528.35712721721,1578.531375042,1566.46969840025,1569.12954646162,1624.3130636454,1791.93468742988,1971.88454750758,2026.72425378705,2119.76711947532,2188.45109147357,2205.68817506771,2297.5504778935,2369.41341006428,2303.22664710213,2307.12374518709,2293.34889850683,2261.63468129985,2290.23333195435,2520.04202273809,2521.77626757351
"CH4","pak","ktCH4",1880.87731601347,1907.91807069839,1947.10486744136,1990.84990199069,2044.23973149587,2099.14170721318,2146.43632957378,2229.89905383489,2292.66625728586,2350.36994260946,2345.18128086902,2422.70781101347,2484.60192600044,2540.48163019881,2606.0926595141,2710.99330807595,3010.42702625689,3060.99216501265,3147.9542012077,3229.29116655465,3340.29142338274,3326.31702460898,3407.65517173941,3504.03985654714,3571.6493812606,3665.96268522872,3819.96012935081,3908.59752830189,4035.58741259559,4117.33609517957,4209.50727957209,4248.31355247227,4401.2565804149,4567.1812189301,4692.33364518572,4825.70781012107,5134.8973708917,5237.28087296511,5429.7369896031,5552.95364364686,5552.29331255471,5774.60032157779,5895.47972971696,6129.87905463458,6316.61053389671,6450.74917596077,6728.01532411239,6782.73601083972,6965.29116557315,7113.70498915033,7379.55587772404,7576.44007449869,7715.61217055108,7787.0754365211
"CH4","pan","ktCH4",89.1971336085635,94.2580873836605,96.3256467330148,97.9100090782225,99.4896187441688,100.995447909083,102.065191438726,103.174632467539,104.505396273175,107.09755114035,105.580108031686,107.268135050296,108.847473071013,109.720379310894,109.536548481896,109.686922856573,109.450244306272,108.983370508231,110.007064690082,110.277153458474,109.516486584506,111.373664378241,114.115845920115,115.879730042772,117.817603264785,118.527908174176,119.138891431242,115.342999066474,118.206518332057,118.138643298875,115.295386270335,126.344499700171,127.196224822621,125.912993195169,125.770792652845,131.230138786422,132.379152535728,131.869686433052,137.515943586819,139.40420380976,141.926201515466,148.400906356737,149.554447927415,150.830924903742,146.489323796725,142.532954795235,144.565847914995,143.910591484772,147.529505510641,146.440355798105,146.632483769711,148.39244389534,148.871561529059,149.635483132595
"CH4","per","ktCH4",808.010685858301,806.59128018165,779.063924072854,787.690809585284,805.845649752052,798.438323248738,812.709621220968,822.837151789057,914.309556100138,989.989571524074,989.490128439586,1010.5832281751,1027.54127414306,972.064390061358,1017.29217638675,1009.12458019383,996.869883121535,990.708075332004,961.160817699372,948.038851960607,928.224761266874,900.618181929664,904.790917250496,929.024218193056,963.71596941804,986.773639964992,999.931275494495,1008.77289946474,1049.12527191038,1077.8270762697,1075.09052248512,1081.04387386605,1097.28314973082,1118.07007798678,1092.26648103571,1127.73160267495,1141.46596907955,1164.73024553067,1124.34833829931,1138.52320548692,1141.43151576534,1141.00894264286,1129.92683013188,1127.06458883641,1152.51202899268,1131.12128982829,1091.98981898317,1104.0985625889,1126.91533636488,1137.39529121754,1113.85047830539,1134.51744414563,1144.72644284963,1147.6842769922
"CH4","phl","ktCH4",1736.80757148876,1808.96326010649,1785.74839743986,1941.24149928301,1925.15844828417,1895.32750314728,1843.82969509076,1841.41241774796,1858.19373055219,1903.44637804826,1854.89934764293,1850.20139202009,1801.6093447079,1793.14892127131,1827.48697961339,1888.31561230111,1900.0007841887,1847.47767284869,1909.50020394042,1952.16932714076,1892.24325624534,1914.59980159147,1838.6307708561,1867.43277934505,1978.61903555675,2024.65792680392,2103.78807840073,2090.06011689614,1878.09531783464,2162.5652798165,2185.64389456774,2204.8573544028,2237.93798424179,2243.04777353641,2300.11286001027,2299.66187436738,2325.47537130539,2402.22678061031,2475.54560188009,2543.24352590074,2519.57682402412,2574.23743721562,2604.14798065767,2631.04040625534,2650.37337144048,2631.9799111457,2680.88852476206,2790.00724617387,2798.78962480153,2792.68715996892,2804.73203861736,2847.01151475473,2805.01688370606,2815.26546031304
"CH4","plw","ktCH4",4.59816048986296,4.68197850994793,4.70270031984621,4.6548983613749,4.67948743421553,4.69828341661282,4.56316390094272,4.6980191211322,4.58581139945727,4.61065733362572,4.66215055431805,4.72011760416514,4.71190761867513,4.86545672257935,5.39011241283519,4.35540225485238,4.71229987998633,4.93043202108738,4.76342655462205,5.01651441323272,5.21475472814567,5.17638679857798,4.58550801752511,4.68554229645449,6.94815956597917,5.30080789214055,4.91503033462472,4.15344083140952,3.57648129783193,4.18033422404657,2.68013981184144,2.58421589951894,1.33444136459708,1.48554094323773,1.56606749793929,2.55040391154888,2.47580598345119,1.88307554000757,1.93849221260854,2.48783473275942,1.99834372460826,1.76186596618093,1.91833211685648,0.996028325650466,1.02684905962427,1.21381523514718,1.16717997337153,1.20792126326234,1.11860735087813,1.15925536245012,1.17995567419519,1.17482564980485,1.23279573323717,1.23795504084813
"CH4","png","ktCH4",31.02069728504,32.2592575752221,33.5836526445923,34.8600567305865,36.4129190846671,37.3994480447708,38.6114999742541,39.221401741051,39.943650230708,40.9765347961122,41.4649451437271,41.9153344933225,42.241595695976,42.6502642909139,43.00191232986,43.7724914693939,44.2551114336097,44.1759558437861,44.3402287225895,44.7286571347818,67.5536772219731,69.7224927470231,73.5981536388894,77.2459803011724,80.1283582089091,82.1382958889643,83.8948435073811,79.8639698930374,166.096349789677,91.6065400886069,111.461202809589,94.5722132981216,102.22808320657,94.8839503407512,100.311621065348,134.736528161348,150.409653001441,124.31090626749,150.430205097826,99.4542034565474,88.8104606124849,89.7277037057708,90.478234940211,93.2175389422546,114.365209670817,131.574300987624,136.406707575687,136.556769130716,129.267408158117,135.589513748886,134.758685842267,136.332421560785,136.581542172368,137.090299165393
"CH4","pol","ktCH4",2864.77265697323,2911.80205503383,2975.16959823914,3070.23615238528,3167.15771734598,3229.1272464702,3237.28007901763,3267.140246327,3377.49106026712,3407.26921846726,3269.08279307947,2956.27533114629,3144.35880948876,3086.78966634136,3051.63441295523,3008.67859439985,2976.88620407978,2922.08532565925,2872.10091802625,2761.06942213048,2518.88871474625,2314.5769057688,2228.65707854344,2131.48351089394,2139.04124857229,2079.89144833013,2070.65753378422,2103.18563022571,2056.9268109046,2018.83979955935,1983.13106898773,2023.49410329755,1951.29282257866,1912.53308624761,1903.72232569271,1921.94352422736,1936.53462069124,1922.95820472041,1894.31745249916,1817.56254490252,1792.80638507796,1765.59071869716,1777.84033923079,1756.64394259113,1696.60068172911,1727.26514210315,1736.39322758116,1775.46989318178,1775.65953079706,1701.68450990373,1699.75632611867,1706.77203589776,1672.20555931929,1588.98008487871
"CH4","pri","ktCH4",50.2583295726958,52.2319403104674,53.3380319842223,54.8906551047954,54.5850283935867,55.6820776020962,57.5223620000833,58.9215378122267,59.1580255190046,57.4144067863549,55.2368653281033,57.3013729884147,61.6064924134909,65.8288864889953,68.5482464857557,68.7866698981377,70.5231038057704,66.8615073955976,70.2571186939785,72.8788272341206,75.4994966557007,76.0361457510454,67.0644942557033,68.4400780296742,68.7766892829822,65.404437346547,65.9133547287493,67.5893658205708,67.8302709329566,67.7963672269374,68.7379031532741,68.8822180086183,68.8350067970087,69.3747089348101,67.9332557441619,67.0485981807189,65.3018689098401,64.2226823245393,62.8974198293503,61.6758159570584,60.4901791122216,59.3268441038146,57.7760746808941,57.6299761738161,57.0607929039186,56.5826999084612,56.1231320649046,55.4389329411042,54.7506519260704,54.769003947698,54.404031667709,54.0620157654749,53.8644095212405,53.8280586641012
"CH4","prk","ktCH4",543.305214354475,554.697564640869,565.399421797798,582.43029205945,599.278812706435,614.765577179074,643.84739945521,677.125359757353,766.865242579385,802.142012162022,834.244431592998,862.718602331805,884.332012679423,909.950011762688,935.634766874474,965.029269925302,957.586556847709,949.579031400113,942.258183427494,925.375595654153,903.164531869426,867.228730742024,827.729453895066,791.550312257813,761.973866735277,728.241238375705,749.318293184425,740.790084554055,697.851960688681,748.364578343104,773.790579467899,795.256766939505,782.195864662992,797.410798075288,821.439547438286,868.303373989899,876.287166737387,808.639555565914,834.22081198661,825.381707483612,833.873986728253,822.409569786967,811.81397099893,828.715564462127,831.516887115135,819.038097276117,876.674634645219,807.335538932525,730.681841554722,776.659326123145,752.774590520404,686.877900556172,695.713850160502,714.539584581338
"CH4","prt","ktCH4",315.185554530991,311.7278071706,316.38486981839,320.99048844872,309.50689953095,312.057749017004,306.058028460273,322.003600606923,338.632493289676,342.040905200253,353.076317873239,361.414936686638,367.912327358865,359.651162490762,341.923062803324,346.555608748406,354.962908770125,356.973343903759,362.05834099741,363.439118735912,369.191660166606,376.284584414759,378.736741211958,382.829854321021,405.443103709196,398.928004507734,416.306187652098,423.592736982588,435.774597927686,441.899356792035,417.801702472161,405.015454404891,403.744468950899,391.400839580494,377.757879431346,361.447133268899,358.513192188171,350.14106933313,349.805635691474,340.299312727342,337.234538339579,330.458270736306,308.122568101621,292.863145293496,289.247251193928,285.455341538309,291.746877410353,305.150833227773,311.0060035806,313.960711587593,317.524059470004,324.821393215334,323.460851677004,322.265770520148
"CH4","pry","ktCH4",285.915587644065,293.041775938621,298.97653712991,311.582820158177,317.804819691863,329.942541368703,361.362017781734,376.380314168678,377.786676773543,372.500205050481,380.005244928319,407.995190848346,421.760644092565,428.723036788211,437.875661023236,448.543016410094,462.42190401744,485.161665431856,511.266402509214,527.775515502501,539.18147292155,502.033161822277,517.692280854512,560.596758063668,587.972800969984,627.658382446238,625.261120782325,628.935560484562,628.895784872604,613.995566094247,617.872251860105,628.203044858389,594.401869470699,645.735674377398,618.501127042705,631.549925105684,663.774877187952,707.678836507661,711.198063851284,757.525932421695,798.156060611678,806.589604064728,853.659394992761,862.057466966579,927.84326314843,912.777535534489,896.950404444613,898.060954875063,878.005079774593,894.99060337367,911.183235212553,907.794098128619,883.764583005498,884.332150031082
"CH4","pyf","ktCH4",1.68645029496215,1.73756841181314,1.71641869856343,1.69088486280268,1.67654090256661,1.73199047399716,1.78020144133035,1.82984354723486,1.8881969906273,1.90680787783418,2.0007073498658,2.27586854332402,2.25952287993654,2.20745217785547,2.31911282397175,2.49053217565334,2.49026722794647,2.40524691923964,2.41783780029809,2.46263619020639,2.4272726149556,2.46844488745679,2.52672471244761,2.59240014230054,2.5725389254249,2.55380332833499,2.54143821153774,2.47721695193664,2.58278942017282,2.64291549094204,2.77136293185283,2.62630854683462,2.46190658716267,2.54572478917229,2.69343822148226,2.58932908526745,2.58172156022286,2.69190322082404,2.72120460659818,2.74637882545694,2.75857296744063,2.77809670643445,2.8154899169163,2.84598979410061,2.82694986565929,2.84479399190155,2.86267137784426,2.88646028198356,2.90510956071071,2.92684271695028,2.946666173572,2.96438666658055,2.97772441244202,2.98908942866719
"CH4","qat","ktCH4",292.212973781955,292.578776704728,332.671522448808,389.405564935704,350.74437840612,304.377596315915,347.093919413488,307.409486738955,335.084596628146,353.417768472957,335.116576820647,292.377236086714,241.906878816745,220.17277107424,291.024708899749,228.101096575079,236.150540410991,225.771048919723,261.400697320545,288.186907980073,306.987216545361,300.537157851556,321.801705813995,314.644254325433,316.75612094953,288.841548380351,410.262302844399,782.891484997166,760.65445535768,813.204479437734,926.013368778593,781.766619083254,756.845374839941,874.978052553205,802.932517013408,698.662683332364,706.659246396277,752.437868094902,741.704581157863,722.744105342754,668.665453756828,742.450461797659,744.62802112869,779.795392085804,777.649179215221,785.122697478487,788.580302833719,763.993511320954,758.078277400322,730.768880355386,726.206791014011,728.448746373606,738.939497413291,740.930556922744
"CH4","reu","ktCH4",3.91951617531433,3.83700365384758,3.82460643909138,3.92628021599354,3.89699266976632,4.00977600783793,4.23173495949609,4.29295201529556,4.22722975667006,4.12497037468882,4.11469977967051,4.24463797851408,4.34191138643262,4.34855359514461,4.42947820818636,4.45098537089192,4.51371012990416,4.57858008306014,4.71411024862174,4.62416028843327,5.79347321081538,6.01485170998486,6.03386208098297,6.0799065005189,6.14564227468512,6.19868561015521,6.29541461926906,6.46772499834916,6.58210204308668,6.88358900326687,7.0041114880873,6.98943752997012,7.10136843852406,7.26838237265525,7.46102689733247,7.57507265033001,7.63455161523163,5.04953074809751,5.09870706514606,5.23543747260978,5.33731421263001,5.33562592186057,5.3274724219859,5.36912105887582,5.39519711662522,5.43778198411911,5.47985503371451,5.51518106416809,5.51939204847143,5.55282856025278,5.55445177682698,5.59244686802425,5.60623006608057,5.61427433121016
"CH4","rou","ktCH4",2389.57026454799,2428.96709840087,2516.63587842485,2602.73277223763,2653.92868599366,2707.54455311233,2723.14180386614,2770.66999983584,2719.21669950464,2639.4584991953,2592.16770852214,2624.61825162945,2624.18648686884,2657.93485506052,2709.42931053552,2740.41668953529,2648.63495572664,2650.24123414287,2626.62687215651,2469.34887904688,2116.75827609431,1833.11433753233,1652.58020305026,1593.96069314244,1589.20093084741,1639.93309250987,1607.65360114333,1800.27606512654,1706.02905608524,1663.59205987829,1233.88814518725,1201.8771682438,1297.2152546383,1318.51984277244,1281.67328901852,1290.11580645223,1292.9321778457,1227.37665661798,1213.57557492353,1141.18763515608,1077.47014627337,1075.22258632298,1072.29467641844,1056.83094975554,1065.28456181866,1060.44285995045,1063.09386702595,1049.72028390697,1056.03715159971,1069.21462555098,1034.67251712269,1035.73566758698,1031.78250978279,984.70881727748
"CH4","rus","ktCH4",22475.9389939317,23449.4293789906,24520.0600681144,25741.6642056593,27062.7187643253,28528.5462409722,29711.5362177825,30716.2387707078,31818.8411077292,32377.4003568623,33303.8298672677,33514.2455413151,33741.8622949408,34024.5763482852,34083.546435856,33522.3265175956,34279.1888386212,34666.1811289708,34564.4306755134,33974.7534213707,33311.3058287159,30663.4893641993,26909.920643955,24609.0154077119,22400.5889016642,21462.4410198654,20923.0586734885,20301.3780900561,19811.7596131114,19930.1025285977,20767.5630452483,21360.06777946,22043.7709533831,23232.4559792876,23972.9416308987,23750.4108978216,23459.6084076632,23292.0169456686,22767.9854293467,22048.1105585737,21875.7608055836,22213.1967255943,22572.3224137553,22630.3244139206,22863.25691646,23279.2829994368,23788.9655708594,23967.6660615131,24659.245236766,25180.9677522905,23705.0502316169,24614.8848206638,24857.9558571085,24831.9287789927
"CH4","rwa","ktCH4",127.409936720992,129.011929760282,131.873644615158,135.278187618533,136.61814351486,140.662149373358,138.823805440409,141.998331995082,144.653478665785,138.592278767312,141.356170049093,143.252781236486,146.737815423068,149.352068482745,153.86891797421,158.303109632342,159.979309357184,163.908686886544,166.106815104342,172.757081515586,152.945903975199,147.109640178954,136.814892891449,128.664144992231,133.005453225158,134.546753409791,141.16808690456,158.485674360782,100.939923329447,108.6685719889,97.076318064116,101.197187188896,103.156080146493,110.162310853979,114.100869057008,113.604227417135,120.689419589593,125.405310567364,130.888816235038,134.059485310125,140.792324213531,138.39440216866,139.881705142538,142.564414034562,144.445427998102,156.211546518285,153.38903047888,154.306304511961,160.486531736953,163.925564493409,170.29927476853,168.508569452429,165.894743350169,167.236740227469
"CH4","sau","ktCH4",1076.25154057369,1086.62713850727,1351.09583265467,1683.56503220231,1880.66651044982,1607.87891745205,1936.79740867072,2070.09160984776,1930.02395861359,2184.97490565713,2339.48928387277,2333.79791779756,1669.02451423606,1390.85669055224,1345.43512113042,1119.6402176252,1480.02273609276,1351.82115925898,1551.69125538579,1563.02049204041,1854.89744128314,2237.32698402146,2305.59138066854,2316.60495093238,2300.65577571655,2253.7384630769,2349.3107426378,2426.81187443109,2401.7370965344,2242.12310997001,2433.20021034381,2408.78658365477,2330.96303720718,2662.16279224548,2698.9676954337,2875.64970199361,2947.81889758565,2937.30401631647,3043.80701593859,2889.26211644352,2938.64287559149,3202.03713886463,3352.88206738963,3345.68056052228,3406.9546246916,3524.85298957164,3624.58319254095,3564.51528642667,3670.27486977899,3589.73274189162,3589.30057748201,3589.079331104,3944.06677541659,3959.11691626125
"CH4","sdn","ktCH4",866.525985399493,884.270629670479,898.423137663511,951.119664023081,975.460314864376,1019.08982191647,1034.44758516166,1033.0495405138,1068.80757008584,1131.69920014771,1186.76956791694,1244.28488554322,1300.50982159716,1309.42462530358,1327.27015836219,1339.61466351295,1291.55410451695,1301.00056444413,1315.75541827556,1363.22253077827,1399.79321863007,1459.82032236413,1622.82462111099,1766.18930323294,1914.6151837735,1973.44948089787,2036.06244364894,2108.83462911357,2182.11000370597,2278.15746361035,2388.77490104674,2484.60361037232,2539.51782766928,2631.18301437221,2665.86615042621,2713.55713041832,2744.81738688258,2776.49123907107,2798.80219571275,2828.30129892979,2850.38033697639,2779.66466053927,2238.88170355556,2276.02376172971,2305.9641656426,2334.52600948175,2340.37960089436,2363.28097183348,2382.08789714825,2414.57654500311,2434.2322468871,2460.18157913735,2479.76869080818,2489.88484060672
"CH4","sen","ktCH4",165.278384016653,168.660543735903,162.510485814706,154.859732579607,157.379421046394,161.275777690186,164.371428119096,166.789440944089,171.284318451203,169.837311263768,161.288386134458,163.607802833981,167.268007381132,161.039485274926,162.455991235467,171.417835556494,181.870281037784,190.815649513034,191.493748311738,196.255037087239,200.833772676026,206.282628907587,210.720945461959,216.614090461285,221.192727427158,224.608708763179,230.57333020976,235.040164333289,236.526004876061,246.512164289019,243.565462433002,249.521344520661,245.367674325837,248.923361138822,251.320214651066,255.284663831922,265.803656979285,276.445219217229,286.043082403393,302.834717736372,306.76294435391,308.841741027859,317.096396425855,310.993180722561,308.247641279875,317.484485222845,321.966211987557,318.516731105509,324.678245168138,329.285230997646,345.6283133971,347.18580983582,352.049635508781,354.246438050769
"CH4","sgp","ktCH4",31.2401693342213,32.3578156085859,34.4692499071028,36.6095801650083,36.2410989448184,34.5560508333823,35.7122837307182,38.5379980059225,37.7247643067365,38.5008196737011,38.63310039805,39.6433473457143,39.3090573629096,39.6733968483259,48.9218481989538,48.5444910729398,48.8420381869587,49.395651990661,48.4026662351327,49.2271139566781,51.7567632051926,52.1060924957924,54.4488314345756,59.0407230816123,68.4140807912091,68.9729288128878,71.3123771980778,80.1116266881047,82.1881092065132,80.4906058086241,80.9166503374348,91.8646977047374,101.641169392505,113.474276373045,125.461319174229,128.588335054962,131.860813470582,136.658807538812,133.397775430694,132.78666154782,150.8154506565,153.65035552549,155.360986137792,177.278710622898,184.832672934781,191.529198626818,182.974341795962,198.586148343962,198.840988558531,203.786935065328,196.155159521262,205.952470145991,213.08925730278,212.882775843063
"CH4","slb","ktCH4",2.66613526546159,2.97746657811326,3.02245770939972,3.19412493940728,3.52109054497977,3.72866128386303,4.0640609689613,4.35660071323084,4.63145233611899,4.63985144250424,4.95521393601883,5.10643498104457,5.0213725774184,4.92059389061191,4.9626785388698,4.99880566812549,4.95402355704097,4.12631190603878,4.15826989283008,4.233631325318,4.58264245958012,4.72450424499909,4.84271870386939,4.95234449946852,5.02982712400657,5.19382611981768,5.28176572515246,5.34729473801847,5.39215339510766,5.54714010732328,5.63248200884085,5.59195740903867,5.6900982490375,5.86281628778189,6.07926742315779,6.27564078174488,6.46655458060534,6.63158955646199,6.85217990835957,6.97708998839104,7.17155680160552,7.40388372485464,7.64087273255746,7.91064796877341,8.11800370339922,8.29655546547282,8.45039627344717,8.62999541487966,8.79805241401723,8.96375834900378,9.13279123919976,9.30279402810902,9.4826923959708,9.5944051362456
"CH4","sle","ktCH4",53.7907216258111,56.5006935047483,56.851387808845,57.758635102127,59.6342418876592,61.3883301793032,63.5445137939675,65.1672372514845,67.0704217922149,66.3986026285324,68.1464144781321,68.6261240266765,69.9872286022591,68.0943049945701,64.8621614579299,67.3156288857689,68.379019362574,70.5605529504618,73.503915957778,75.4120447027275,94.2241079754574,93.6772980776648,92.7201456501289,94.903959479028,92.5859451718976,91.7163931437945,91.3761997640944,94.8656931277999,95.2294607854053,94.7365027699279,95.1918158879572,98.3010071530375,108.083229731639,112.253549448111,122.170957767686,133.722955110589,145.456784216819,125.34238443452,132.655654109852,141.122320509848,148.714374412825,156.213251899414,167.459584534913,168.640330003613,175.593701056716,163.604153912861,173.841136550456,174.492546131003,202.436011233476,168.632019201584,170.822135320371,194.727845260852,176.434680121213,177.663852398315
"CH4","slv","ktCH4",121.120469931392,116.19001087304,120.752465087326,114.509104155466,118.382452983781,119.922992648342,126.495646302948,138.62194142588,144.762509341862,149.291518250699,135.036447931738,129.126424315364,121.362698545456,120.98098763499,122.427344417556,126.82730183149,117.613895070271,119.438214153656,123.450286293699,125.97965367614,129.922165103953,132.699181225215,135.283061227201,133.343897230399,138.322966105083,130.878199212802,143.562010312401,144.482460694417,135.655517497169,137.814363121601,124.108380082845,135.107489051466,141.24054561259,138.915547965469,140.645361435088,142.12263366436,147.372301654983,143.280180119559,135.223853186274,132.246561691191,126.912165431211,115.169419898488,122.158080532545,108.324132705332,117.136629964161,116.082953593693,111.104012036401,109.550179039548,103.683798516456,101.67223529861,105.72626484747,108.921874059321,109.276367741875,108.962890099282
"CH4","som","ktCH4",528.556503788554,526.364240547545,535.954970997712,531.134449435788,524.769198545067,565.133436263865,565.521042336442,604.889800458413,651.765573721042,651.195859588146,650.593893241217,674.707080947796,694.162233270202,672.76441525385,682.070213046849,705.236212853027,710.764968702608,737.382170920122,767.858281531751,764.378600136822,738.604149406525,664.715685271496,614.329572708573,665.583767072762,714.469535580963,736.2203645679,755.158982537282,772.485384058216,777.808942906925,798.430999934919,810.213351474494,823.357831121477,836.691588600984,851.061638144241,864.079074026986,880.729199821037,856.4014009745,822.850652471799,836.748623138156,847.511023151756,858.523218143075,869.903243977242,877.081872095938,880.639045061836,886.123016589295,884.234479493801,889.837687696379,891.659258360187,901.404500390405,911.566350587944,919.362096432108,909.836174431384,911.402016703784,917.461123502515
"CH4","spm","ktCH4",0.16520113891869,0.167287150385294,0.169446164148055,0.171154473168984,0.172865309814191,0.17448280313298,0.174966290457521,0.174942604877408,0.17466725149524,0.174606761912198,0.175046793358898,0.175132654831528,0.194750648801899,0.194508128589678,0.195083187497316,0.194675088515761,0.195655590737723,0.196349497340674,0.197364288344049,0.200066592423229,0.205880504455635,0.208296906552115,0.206849337631085,0.201169271416195,0.200762642054915,0.197817501980364,0.196808953750696,0.194443284335251,0.193900019574853,0.192920353921407,0.197963604362725,0.197471593670906,0.197178774334708,0.198558354821143,0.198377815925346,0.197230095339782,0.197283327347692,0.196338820500781,0.196423924746113,0.196759942485183,0.196892277045501,0.196920638876911,0.196772143563835,0.197482429862839,0.197245671145251,0.197464556602077,0.197658654688694,0.198303187208939,0.198543817826028,0.198689201369199,0.198081508724504,0.199545022557397,0.199707675863665,0.201234524903629
"CH4","srb","ktCH4",29.3733598303973,29.9163533818821,31.1414833244411,32.149079997059,33.122405136559,35.5490857091302,36.5335985951597,37.4193232352724,38.6592540776621,38.6502365831386,39.1170230832721,38.4816343675936,38.8498376697905,38.4586054435595,38.0517555272923,38.8960218551801,39.4761298892823,39.5884747069731,34.6987663824252,33.3709486972149,45.1774587179614,42.4709702266138,41.3199583947701,37.6116197275833,34.265966327091,35.4796463969601,38.3265841277882,39.5599268729259,37.5499996395521,34.8973623892067,36.4259726580008,35.5096811399677,34.3055425820406,34.0227436436326,34.2745585845011,32.5622809075249,190.221141637396,191.123182383623,184.380943623958,179.438648576515,178.732431899068,176.923012271109,176.418100063044,172.248067005904,173.449647821006,170.491575976606,164.464416493624,164.074342935898,161.874778543659,163.113584620934,167.451637072669,165.845182115358,158.794485026641,158.637627346273
"CH4","srb (kosovo)","ktCH4",1.2739292523077,1.28145524655249,1.30018997906032,1.31728103795068,1.33463674585372,1.35034038172935,1.36632489312409,1.38069754279636,1.39436893641424,1.40833050055726,1.42065432125962,1.43461660320203,1.4511256043565,1.46902787791912,1.48732635216053,1.50700050563168,1.52614349749196,1.54569270158261,1.56638686225992,1.58489083527772,1.602066590259,1.61733223231706,1.63440537513204,1.65107685728196,1.66570950284674,1.68112662354245,1.71643455050462,1.74195436603171,1.65024493105707,1.48933413185839,1.93679821292895,2.00492723865662,1.98116211942995,1.97749164357056,1.9312212345338,1.91488570388962,1.88464143228874,1.81415539376953,3.02712179745885,3.03220058419171,3.01437526311242,3.0064169430322,2.95078812890585,2.91306411662638,2.8505648177491,2.93393348226858,3.90605459113907,3.84125105397978,3.73377481378747,3.6397526219611,3.54204498847528,3.35797816474552,2.3003068980601,2.18370084931411
"CH4","ssd","ktCH4",27.7120691618813,28.5617768908634,29.1195678081858,29.6503118029969,30.2155818542688,30.7876963221225,31.3266203917766,31.8945193343943,32.4589782335533,33.0822416597121,33.6824679763947,34.5622710495878,35.4429396942119,36.3389276547796,37.0717587463548,37.6917300333289,38.3555480384991,38.9935020590579,39.4945688375755,39.6952699860746,39.6247430019088,39.4088211426763,38.580956049665,37.6687605030963,37.2428272096571,37.6904086742236,38.7234201031138,40.4688236590918,42.6698223485703,48.0216563436513,56.6992091699573,60.6568254634275,64.7501944714321,68.6760049696748,73.9391200926596,76.960113980569,82.3125640891251,93.0621933836816,96.2853459037425,100.67516927248,103.877572843821,106.210426390353,730.359934226875,742.034300029292,755.382829123667,761.370370417677,762.147339439021,768.715338724703,831.601231947976,838.439139597911,848.477338994845,824.482016908785,841.173697731741,843.058240541376
"CH4","stp","ktCH4",0.599002372538378,0.605682115595713,0.5968894783163,0.614530611661663,0.612726001746966,0.634046692815322,0.662252641635306,0.678592956328818,0.696976122160737,0.713756351234676,0.731858727977026,0.752881259849615,0.767481757458225,0.784239032810588,0.801036947148268,0.818160653742135,0.834924982522462,0.849516539467786,0.865517013117741,0.882158766907854,1.28447302074863,1.33318293346007,1.3573753942471,1.38418992566988,1.43154301515187,1.48487880201208,1.5269718167812,1.56138219177574,1.59563146615673,1.72605276076118,1.767886513327,1.7218526291378,1.77185524052218,1.83030092430089,1.85048332049151,1.89469407906373,1.91780933573084,1.92574533363115,1.95607308728924,2.01570708062199,2.05455579683309,2.08126242825197,2.08692281569245,2.14389542522875,2.19901868777605,2.20618310762121,2.25188248794001,2.28465588213763,2.30948859755001,2.36167528150913,2.39540200825754,2.35884022647204,2.40874203140956,2.44136424589431
"CH4","sur","ktCH4",18.9380306321644,19.3815454047933,18.6554267724245,20.9486326351982,20.4301361949363,21.2221891574781,21.4048756673881,22.5297582548028,24.2336879165842,25.871794267927,28.0705781677583,29.7565656248195,30.4906326323808,30.8250450247873,31.0230215439428,30.8508271465716,31.6812355351696,31.3401776144358,32.0108129349079,33.0239885113318,28.1719064891922,30.4107577155555,34.5461329077254,31.2226588570617,32.5205996560645,33.7549377813138,34.175611316011,31.3616724515466,31.8542723900174,33.4179136764497,30.3650270703535,31.9800203328516,25.9758333800495,29.3175990296648,28.670275908035,27.7091769940653,28.2681121539034,28.5685546899293,30.0313810277931,33.5293630557564,33.6623868233573,34.695361804084,33.255419937285,34.6816881835271,35.4724762872413,34.8172346474456,35.4769895594082,34.5935603133798,33.7554451248165,35.0370180778695,34.3661341851585,34.1736008115827,33.52916954591,33.5900172450539
"CH4","svk","ktCH4",423.816697014189,428.305109011648,424.245691271951,403.021168808972,384.866377515176,382.351233924507,375.480760514381,371.99185757244,369.680720244142,368.075962708239,362.035293592358,364.350036503248,371.652630721991,375.903406784288,381.363342352578,381.422342862015,379.60557371157,381.733506475706,383.650043506956,385.535786769995,390.315687990843,349.794768182833,314.264833091222,303.674255299534,303.759191830841,303.277786072533,306.151487008523,293.709160308225,293.9156565053,301.808398429756,288.232754452568,280.029704959541,272.173721326477,267.987335128187,264.099081613746,265.796472091791,264.995819749819,262.953355481471,262.627854904901,254.962874786191,248.798702236313,241.047260417224,228.641806916921,226.301607359752,215.403883656728,217.899100208039,219.88569487325,222.253290489361,213.343291520835,206.849295728567,206.763562319974,212.05992731827,204.424694971367,203.086126219
"CH4","svn","ktCH4",82.7057066417843,87.5713106874714,88.2769042473181,90.4708568187794,92.1340151109451,95.6266687367966,95.7913405766915,97.7341205854807,102.023250610724,99.7379879614125,99.3716468074374,101.939358809301,104.054966487629,105.274166154103,107.012018445457,105.856158020851,105.204946481567,104.92948392541,106.649615761834,104.024556042985,104.300667751019,98.6402428804598,96.3193877473013,92.1579317074984,94.0266026739329,96.3063388742988,94.3799029041149,94.1627446526988,96.3245002354794,96.9915499489135,97.5295634371048,96.1739646731685,102.976581567293,101.742846024811,99.8925704479981,99.6888310244263,100.197247052656,95.8167683141511,96.9787090559371,94.7494065934917,87.7118789511275,84.3953886262009,84.6519859255659,79.8495407096573,77.7608600396626,80.2153328934251,76.0820485896555,76.8976345486578,75.9696786458399,76.6461795036954,76.7927627724421,74.5328305010461,70.4772173563328,70.4578265557086
"CH4","swe","ktCH4",379.496219389243,370.735560012112,373.268143780462,387.242758729274,386.39860521347,377.709546633877,378.372577544831,376.204760096067,381.05839709128,386.847545755109,388.444583418022,389.399802590156,384.245291231078,384.609854724957,388.003776418443,384.606579204914,375.692223623025,371.510636801681,372.553573750932,374.407035210456,382.914181658057,373.092745697932,371.831228648424,378.909447325374,379.795937010337,369.653533241555,358.538932548108,382.818611984326,350.460525861205,356.086221100397,345.965076755485,348.779609634738,354.685437443298,355.201732357473,366.058867085098,309.382080996371,309.518618172699,299.420028412572,292.314481784783,289.936022328726,273.756766256667,271.089007997825,266.662648526395,258.6786794565,248.458830765945,244.39934072258,243.943966293757,246.313989972063,243.323816689746,241.249782340844,241.432469452002,240.904606197223,240.284366342724,240.640910224091
"CH4","swz","ktCH4",35.7509304417045,36.2610897136065,37.9964450461061,39.2536484000707,40.0654941862998,40.9620124737744,43.5225187604244,42.5705266548639,46.1803536489605,47.5905856016557,48.0471028680478,48.2542233094623,47.7239941389036,47.7908457081971,47.2025746350726,48.5536366533946,49.7015874618144,49.163621841424,48.9383032206137,49.4642855782092,49.2803644830943,52.0531306498553,52.7077272182088,47.7743196338374,50.8851645983916,51.2222339346199,51.9834317277334,52.8650590004877,50.6537555670013,53.8227289148172,50.5941872449791,48.2441684779807,50.5810567196576,52.2971830961821,53.6364508979872,52.9045542272613,51.1469906352279,52.2867831699873,50.8821748680677,48.3675977802514,43.145621052653,39.4927671869104,40.0119384694376,41.8576794720509,41.5655879558001,41.8945583315494,41.5953522043229,39.9336884732237,40.0423221407359,40.272317456878,40.4834561735504,40.8267616019,41.1007787927377,41.2301894969763
"CH4","sxm","ktCH4",0.00822458846886392,0.00809123003963075,0.00838831305175845,0.00975431162982524,0.00921707300413901,0.0100929592859038,0.021620370059258,0.0124643301370113,0.0120080213960169,0.0120985461523035,0.0179197318579581,0.0218914544610704,0.0276450760327273,0.016270617301881,0.0443902476019916,0.0535697605362041,0.0221135887283827,0.0225904389159335,0.0227922630085092,0.0360814577175309,0.080896799151332,0.0725584879343954,0.0651024308520331,0.0996050736557385,0.101167276927872,0.102690918013888,0.0966774715881951,0.106204846731793,0.0105093149807828,0.0417880329389066,0.0906157799363622,0.0920424638181629,0.0749470768845708,0.0736242997593351,0.0747441166924366,0.0731496251666938,0.0770164478059997,0.0858828500847406,0.0837718900492781,0.0904819552247744,0.070011874433597,0.0644970401961733,0.0609658275664875,0.0581822290011,0.0586794041748028,0.0593782998433333,0.058033607033435,0.0578106648095535,0.0578401053335468,0.0581473103415293,0.0492796374969572,0.0495304563018006,0.0496313079010488,0.0491613389841701
"CH4","syc","ktCH4",0.725040194647338,0.834858577785695,0.896712943057399,0.956138018080391,1.02014587437334,1.08731147517498,1.14163626522841,1.18249906425122,1.22953313210654,1.28305721889419,1.32176538483594,1.35288822554155,1.35257599583088,1.35960812067218,1.36521759192724,1.39700160100931,1.41088698965859,1.40948101627106,1.42749009910813,1.44141077298741,1.44653362248047,1.47851148322314,1.51001743029804,1.54232018655198,1.55843179386127,1.57201540889348,1.58669841677176,1.62577629141709,1.65121631262609,1.66937872529231,1.7186898740107,1.72649514796413,1.7555149081559,1.77338002073052,1.82480412872945,1.85155538968515,1.9064734232327,1.94410540840995,1.9545924405384,1.97407426959158,1.98646076348433,2.01106223058296,2.05088494371359,2.08580346342307,2.13566776351198,2.19037094272798,2.23839894151284,2.28637080668613,2.32247992876416,2.37299214680248,2.41430551630798,2.47091891431709,2.51266750225,2.51016050379739
"CH4","syr","ktCH4",264.905880072131,294.880266100985,316.061632246543,303.399940326646,342.896986804432,469.560693999053,493.571249136562,466.10165924599,501.797974383212,464.453928456276,491.50876242033,512.599025770573,500.362338636809,525.040164621451,523.672941979887,509.847539188692,514.743864613083,638.857712067724,717.864850592456,851.254291405874,974.386628862859,1110.22603454552,1132.09663556718,1163.33529066971,1190.96859046734,1232.1027421643,1173.86120759685,1144.08112650813,1139.56974775778,1120.71989975069,1149.13462864152,1175.56806325148,1335.28203192615,1382.390197441,1161.45164488036,1180.04256763448,1184.45462679182,1205.59019504227,1241.56912543708,1264.73820190202,1375.16101007706,1299.43935426132,767.864399703888,451.856037178462,380.306716065015,357.462111575128,346.724772122891,327.805372785126,267.054379043475,282.685109341954,307.322593566033,291.167795906697,284.190529581759,285.732401321137
"CH4","tca","ktCH4",0.0433452124421685,0.0481185669353733,0.0495613962320458,0.0517036306950841,0.053689439882874,0.055580673948637,0.0575358839943989,0.0592479691799882,0.0609824949078614,0.0634607433587664,0.0655699479206877,0.0705894548849037,0.0767083178712695,0.0835544430961282,0.0909272607857172,0.098608894753498,0.105578018269551,0.112111317785651,0.120031287689958,0.128356255676331,0.143494823334933,0.153836914046021,0.165826974239636,0.181205148308627,0.19602783406964,0.210379336174846,0.21931487759234,0.221340560538779,0.229018410773135,0.245307209080283,0.273075887894209,0.289186527336874,0.317534008986302,0.152037472540207,0.255856454991752,0.289955901192809,0.285669702128143,0.293805529702836,0.333715274063167,0.332717946043735,0.3211517180513,0.355404402421021,0.366340256676971,0.376967851979639,0.329384765003154,0.337640196325842,0.289296978152773,0.272837679905131,0.273079715202964,0.249379034777042,0.226015748881843,0.206561975734545,0.190534662295363,0.192677437741903
"CH4","tcd","ktCH4",230.826691954265,235.360711344862,252.320573547204,229.984746799302,192.450598653748,199.596326426385,205.21908325619,221.176220177865,228.64921201233,234.339804123706,239.171911084714,244.884720912652,250.953241103917,252.213235582387,214.029538824468,218.519601707485,224.140278622781,230.681584343052,237.428272238651,244.180107500451,266.997698285325,438.43235160489,461.144175324842,483.866096519743,510.379184627069,538.828420941195,566.740889230902,599.417353548572,632.861021276962,673.124731954057,710.527797229159,747.431834654733,790.733142042384,835.90590741003,933.097836000675,983.872132175811,1026.19073274051,1072.81777132496,1123.88012295344,1182.76826847121,1249.07061338806,1307.6710621472,1376.59667718152,1448.39965069585,1528.60565459955,1663.01694457063,1744.59746849259,1838.15192797314,1943.11674524404,2053.44158438165,2167.78169182475,2262.73432083421,2404.69666587005,2407.84861390655
"CH4","tgo","ktCH4",40.3592366868575,39.700502141233,42.3788041158313,42.970422093631,43.849179826441,45.5110921436918,46.1201950242775,46.480366426132,47.4482042584423,47.2257116431501,45.9128056418105,47.1139995526945,50.2172223247466,49.4858210418296,52.0559095688108,53.6446178767096,57.2268139567898,59.8508301820001,64.9489452119814,65.0683757166862,68.9219254109766,67.6937802779456,66.1357352756584,67.2861975420351,69.5773461538011,69.6606861902229,76.8857644462543,84.1747753499479,89.0947592356534,94.5236656162126,97.0055724842424,99.0178481678818,101.510090119028,103.948714740739,105.922325477578,110.168906317886,112.589088104256,115.089291274584,117.685217293391,124.618040819492,127.740796371274,130.831285913005,141.48215978838,146.151476748978,144.946256210488,149.652026132377,154.418984947056,159.317192964535,166.150870938074,172.877888902691,181.719939838276,187.742372908228,193.824397539184,196.575232301733
"CH4","tha","ktCH4",2172.95772546833,2194.49386085944,2144.12243907357,2304.98256991313,2253.61799434138,2451.30077724397,2463.50729595097,2572.16182796987,2647.07520903352,2604.25023011247,2659.15562791489,2705.30767049145,2708.5588673525,2740.71807601083,2785.17872805377,2876.8272202079,2824.80752582684,2849.59801100056,3002.81245563694,3105.02920917513,2984.41943210399,3114.42470052349,3141.18399922781,3094.20198335123,3082.75343779663,3004.34967386664,2976.87966388446,3061.60899913558,2941.51133753409,3005.7299346891,2995.73196914812,3057.57377615021,3040.80710599326,3190.11293536648,3237.59419536434,3326.22023300642,3378.52407108932,3543.12558070745,3583.74301668191,3683.4302674687,3878.68494391081,3835.81811885779,3856.82096725563,3823.19425973752,3629.41879609163,3477.96098425397,3526.62222866498,3492.34880076826,3388.55663427534,3248.10424663935,3356.76671630843,3390.21082004333,3442.33434905699,3435.94851330302
"CH4","tjk","ktCH4",97.0889962035735,103.02439996657,107.578034837793,111.389499844477,116.087748997976,120.918372839145,124.425025377716,127.32558168356,131.964020801843,136.199430009249,140.573425629296,143.668290975397,147.851445942174,152.429999574301,158.17490051753,162.706914301243,161.222638746946,166.810114820651,169.505544176888,174.23220019441,177.616230661148,175.280204911589,164.287488885155,153.096259203243,149.266164457973,143.977855823212,140.075923206482,140.801946843327,138.662026760115,140.889792210935,142.303422129143,145.514319897196,149.082714338559,153.605552222831,162.623515785377,171.93147231224,179.817562330202,188.385382607528,208.805796378668,218.395499295863,222.03994530422,229.953311368966,242.408246263265,249.203208595437,259.026076457479,269.863602828388,280.434857218036,290.495389872523,297.316095310188,302.507215036766,309.00886272832,311.882740313852,316.829802115445,321.847546581223
"CH4","tkl","ktCH4",0.0256718247521533,0.0256849134841625,0.0257611245317713,0.0260859600393458,0.0264304120970256,0.0267666233254022,0.0259019841543753,0.0258928788157766,0.0271620756268361,0.0275637371061226,0.0281443794383203,0.0288628090174023,0.0295641219378046,0.0303852105821986,0.0292730280707884,0.0295841379994256,0.0296384782198595,0.029698937213048,0.0295355645326057,0.0292779080941809,0.0302809272613404,0.0298008165315821,0.0293947065050541,0.0290237528791048,0.028754745812207,0.0284256544210699,0.028387214979287,0.0284745246207231,0.0286312950502473,0.028519152400639,0.027951321324461,0.0274846273713876,0.0269384135301783,0.0261709534651759,0.0254814390124322,0.0249515393074671,0.0245830779503656,0.0243046935283589,0.0241791728760938,0.0241354940397761,0.0241678093417071,0.0242127116074516,0.024331685140371,0.0244794362131038,0.0246734287405848,0.0248401341306028,0.0250066789868692,0.026918774676595,0.0310385963246959,0.0374679364236975,0.0466047393388114,0.0557810305579118,0.0647516105502559,0.0647808731173298
"CH4","tkm","ktCH4",357.678495009506,377.338292185985,398.498424356808,423.343274652849,450.252476276192,479.247446246358,502.685110806375,523.665857380732,546.173824019043,559.083253732398,579.783497208695,585.435859326499,590.768554559342,596.30195054528,597.291610814629,587.496503372832,603.760941108848,612.34850025063,611.942029774739,602.10758805053,583.444507584242,763.200009711765,633.976505557269,550.050943991589,484.525301145287,488.121934531752,526.204249276374,609.080388973635,721.129365384354,737.484842459293,732.183113339433,779.747852239504,896.970405495514,999.81395710144,1009.58377211011,965.174232981507,885.165326597823,924.102685508724,992.581088225594,958.539848165659,975.392961971091,1034.92752493002,1084.76551427656,1134.97449555654,1148.86155927968,1173.11997665684,1111.66999551258,1059.62070878842,1019.26635051674,1003.83590001044,991.273516159775,978.506164438553,965.920329189287,965.911351081093
"CH4","tls","ktCH4",26.8376751899745,27.8722824363958,29.5189275264852,29.952669486626,29.8345336464056,28.0790980594863,25.9747434145758,23.5713377802027,21.5630339453102,19.0652662724675,17.9635331544096,18.1924512044302,18.9807170807479,20.049965818669,21.2230685534764,21.9391904125184,22.5182110051637,22.9451828157307,22.8690156861115,24.057483961061,25.5402902699275,28.3624623447029,28.5804979684541,29.8706736565171,32.2427316393174,33.2409135193931,34.2095567764515,33.6658213954968,34.5447806519367,31.0678530968284,33.528625395059,40.1854759561488,40.5554628368936,41.8808299561428,37.9631311483176,55.5323838659942,61.5023773162723,55.4040213024037,61.9710999750132,59.0297584049571,56.0509238446841,60.0058649659889,64.3144639302651,51.6301269182952,44.8181262521865,47.9880965996021,42.7198671703014,40.270414000857,37.7414027248602,43.86568277043,38.6776629415569,37.7700988961528,39.4572073948783,39.5197209831191
"CH4","ton","ktCH4",1.58147630168929,1.58621666015164,1.60898335785412,1.80382084640299,1.91980058620783,2.17747432725105,2.42058658774207,2.70189107696262,3.26061659054581,3.3196959488562,3.38989480852992,3.77270376864931,3.48660727876463,3.01421998582663,2.73930930970955,3.12205276445556,3.26246855837106,3.5713345783266,3.82034502113085,3.54605877102966,3.36553105375135,3.38730177464036,3.48244324248921,3.47672901881469,3.43448048472834,3.29186023470652,3.31749974489626,3.31853462354087,3.32962716673036,3.38956289688731,3.4665614710837,3.47769275055792,3.49253551198013,3.50608820994121,3.51220824641431,3.52382631151396,3.53276470746157,3.54341591101262,3.55757279166722,3.57033328151868,3.58610343004259,3.59237137510448,3.62917100559145,3.64179847102349,3.6654280310716,3.69182041901075,3.71572090020101,3.73790130591498,3.75338270655856,3.77300112650195,3.78787907193733,3.80268284458468,3.82147141653792,3.83343971878317
"CH4","tto","ktCH4",294.199153933619,270.086561871046,291.330529295387,337.847767528092,375.597588828995,427.610185544497,425.410435010327,455.47693910731,458.947445867893,431.650617891094,429.985546735546,388.40163629937,369.766916315204,343.371121534021,374.089995016954,389.680804674529,375.775228170379,350.914895038743,346.057209035766,344.010753162988,347.840209431118,335.910304569049,336.780974179095,319.459093262462,349.708797039164,350.946324573294,358.118131011951,347.799658746059,372.609667798538,380.717539085932,373.910911179872,384.279175814292,451.003509090856,486.478356440798,482.880241166589,588.79784628635,620.989978010949,569.061886774195,563.256357151998,556.021230835778,541.784720435628,517.622459986464,468.54725084144,462.184799131029,461.780707957775,453.02105890404,418.030830177903,421.649367400451,388.926021031553,373.053652770128,364.232195480146,376.478987331284,370.896011684196,370.907271545001
"CH4","tun","ktCH4",165.641120027958,174.709798796943,177.912324861169,178.877895805301,188.050790356601,199.350427021269,187.118265573195,198.509482657776,200.091722676904,197.859246929394,207.198168001671,210.844857252677,215.427242867687,221.163487642661,226.414241348504,227.638949781936,225.166894653373,229.284040922085,229.36818956281,232.707226891031,229.560740217121,245.323638130908,251.466473916064,250.048828732429,244.933951762995,244.79439015117,254.113653198211,253.413535652967,266.289376892285,282.240121469899,281.654031583137,284.39074047107,286.060535369354,282.026380382295,289.252108411668,303.737307421598,321.544259789879,324.430340076933,351.095405001527,347.345707864183,337.693132970964,322.881955986932,320.197387518565,313.778717605512,306.418361577024,300.520380251149,298.419170845181,290.483411831806,288.961489700559,284.239601511198,284.356951338923,297.3836515938,291.591752035364,293.045314079572
"CH4","tur","ktCH4",1357.63196988854,1340.20689450521,1362.6262447127,1381.58010696049,1403.78409066962,1415.80736228053,1444.77218602059,1468.22369401612,1495.84721109398,1522.6032345149,1559.25115208932,1607.78299637535,1609.54405664497,1534.15482504128,1522.60001004447,1389.23027999895,1428.52727613809,1454.79665327813,1440.30213125024,1456.20722174091,1408.12076677757,1439.88247078929,1443.25769585337,1425.5757266633,1416.86433216435,1466.07641625983,1616.06847144269,1714.31154262009,1825.05504959079,1988.46295184827,2084.1067645174,2113.43619621922,1861.17033563952,1966.68073602466,1865.37694285381,1970.50782456987,2187.10282416583,2370.53294775285,2319.34453377825,2374.45972164005,2622.9600662483,2807.99319721033,3080.14432522247,3198.1098452794,3377.68216750736,3255.90646439805,3454.714573038,3628.30997748689,3864.5974324401,4038.82502318916,4097.00435685199,4258.62762615923,4291.53330227145,4229.86126892638
"CH4","twn","ktCH4",336.339941548855,334.895035357063,334.523361282213,331.792782285063,338.237352654857,343.107077779108,355.559125628835,357.768732448001,357.52425302118,355.82000189802,353.223536886631,355.286230166107,359.987160461607,364.322914175578,365.546702293871,369.112957361658,368.917500861222,369.671322248138,371.576791529166,373.463605001074,393.562055943066,397.557956082182,403.138031111728,402.947566594985,406.208631611137,418.87388345006,418.695680470965,424.061404652439,425.960296364343,425.752735642636,431.239090087385,463.737638490647,460.677726099939,466.576812502727,477.424328032851,487.449949438485,488.917184867624,520.941570666043,501.405783845491,516.747172081802,525.908107140232,517.983449911077,526.12203056986,541.96255690339,550.619559759805,552.226163884385,558.536162357556,555.273402146035,562.019335251006,560.832911695625,552.271093004706,562.14608537154,560.154261878621,558.818984830917
"CH4","tza","ktCH4",498.433514841,506.18241787931,515.842729970005,521.313454081215,539.444208887676,559.148414027652,588.163209088204,598.303737860385,615.382522198819,629.60824044233,638.491767552919,662.708303923949,679.671199937207,683.84078177334,661.851867025762,672.706755965564,689.209687177223,714.287385230182,722.890088091849,738.797353871468,749.672151881319,755.986437826593,756.421900112047,776.558278222817,807.262068747433,892.514505923825,847.420789200729,844.763143809025,907.846423079956,990.595688160059,1005.05782667217,1027.49469043542,1081.98812673883,1122.07872940531,1126.73043081446,1165.24128134915,1202.24602465042,1200.63618856227,1277.01497507695,1288.0293369703,1355.76126474426,1455.57422814909,1461.4121633617,1557.42118505486,1619.58172701633,1683.31402843382,1722.21449159076,1727.60819457915,1752.7400305898,1825.04463691406,1923.38463045947,1965.35447853164,1977.16665002938,1986.78639583789
"CH4","uga","ktCH4",252.18892789401,255.226582182411,264.530764415573,273.152453413985,280.157537847714,288.968109105857,298.455434851142,300.785981893021,322.781055994332,329.383527470123,318.268463112609,321.834220094856,327.848442078314,333.10384169434,343.035771170604,351.868539864961,363.387240181366,320.789913960608,337.835219071035,350.824756880274,375.911487709872,390.624382891166,401.028825785047,412.583757202732,409.782206438302,419.252276430618,428.016510511457,439.164466517901,451.725028047941,463.477350630294,474.527380393929,488.901797245532,510.501037391155,535.886043919322,551.864698841041,569.09251821099,585.761453106524,603.10128142835,771.185532031191,797.403163792837,826.027595658335,855.594486510353,884.983978493597,911.670350180916,946.218536083962,983.085889608983,1022.73851751273,1032.43200695934,1067.08057097776,1122.44510395216,1148.92893198036,1203.86434263899,1219.0918484653,1232.27741669102
"CH4","ukr","ktCH4",4295.28061987901,4351.71101732404,4518.26763564273,4690.49921610076,4823.69187319924,5018.29338707962,5198.28497330781,5330.66513022062,5502.77386583346,5637.91654669144,5733.88632602019,5769.54305433163,5852.46135391551,5935.34466860747,6050.74690466022,6070.81257881969,6245.28677893859,6350.16048741586,6462.35975899323,6465.66880174514,7052.27171379274,6856.48743629708,6577.36126567692,6320.43359427006,5937.02840862905,5529.47345568556,5380.50176972984,5172.91772905797,5059.03007968345,5063.07366397389,4690.20181324852,4665.86350274338,4385.89577473786,4390.09496318391,4227.45310597547,4105.19408870186,3956.48776635315,3950.2528945538,3726.87216554897,3381.34469574458,3301.04831233912,3346.46881109082,3138.70228456564,2931.85955368734,2641.50147636728,2324.18468414399,2555.06447315737,2428.22692557554,2515.36303226217,2629.84124638,2694.86292799266,2693.79311377398,2234.96692418354,2382.73750422783
"CH4","ury","ktCH4",631.701900603178,628.071749547081,647.683895566222,684.207235323044,728.321383382168,780.301797360602,720.151601358418,707.731569302333,703.001441383219,726.21859824503,794.693261117843,810.550034635698,801.102577878679,714.152279573106,680.307767947785,702.925344664052,710.417938442942,749.39055342691,774.615547157373,729.534657260578,683.44456680111,715.901561917833,752.812729029761,778.007887708009,783.947580218462,778.835865450573,790.215696080006,779.959321642775,761.570632190821,767.00623791188,750.319750321618,749.838295136148,779.351031292383,799.427169986073,822.389051214381,828.717311286218,858.2973967378,843.21913145466,904.681514171707,892.573352116978,852.76547175127,860.73645331107,840.785097118526,849.946885324741,896.095431163239,920.74120409254,934.714178798833,923.049761830427,901.265687248849,897.795377218577,890.035903099194,929.57319324109,908.216696663817,908.673357796655
"CH4","usa","ktCH4",33449.9599372239,33943.4602525296,34438.6601380405,34613.0034557162,34491.9120658823,34279.1574154151,33965.3135868262,33617.5379192034,33466.2970897679,34128.2699418858,34601.1824803853,34561.4465608322,34235.9394487041,32927.3956593886,33357.5207648726,33027.2811506199,32499.981115685,32372.2141114233,32630.811469143,32528.4367328984,31907.4640667272,32182.0086089833,32099.3099577724,31653.1468217089,31965.0901784959,31725.5856166183,31545.6148123999,31054.3695662054,30590.601316501,29876.1703850735,29869.2520776339,29555.3826074094,29337.7888231882,29321.9043816929,29155.1569314655,29120.1123538545,29864.0170672905,30344.7611151306,31099.2982505244,30918.29525292,31295.4037766966,30560.0220193823,30354.5591102152,30735.8198139105,30898.101791407,31274.2282057039,30870.6917463712,31403.8615106742,31833.585388771,31223.5826883742,30545.2106420057,30016.8016715656,29596.8197085215,29590.3673530904
"CH4","uzb","ktCH4",438.953054118028,467.251285010213,491.647763142366,514.586278425545,541.308223345092,567.958795821556,588.173014557696,605.42487799509,629.930978631368,649.820467298506,673.044822725115,682.617953186157,697.726748316581,713.962599459713,733.08187729933,741.178981373914,754.855900358759,774.182142643854,781.692002292753,792.805576020143,823.821822993316,837.773405271092,811.627901354687,870.37073816796,980.395874578211,988.840668118791,1044.03106980243,1010.34146684503,1031.33012269895,958.758227609942,1023.36428355849,1177.10769233111,1390.04280092334,1265.72355395951,1205.37889184393,1445.69188212803,1527.65822767295,1402.55358342178,1563.75900424407,1361.58502615437,1480.74505415667,1553.00551143649,1667.13507755362,1662.31318137232,1635.82350052821,1645.44872990573,1696.70642654876,1749.79900810858,1823.8208399966,1864.26893816895,1815.66612780956,1870.98997516457,1884.35645275819,1887.67171690152
"CH4","vct","ktCH4",1.02544528637465,1.06242550615793,1.08075889884162,1.10706783131911,1.12986488189529,1.15539327276621,1.18727439001576,1.21421062087588,1.24409444621195,1.27348749428213,1.29773804285938,1.32798314567848,1.35595330055656,1.39830663270585,1.44005312023985,1.41992027797928,1.40736802206766,1.36443162842195,1.43512838182183,1.42485871058247,1.45378400949969,1.43488960377384,1.45747950417462,1.47709475737059,1.48875179223697,1.51351675033237,1.52342621748546,1.54041204091136,1.55176593329344,1.5590307478746,1.56981625652375,1.56838752476301,1.57277954977889,1.56299109792853,1.57868582981079,1.59171203402045,1.61713326023927,1.64402314314483,1.65877298632682,1.67934793623489,1.67072950688884,1.74242368227147,1.7311515985363,1.69267363205467,1.69972937358048,1.69378774632502,1.68761977148708,1.6844465287851,1.68493751838157,1.68924086439202,1.67779547312619,1.68497177241216,1.68818702727748,1.69009848359701
"CH4","ven","ktCH4",14815.8294460343,14179.1802684926,12922.1828600702,13564.0465900459,12073.2962307737,9635.21699880238,9487.56153286104,9315.68383761976,9089.17443653136,9880.23354456098,9229.50237553404,9032.49396296517,8228.16984169904,7880.67386143791,7928.29321976166,7402.82494775078,7860.88299264857,7999.81881091409,8318.3154721569,8329.79601102576,9223.93253273865,10179.4444168405,10126.1422334911,10435.9040425151,10675.818391844,11395.6800734572,12654.235333206,13218.9152468031,12793.4403085831,11873.3038484381,12095.9602063547,12954.4919307416,11833.4146363401,11298.1301205295,12754.5909659972,13419.8302785138,13600.0072485821,13339.155094436,14036.4965981108,13159.814706345,13099.026360858,13231.4219740875,13075.6083978858,13104.1425668061,12669.7206837644,12017.5664840368,10907.5253246884,9486.75945478609,7626.80020734499,5790.55082311269,3885.02687267154,4188.17599640616,4466.14369729929,4476.61557209226
"CH4","vgb","ktCH4",0.0295152298401001,0.0308605526433378,0.0315265912237605,0.0324153477380754,0.0330196559865542,0.0336599132714832,0.0345064251228936,0.0352420246494854,0.0360657658018368,0.0371877052812783,0.0383852186768074,0.0405230976379855,0.0428170984331075,0.0455968664841713,0.0487536457828674,0.0521072054097159,0.0557516328187755,0.0590195108186255,0.0628818602266007,0.0666388565290566,0.074745913124406,0.320499874541856,0.322951249083904,0.325327507341795,0.330900518920519,0.335074343340785,0.339057524434152,0.343245817242343,0.343436301739929,0.345542764567884,0.354646078792483,0.358665112521271,0.362423367839248,0.363632604664165,0.363312479624431,0.368208602025846,0.373940075499608,0.377466174515913,0.381113463608959,0.386139607626941,0.38964086052037,0.409496992656633,0.408824771481536,0.414612724575542,0.423058555522196,0.422135402479022,0.423737761374696,0.426743141040644,0.425856921404354,0.427021496159216,0.425983323290727,0.428383394068582,0.429869942263316,0.431192803628122
"CH4","vir","ktCH4",0.129855630817179,0.137643292224343,0.14583859381528,0.154511244293393,0.161437952606318,0.171357958711749,0.177779547319982,0.183039856809532,0.187933499310091,0.188845015142277,0.196002819866523,0.199494140009696,0.201018540904025,0.201899196604116,0.205941423902991,0.204007432973792,0.202889905266085,0.199476328213908,0.198267559948969,0.197813929307946,0.229567233971647,0.747016592609579,0.750104542052233,0.74914746511916,0.751853829743611,0.750085658105665,0.746977756285115,0.748306659575649,0.748700686302362,0.745091869776309,0.741619955038502,0.750745431573209,0.736954047214928,0.741418904191865,0.73612831073133,0.733528084291938,0.735284574782206,0.741384911577633,0.74303535207984,0.741512573758711,0.740162531318609,0.716495514229459,0.740920384132816,0.749636419920362,0.757571234823207,0.751628076452125,0.758413058581928,0.679120976280147,0.67897934364214,0.679025392476319,0.672258561092533,0.672405163714447,0.672515888055732,0.672507233410273
"CH4","vnm","ktCH4",1377.20110605087,1381.062439857,1403.28855295084,1457.09574690314,1498.67638919004,1446.69765402532,1527.11612974129,1595.11524351337,1599.73970049372,1603.19346009819,1633.04866303363,1672.84055376882,1708.24819680196,1714.56141249534,1731.88309728726,1767.53906989431,1794.33602644996,1805.38989107288,1859.59977906877,1916.09072024706,1958.66199851171,2058.54307324152,2146.43946917706,2223.74718710854,2256.45703044515,2374.92907483393,2446.59246619956,2471.35509556726,2552.44926355108,2682.89808257312,2694.10047046126,2689.19446004263,2726.01742630909,2801.01896327267,3000.78775726368,3121.52026159759,3214.22847972061,3277.53863356115,3241.7702150931,3331.35534856539,3335.33739096476,3370.57350991047,3333.05886080439,3343.37992831733,3349.17683214765,3333.66832160778,3299.76844311573,3288.040272039,3349.66763720946,3352.65135675319,3281.22000440207,3376.49971962916,3359.81880973344,3357.37036610506
"CH4","vut","ktCH4",6.6233363886411,7.26488195311909,7.34315220812749,8.08244242036161,8.45461599181148,8.82948937753078,9.20831692457605,8.89567600256271,8.6347249284839,8.43433686243075,8.37786798113925,8.4070742359477,8.64351557968158,8.90237996127945,9.00119415402363,9.37510789829727,9.59207726372031,9.88058403464943,9.81203667894001,10.0804224293835,10.7945381828352,11.1862736695921,11.8157467814625,12.5750272212896,12.7775342122478,12.8239585027414,12.8863328868442,12.9374871192032,13.0024918584407,13.2625477472697,12.6838865485494,12.1042182041053,12.1340976667281,12.6642147870283,12.8996383496135,13.2302461361347,13.510954370164,15.6138690992274,15.8751893435073,14.9884940784731,15.4060903772684,15.8008668655676,16.0029539749088,16.184440952188,16.4324798925368,14.9572942831639,12.5131947525556,11.5034713992473,11.616951599589,11.6699454787888,11.7247280087377,11.7975050452574,11.8153417059144,11.8678657504504
"CH4","wlf","ktCH4",0.0757741011162033,0.0746144871126963,0.0735377882432296,0.0729510016516682,0.073007716507471,0.0738952775466621,0.0755802407870139,0.077985065228487,0.0809856283554268,0.0843540879123621,0.0877070627837074,0.0910374758477839,0.0942742967245069,0.0973217821016804,0.0997398536654109,0.102224736904991,0.103137775743456,0.103160467518741,0.102366132568423,0.101365810859281,0.110135721669267,0.523783764537816,0.527032428146897,0.528935387125702,0.52791860319918,0.526044325266632,0.525459228845033,0.525258686741116,0.525137770051992,0.52513313304132,0.521818516703865,0.522966897107259,0.523919504436539,0.523382768312447,0.522410539074873,0.521569870267924,0.520430085788653,0.518662791848932,0.516338723979821,0.516676732741626,0.51460522206518,0.512079805916351,0.510449417189234,0.508720300388392,0.506624419537773,0.505454418176255,0.504128258643515,0.503134329357411,0.502598944981419,0.502683342200465,0.501697734269953,0.501391531494579,0.500969325539857,0.50105623144207
"CH4","wsm","ktCH4",2.92373943694384,2.95445939289279,2.97837047786127,3.02337519762594,3.1810303689925,3.38383733525037,3.46531732497743,3.47986725988811,3.58270713315306,3.70481100692074,3.84541143196894,4.00306731073005,4.18516300283795,4.25032982551895,4.39984817460426,4.7140344348108,5.21680414654611,5.64120469204672,5.6474463271533,5.6092294473768,5.63453744092384,5.62428457119417,5.48852156063102,5.61482292725685,5.7034909773889,5.60177160215218,5.61272550418563,5.61939740809717,5.69391691977514,5.71251026755038,5.77525581219471,6.24415736591721,6.25636002972124,6.32811298288179,6.3983171723914,6.40673651446438,6.41320467269353,6.15630241032186,6.06547010260807,6.26652098673475,6.725086673934,6.98211056572151,7.14064941313566,7.27704577361959,7.30525497727068,7.70380338961638,7.04427188215816,6.65115842457697,6.06433740371308,5.30186008251262,4.86634994447151,5.89958554262786,5.69132575677413,5.69409015536659
"CH4","yem","ktCH4",101.29458960032,108.747662006778,108.479329911357,104.867370139163,111.215005872013,113.747565688037,108.534883163385,111.032023246233,112.928386584962,114.411094067177,117.33139752214,120.195147814411,122.888031054503,125.977279595409,128.803688751983,131.70875614459,156.517128695341,197.996544365551,664.392204091362,734.782204040702,778.871423913277,799.82472644689,688.542166910095,765.358230966043,1038.86727546569,1001.97694394469,957.175776875527,937.809842831394,897.72186848833,879.564215454561,888.017118772831,968.886369065542,1043.16764377156,1118.02415345577,1135.02619526418,1196.78478400438,1181.97996793161,1131.35184735894,1097.32806925175,1117.47513352854,1127.32935102542,923.942477453022,800.499792453876,867.78202156762,790.53757133689,429.704737724151,388.034808422001,486.665590874748,560.38810603026,582.82894057555,561.71256818595,552.50524739806,523.820861794736,526.905453901447
"CH4","zaf","ktCH4",1328.57723175447,1333.51236788075,1332.70481644908,1381.98571299618,1425.5832182126,1462.43629560295,1515.49732799983,1594.20559536479,1655.04268931654,1779.52384276583,1836.90539876708,1906.70746529757,1995.57035409598,2038.43398947275,2134.02985040858,2171.37724746741,2192.33785828001,2211.89127164529,2264.45998407339,2307.91802057154,2334.92259558241,2351.63715395848,2309.02003387381,2375.51237563389,2379.31327290917,2451.57593852946,2480.28377806666,2586.39085927506,2622.49386240949,2616.2829227432,2588.95333507431,2582.04701812882,2556.09729293791,2665.55152770887,2693.77436519598,2719.46794102039,2721.27841419953,2796.75061934939,2860.79675162569,2798.65708932957,2818.14477564107,2817.44073579093,2876.76211001476,2877.50948395248,2912.58070499403,2892.88147502367,2859.98244534209,2858.82215783023,2842.43473467314,2837.79068403486,2767.03977084505,2663.28974797386,2671.05519822761,2653.77520919414
"CH4","zmb","ktCH4",119.770499440001,121.419579583142,124.960584904856,128.380024470267,130.579104409221,135.127419229348,144.307567601176,148.930355426773,152.433460135348,157.333058447488,158.256421902867,164.977298528743,172.560715220716,170.92396488994,169.185868493685,180.36834390451,187.656486856206,192.929442615725,196.830596874991,200.339918209436,209.166810178414,215.593957597752,219.08532705469,215.300185792875,210.332886146866,207.089100179126,202.448246849872,221.672763207749,228.222570621535,239.592024957845,240.178888629686,247.843034801742,247.277018255673,248.01656229732,252.459155866994,262.86894754515,276.880405809932,272.701063934225,274.479761283265,305.262388112551,315.780472209855,302.087728022879,349.637919491301,359.413980364636,367.767960046506,366.952026163061,366.752611359481,376.141492569291,385.182218699135,397.593762415627,401.066902703163,419.43337399443,454.206655100639,459.524996121376
"CH4","zwe","ktCH4",257.884177439249,272.256510599145,271.074513713958,277.716846025937,281.200623922362,291.977575591169,301.987358797583,309.768518796737,290.532620081482,273.042707186411,262.507425054322,263.143590406397,275.350196009724,274.030059971146,276.159379005109,282.684102764081,298.866127918076,314.750751405112,313.928159178467,316.877031975153,342.998909216809,312.455796816706,335.997933319005,269.385470494262,274.470956914658,280.46291796379,314.199612157732,311.629009681047,327.682379766408,344.701338351392,350.655875891283,356.150959113733,330.674277087547,316.260851109915,307.726096731292,310.850821604108,305.840394184309,308.380945075495,300.469538948143,318.974806467754,338.107348397062,348.528276352973,354.023593211081,357.855865205318,327.989430153093,342.126470292446,326.823385735873,335.264923410453,340.973548575991,333.216187760256,340.30630612696,348.616768777177,364.978473376191,366.656054425212
