"em","sector","fuel","units","X1970","X1971","X1972","X1973","X1974","X1975","X1976","X1977","X1978","X1979","X1980","X1981","X1982","X1983","X1984","X1985","X1986","X1987","X1988","X1989","X1990","X1991","X1992","X1993","X1994","X1995","X1996","X1997","X1998","X1999","X2000","X2001","X2002","X2003","X2004","X2005","X2006","X2007","X2008","X2009","X2010","X2011","X2012","X2013","X2014","X2015","X2016","X2017","X2018","X2019","X2020","X2021","X2022","X2023"
"CH4","1A1a_Electricity-autoproducer","biomass","ktCH4",0.74413051495264,0.694269729059488,0.633807097596484,0.662722893536004,1.09878777430444,1.08572862894333,1.14121040529558,1.18392248426361,1.27425658849414,1.31866737501335,1.28512609650347,1.32704394002896,2.16975833585701,2.14719909089166,2.28576834550101,2.28005861815021,2.33282997741472,2.42270464430789,2.7178742648362,2.74540699848055,3.73228002118413,3.96639159130213,4.20039400243042,3.49696256366026,3.96496341006706,4.92296923761529,5.46273208092346,5.36231500038006,5.23034594500063,4.7794586067967,4.61324305766174,4.69482807355164,5.20206083953739,5.52198137574129,5.96760065903322,7.29631297480968,9.22298511420402,11.0680744544864,13.6585293105132,17.2177579702646,23.0533049358748,23.5573571588221,25.2727207488435,28.7575591868004,31.0444635868273,34.2058066048468,39.7335657761564,42.1314354952814,46.2148785453633,50.028765474226,53.9715499189551,63.7350576254524,69.6990912469484,69.4618884413933
"CH4","1A1a_Electricity-autoproducer","brown_coal","ktCH4",0.0851621598260811,0.0891733926350666,0.0838918275476279,0.0934682460460068,0.141295557051402,0.134143874502473,0.138023231294165,0.132213172741651,0.120795244233966,0.121765533184019,0.141141984983447,0.163857579299056,0.16166499846255,0.143532794667677,0.150903371888267,0.16716347031782,0.166749646255446,0.162516864610173,0.156709048777741,0.143546990419928,0.176618434858094,0.186819558613318,0.126055334311326,0.10959375659259,0.100252890849446,0.092897596940875,0.0768181848042513,0.0756652432430965,0.0550241087993812,0.0483388152440273,0.0411661709696502,0.0511771399315438,0.0484067759109567,0.0424944327876731,0.0421897529319209,0.0413190025410106,0.0396702529671938,0.0331331681926551,0.0376206774526218,0.0389253870007016,0.048169197800268,0.0409117279668966,0.0446924837177407,0.0365550031720696,0.0356396913537469,0.0352628558119998,0.0349721092121339,0.0351730735357659,0.0377938532844932,0.0479080590647491,0.0526397543093067,0.0572602404283478,0.0512378012230971,0.0470718186445284
"CH4","1A1a_Electricity-autoproducer","coal_coke","ktCH4",0.00454700591808868,0.00497254845131174,0.00490125743408864,0.00551614245763794,0.00692126969534868,0.0073570536890617,0.00536635553484031,0.00562764216540494,0.00637676918487375,0.00643023744779108,0.00699942290832359,0.00626469813848057,0.00652312807591433,0.00695978555640586,0.00604191370965836,0.00573001550930726,0.00592606580667081,0.0055428765890966,0.00593497718382369,0.00642510292723256,0.00301414556208139,0.000760473672663158,0.00080686055704589,0.000860373068109624,0.000814044531969186,0.000780761395406256,0.000960000148351782,0.000881483245931332,0.000829484109764608,0.000775825499617531,0.000892264162683145,0.000854269881818501,0.00102680175187396,0.00100471347430241,0.00109922889687208,0.00113779904594948,0.0010642354015857,0.00748338479289718,0.00962704966885644,0.00871394865524323,0.0148818515680919,0.00511036589877281,0.00389641586936439,0.00569945633937719,0.00784067976454999,0.0158353860966733,0.000284863931768558,0.00024865577547361,0.000234495094482325,0.000236477098611223,0.000228193020728594,0.000233516960058184,0.00028415415750093,0.000258245901381184
"CH4","1A1a_Electricity-autoproducer","diesel_oil","ktCH4",0.0582910146396422,0.0636348429210932,0.0631340900634588,0.0710374280169875,0.0796611346318881,0.0667961779241242,0.0786117602239208,0.0845209803803104,0.0870762857793927,0.0851087807582088,0.128834744335854,0.143096128360457,0.116504868097694,0.112234509467859,0.194725650883232,0.209276585413499,0.199676523033078,0.218721840201883,0.293181378227208,0.308992813306809,0.276892426247893,0.325048188463715,0.41006952502343,0.393739587680515,0.373623045771885,0.390931935469862,0.470551330573769,0.505662240895042,0.545487532518106,0.596712847806786,0.591311667396959,0.583002561519868,0.564655908611784,0.518712088285997,0.535706391729219,0.464080534816935,0.492406847257166,0.515361869370166,0.418820008295645,0.381018572066297,0.427240770541569,0.347152167000418,0.380434283059429,0.439100695581539,0.492533642776557,0.462694950601832,0.465754245118117,0.514658484867839,0.519861894822749,0.383883967773172,0.375547617591029,0.335288495551887,0.305781214910847,0.313742417662402
"CH4","1A1a_Electricity-autoproducer","hard_coal","ktCH4",0.0692746064661205,0.0716856598176666,0.0725112879728896,0.0727087492101336,0.292058615552739,0.245980163854641,0.268805000381711,0.256209393927045,0.272277791608727,0.286197855969811,0.307148679590329,0.278335339283124,0.314896255174975,0.336661875814837,0.340670316235362,0.39363274296561,0.40563333353197,0.448556266823133,0.44900935964928,0.460686665642111,0.502886738733826,0.527307839356376,0.577327420989805,0.587106038601462,0.61087983479193,0.616836618214708,0.633819230628186,0.633218890791469,0.696477757012294,0.764881450755287,0.846307454608762,0.894428459638501,0.879082390170771,0.94644533599758,1.21525748838189,1.19625610348347,1.41447664955183,1.66152988237388,2.06841327261777,2.47058657994897,2.19435478145463,2.38092412657143,2.85344391811352,2.80255889390199,3.23991585906777,2.97878567367362,3.12394744674963,3.18360618558862,3.71691228926428,3.72713272471001,2.8422908241257,2.72975406000391,4.07813297951873,4.16633707418041
"CH4","1A1a_Electricity-autoproducer","heavy_oil","ktCH4",0.314696664251656,0.358237876181106,0.392181325653177,0.526362993679626,1.74713285374223,1.75755538587388,1.7992745064373,1.97502878619357,2.09655217478663,2.27820988086914,2.26703915732728,2.00093959542785,1.53585097951347,1.44739368313441,1.30504162278484,1.20388148838792,1.23591730704389,1.28495379968083,1.28004481072567,1.20387352773499,1.15983395514664,1.10986296707878,1.18580516368648,1.22478135966017,1.20841454088579,1.22971905583232,1.26141508003984,1.46065858009627,1.54149439865922,1.39072239613257,1.34030609159162,1.36315266558764,1.23601822250941,1.32268735281379,1.22604163094297,1.09864617429185,0.986821068287239,0.904257275140386,0.926560935141429,0.849363514511089,1.01438975349562,1.05459183063356,1.11674173922332,1.05328449134371,1.14099184742217,1.23660178950247,1.4149378753162,1.39462414291132,1.67622622276944,1.85984267438758,1.8358120148928,1.98449782011681,1.97590616117588,2.04204039280477
"CH4","1A1a_Electricity-autoproducer","light_oil","ktCH4",0,0,0,0,0,0,0,0,0,0.00119045112375085,0.000415273647820063,0.000819341033143872,0.0114499387043481,0.0121809118804671,0.0144167526046862,0.0136859868278541,0.0200519882478848,0.0204721670128012,0.0240757526858993,0.0289414655629586,0.0231146303524396,0.0242671835457292,0.0254347553653357,0.0275033204216141,0.029040340505137,0.0271000539631221,0.0321106390466931,0.0319616287177642,0.0281511542765541,0.028322440294821,0.0737411425162304,0.0621221160154354,0.0348264213250563,0.0391302364563911,0.0551580168586757,0.0413852250863852,0.0458461162968411,0.0468147772745733,0.0488742286872072,0.0448039938504926,0.0389300462648274,0.0393530242489763,0.0358719014173439,0.0301380019413929,0.0282282463037673,0.0229355096089903,0.0297345250368639,0.0351201782651017,0.0356758712583238,0.0286757412732219,0.0490582353805806,0.0581537148280788,0.0530840651977918,0.0370194469143456
"CH4","1A1a_Electricity-autoproducer","natural_gas","ktCH4",1.82879689836881,2.19435380155514,2.09150216330463,2.28357465428503,5.6816947378142,5.65496051524714,6.09199041393291,6.01471029455894,5.41881756850996,6.09176108386835,6.44994750523149,6.23417216229748,6.30045171847861,7.09425626099958,10.2440210087263,10.527965658154,11.8009847894103,11.7945708693594,12.4200036350413,13.1382807447652,15.9415334600639,16.8920500405843,18.3208039173078,19.1518160435242,19.3588999471999,20.8630758666048,22.7698570817983,23.1640619589569,26.2654977190277,29.2557500896502,28.0279610189322,28.3875959548297,29.982350191595,32.1528984669942,36.3549954636196,41.9406328861267,47.4418912016846,49.0540609481227,54.5649214230282,58.7245426572394,69.0363618049116,72.3260787933453,76.4406379712874,82.3029140412787,92.6949143399542,97.128680591951,104.542625714199,110.914806622126,125.113750674086,133.178770634405,138.029373646804,157.375968221744,157.351737570928,145.336927750742
"CH4","1A1a_Electricity-public","biomass","ktCH4",0.885451008603469,0.778398288993504,0.817289791480572,0.855648015853392,0.55266080899888,0.566776519446874,0.558167323970547,0.577250975670311,0.588627575885328,0.606048573767513,0.943917006776418,1.18478081567631,1.17406642939209,1.37286312001968,1.48309597577316,1.56768684193971,1.02355675328571,0.888353257290643,0.948795098392765,0.970574429397178,0.706173361762135,0.71959631975949,1.12591789862848,1.32778354012167,1.27983878740722,1.40009335200269,1.54666408721425,1.60932573668333,1.46310705780149,1.87770476065023,1.96857390066339,2.60969277184016,2.83501044535778,3.53910035491869,3.72718138953394,4.59230227071302,5.51268145617331,6.78886008212711,7.4391043664495,7.73155683024198,8.79609594474102,9.83875217518861,11.9222478267624,13.4549635363366,15.1804276585152,15.8189176025041,20.8707245574185,21.1609524939793,23.1434072817021,24.0226837366435,26.0658994609089,26.9293023007759,25.6023959807798,25.6447664675706
"CH4","1A1a_Electricity-public","brown_coal","ktCH4",6.97946435273546,7.58930899348201,8.13198381052877,8.9250698548223,9.12373228102026,10.1209985219199,11.6010258828146,13.1072350530419,7.78581715516789,8.26184941351236,8.72710439375653,9.29401376408514,10.4696885123065,11.2487793721463,12.2110026502255,12.418190491071,11.3681768163313,12.4441097160368,13.6512958830684,13.3266343652331,14.0463049123478,14.0637852210267,13.4308156116745,13.4762049006928,13.2362091196763,13.8997413851304,14.8451869153576,14.2157206142807,14.1621201191187,14.7600259114813,14.8823503082175,14.4589809146142,14.3496723134332,15.6412298340307,15.8080951035171,14.5903982577764,14.8250977850141,16.9487768722363,17.0025496192586,18.1156176681889,17.3754557509304,18.0444170729572,20.943874007823,21.6039725187526,22.3988888018063,24.1501777697221,24.2777895924305,24.4875882234311,24.18377856094,20.7848423828505,17.214224904419,19.6971680898208,20.4096473172438,17.3952678914696
"CH4","1A1a_Electricity-public","coal_coke","ktCH4",0.0160900652790447,0.0135618049367867,0.0133655610389857,0.0125084078498862,0.000280978625142875,0.000216137403956058,0.000237751144351664,8.64549615824232e-05,6.48412211868174e-05,2.16137403956058e-05,0.000172909923164846,0.00025936488474727,0.000108068701978029,0.000151296182769241,0.00025936488474727,0.000280978625142875,0.000302592365538481,0.000172909923164846,8.64549615824232e-05,6.48412211868174e-05,2.16137403956058e-05,0,0,0,0,0,0,0,0,0,0,0,0,0,0,0,6.79031211957034e-06,0.000133999312540996,1.32299866005434e-05,0,0,0,0,0,0,0,0.000232825412161056,0.000261706552712282,0.000252316609676275,0.000208481215408576,0.000278096308338058,0.000280521356701442,0.00027955461917883,0.000257006806424602
"CH4","1A1a_Electricity-public","diesel_oil","ktCH4",0.911790974878804,0.790230576713423,1.0239959411568,0.826549126641472,0.650613258991446,0.661474756519403,0.685601699127642,0.834683288205167,0.74809552302096,0.729286921347114,0.730623976635213,0.809325992044883,0.72980670760853,0.712514084333112,0.735584631967389,0.642392692679895,0.617091950422524,0.755487628175002,0.687251494208255,0.750527333015207,0.691601162709949,0.663969797819835,0.651617550998539,0.654268232864546,0.674156375799405,0.683282202444734,0.755352677693251,0.73518500374397,0.80610807504555,0.817479630197665,0.780924846540433,0.714961235747292,0.806039085992014,0.840214193332881,0.851332344270024,0.97482312594103,1.04264524066402,1.19315081792396,1.25435193889106,1.19163734622431,1.12642805405784,1.38560345765026,1.3521939174478,1.26457753249306,1.38132601585853,1.18910844878245,1.06390002251019,1.04320723074285,0.973572063689042,0.954064670850781,0.866092042426244,0.9844980369117,1.08982005369141,0.993091755998275
"CH4","1A1a_Electricity-public","hard_coal","ktCH4",16.1229734462684,17.146485735071,15.7281203674621,15.8945505419731,14.6372316662972,15.6434056236321,17.038156318676,18.6013476075091,25.011177974657,27.2707351003859,29.8549980043871,31.1356308569722,32.9282519852067,34.5756889108467,35.2237468785615,36.821024920048,36.9928321219042,40.9244138310885,43.0494205654207,44.9034058801284,44.3369154739601,47.3209202309819,42.4857441841355,40.1549123695271,41.4870234693162,42.0210267657971,47.315813721529,43.0707653215278,43.537397899906,50.3943791567717,52.1303402395516,52.6071399828886,56.1972581330287,60.6698321051376,62.5414029812311,54.0150043354788,57.634497035565,65.3958454611757,64.9742119426318,62.5770210043145,63.5128834662111,65.8704473472482,68.3577648544092,72.9811245546854,76.1445109343435,73.8972322673455,74.6467775455611,78.590722163173,75.4172468780087,74.1008669891209,70.1691751321706,75.5944308090796,77.1350728854511,80.1955280855216
"CH4","1A1a_Electricity-public","heavy_oil","ktCH4",20.0805416474164,22.8181819054741,26.3322604064589,29.3932368856532,25.1689756366407,23.3033464549753,26.8543305985797,26.5403667954701,28.228878409997,27.8501562167761,25.5252032635782,22.1971146888112,21.3394184493884,18.7400927729059,22.3086212760938,17.3978750103484,16.2275681278156,17.2893539573318,19.7532923124878,23.2572315571135,23.7117563875989,22.6513181873863,21.9855157226922,19.8795920989828,18.7215394880561,18.1982810218209,16.8466071811961,17.4739614674243,16.7648731018236,15.9258211707507,14.4075080450015,15.4686502907339,14.3964947497127,15.9224940933267,16.2976926379236,13.7104660284035,12.6216199080981,13.0031957242308,11.7794471518943,11.3704932700067,9.76985165231235,9.76938935698457,10.463343055528,10.3930007342403,10.4477153509785,10.849884160394,10.7387681634752,9.82925054988825,8.34088406988972,7.57963393167738,6.62735838338264,7.45545810064291,8.31554163129483,8.11369669214085
"CH4","1A1a_Electricity-public","light_oil","ktCH4",0.0491284638831023,0.092232687280142,0.0870371701028409,0.136832838754797,0.131579759815184,0.14623983445966,0.119901931927169,0.132872266687026,0.111253889806898,0.105503929431675,0.0840335239235232,0.0700009829350224,0.180668439050663,0.256966859796652,0.229974089631858,0.0433065978374438,0.0383520361232197,0.034123449171687,0.0353365869188676,0.0600716309610271,0.0889722245512364,0.141276141317034,0.235311232636984,0.154744850696344,0.185761151212458,0.382792288639278,0.423511397725421,0.370633098074141,0.344931425256355,0.481467041212301,0.496759432007781,0.0783519244583787,0.0942155321356613,0.0989628420558074,0.150720138238767,0.163426592401398,0.123630988441319,0.0783730058516302,0.107115201736526,0.0760402955324384,0.0537392166946975,0.0487114655060788,0.0709492483919514,0.0517594292912576,0.0596112205678781,0.066395448465965,0.0750639502884992,0.0672556691946152,0.0616224166184452,0.0841087386747049,0.0768344139602031,0.0562254090096107,0.072278931432509,0.0733951747210222
"CH4","1A1a_Electricity-public","natural_gas","ktCH4",58.7335751017704,62.8178172661682,86.6502808053074,107.315946056,80.8974214976436,90.456516924421,79.8822917700549,75.5865970502684,65.4009445982735,71.3496580817393,65.829943980676,59.9991874975513,61.1191997686057,59.1972663434073,62.0398032616068,63.4812646258696,62.3023496405511,72.7279313010939,83.2151261739275,117.600010083406,97.3295023410923,100.792257011116,109.719891190395,124.227048042017,133.404290141862,143.940399998528,152.383053339248,163.168276281314,174.610120869683,191.463582567527,214.008293521851,224.792901611621,233.742697420266,242.491289902569,256.840523912998,276.229899176034,298.717150287955,306.38921674528,329.060009739666,335.049465471717,375.610080559512,367.634007297246,392.828463672991,386.743868013793,399.284200763243,417.278286238931,436.218029134997,440.116757705506,444.203369237425,445.01852686097,423.029765626457,441.116262585809,423.071803589482,407.429413709664
"CH4","1A1a_Heat-production","biomass","ktCH4",1.29384879094886,1.2801757373472,1.4434705606543,1.37174472030463,1.20702279017076,1.26125876573628,1.19096661015928,1.27555105885062,1.47081628992518,1.52581997235685,1.65544900227031,1.63915194536751,1.75467963436188,2.47565543194108,3.01398582202918,3.81649339748576,4.96974530036654,5.47636293760759,5.54224203998663,7.27708461869234,10.0464200919796,10.2438805320135,10.2767871069065,10.6517427559459,11.5488122985127,13.20678701573,14.3672980097382,13.8168860386076,14.1188746318834,14.0821881785496,13.5468764205756,14.4758814627863,15.3407396687786,17.7125736228537,19.2198669547298,19.998574217217,21.0844613631303,22.6746905327909,24.1900410462954,27.089463942949,28.1623301605237,30.117114724495,34.8989659477092,36.7366300314008,38.7778125868915,39.6896349823923,42.6084233823552,46.7480030226336,45.4158560347216,45.7710145947982,47.4643466619035,52.1138295268198,51.2871724006259,51.3362569533607
"CH4","1A1a_Heat-production","brown_coal","ktCH4",1.70754567004094,1.77174857444499,1.84755398141477,1.86516952358474,1.86533573158485,1.98205460839043,2.07950596027867,2.21149500100558,2.26101632118916,2.31598434806581,2.30919699400758,2.38173064950239,2.49546224770883,2.6009308526639,2.81945201510903,3.04206221326252,3.1423778757521,3.1497768250926,3.35791446098353,3.38236522211617,1.46540017686704,1.31153855814103,1.15923059696895,1.11250472180636,1.00013518178011,1.09123997448423,1.1269989120437,1.159103005037,1.04317779053569,1.00230305489299,0.995533820096351,0.81246998161397,0.812924388177411,0.984835191431315,1.06651218726493,1.66822559043995,1.73297702143371,1.69043027772409,1.73813118303277,1.7559214446008,1.79074487082343,1.78554635009877,1.87065594788188,1.86193821505615,1.49248830318694,1.53061993014416,1.51246072589203,1.4913611202493,1.43501349851879,1.3734983363998,1.29868789722916,1.39494651939374,1.34422057546941,1.16996900135029
"CH4","1A1a_Heat-production","coal_coke","ktCH4",0.0283749303301823,0.0307646340838906,0.0264656779617756,0.0269466770118402,0.0272172029919942,0.0256502603293253,0.0260405400560413,0.0245172236357511,0.0234411821229394,0.0226410698328325,0.0226164520000483,0.02108521473651,0.0202047389639026,0.0194233697152097,0.0147793885584592,0.0130227438398644,0.0115584243602976,0.00943181529171666,0.0106020516643408,0.00966413130796895,0.00569391910632822,0.0018715438107395,0.00171940572106289,0.00176316269024357,0.00162415282935622,0.00115406051011851,0.00106270732745191,0.000750311816836134,0.000484152138521849,0.000341442412490001,0.000216680442606671,0.000181248704182265,0.000124055424260267,0.00037248202409347,0.000152004339273591,0.000126104592750742,9.66963742942038e-05,0.000403160403141489,0.00045730992786462,0.00052646806701495,0.000440584044446269,0.000304320839904896,0.000117191158647051,0.000111674567453366,0.000127645999316848,0.000138881091816562,9.91816852629167e-05,0.000101538090115823,1.59169814800179e-06,2.06738067381961e-06,1.95139466528902e-06,4.98532316186958e-06,0.000264450094769921,0.000209843473034584
"CH4","1A1a_Heat-production","diesel_oil","ktCH4",0.0172108171021776,0.0166697972464026,0.0178713875382059,0.0198008452616336,0.0200840347940266,0.0218355142201885,0.0208379766838486,0.0221181905123041,0.0234348991279754,0.0265481291797932,0.0265023776418558,0.0277745056702446,0.0269326176118704,0.0424053024008171,0.0582630226281478,0.0747642838239299,0.0083617468702692,0.00873402149176579,0.0247367446351261,0.0177577433034152,0.0167007816202055,0.021498819006143,0.0147333010429762,0.0870036899648268,0.101907375899881,0.0874767219412287,0.140165786768493,0.0956792885399006,0.102848750036036,0.133824074107292,0.0773901693214931,0.0703610937576055,0.0888111426039787,0.119456558908672,0.067192815107285,0.0469419451163268,0.0683889146867728,0.0616614065776204,0.050863516978771,0.0807979601756958,0.0721849991459871,0.0466940427028536,0.0481534792544617,0.04590699395282,0.0400636760070086,0.0426642315672347,0.0471685356955458,0.0417489054263724,0.0429603153791849,0.0420105901745869,0.0425493784329636,0.0863187137189021,0.133496966853864,0.129761525539538
"CH4","1A1a_Heat-production","hard_coal","ktCH4",1.05899796420268,0.993029585859338,1.02937104938455,1.09562856152563,1.15132969749526,1.18467375917176,1.27645489377421,1.31062030626959,1.45412088128876,1.51380341925588,1.66809259947966,1.59831403656255,1.69313614600183,1.74178863372529,1.84469969553215,1.93296846334834,2.02459693881549,2.20515873004918,2.32516767921666,2.39658622601425,2.58330372321304,2.99567240369307,3.12763102130063,3.63564352953768,4.41031750866204,4.61175574478756,5.19351064077951,4.42854950725881,4.16253908468077,3.94125950220795,4.55385405314116,4.6225781741341,4.79582448911162,6.04827354804145,6.02143519001307,17.2355441128614,18.8148789035524,20.017146062496,20.0907868349483,21.1342751836775,22.3062733361815,24.8594542906234,26.3081096653763,27.7951764270447,26.8886764194437,25.8823181054591,26.3951080582719,28.1328404805846,30.8576374279823,31.7796822404277,32.4959884317793,36.7058672147727,39.0013943469377,40.4424638457655
"CH4","1A1a_Heat-production","heavy_oil","ktCH4",1.02170979175608,1.0132298631751,1.0937878428932,1.07654233365421,1.55176886807038,1.59521041200498,1.84876894100532,1.87737760211639,1.92851062691759,2.70714129385813,2.83916188021591,2.49859838973555,2.29689291186831,2.00076246747207,1.84380446676149,2.18942962463364,2.00901665087919,1.88086982818831,1.94880143044217,2.04212520236213,2.56433340022395,2.62332419900435,2.37140911817726,2.14947160287279,2.25489048737433,1.93285388835187,1.96894969345501,1.72182210873518,1.79672872973213,1.70862234055208,1.53396525112526,1.54606873578008,1.44931697124814,1.78252990152791,1.58900088082374,1.55301080120579,1.54615821342453,1.31325226225109,1.14628226818019,0.999093574544268,1.27366620805342,1.13129835058403,1.09657310006618,0.953907496553622,1.03226847778903,1.0973150040888,1.09541731203,0.907248432138879,0.941934261374555,0.939014972224123,1.16938979865121,1.16852827142368,1.15198443853972,1.36214560177712
"CH4","1A1a_Heat-production","light_oil","ktCH4",1.09104552126095e-05,0,0.000231417348025948,0,0.0154236968051278,0.00881354103150162,0.00402357307959857,0.00459836923382693,0.00411937243863663,0.00431097115671275,0.000939016891839631,0.00293245964412107,0.00385305756083618,0.00195541416759279,0.00141835297911161,0.00216422547508154,0.000952036670303053,0.00177290439278092,0.00313061758090009,0.00484964477392227,0.0052187883418875,0.00468323874179336,0.00359239304872384,0.00347657201051547,0.00568419568769626,0.254439007370591,0.457116498273211,0.464302209964426,0.372274834723613,0.373548664844806,0.460837163190596,0.384986404249993,0.216446468357129,0.0295793184012328,0.12873534975011,0.130875560571356,0.135390319543251,0.181518067234102,0.132060892170406,0.132093105607925,0.155765858455385,0.138357072270571,0.142867347527141,0.0913023287511461,0.0891567568763566,0.12258961215947,0.112543179507952,0.096181319393748,0.106049700054212,0.0976256524495912,0.0967206750695348,0.103510190324287,0.115400400233033,0.1027083151
"CH4","1A1a_Heat-production","natural_gas","ktCH4",20.2031518788991,22.8960310739183,24.3384174039136,25.5791628765448,27.0228180922629,28.6592775428553,29.3334165365933,30.3324599527746,31.1822599166948,31.9627846234081,37.3458475382829,39.3718296088951,42.1042600371844,44.4092999801581,46.8631071286494,49.6794656295315,52.2195760033161,60.1137711531247,66.0757892252384,71.1874359548816,82.0790363975992,81.7784353359582,90.3599989930692,88.4384401420057,86.7428728526534,102.336139767253,105.132361068995,99.7707327788135,99.021095913103,114.976650603548,105.919740040743,110.034081029866,114.757498811957,124.676802932743,128.022549994488,127.1531885168,129.034261153633,133.673373570355,138.753497353419,148.068695769158,166.065612965834,175.890818350894,198.902742436967,225.975169106208,233.11990785114,230.587139615427,229.183552754702,208.838944626267,210.709049743332,220.044757226955,243.856967542628,237.626395698584,227.824988299254,225.676477479473
"CH4","1A1bc_Other-transformation","process","ktCH4",12.3218910680038,12.5384189863769,13.2300506694099,14.5792503694419,14.8264243756903,14.3697812909598,15.3321114769058,16.7069062423949,19.0815224902158,20.4139972272431,20.290400950898,20.2774497030584,22.1419537731972,23.7412668239506,25.2534614047242,27.8881957345312,27.6106227383514,29.7800589576872,30.13981888133,31.2199258324815,31.2610177887698,32.2588613599889,32.5427870137829,33.2234416231734,34.6410071175013,35.3020723993304,36.1836298146473,39.4292231223939,39.4758301062783,38.6878159021868,38.0768083545108,39.5804681825908,41.3869332891582,44.9107115543875,45.9950576577581,48.4294300903724,50.8831491097708,54.4953555377093,58.6592570359785,57.0326914534039,60.4946083602718,58.189592701213,59.0441623229923,62.4200534743448,59.9404687126571,61.3990044382879,59.5525053926957,59.4913131093668,63.8666892660267,67.5367648999429,62.6877765636528,61.7001505008116,61.0534926014437,61.4721311287644
"CH4","1A2a_Ind-Comb-Iron-steel","biomass","ktCH4",1.29004502785428,1.19043927471691,1.414233515432,1.49521577299749,1.9631160777734,2.42672453887231,2.10740430672401,2.12233299695089,2.14014023982556,2.62611809482752,2.95984187237511,2.66627494836139,2.5964792172544,2.95356252232915,3.84033161895665,4.00329084437358,4.50256542044275,4.46405603961302,4.88302669329591,5.71132213658624,4.50662668014475,4.01853355781498,3.77162788645446,4.27506255389589,4.2451027249097,3.62082654043246,3.10385954389929,2.93477138317989,2.5810813340246,3.00123532926888,3.18174295439691,2.61561018634008,2.64652737838393,3.31274381000689,4.05414142652966,3.86958382076357,3.65714339580226,3.82027937085903,3.65660437680217,2.0170259935273,2.22620051352625,2.13925053710514,2.09201840524859,1.84182496528511,1.8840801659828,1.84933976169466,1.65750626647796,1.74023072505345,1.90306707836749,1.95620527600066,1.98319359057769,1.7357699592201,2.0100621393794,2.01106866231826
"CH4","1A2a_Ind-Comb-Iron-steel","brown_coal","ktCH4",0.271592095494094,0.250369274102412,0.247366822530086,0.218148327514102,0.233390149531126,0.248587204018534,0.231961188755886,0.21535477235455,0.204396904254769,0.25202249522091,0.227965134395855,0.21993129181398,0.136092331881325,0.157002232861511,0.166942282471974,0.183045513721548,0.194454079018999,0.265591744433837,0.17207488593276,0.20210255858039,0.165497612965374,0.125858627153093,0.106611993111035,0.0864219446805569,0.066762000767571,0.0447936946913865,0.0520107536526791,0.061591856703993,0.0311422459361054,0.0282482013778366,0.0474761612557789,0.0566500640872263,0.0475144793811561,0.114103651421565,0.0587206556803716,0.0731365115090567,0.0830462558386319,0.105454139161555,0.0905460954557466,0.0219607111419274,0.0223931182114242,0.0343962629628974,0.0430938364479976,0.0557873038812187,0.0375565420306602,0.0291427786685994,0.0493864550280448,0.0602591877833334,0.0378405473056465,0.022256989296981,0.0263765007937813,0.0941746092699514,0.0452456325494079,0.0462785266665292
"CH4","1A2a_Ind-Comb-Iron-steel","coal_coke","ktCH4",4.49227645780316,6.85976612868001,4.79519087742911,4.64381886622212,4.78845111978081,5.13175388858182,5.21733276123141,5.65921289422235,6.03685963497929,6.35533792942837,6.201515403674,6.21397647065764,5.52160392273994,6.01514466392436,6.63045314333216,6.72033818316641,7.04732288756744,7.18158890677054,7.51443019231953,7.42524304471527,7.59739750708387,8.29948751309502,8.47145289160785,8.66160155205195,9.444778069621,10.7781685272716,11.2176506335732,11.5750037713611,10.1442001790347,9.49133442358548,9.67319190531313,7.23623153340971,6.78315200735675,7.02356248008813,9.77996368666533,11.7899237810215,10.1826430176723,10.4753597440166,11.9688564917337,12.3719331384168,15.5868292537589,16.3341831795624,20.1414383297114,19.4804018826284,21.5885517504018,19.3021971862408,20.9596993961635,18.6867302769217,14.2446645002195,15.3815907095757,10.1256699235793,11.7470546566386,13.3771401489048,13.3781438769967
"CH4","1A2a_Ind-Comb-Iron-steel","diesel_oil","ktCH4",0.0527303294441085,0.0572475925793659,0.0786349750682351,0.0951197043297257,0.0964027734767508,0.0935727608712194,0.0958460656918642,0.0920508785783349,0.0942854824686555,0.100238306004445,0.0988174641856745,0.0950744162632297,0.0996027739549047,0.0904046739171839,0.0949490834825916,0.0965599121068423,0.0975305823867308,0.0990296843763153,0.101281335441078,0.112120146831286,0.119446852732426,0.139232914385056,0.125694826100248,0.144409450370372,0.133393031933144,0.139131678931913,0.134346349558238,0.140419572091749,0.136687876799213,0.141836002121815,0.157273681838344,0.155814879653249,0.166853746235611,0.175682486655245,0.200644042354164,0.205019810649689,0.186037065285807,0.190880835310537,0.179480413462577,0.155486276441666,0.161145462199765,0.146215457904609,0.158440128303316,0.151229362885375,0.15094779856383,0.163103102635133,0.160191161524629,0.166422119825535,0.164078841133306,0.16745148489573,0.172754049731462,0.188549008405627,0.188825459801945,0.19098079345146
"CH4","1A2a_Ind-Comb-Iron-steel","hard_coal","ktCH4",2.74639391800169,2.72273383614878,2.59970079890745,2.62491016321994,2.88067516397722,3.03439568496664,3.20763623842679,3.17855768674821,2.74056037134529,2.79578206904698,14.1101034056751,13.3882159351719,13.9882358593767,14.4680748090762,15.713317084987,10.0360982147666,10.9690083757246,10.7032210811246,11.8116322143018,11.6037273316905,8.74642822489011,10.4642864118522,12.5880396793745,15.18276085834,16.284212019787,18.0291201209555,18.1614554527795,18.6350581088257,19.7862474060738,17.7832975314408,19.2672870384203,18.3184529574537,20.1824701057636,23.5188730298719,24.043574171887,25.2598411880123,27.9081759287758,27.8835304539147,29.7387893944028,33.6373068916601,37.8076336571905,43.8189887761569,44.8000719992108,46.0120917696018,50.0768442816076,49.7977468062325,45.0620724533664,46.8407737818041,46.329725513969,44.3387094530794,44.7085199989898,48.3679893220615,48.8174471144038,50.7047731122103
"CH4","1A2a_Ind-Comb-Iron-steel","heavy_oil","ktCH4",1.59712986086833,1.77332784316992,1.82077612183383,2.00105243229798,1.92504884579525,1.7274487186515,1.74971789825661,1.67065251683153,1.58826149347559,1.67457965490146,1.66469209711033,1.2600656560342,1.0931073810609,0.997237975485637,1.17513979506707,0.93699572686139,0.981157504304906,0.998897285123933,0.993184023093886,1.08609767181166,1.0945576350674,1.10794943127015,1.11921061667502,1.15619534536102,1.26651581265591,1.25571356063889,1.09752307025936,1.18896903005176,1.22794581915331,1.2971365383863,1.2681748249774,1.14440511898734,1.0534161074954,1.16791709667696,1.11118587822871,1.00475647949226,0.948896467486616,0.951711137451797,0.968486827782254,0.819942822414813,0.714808103324906,0.565220991001176,0.532000500842005,0.406426174116964,0.436925632645753,0.333480369469412,0.365717418086291,0.376793052304838,0.367564185440717,0.347154450423525,0.286586036599107,0.285026123037915,0.314968867657481,0.306431552876248
"CH4","1A2a_Ind-Comb-Iron-steel","light_oil","ktCH4",0.017820395098188,0.0219305183035918,0.0191303647425003,0.0223236972118398,0.0244775752518599,0.0279027854118632,0.0347053159127795,0.038686645086673,0.039471243326966,0.0401772520016198,0.0703049844388892,0.069212286279441,0.09842729948721,0.0816455461913973,0.0782498906313473,0.0775979317786246,0.0792980028215664,0.0820469119418619,0.0875849418436634,0.100019923222744,0.0997397272142844,0.0986322309296905,0.0918897605122664,0.0828006071693886,0.0810010003035935,0.0809503431866201,0.0881723240293724,0.0862705975150774,0.0849896249802535,0.0883089069716249,0.107614030648998,0.0911514043361579,0.116534923560061,0.119247050184772,0.0939175087980011,0.0881777665767307,0.0935328399473691,0.0974929346473749,0.100256498809426,0.0857155777105676,0.0936269258653891,0.0912418018247594,0.0786271886351184,0.0807916573802803,0.0843567790065437,0.0850127572820917,0.0973246990546399,0.103340000611751,0.102801598246383,0.0964472121009033,0.108199173290668,0.0948848872532199,0.0980648283898237,0.0984574392858549
"CH4","1A2a_Ind-Comb-Iron-steel","natural_gas","ktCH4",20.9645827121733,29.1375459454568,29.8912612678403,31.9495373565205,33.6271767099212,33.0122566060313,35.3677440015323,36.1946277291122,37.2752271894006,39.1499817234632,40.3492878933905,38.5491279226682,37.5504809793846,37.8411675274287,40.5578869719227,42.943324540265,44.3682130946501,47.3512656955849,49.7032521809333,49.7739866950928,56.7954338810152,57.8213781937264,53.5377228271335,56.0773498541319,54.2163479333986,68.1967147425652,61.0504332730495,63.1214569271944,59.4834353834532,54.5723409194583,64.9946768728452,67.3485096883217,70.4049265373115,75.756352694149,84.8443080001854,96.7786178274032,101.019713817162,119.159844667322,122.627904000968,123.26791440718,130.836074684017,146.461264015356,145.51843612442,162.055368619562,165.921407435104,162.826477576157,159.066764362896,161.453323328803,181.835346343651,174.616601698547,159.336756208191,159.844428365645,160.993982824474,167.641877089797
"CH4","1A2b_Ind-Comb-Non-ferrous-metals","biomass","ktCH4",0.0142598173830919,0.0139607380334181,0.0215814313958006,0.0228172372530932,0.033299225429323,0.0447972390687618,0.0324991724614537,0.0312358950897179,0.0360110296200788,0.029581945295844,0.0744734374220938,0.0846628647303733,0.0918032411391609,0.123343180349325,0.144515490138169,0.161764605965009,0.101283140148987,0.214824168797715,0.251484538191772,0.280341932210727,0.33101678830694,0.270161903587586,0.285921295038704,0.2082626536915,0.218180028067645,0.258552336434125,0.0658312968502293,0.0559995152020973,0.0393061356092342,0.0273802518772889,0.0218592969413366,0.0211586572357101,0.0271080600118952,0.0330170430037277,0.036040131440941,0.0446981900662109,0.0367281607522766,0.0364471542708184,0.0147070113151646,0.0304590184162741,0.0311724913828758,0.0188314421988925,0.0168562045741516,0.0223251865810876,0.0253528852282522,0.0292137975074092,0.0379163738089723,0.0399662794356279,0.0387050036620107,0.0390646556008018,0.037372862661739,0.0360650059596132,0.0396556048978462,0.0397290085946361
"CH4","1A2b_Ind-Comb-Non-ferrous-metals","brown_coal","ktCH4",0.0582699811507864,0.0445561295903166,0.0391378283498764,0.0384438799846861,0.0328913937868733,0.030758529598638,0.0300282838808395,0.0403144561235302,0.0397636231398407,0.0417743655539725,0.054519458701052,0.0604246237709518,0.0578182200598005,0.0455846556198058,0.0648218540746855,0.0764961781641696,0.0755128314037272,0.0745973337563802,0.0841937637980539,0.086625541565208,0.0866324465261963,0.0744128298099396,0.0752920250204293,0.0745581485569603,0.0578122858420883,0.0577752481802787,0.0747059449316476,0.0592834647122344,0.0540311766915782,0.0375024957429192,0.0571887863280955,0.0300194032775963,0.0231420024827825,0.0267097546365706,0.0239168642213924,0.0378552087705577,0.0431919891276384,0.036219469094873,0.0390320123644705,0.00451427590069492,0.00668789605493975,0.01346482733867,0.00368117388783109,0.00353564525315149,0.00560117789369034,0.332843765482169,0.0179914184042594,0.00725179885914337,0.0641977079491552,0.0260028778600184,0.0103362507373083,0.0138944837326869,0.0153467505518768,0.0146431003308018
"CH4","1A2b_Ind-Comb-Non-ferrous-metals","coal_coke","ktCH4",0.102306291734594,0.106646729030638,0.113409214086928,0.117673406254582,0.130910067008239,0.151150951892979,0.1495717037969,0.147610359130892,0.131982324921216,0.14758583888204,0.174116614079526,0.140692157130962,0.123138214996766,0.124213662834599,0.143588284462248,0.303443539603029,0.313580230798465,0.305197921795675,0.34633885295625,0.378550420206161,0.469800327751086,0.504375054956431,0.529184404962101,0.758223039955542,0.630013261015318,0.92179402319543,1.11729465792789,0.832966539068332,0.813788878428621,0.807179562920501,0.860489116865743,0.838706814635283,0.779026749617788,0.770911949810195,0.787766430144459,1.00137720757918,0.985544048294283,1.19045703944408,1.12613180646451,1.26078332453041,1.15991913955489,1.42671952340362,1.38005575353708,1.3596184666174,1.38187139581542,1.3346329211384,1.24966666131324,1.27927265530396,1.13315251095576,1.1897819757528,1.25241678694762,1.35700794102215,1.24049409667474,1.24584308069453
"CH4","1A2b_Ind-Comb-Non-ferrous-metals","diesel_oil","ktCH4",0.0612408993747402,0.0671464829144034,0.076306210536336,0.0896429166968571,0.0922156369379099,0.0932013495392116,0.100063509692894,0.086835937467404,0.0866572314338465,0.0969086543646805,0.0607677208347138,0.0529285053755387,0.0499840029372855,0.0452593720847754,0.0499859874189742,0.0543058550906134,0.0682858357731442,0.0583943121836843,0.056544265823573,0.0616625089292276,0.0506161072291092,0.0576208671078858,0.0576317392338194,0.0640494876412653,0.0523123639971098,0.0715559547750767,0.0676649113099804,0.066377496683745,0.0819729834081234,0.0732751071892272,0.069919780473149,0.0684184014494128,0.0692180091442809,0.0754436363008567,0.0833791624491256,0.0799976658647343,0.0721763189927414,0.0833980684428556,0.0770768701173305,0.0679832648679149,0.0736687576753197,0.0608269023100599,0.0581838526397287,0.0526267508401822,0.0460686488168455,0.0443207444049769,0.0519838293024264,0.0543361715303686,0.052290020614351,0.0529843601861823,0.0637574407713592,0.0740483614721301,0.0809114006346461,0.0851354508600887
"CH4","1A2b_Ind-Comb-Non-ferrous-metals","hard_coal","ktCH4",0.523986157884486,0.537971030821808,0.51902048518439,0.554812371724525,0.529296282584835,0.526070902017237,0.479384573275509,0.439365000266542,0.548950933505858,0.53149279277168,0.568584998774539,0.559248333930003,0.390042019645851,0.495451196303337,0.424432605308276,1.79282698911055,1.78544456881002,1.6699821852065,1.84589059493929,1.88058622707297,1.94463665668951,2.09808994669293,2.57099626976097,2.65615111909092,3.12262987472458,2.94120606493051,2.95706650435628,2.99792720315253,3.47247747538166,3.11496794100852,3.32763323528735,2.74715585054565,2.8501590288305,2.99348090661604,3.6872811166116,3.88743191799544,4.24138272882632,4.38317183102688,4.42620550255091,4.21856795176842,4.92439343007067,4.86567082247917,4.76384596496793,5.07568527603229,5.2253690372163,5.11862836998237,6.28004918337054,5.25434414461236,5.79192705491913,5.94840757079434,6.27065862783914,6.43793273988115,6.24166473887214,6.27691124450784
"CH4","1A2b_Ind-Comb-Non-ferrous-metals","heavy_oil","ktCH4",0.231492371815263,0.227983850431202,0.23546523947802,0.291477281027666,0.352652646653556,0.33290251154793,0.429443388217177,0.47706730284892,0.518374965445513,0.528071277422517,0.509293541437831,0.40893095533111,0.386056009706611,0.422554242799759,0.427364909755404,0.490090325005767,0.486591348537281,0.537750142419702,0.516007807062076,0.547055778896232,0.576036976768072,0.572702101705021,0.582280282777926,0.612688956216516,0.573365374006716,0.616223476105721,0.631898938882935,0.625163947578234,0.642513437091525,0.737475924307819,0.903030116876038,0.827793287592796,0.825893664106005,0.982455550284184,1.05418504343104,1.05380550928771,1.14505269523851,1.04341466309008,0.980416408123882,0.899174905501194,0.985911541754417,0.896021584445736,0.821022908440167,0.734067771710715,0.681813042551073,0.716842303507852,0.615346189365604,0.570920351246768,0.428559764604696,0.430960807795826,0.410021999393919,0.377781253415779,0.359735160574066,0.346317453059187
"CH4","1A2b_Ind-Comb-Non-ferrous-metals","light_oil","ktCH4",0.00518555193675456,0.00566735795435421,0.00562457239744134,0.00594711663837424,0.00800828735914042,0.00836500544257248,0.00890649001331828,0.00958695623349617,0.0130127363421928,0.0138955514913264,0.0144263196082607,0.0132002595192459,0.0294296965441316,0.031395917750096,0.030442119581646,0.0315825743394077,0.03033797886967,0.0328428663249926,0.0345825901537979,0.0358770307555111,0.0330701329558821,0.0335039432684453,0.0326523242097668,0.0340091998406236,0.0327088212260923,0.0363964633196567,0.0392834291417094,0.0389617119986133,0.0400239846691039,0.041644423856001,0.0448359589037038,0.0413378009633991,0.0422405090703325,0.0413624351645613,0.0408177864335292,0.0349327356858743,0.0444241740211474,0.0407515111803169,0.0402076149716142,0.0364884613626758,0.0370106437431182,0.0305507965943414,0.0281706914432682,0.0312843374374535,0.0319193808128705,0.0225654304663722,0.0287298473076495,0.0307481341178435,0.0371123327904041,0.0325861502152588,0.0340688251987681,0.0325462136572651,0.0302833495095956,0.0302815928547516
"CH4","1A2b_Ind-Comb-Non-ferrous-metals","natural_gas","ktCH4",0.809666113349357,1.32040928241123,1.51160270546331,2.25796495470311,2.99976666808255,3.14567734888745,3.28789676328899,3.39648001807946,3.64824381254577,3.81389903799701,3.74837065529539,4.09030805599027,4.43287057745454,4.5868805669573,2.70642495576572,2.97040427415024,1.99924503258378,2.21096110303631,2.55585098547772,2.3897818821118,2.5962068974173,2.83559934415818,2.58610921928012,2.89540855943206,2.94443286771646,4.52758943603263,4.47943344448567,4.71321042239073,5.17854854105555,6.17535391965876,7.16919571667945,7.11568727752563,7.80002004325442,7.22592048895555,9.1524700311401,8.94706750367777,9.85012215140093,10.8692642276919,11.8672851827602,11.1315855222342,11.5645800740484,12.338071780242,13.3627510497204,15.7121293072213,16.6040304581729,16.6927866796988,16.4662324109391,16.4936061123624,18.3764343940098,17.6041235403237,15.3214500019741,17.6885728605018,21.2656848953783,21.8019832463421
"CH4","1A2c_Ind-Comb-Chemicals","biomass","ktCH4",0.246565935769472,0.23952593120494,0.23396122150777,0.226560826586704,0.232378774350433,0.229329096954997,0.223238351860158,0.227386337970279,0.259423738050501,0.25993960118111,0.292141050571667,0.318860708640801,0.390402971302108,0.622225175175666,0.862493749651615,0.819266918793863,0.733090287910735,0.878873975844245,0.780227502762118,0.770990653795748,0.814270320397469,0.84333727155403,0.767731685740049,0.849199552072312,0.898478454938547,0.908532232687175,0.566786764990419,0.493370734348543,0.384344228601118,1.02904393105674,0.926396372282732,0.804709128237745,0.709312455707942,0.812465187561601,0.697727308929667,0.687726222211918,0.700010932174137,0.736966101914636,0.624709668320603,0.532518010452749,0.591193794549682,0.478486031467645,0.462878489616194,0.567313274912724,0.564664207994396,0.813636914547962,0.95012201581207,1.00594558885035,1.05818059580299,1.13294439673722,1.19114413473239,1.25208013007188,1.29617581843962,1.30009179234657
"CH4","1A2c_Ind-Comb-Chemicals","brown_coal","ktCH4",2.00506031800261,1.73985635023666,1.5027207970765,1.54548193530535,1.39631432424287,1.3386933475157,1.31944264849577,1.12089764749153,1.08962847075598,1.14920574667445,1.23434940272047,1.34046503847332,1.40535696709208,1.81492858485201,1.88815565169379,1.93931990281131,1.86850158847204,2.00071502621994,2.00976136862816,1.76145324346917,1.42718574575706,1.50244303702301,1.36282564137493,1.21487577916389,1.27096720253717,1.18435980110457,1.20784534744153,0.984303538367092,0.614866275968881,0.24907287092448,1.01607538180725,0.955122668955247,0.907102696310277,1.01234802668657,1.06172352730833,1.04222444885278,0.896160759888416,0.717082587957025,0.621795257200672,0.673438800400676,0.600105825150021,0.496818335796264,0.385250391644132,0.227599605956316,0.278544667835421,0.215656540672704,0.222324979073267,0.282653536838484,0.308566852881174,0.289914304402868,0.310531314171594,0.316495439468189,0.250886774162012,0.224707496343046
"CH4","1A2c_Ind-Comb-Chemicals","coal_coke","ktCH4",0.161850886290218,0.146250043071091,0.126484012622643,0.127273927680365,0.140578383060513,0.15835269950474,0.14908443672605,0.135715799359147,0.130046212474273,0.136839725806295,1.88426040749729,1.90464380601879,1.90670544415289,1.77757467226956,1.81048752712748,1.671832608911,1.59239487766294,1.74898005939337,1.85075203737432,2.02091784175563,0.913581261907458,1.05287492043237,1.13475474813382,1.23971020826338,1.32219791245813,1.56379015965838,1.98604694045374,1.44559901117551,1.758410034623,1.17734564766009,2.28988789100883,2.0950422293753,2.10858867597097,1.64724168317106,1.19695789039923,1.55792802835234,1.62562724132849,2.35765353089742,1.83327548472509,1.36106640226576,1.90354223056023,2.70408075447793,2.61092766550307,2.37022584091401,2.65524518124276,2.95220893083617,2.54580215608945,3.70887882395529,4.37188195932433,4.41804992245315,3.97447932613357,3.47457226798024,1.71796317884124,1.79070903189444
"CH4","1A2c_Ind-Comb-Chemicals","diesel_oil","ktCH4",0.0528000006152621,0.0563147172609616,0.0692277705230784,0.0865780164823285,0.100356926145038,0.0919381263617997,0.100809091575376,0.107250373939268,0.124315380386905,0.147194117370227,0.188876206696232,0.162543816626742,0.179739760118477,0.187507693392957,0.188668175232694,0.192035833272775,0.190487271616597,0.212653958285207,0.205645588257174,0.174629622203579,0.199107395424736,0.204507245678331,0.212084249255628,0.240508629489859,0.248240469145532,0.281792983894846,0.326237404667147,0.322212272470772,0.319122513611308,0.329235743456409,0.316091741849857,0.323113079630903,0.342398904824658,0.343447319301775,0.412131665167753,0.445610452238788,0.406364451919629,0.351417771768971,0.373391120828675,0.360171765495718,0.348999420290391,0.290012814735987,0.278215740569728,0.253574697701186,0.239719269769999,0.235392153060589,0.242948578696048,0.238931986479979,0.22837181780911,0.212309088589338,0.227128325021596,0.23929210204608,0.25365767765782,0.260796874126544
"CH4","1A2c_Ind-Comb-Chemicals","hard_coal","ktCH4",1.27952884618587,1.25201709401305,1.19417641486839,1.17857983519384,1.33080542969735,1.42590232312269,1.4309063791021,1.42979293756808,1.2431025848017,1.30649783986999,10.5788030459882,10.1936689481556,10.8007077613492,11.6052625448516,12.4057858007206,8.61673419153768,8.69618957973218,9.36482217827472,10.1136615031186,10.3831978100105,9.76463352105355,11.9366855410064,12.9029820260558,14.7801961268328,17.926952065349,24.3066360253119,23.7623024535628,22.5047105235189,23.6594659220805,18.8192228639686,13.5468987762063,12.4978287590272,13.386157599591,14.1415564200955,19.8893818995566,20.7850149310204,20.3770434657569,21.0569673053443,21.8228309833797,21.5529414642842,21.4289925889496,23.4591713948014,22.9435833744313,23.2116696789728,22.5183774688085,25.5996151141281,21.1186597218654,16.332112671697,14.1499714438838,9.75764264678039,9.60587301104377,7.03222026857641,9.38618342338567,9.63831614615185
"CH4","1A2c_Ind-Comb-Chemicals","heavy_oil","ktCH4",1.61197685226064,1.76638365229572,1.784119404095,1.97014220818284,1.89521987413644,1.83176185187412,2.08620045212522,2.2160513520063,2.17455084902285,2.34494472876917,2.74455449496962,2.63909035330859,2.60974605540512,2.22155857213319,2.2144974417056,2.16323167083651,2.16005315830125,2.2655953847298,2.2873272661541,2.28917917317341,2.45519034649431,2.54126607467395,2.45949876442771,2.39217442856783,2.58371269345689,2.71593659496703,2.7684738137543,2.91617314533784,2.50225772947625,2.68138523762831,2.53550759932573,2.39509131994087,2.275285307383,2.23093502925103,2.28612842891602,2.17828586204751,2.24604605190718,2.13355829347462,1.8450029413014,1.66124982861326,3.29299329145327,2.87906793271665,2.41008633520113,2.21348531957477,2.03707570790111,2.12088536137425,2.02386820241299,2.17570418323357,2.48402273719367,2.76545943201227,3.05929499588276,2.48230032507912,1.92288522875345,2.13601507703689
"CH4","1A2c_Ind-Comb-Chemicals","light_oil","ktCH4",0.065583205395999,0.0867798641414023,0.098611192842961,0.103461192096404,0.0995463289866441,0.0761128550373576,0.0985031598675974,0.0970852741231089,0.0839014348085004,0.0734791793745158,0.0688582536145065,0.0860411113003644,0.0970497748469743,0.110878532495759,0.108475003239435,0.104211061240855,0.0977475012202804,0.122292999016319,0.123915146600562,0.122386449195693,0.642787355487991,0.643761965478097,0.585397473321988,0.591048419232604,0.626928353848011,0.641319233488208,0.706282040846669,0.713400311941271,0.708381196313604,0.745536019944688,1.0494783683829,1.02536093793282,1.11223602252044,1.09597764843881,1.14172666923696,1.13295662569051,1.25740586152814,1.2630275676181,1.15376737324074,1.18667413086701,1.12935274585406,0.984865595808482,1.04815777914656,1.17486048709051,1.2348308984251,1.28112438377598,1.42091720533192,1.5380776314832,1.68878162457666,1.9650140096036,1.94705294054318,2.4532258836668,2.5943787417328,2.73108229701051
"CH4","1A2c_Ind-Comb-Chemicals","natural_gas","ktCH4",6.6065786801263,7.26360055231888,8.0382286714021,8.77265926888866,9.16931139903875,9.00098849222514,9.58696207953863,10.636216606312,10.8036246292281,11.8148718775105,18.313152067955,19.0480900832744,18.8044260593781,19.6893879830154,20.9015625499442,16.3414833159194,16.5508198135525,17.1910875303307,17.9761662955367,19.9097678995435,30.0483056270826,29.9722484551757,31.2064971019086,33.9367724912846,33.8402350850283,37.1656688813807,37.8943544765481,37.117041415716,35.6305764687231,37.6346288342534,44.9691344456849,43.4626712485542,43.3570918059915,45.7207200439756,48.0700117927623,53.6914390430832,65.7134114878145,67.5427311630511,58.4407532225716,55.4426754130473,63.4619000623989,76.4673992289778,78.3267027190578,85.4837937206825,84.4300371455412,81.9317091800387,78.8344781720946,85.9593869177436,92.2693722989684,97.9049919389425,94.4614364081778,102.352200791468,94.1956415876245,94.8673602219403
"CH4","1A2d_Ind-Comb-Pulp-paper","biomass","ktCH4",1.65432486408035,1.62878680079323,1.7254182638021,2.26773682880763,2.35820962239696,2.15146515444555,2.25824156610807,2.62600068785769,2.99103630976499,3.38004661753707,4.01741396165078,4.16317407149422,5.17637694132394,5.86325533686497,6.57427978432061,7.27496088074938,7.45280381601494,7.42539069333949,7.82472176301107,7.43840163003678,7.9590486105775,8.41629347210489,9.33784229691129,9.8547829405384,10.312456946926,10.5033849170229,9.60521994683288,9.58727870294728,9.94972868263422,13.1371631710418,14.9796389140151,13.9333931223937,14.2454313007193,15.4463598652849,16.6504092885252,17.5139046336264,18.8010432110306,19.6082767091034,19.9446441742907,18.883037832248,19.3467170390546,19.1700392268703,19.3648395100949,20.4499991595615,21.8291788973152,23.3219929021975,24.2124389814223,24.912464592789,25.706420915359,25.3678835881874,24.5963254076559,25.250174029672,26.3923873450021,26.411406283269
"CH4","1A2d_Ind-Comb-Pulp-paper","brown_coal","ktCH4",0.712011172821286,0.756972737703466,0.713949769324021,0.631682909354611,0.532510146474194,0.545676128417808,0.56872294372316,0.598885868676273,0.592181394578787,0.686266929934358,0.561951122517548,0.5749406344167,0.549943126940597,0.584690738407771,0.624632519392244,0.615328370191305,0.640031210381594,0.696625062103209,0.663236233271176,0.557487480227537,0.236808004942141,0.281390831471563,0.207471072833692,0.220565296106913,0.221265249218042,0.224868433890243,0.274507008794131,0.29010963062773,0.322437744650246,0.182454720791301,0.183324517023536,0.291338352037693,0.200973062196513,0.550779146315218,0.516558601632725,0.202973278800791,0.187369442752119,0.240532449144745,0.2360062874444,0.77330614594037,0.994620871997499,0.294375806921895,0.311850125909857,0.50140858451382,0.283065229172226,0.201734123098932,0.220933344382011,0.279714824863042,0.230781067877312,0.214644962520332,0.215735571840513,0.257820612102486,0.277979309206147,0.285527332562708
"CH4","1A2d_Ind-Comb-Pulp-paper","coal_coke","ktCH4",0.0187450878938411,0.017390022725764,0.0165876690859121,0.0153038642631433,0.0152002561755778,0.0177251360739854,0.0152802888872762,0.0141417261578031,0.0113012742050817,0.0107044562573787,0.0152017673657478,0.0152876912112857,0.010601745184922,0.0116974111350195,0.0111280734503292,0.0160168908690024,0.0159405765486264,0.0171555346360539,0.0200502913190816,0.0188772444533172,0.0140371194325316,0.0117806722233374,0.0154231632055456,0.0130838888281404,0.0142087735581689,0.0164852224669511,0.0110076160409889,0.0265991052831938,0.0139384165624478,0.00786438959264645,0.00839025945698174,0.00714483211655437,0.00617002175033951,0.00517281402580685,0.0153713116066792,0.0088913688370521,0.0232812704468519,0.0128972719052636,0.0132270808845652,0.00825365701576966,0.00432997822347927,0.00400050215827928,0.0017646819053149,0.00176369749075469,0.00232461539108339,0.00246062160381739,0.00287228834021293,0.00139375229505962,0.00034826996114685,0.00234638269097195,0.015167953119353,0.00317300046654344,0.00439300369611802,0.00531605657306763
"CH4","1A2d_Ind-Comb-Pulp-paper","diesel_oil","ktCH4",0.0121646291081727,0.0137854413812625,0.0182121065874145,0.0254926608603426,0.0305955955302713,0.0251230623928592,0.0277417774609069,0.0272483371292228,0.0291211651395699,0.0254837176573424,0.0311463958595192,0.0254909313260265,0.0252823402145463,0.0248819063054952,0.0243410161871377,0.0299264147868439,0.0298912130788644,0.0298845438301847,0.030750543701778,0.0337255564897996,0.0534218734675951,0.056982697500938,0.0561888535895488,0.0563388278994672,0.0559516354550761,0.0683525220425304,0.0719232035419091,0.0704806111189841,0.0652895685898662,0.066779682729824,0.0748676178804906,0.0750103375362168,0.079280887707759,0.0850491602748198,0.0923959405140462,0.0924256311437997,0.0781570175228856,0.0832631970734867,0.0877806288144619,0.0822785048170594,0.0775547991739228,0.0553421383872078,0.0532941012111764,0.0574565128317407,0.0617680925695798,0.0647196239448923,0.0668622015628517,0.0643643227571696,0.0673848605125495,0.0651254144641541,0.0651699023186566,0.0717966434750721,0.0838440518396302,0.0854588347593517
"CH4","1A2d_Ind-Comb-Pulp-paper","hard_coal","ktCH4",0.89106317429942,0.749755054933506,0.762720901132615,0.680631551013721,0.833666854170471,0.794438893770011,0.91294258544352,0.982156390278283,0.892025370868787,0.858243093323278,2.53547014896331,2.59392645180229,2.7504025851206,3.06207804080991,3.35282726894276,3.91464488158593,4.11559696087496,4.48025064906713,4.77275189018347,4.78782251822823,4.42345143296179,4.67730074055003,5.06339411125216,5.84617786670519,6.14994425793738,7.41940605930609,6.71625696971808,6.58480057253087,6.8813759334582,5.53392663909309,6.30957327098168,6.03667205464116,5.86083877799876,5.42498174536685,6.15493509112889,6.39512166009492,6.10019802641572,6.10159916595162,5.98241555639324,6.30782071868251,6.25624069135557,6.09302001575552,5.67844517582239,5.26831706649393,4.47975169571059,4.14987082556525,3.93898995116212,3.93250907339379,3.33729577388138,2.66244627922011,2.27219692289521,2.14311683155369,2.01608689190383,2.09418411896106
"CH4","1A2d_Ind-Comb-Pulp-paper","heavy_oil","ktCH4",0.706313903399706,0.993748438055183,1.08080165641233,1.23992551514079,1.27916988448634,1.16270660163988,1.3461177489408,1.28553663599598,1.28060112612796,1.31061565891854,1.30416303072841,1.11544670921454,1.12617865134208,0.864126372670808,0.781646598435782,0.719797614773328,0.746930030242043,0.761593535241247,0.793525144542267,0.826364621827102,0.822016776421019,0.863897194819169,0.911705897647294,0.888606808270122,0.935241581611596,0.996928182004722,1.05179287346011,0.972219510574295,0.943028556568843,0.978102252940192,0.988842083857219,0.874107333094083,0.861174012790067,0.846654894366462,0.784806426423403,0.746391407436139,0.678829135426088,0.632101130439174,0.560467353888585,0.462253959649491,0.382191807249682,0.299964073599262,0.260672853932111,0.254096462493118,0.263311821068219,0.241020422412978,0.271032996900708,0.252077159995445,0.234808881217286,0.199846959463172,0.217062174275496,0.238870179748858,0.272290814689719,0.263089404828464
"CH4","1A2d_Ind-Comb-Pulp-paper","light_oil","ktCH4",0.00128401199589383,0.00126076289287067,0.00150906757955499,0.00197747654944672,0.00257970830148216,0.00327749265282961,0.00399559313639552,0.00425766244051606,0.00439337366724105,0.00498996003894316,0.00407026672037595,0.00395506085777105,0.0074874857104827,0.00761021134681183,0.00871445151469915,0.00883517362374629,0.00927383073003254,0.00970790510778002,0.0103047646380329,0.00991775517989707,0.0176899217577819,0.0188409331793716,0.0185936248375413,0.0211299462501502,0.0233313757551553,0.0299432764636936,0.0322520771823686,0.031437700011601,0.0312717426443105,0.0339503989717965,0.0353020530152689,0.0352096835780328,0.0370298059293709,0.037727524851556,0.0400015612750989,0.0429799084929798,0.0388233481381803,0.0328573900440374,0.0331633232398206,0.0279414604020609,0.0263429072960544,0.0276881421976594,0.0269374844750179,0.0269827126945509,0.0274278077912761,0.0255498093783676,0.0264525246577412,0.0253710935207541,0.0306686704557722,0.0284322737677544,0.0352424129639775,0.0340007400411312,0.034787906234782,0.034022428353875
"CH4","1A2d_Ind-Comb-Pulp-paper","natural_gas","ktCH4",0.340363395209237,0.483647857255131,0.672407469801081,0.7921164590665,0.917496091257454,0.901893536486705,0.972397531599681,1.07422308483447,1.59693872925217,1.63044759405577,1.70669705634491,1.77767616308074,1.85342603498732,1.75987180636046,1.89801910400563,2.06416869414216,2.23708391130249,2.46860054203911,2.58333958325564,2.90627392025552,3.60349349614339,4.01399151192462,4.29224251413109,4.62296604067337,4.94613676449738,8.61644722787072,8.87527959666843,8.79805090249457,8.88180249261436,9.49045499727125,10.6566943958981,9.63423088928284,11.1838380662733,11.5711727471183,11.0221954041734,12.1644632876856,10.5959656417612,10.7924316610379,11.4546472943466,10.9875765961115,11.3784642788853,11.7131416907208,13.0059273081692,14.1729524039105,13.8934374223022,13.1839945684892,13.3427872631855,14.5785302661443,15.4633502617574,14.4923712253704,13.9617707551816,15.501843338795,14.722123869778,14.0396516877925
"CH4","1A2e_Ind-Comb-Food-tobacco","biomass","ktCH4",15.9263058710119,14.4186910400458,15.2817479942555,16.1607689913758,16.3163593316986,15.2925761739682,16.6720949043526,18.6786382199608,16.9095772347739,16.2646013976164,17.4425781981759,18.8242750390607,20.2339578810648,21.2212524056945,21.4171113111568,20.0338145068254,20.1750792857135,21.4707479945034,20.1040786683228,19.2514144558122,20.5780740307489,20.9973019443305,22.4224671678022,22.6513836977988,25.5605798197856,24.9579075064799,25.1258708231502,25.5870769790163,25.9244371157832,28.4493680332121,29.5293809562572,30.5596830263731,32.1714126850336,34.9434664386805,37.9767078361994,36.0901408870911,40.6981433251033,43.5460859024899,41.9651571741428,40.2298581279588,42.591887655548,41.492983766652,39.0530673966434,39.9000619576574,39.2022445506965,38.6119741251142,40.6127542985533,41.6780218729069,39.2841730369344,38.0682444140134,42.9196999448372,42.723654303604,43.7580547536071,43.7635524910029
"CH4","1A2e_Ind-Comb-Food-tobacco","brown_coal","ktCH4",0.472460974554213,0.450437907923215,0.444726528524188,0.432759788730177,0.427991059781298,0.39856228948401,0.408454947131996,0.440357368300036,0.416757105535594,0.453012668074921,0.406442367821174,0.460011277080371,0.467857194418363,0.463218653029822,0.491517595498671,0.516751828537865,0.509183681097151,0.551900690729294,0.519363143516886,0.467022346253973,0.397593505149203,0.402978348622961,0.320809712357513,0.265202419838409,0.203576614348177,0.177484431226318,0.193560652753761,0.148298257950634,0.112790448491015,0.0770260004601809,0.123855521439678,0.109081693256072,0.117053309441896,0.116364043509491,0.079553829562549,0.109140786359058,0.12116399696467,0.088657566036403,0.076741204934332,0.0937871032879183,0.111235812702535,0.106083417462752,0.123637220578104,0.103974800392191,0.105742564032973,0.103033796140875,0.0856674154047523,0.0818836341340667,0.102814971753347,0.0935605751655348,0.104373830300196,0.112897110440552,0.121144681989242,0.110193494367446
"CH4","1A2e_Ind-Comb-Food-tobacco","coal_coke","ktCH4",0.0312461704388317,0.0362566393671539,0.0369532549753143,0.0372262133028287,0.0396595616765942,0.0402270618037597,0.0390528656846898,0.0416183144119049,0.038528458399307,0.037802541210212,0.0520732867997969,0.0604565657409346,0.0609369703463072,0.0554619275985941,0.0580912017277042,0.0624182687934896,0.0710769134383122,0.0826234828663427,0.0732758040625817,0.0782032354079095,0.0771917500028542,0.0900633137030166,0.104855933578801,0.0956005710510466,0.097740295304699,0.130130128753328,0.173426472503237,0.125298539924206,0.13185030986197,0.14158451555683,0.142385251480832,0.139463477830355,0.105076920850318,0.106946346350707,0.0700516196510963,0.0647472056372807,0.104319036780093,0.112703377251989,0.139825293529524,0.102158670494826,0.064090314540274,0.0577621431087082,0.0478388941428444,0.0508455275331927,0.0543996901470894,0.305471972130771,0.290570687160804,0.279425859239901,0.287107817816245,0.265828670330445,0.0768266417484485,0.0933384860029,0.0833426043446674,0.075712193817298
"CH4","1A2e_Ind-Comb-Food-tobacco","diesel_oil","ktCH4",0.0745529546451947,0.0840615855129278,0.10453473685135,0.119772090914243,0.124931553300744,0.130686517201218,0.140780494722618,0.142073992951529,0.159073969664934,0.16350581187039,0.163484218613674,0.169025285353423,0.169761548168091,0.16667165778116,0.154010927948326,0.164700475477805,0.163489764318844,0.178531092629346,0.194815310506762,0.253954612451384,0.258733369589849,0.255299345281428,0.26832937926725,0.268932520540583,0.272013238677072,0.299680713988993,0.319657776238026,0.332150336785851,0.343562118115067,0.369563022308603,0.395495716523575,0.391077344358633,0.398591103140671,0.405088214724533,0.484261369587428,0.475671787185743,0.398428536536348,0.379679892097516,0.373405018803724,0.360117697641889,0.360180374083711,0.305313999390623,0.337405963872592,0.365559456465185,0.361929035114751,0.375915318000233,0.378045516774248,0.359441006818019,0.339517222587709,0.322929457775205,0.333859761771397,0.333853981120913,0.329358983003472,0.330290075720791
"CH4","1A2e_Ind-Comb-Food-tobacco","hard_coal","ktCH4",0.372423932086602,0.392024438512993,0.407476648660785,0.394865641446463,0.403776484943624,0.398146814377412,0.395647424727041,0.413547125928896,0.411000440196653,0.423627785463641,3.32645014121572,3.63710727349488,3.86861510907893,4.210703098626,4.43312674168525,5.29842758464549,5.59922508167431,6.26886845496407,6.36820879097615,6.78242256045921,6.43558388417518,6.8372405514638,7.51943038679845,8.51730568574761,8.82065812400287,10.6036960631729,9.1754652866546,8.76805182944133,9.50044242124677,7.81766849505655,7.72182680490736,7.06502839026814,6.47099085456721,5.7325000180501,8.06361025313637,8.56403839874445,8.64552572684851,9.24346259661085,9.50835013114361,9.38270307233833,9.26360870457882,9.46669350565329,9.20932701998759,9.32569622735068,8.18842522814826,7.6200510450366,7.26422232968763,6.23813207928905,4.95477254143706,4.51983258147035,3.98104685706353,3.27109878489129,2.91029535248448,3.07626554928579
"CH4","1A2e_Ind-Comb-Food-tobacco","heavy_oil","ktCH4",0.734697046791565,0.935154145338124,1.01891217162598,1.09616782166357,1.15416893930199,1.15508339359158,1.27098214727016,1.26470948144197,1.27531307964549,1.30447074922965,1.2731013916548,1.20668992255605,1.08411874418936,0.970980490056851,0.865221908878386,0.822868806083386,0.774323753692777,0.810635435765447,0.800094941194171,0.795673643048322,0.777330783649431,0.800270796377588,0.864315435292019,0.884343589125652,0.927622173787039,0.977828765528453,0.991336135976589,0.973231218677785,0.962074190357553,0.956629425733829,0.902639030119119,0.824789293373849,0.793349708991683,0.798961493009499,0.726711361157233,0.675750467729592,0.68291917643302,0.627974309174738,0.588868661299408,0.548102206616831,0.549894061114013,0.432364084380813,0.362452010001208,0.334378622945364,0.311671631109322,0.250404949681061,0.274256192914844,0.266178477491506,0.252779624887899,0.227414731681324,0.216807068727355,0.21657030582235,0.227253631068324,0.228961349032569
"CH4","1A2e_Ind-Comb-Food-tobacco","light_oil","ktCH4",0.00548457780415708,0.00708475854142134,0.00836227257182169,0.00974688670800339,0.0114703995877414,0.0108316237028336,0.0131856311444848,0.013294201605119,0.0142880289068111,0.0188653821712538,0.0180980286293589,0.0182215861431194,0.0178382017676075,0.0181472689724496,0.0187099392209058,0.0197451449146083,0.0195655825795597,0.0212644448432528,0.0231329876605066,0.0239269310354813,0.0559949241815051,0.0552759813563919,0.0545926579603461,0.0572128667458177,0.0518874369601085,0.0607756948219814,0.0608036260006247,0.0617436150295438,0.0682316325372799,0.0707409970195362,0.070311251554237,0.073200284834939,0.078021862365682,0.0739039228738941,0.0747206049440295,0.0720609547340083,0.0867248520422361,0.08573980899913,0.0861343266418881,0.0796136185840168,0.0795771534842045,0.0826554798883712,0.08480357528994,0.0915045278241192,0.101395691835424,0.105241882703123,0.105364658738018,0.0991798657251949,0.134600262574053,0.125665741908804,0.14165127442104,0.139130364606397,0.151290432670798,0.15087538492887
"CH4","1A2e_Ind-Comb-Food-tobacco","natural_gas","ktCH4",0.759337943811587,1.01139559472818,1.22489427949648,1.39918502252178,1.60017289035434,1.75841240557618,1.87187391539683,2.0077509397346,2.15609930735786,2.27913543173804,2.91482628134018,2.94444355136534,3.0307391659573,3.0808202255203,3.2330740160777,3.35679866784789,3.75706919016601,4.37653072257874,4.5494381775516,4.77922569878296,5.79638201455983,6.25272005262332,6.61487453922509,7.54511118409099,7.55746105460484,11.6540510225185,12.6684053929696,11.9388630790043,12.2631082494651,12.6106608774328,13.0928575748263,13.5806825873417,15.0553906396532,15.9493908530036,17.0222214033609,17.0018878972516,16.5229497110028,16.2244301203118,16.9101441657678,16.3300489875567,18.2297796428131,18.9378050534247,20.4830779856963,22.3448271874375,23.0517913033866,24.5615561174474,25.9340419213705,27.5381660142317,28.5779908209238,30.0391727856119,28.1996839345398,29.37066799614,29.9180522185692,29.2230191732267
"CH4","1A2f_Ind-Comb-Non-metalic-minerals","biomass","ktCH4",3.4236861154741,3.47171898523475,3.62408218678005,3.98551090473108,4.06234133654476,4.11316293070414,4.37534703318086,4.12620866378076,4.24908626116298,4.14931315769245,4.31621359929452,4.74584953372649,4.84001065718585,5.58081773242733,6.07296957685366,6.20759985572991,6.64875242931269,6.4797026796121,6.36277931367542,6.28746785422333,5.72603801483615,5.58816473353701,5.35979882518849,5.73057099670646,5.87046710748768,5.70113881411035,5.82962778387382,5.76481125349292,5.77493172391298,6.3428841506883,6.46622270164611,6.2458646831078,5.96833365306155,6.61438393607929,7.26112943239388,7.51124745485783,7.78344272692507,8.0491696612273,8.79845465678236,8.5061858870285,9.08559885186833,9.79874980572085,9.94883818262474,10.5519485185583,10.7898862200789,11.1523526942434,11.0731248692308,11.5607942131709,12.1667072185821,12.639338457004,13.1435649925335,13.9446608569631,14.2224404938736,14.2371759984206
"CH4","1A2f_Ind-Comb-Non-metalic-minerals","brown_coal","ktCH4",0.122130088980897,0.119695406790538,0.114128879295916,0.103255044010313,0.10235182808325,0.0973584261878989,0.112400441802096,0.294555409936689,0.543812443497955,0.60760579690987,0.666790546770535,0.703940659829535,0.824945100621028,0.817841840620347,1.19733126583892,1.52312811238331,1.26268121014324,1.62577732359131,1.76818060377423,1.96103872918911,2.13689376335874,2.12555031437779,2.14511700621192,2.45277041548509,2.31143846474636,2.93227246738841,2.98378627506556,2.64389925024076,3.07114523124048,2.74660829642742,2.45922896791921,2.47971086075924,2.59010046051901,2.2076758177295,3.59065051613929,3.50694769264335,2.01953494864145,1.77628668055333,1.27315499463486,1.75148545508054,1.63869748265076,2.19059255088671,1.93421004979984,2.06285872006247,1.75981126336161,0.94683530807191,1.23328470059543,1.68247628887396,2.13016429357337,4.5065861734794,4.97928999372769,5.24513959512578,5.42972879178406,5.27043391792045
"CH4","1A2f_Ind-Comb-Non-metalic-minerals","coal_coke","ktCH4",0.123549580214395,0.113205150893007,0.107795438082761,0.104651615964188,0.109651029553139,0.124905725243861,0.112398255352159,0.108487345809171,0.104207418687866,0.115150682689549,0.238213868380354,0.218989139252695,0.218057331205102,0.230681813554606,0.255653758153995,0.305894647413961,0.339389546759618,0.359220591192343,0.395235809342954,0.464840739332319,0.479391721985092,0.540508118821308,0.629763058942567,0.611720637434117,0.723460455993726,0.965344736636193,1.0769959600025,0.93756653647807,1.05032512348924,1.04641435349658,1.09134821945634,1.05337390905794,1.09640841131818,0.84195651456419,0.541069997306031,0.539651154285289,0.770273585220017,0.761758923467804,0.799934911930003,0.761515181888714,0.751306486875668,1.62802054219781,1.78977072347885,1.92299412280412,1.95137897943417,1.72885156858879,1.67420655090994,1.4898787034317,1.84555174065342,2.51150673969609,2.68485070531851,2.41554112235241,1.91392339923719,1.98566933564968
"CH4","1A2f_Ind-Comb-Non-metalic-minerals","diesel_oil","ktCH4",0.0723047979507569,0.0826735375964541,0.100670905466528,0.125807479278566,0.118793346703347,0.113201091884353,0.115232125647509,0.118297838619388,0.130973536228175,0.127168449623126,0.10943920533156,0.115555439229934,0.119235690326068,0.118183121044858,0.117445440770419,0.13077978539237,0.13921492880179,0.160408780429672,0.192898172426492,0.25965850025555,0.252440883517185,0.269393619040166,0.260552311081788,0.262180198562551,0.263094683610252,0.305069983859588,0.311911698178999,0.315733051109735,0.33685323604425,0.363670049678731,0.364451570600289,0.365279402352765,0.372545161231817,0.363469366115751,0.383109610814937,0.379682375909268,0.343646734369582,0.337964700963014,0.37740699570173,0.34033990157921,0.331317736836059,0.284816156630816,0.319509279827297,0.329118311660424,0.309231598927608,0.355544707405295,0.342680796853526,0.371631881948481,0.366492900973911,0.373845632899932,0.409231652804744,0.435009820601514,0.519413621558777,0.55401543183546
"CH4","1A2f_Ind-Comb-Non-metalic-minerals","hard_coal","ktCH4",4.51291106703944,3.89847197822678,4.1114971942248,4.11001792143371,4.32409685775157,5.34942316966387,5.28240114104789,5.4698595876499,5.38925102220597,5.55679995486543,15.6680286407523,16.9789153329171,19.824075311189,20.084135550457,20.9484772747984,26.7622497275103,28.7159334824949,29.981553408023,31.2574755322612,31.1357529717627,31.7763978375927,34.8348023782621,36.5842473922043,39.5807144913963,44.5900415581408,50.4146849083854,49.7669278495931,50.2103614414483,52.9929199465049,47.9158275584093,46.5042535083879,46.9545459443609,44.6755449355293,51.3075398322344,60.7789094265788,62.6153467656968,61.6432954819856,66.2079168388808,62.7349029801876,63.8848914548353,64.5188037421465,69.5406882223156,70.0453114933873,70.4635818952929,75.5676112828748,74.1335672494438,72.9707644490309,70.900218568768,69.1599378021504,63.155043639995,68.1594817056635,64.5318685318051,66.736612750108,70.1029464589619
"CH4","1A2f_Ind-Comb-Non-metalic-minerals","heavy_oil","ktCH4",1.87216178488931,2.26871999555759,2.44071600736971,2.57111810165219,2.6253862507204,2.44708254543772,2.68293840993845,2.79315598964253,2.93769464879932,2.97955002313768,2.78221681064508,2.22370821368632,1.74955625926308,1.5573004211974,1.2937073449372,1.26297172912183,1.41612952580382,1.5000918070788,1.59185760802677,1.80170842725429,1.95659437607615,1.94077897977864,2.02640821554908,2.11999752927468,2.23138263699067,2.36486140716444,2.41516644555327,2.74225659519293,2.96501549470557,3.12511174492938,3.40647325225581,3.47169014864917,3.33093750161329,3.3979055404818,3.79397519211623,3.94507777196501,4.18147909607934,4.33540794102526,4.37010193622979,4.05248967374814,4.03801263638006,4.18581425467658,3.90542450584763,3.9221431396781,3.67044540436942,3.95410495739575,3.84653441998313,3.8910289258062,4.07678615390992,3.9974987936468,3.80856920511562,3.89998198572497,3.77531687479562,3.70816692117268
"CH4","1A2f_Ind-Comb-Non-metalic-minerals","light_oil","ktCH4",0.00997526720018578,0.0120752783786387,0.0142844829214743,0.0224995227003792,0.0252261924871797,0.0280971463967421,0.0291173149928851,0.0309925631843433,0.0348438341366855,0.0376950860957107,0.0367557645626678,0.0467255632569026,0.0649843277426851,0.062027728088515,0.0648819411677452,0.0635518911201484,0.067854884944464,0.0755640199871479,0.075924528421529,0.0731304476327157,0.119340565252493,0.11684302315337,0.127792055914065,0.135377702612644,0.137042099577847,0.150522386922422,0.147370652863227,0.150578483295288,0.153510660418951,0.146601799773986,0.153179450462887,0.142446826918568,0.140346521915567,0.126003982748533,0.113363072550241,0.112601555968805,0.126131143695705,0.118603105287157,0.108453163667238,0.0939486400933999,0.0984759043751661,0.106396595492537,0.101803129972786,0.0949875198561461,0.0940937347411335,0.0901217881433016,0.102752339448956,0.0869903010611131,0.110078672322873,0.103363595123973,0.120433388877689,0.105772322423872,0.114899602744358,0.119025014251678
"CH4","1A2f_Ind-Comb-Non-metalic-minerals","natural_gas","ktCH4",2.79190937906751,3.53241506002321,4.13964793399611,4.74522087782538,5.37179390286644,5.76855943269616,6.20235202236122,6.8186114551734,6.79563834086973,7.09228971510483,7.41010284181217,7.30478134836581,7.01368547974572,6.7863437127676,7.14628111348823,7.3426737737365,7.38168074383555,7.51692851300282,7.73573569990239,8.40370210622596,9.59140351741344,9.87437998453978,9.98051245920901,12.463506785437,12.0353815748662,17.5777477316564,17.6525990086321,18.3973594538254,18.7969173422911,20.136388467898,22.2050477293473,24.0425478967438,22.9510507030491,28.1422275267315,30.4437654589982,36.6897363244475,34.4293874623263,33.5932709116166,38.7255264981334,31.2946139859663,32.9132832493996,36.6436324877408,38.8519746101168,43.8610189954909,44.6363458469727,44.5707732539308,43.5142752254387,45.2175073500296,48.2129446864024,51.1398060145629,51.7930046435686,58.2515148852445,55.859743669816,55.6207712409687
"CH4","1A2g_Ind-Comb-Construction","biomass","ktCH4",0.00332208249371659,0.00317517618788573,0.00326391581168068,0.00334103093483723,0.00362198415809942,0.00382888632008122,0.003484461725829,0.00384360821210082,0.00359899873226867,0.00362764511139031,0.00379632798517139,0.00310395795306663,0.00351751487159975,0.00366084314223307,0.00371557143677073,0.00336226195057844,0.00437222715503924,0.00439648601605707,0.0046207457695097,0.00373039161273686,0.00406756700307204,0.00501029200579466,0.00536560390140421,0.00632620484707835,0.00833054405982216,0.0103388455155782,0.00529297172138949,0.00460192855426036,0.00477755262741934,0.0216918489144091,0.0251838875267206,0.0258766587544522,0.0260386974138847,0.0311554944026042,0.0310716305748028,0.0351155827266892,0.0351915535745487,0.0334162343682911,0.0296156790934371,0.0447362866407581,0.0481377637421015,0.0444666135865884,0.0504915187459007,0.057407271853399,0.0536537868040621,0.0796403637772552,0.0806797837658907,0.0831748701416285,0.0858522772821946,0.0926186668087276,0.0918900724052156,0.0928671758084403,0.0981180946692762,0.0983469952577297
"CH4","1A2g_Ind-Comb-Construction","brown_coal","ktCH4",0.144346027372551,0.160256197117866,0.174328765414453,0.159105771305322,0.137424017757933,0.14448342060113,0.151884330702932,0.165420062583284,0.150632425192132,0.174406422873315,0.14340412796936,0.165379908981476,0.165978969353718,0.180083383418208,0.196914275140324,0.204716775599878,0.217107510457728,0.233566872811707,0.226800147482321,0.201627518707277,0.0211636546048491,0.0207598561045064,0.0212515312645604,0.0148870400959559,0.011008544320409,0.0110270531941681,0.00999122668756344,0.00668627867437974,0.00448217929658121,0.00335709828987583,0.00673248659190198,0.004433928617386,0.00472898113576882,0.00774719945920579,0.00222304280438756,0.00321042700149838,0.00292846144382459,0.00387918173115589,0.00790460463131679,0.00774715686062254,0.00265265581832159,0.00380112661610599,0.00363030706065666,0.00460169154353931,0.00234521977276574,0.00277996841877484,0.0123822351285667,0.00437016239501213,0.00405764639156532,0.00358092631038656,0.00349168919370364,0.0039283099117289,0.00369668240625782,0.00322671584350519
"CH4","1A2g_Ind-Comb-Construction","coal_coke","ktCH4",0.00905670675769469,0.0101790563511021,0.0109266092013297,0.00914067644019436,0.00862728911345888,0.00567486511701762,0.00607261489834769,0.00731167510342069,0.00746366486359329,0.00785201576766346,0.0322771753087304,0.0384952296452694,0.0408164920499451,0.0231549182032634,0.0217251663063756,0.0217387205590734,0.0278584834595536,0.0309872960766465,0.0173691613711749,0.0245097593585479,0.0155747808523843,0.0162702514059664,0.0372262533267291,0.0384839367608187,0.0401972472209183,0.0385446766622384,0.0544227845079961,0.04222950956482,0.0481364438636178,0.0560381070286232,0.0616511633002729,0.0680173350313656,0.0596858436597687,0.0476919551617672,0.0355409014971397,0.0364316771079388,0.0358269972794042,0.0326551374492871,0.0195352765030323,0.0105959068202231,0.00973095610837933,0.00813078983730083,0.010922748513926,0.013435344546219,0.0169531946758292,0.0119784264805924,0.012562676045342,0.0222462943414319,0.0186766369834257,0.0170021076272531,0.00639827238907942,0.00394719604892961,0.00375638559696488,0.0038003846597579
"CH4","1A2g_Ind-Comb-Construction","diesel_oil","ktCH4",0.490693922675337,0.527217746071458,0.598585139985765,0.682604028663815,0.657794764362299,0.650799314461514,0.724721594426093,0.759156175902383,0.881262221028891,0.916461236771007,1.00871783252087,1.05141893957041,1.09620334747809,1.12351001137088,1.21373107594624,1.23047093200931,1.31669685338481,1.30670580587737,1.34514886391329,1.42862393928936,1.17949256739884,1.15676464502149,1.15989667918838,1.08416032184039,1.21312951580108,1.25625376736792,1.36134195258726,1.33371394241252,1.33015142466455,1.35668717526347,1.39466667563968,1.50624457687855,1.49620232355334,1.54045019937528,1.74532504498259,1.81844244011625,1.95267325824186,1.984198222155,1.93567572179876,1.96398368352615,2.12723317565354,2.22275040767859,2.23615572419233,2.39993799458227,2.50816868345451,3.14526680672921,3.3363952885817,3.37912633772756,3.54687801069657,3.65756524388921,3.52489418542364,3.62637875455895,3.2880956813447,3.37470514664426
"CH4","1A2g_Ind-Comb-Construction","hard_coal","ktCH4",0.0139466880646301,0.0156317540136877,0.0181583046407433,0.0199377984013956,0.0191135663599486,0.0199397333988283,0.021978254407322,0.0239726299644018,0.0199344037988717,0.0256682591177018,1.07200229993103,0.699342261600852,0.795169780869335,0.901520198365322,0.92084576165973,1.03934092967289,0.981505186690299,0.893114609650175,0.876879071913339,0.885806958248316,0.838305837793964,0.898765601528596,1.03819260399848,1.19544945788963,1.27647360296077,1.21469918280887,1.75368527097979,1.05582406176734,1.71920384643748,1.47637356239636,1.5404156593809,1.27362095689789,1.15823352897625,1.08130603087925,1.08035505679372,1.06230611880194,1.0965493395705,1.03195262248547,0.981889614027406,1.04559405910625,1.07522992283792,1.18829467610366,1.16422554093859,1.24842298858216,1.42771812380176,1.39304600912627,1.28942611980387,1.16560016588634,1.03740825507202,1.0204749518934,1.02059438004076,0.712373965341845,0.592915821340229,0.62075621200176
"CH4","1A2g_Ind-Comb-Construction","heavy_oil","ktCH4",0.0747362470957885,0.0853302098125767,0.0912430384382248,0.268753622506479,0.279697737787719,0.243763587061091,0.235166720979605,0.239701228716909,0.23970814251235,0.215168541502328,0.250115783527394,0.162603963907805,0.136834237593539,0.125042018050525,0.132687343385947,0.139379135355612,0.134103734898541,0.180335282979264,0.162415718602542,0.162013055549321,0.203114372604907,0.211837665219393,0.222777564725521,0.151512395987149,0.173026918827478,0.157203620256885,0.155329582786784,0.177788758447923,0.165131412666468,0.17399417024012,0.16059824206038,0.15483785052903,0.150184740256081,0.143018634900781,0.136925616466984,0.122307686199731,0.1501979288536,0.150035055063853,0.157808443740276,0.169186422950235,0.262669837283906,0.261197344246253,0.224216202668665,0.292416624087586,0.27808210966434,0.340378561341464,0.319049190252348,0.329839206024079,0.297963538899607,0.28853739342165,0.278744554439597,0.284318841478966,0.298590830153781,0.378048496217514
"CH4","1A2g_Ind-Comb-Construction","light_oil","ktCH4",0.789513654817818,0.576525552800536,0.619627227667633,0.600266845064488,0.518643368217038,0.561688690156678,0.556599881070057,0.506728686847408,0.611260232580886,0.509406147525314,0.911147685576191,0.918611591737592,0.969765522935353,1.08381072967226,1.48174635992753,1.46095779389527,1.78596304143865,1.86513884310702,1.953841740836,2.01915677506741,1.64304834337959,1.44433576668746,1.3963288919887,1.29033469648013,1.22446159532761,1.36439526527864,1.35692528690795,1.40584730005956,1.18538145269545,1.11645157685711,1.02629587596236,1.10570657552619,1.04382070147991,0.847867608150085,0.729581571992427,0.613108669684898,0.611405948249619,0.487261791719508,0.623016446754398,0.565282413383803,0.542369224627905,0.535443109894258,0.529040043655348,0.695514088685638,0.660918872406202,0.590203282560129,0.628102617749509,0.617200168362104,0.775526867048687,0.753108114060075,0.64225685526864,0.645934797368287,0.696436535974182,0.717776082352993
"CH4","1A2g_Ind-Comb-Construction","natural_gas","ktCH4",0.108044096645408,0.12755819412314,0.133714918961931,0.13896256151171,0.145346833759981,0.155332341985291,0.16301088480856,0.17197544855501,0.180847763937214,0.190798364474884,1.07329678753825,0.943917612025117,1.07023856477434,1.29691238957461,1.38541244121522,2.36984659153086,2.445695106316,1.66860217910776,1.54344163102645,2.49058159621729,2.37444636578705,2.33962530397615,2.25785916550058,1.31279803646229,1.1471084539511,1.37713071164186,1.22807781859608,1.02485946527382,0.9928174349624,0.944647973841457,0.887699673226256,0.901415081759018,2.03628325157858,1.97924026639558,2.31388464165359,2.18741254721521,3.41878610973497,3.4874695477295,2.78426607470453,2.58999648301401,1.72672886071275,1.93477251525642,4.08644763365721,4.75431554028439,4.75327565443995,3.16465606987191,3.70807279337244,3.68242686167467,3.96487699710243,4.0416612960121,3.24743011898608,4.23696206703972,3.68318090436279,3.09593226390254
"CH4","1A2g_Ind-Comb-machinery","biomass","ktCH4",0.000298625814665276,0.000757280661552398,0.000827976473846636,0.000746674256899005,0.000749624313417042,0.000798903199987163,0.00243795120024972,0.00313710521401591,0.00222298442102061,0.00277387768479474,0.00562500506026324,0.0101309796117584,0.00852456673232876,0.00564463447588752,0.00433369500000856,0.0044548773874889,0.00512819298594693,0.00505290484638228,0.00365874162639772,0.00299371154484809,0.012783859939687,0.0156200483787575,0.0174886754630676,0.0201562097619825,0.0233893232696205,0.0305904330752411,0.0144976295510612,0.0134166292263934,0.0142043854823478,0.0191729025215378,0.0180362124585705,0.0214298314020593,0.0245094112440552,0.0291210765177925,0.0323272644237374,0.0380011136806859,0.0414090263243494,0.0366931641260441,0.0347992652402798,0.0405061856276367,0.0469687772593626,0.0585974889160168,0.055049323062352,0.0795321718767791,0.0385648215422716,0.0423824218287287,0.0524739864244598,0.0461225285059139,0.0626343450587728,0.0576116593591093,0.0709987417050123,0.0613991646312826,0.123563692990894,0.123791838266465
"CH4","1A2g_Ind-Comb-machinery","brown_coal","ktCH4",0.628608039901689,0.673434089394291,0.677126048890072,0.621127620249253,0.51591571499174,0.514046222432337,0.537742581238591,0.576936772343315,0.555220467342375,0.636407726219743,0.538770837596123,0.570687704929008,0.563623163170829,0.612383594412173,0.702560859287881,0.724773915662109,0.751709368957025,0.831489619806989,0.780208067013573,0.670733128625035,0.323976951841188,0.260533629427603,0.222330559249055,0.127664550616924,0.0867567656691841,0.0588214707814915,0.0646372609317735,0.0459093559408662,0.0360281189355185,0.022113484187115,0.0528782894401961,0.0359086749903317,0.0367092437756048,0.07195135607398,0.0172931513113599,0.0178370074167913,0.0145726540495331,0.0126795363235786,0.0165254985766159,0.00751464996215549,0.00690571740092259,0.0064755331370718,0.00730486514110596,0.00556952689672187,0.00353368439675434,0.00465348207234904,0.00827524261181238,0.00807507820428236,0.00743134082325084,0.0075708461157607,0.00911727008640376,0.00468985524462737,0.00570065187768148,0.00525840161318549
"CH4","1A2g_Ind-Comb-machinery","coal_coke","ktCH4",0.0732784846943416,0.0937638787133305,0.0954698113495804,0.09257942437688,0.096208649873893,0.0821092499700372,0.0818951198473345,0.0844548449541461,0.0879530255757138,0.0801005415558286,0.676823983924992,0.595383519416745,0.640001124036452,0.685552443646612,0.731474323049989,0.620735599060226,0.736795596767199,0.754692774485059,0.836733773458642,0.842326761914047,1.11895939300536,1.20974266461261,1.37676659488988,1.22177853619917,1.34824987420651,1.49983659916696,1.84300808076387,1.33324046906028,1.45024533634089,1.33542097510998,1.36687332074421,1.31863690942414,1.22897887745436,1.13066600239421,0.901718721601625,1.21993182046097,1.18516878929856,1.30955624832895,1.41436186614225,1.45730849572044,1.45774144617875,2.23768764480483,1.69927647391354,1.56021369575464,1.55273656232026,1.5376481516634,1.47750275042515,1.02800615822793,1.39900010815953,1.25996249963426,1.7527951451193,1.26485015059598,1.1290858056789,1.18192154351064
"CH4","1A2g_Ind-Comb-machinery","diesel_oil","ktCH4",0.0421950614686341,0.0453416247423185,0.0576179653032659,0.0645702968949236,0.0608607999946393,0.0624004876400619,0.0702979014265198,0.0704539974790117,0.0716027572675807,0.0727423801172972,0.0846615086490327,0.084791808820832,0.146619934175826,0.14094360229498,0.147669687624446,0.174504234060933,0.177790031953123,0.179141662171425,0.188834316745126,0.194052620544258,0.235464533341524,0.24990936505566,0.249475540713845,0.22647695366422,0.21606305061086,0.239975534849236,0.262928033120818,0.240126921463381,0.233787104315896,0.244480916958822,0.248075412413911,0.2458530868405,0.264211457085049,0.261001518349941,0.289255190497636,0.272452190986411,0.25048787472375,0.242918538504174,0.246137029863861,0.232676793522894,0.236908192617675,0.180907486464219,0.160608378358312,0.177063880627112,0.165717098886036,0.165899445871302,0.16770290872988,0.162476507826335,0.158285967962919,0.158895060994396,0.159549138375552,0.171135507576417,0.191034911487173,0.199247164299634
"CH4","1A2g_Ind-Comb-machinery","hard_coal","ktCH4",0.146326067233889,0.157003501561368,0.151057558190283,0.151823960136002,0.15077560157125,0.155557822692191,0.158972078615319,0.155082595267084,0.158772538998299,0.155091891598847,4.717694900868,4.27895937819124,4.63126210736871,4.71022943037069,5.08494295960329,5.32490308422343,5.45154023708346,5.82989060578028,5.91398401630331,5.69968897831778,6.03920389826795,6.38974096419982,7.10553046891157,5.66431174810815,6.12768283433198,6.45224337055019,6.14790729449763,5.75147098637572,5.52230902571278,4.09710429236218,3.71136777511125,3.13651799781134,2.82485024466598,2.64334240536958,3.13380704493349,3.32879228510275,4.2056177480624,4.30144273189361,4.29744063396784,4.04635831977172,4.01166452898964,3.73104480423003,3.01395533571414,2.84839686026593,2.39411091235585,2.13809403955852,1.66782534718998,1.11416907237679,0.748980130931447,0.531890765224603,0.472755100860879,0.458997292996516,0.425488166734995,0.443735844634612
"CH4","1A2g_Ind-Comb-machinery","heavy_oil","ktCH4",0.174892525303078,0.193813274068386,0.19244923674599,0.241618508794773,0.211191644528023,0.19469567566522,0.194759540781428,0.187172301618041,0.178389265691178,0.193818119106487,0.26979374607736,0.254774823245749,0.28933572221897,0.276338713206363,0.274094458590843,0.262567654263472,0.255098384270826,0.269274111695872,0.268339021564706,0.245457759565296,0.285034878879787,0.286717097626749,0.285767665750041,0.262838596770828,0.260441066467016,0.271532169876865,0.252979905250839,0.303232565952313,0.273621268179694,0.312794216707443,0.295203609889906,0.321804108426039,0.347301162650764,0.293748338799826,0.26733623794662,0.262312414501936,0.422031678172313,0.361903594943892,0.243186965871761,0.213440071755439,0.213759628316415,0.165326022884045,0.155425401302985,0.187130207464407,0.132988485473002,0.138243372396157,0.131082079508547,0.107583173610753,0.0926688326160835,0.083624948689112,0.0715356390439569,0.0787917809680459,0.0665092102004054,0.0694580538472428
"CH4","1A2g_Ind-Comb-machinery","light_oil","ktCH4",0.0104494205295253,0.010824489414456,0.012943421811057,0.0134898410636039,0.0114637223686422,0.0117651253787611,0.0131735790608737,0.0169609020970355,0.0173485830830908,0.0189122571414591,0.0221940996957957,0.0246521586848377,0.0667566696630851,0.0670570649011704,0.0706183664106017,0.0711195985330654,0.0679833491883212,0.0684480301366564,0.0739635706058206,0.0719928054969025,0.156301719136235,0.149063113297512,0.146231207812524,0.146964862371913,0.140852002988524,0.151149120294278,0.158556938025526,0.131629076757058,0.13319975813826,0.134068490644099,0.145680778947311,0.142247578394456,0.146164194309402,0.140172629414244,0.129263591697332,0.119950380223464,0.125804817314984,0.112053911551358,0.112534057023217,0.102347309833102,0.0950663650057171,0.0920050525625256,0.0847132835579994,0.0873828245625501,0.0827429625390858,0.0766585709286464,0.0920361645249552,0.0866030142012549,0.112509219617835,0.102828780636035,0.12489166279084,0.110059436540497,0.112118555705738,0.113041326370264
"CH4","1A2g_Ind-Comb-machinery","natural_gas","ktCH4",1.09117240090137,1.41068863193213,1.67761789590283,1.90573339231913,2.11440976588348,2.22885623755758,2.53406328583969,2.5061329330508,2.63812401064432,2.8136522293524,3.65339302072001,3.48668370822225,3.67609116837714,3.86219715690929,3.82947185016538,4.02524211161051,3.93209914969824,3.90758242632623,3.89298841180706,3.93047304585205,4.84400025479373,6.02564314757757,5.67860341754021,6.03562901401003,6.44390515842835,9.56006277066895,8.2485884181878,7.91952650478934,7.14556268547264,7.17804141748887,7.70928277064024,8.6711759211457,8.70062939169267,8.90266697697654,9.7721476297468,10.5595570956804,10.9384724836866,11.0645247757238,13.7815474385609,11.8417622474976,12.7507261480213,13.7790266877673,13.0601810556645,14.9501979284347,15.5370847993348,16.0416274923815,18.2805734521603,19.5031349156804,23.1203693008289,24.5088650786315,22.5948502115265,24.2188292178159,24.6725545676051,25.3264203823562
"CH4","1A2g_Ind-Comb-mining-quarying","biomass","ktCH4",0.00180376010392492,0.00202532758482206,0.00197064104425391,0.00202108186769396,0.00212937477619637,0.00216600973547203,0.00234282859503346,0.00228750939378299,0.00555424392738202,0.00675410957086884,0.051267410524962,0.0569287814906946,0.0833635419836969,0.0809142115805026,0.0854119384502985,0.097238585697416,0.0806017371776409,0.0789026877592696,0.0739737352679748,0.0179481601920095,0.0580176060355624,0.0607157562884286,0.0691060987589226,0.0408591346583866,0.0406542796124256,0.0432715488826557,0.0478413640651655,0.00145527992973619,0.00234383365652628,0.00251571777575582,0.00793802363656378,0.00805051877056546,0.0091103347849872,0.00941707380292842,0.0104280984058128,0.0150748362939917,0.016254389125047,0.0266228806592597,0.0324475684550675,0.0353814299951208,0.0480977566106284,0.0552143102245678,0.0364195112622985,0.0423281670679347,0.0515077815613332,0.0644354359786659,0.0656510850816926,0.0491015538761179,0.0477069096688761,0.0468651174973112,0.0490372888727857,0.055536124101559,0.0548991288134744,0.0549267912289358
"CH4","1A2g_Ind-Comb-mining-quarying","brown_coal","ktCH4",0.125411325049443,0.105520373810254,0.101130642595266,0.102066367007439,0.0939202829154732,0.086201159248558,0.0882275478477859,0.0866553547466972,0.08387648110341,0.0890711421320955,0.086425715974979,0.0921029049198484,0.0971007853436929,0.100829678049798,0.111722365028242,0.113714569077204,0.114014037877986,0.12935312404809,0.144796838104442,0.107787424352585,0.0581117762577292,0.0271822245103211,0.0168203027233896,0.00445619865302548,0.00336635718118614,0.00343761069311779,0.0022526763350341,0.00416025438067692,0.00277610049295094,0.00652509922078252,0.0039359598699653,0.00366709752153976,0.00328522421878436,0.00472060421158144,0.00285530613278652,0.00439497805886906,0.00492131206964055,0.00363515650317807,0.0136423335053072,0.00406134571771922,0.0156624017954902,0.0082896560854523,0.0131368163250414,0.0159046227728369,0.0239181005122266,0.0261118454703893,0.0088434929607282,0.0121402489583663,0.02684797365613,0.0297091890312881,0.00325820490567952,0.00368648803510581,0.00426255969079189,0.00367014177485911
"CH4","1A2g_Ind-Comb-mining-quarying","coal_coke","ktCH4",0.0330158098881987,0.0365643384811611,0.0368279847852135,0.040275849127517,0.037306595873997,0.0381641005786977,0.0383237812388651,0.0377019558332398,0.0465219677492182,0.0445746240112399,0.0478667929334115,0.0368159111082232,0.0431326224555374,0.0379463937672663,0.038626262240837,0.0414975784954836,0.042025231075941,0.0336536564951382,0.0729990980232929,0.196565527834518,0.355559166100562,0.362178207553478,0.421686727680399,0.443283587818565,0.517298326170416,0.32599397948802,0.618863542812133,0.406862346926346,0.372995920509979,0.265243470896012,0.335295845185603,0.306400378986637,0.296886731156114,0.308225548248656,0.192326005500958,0.339311029339256,0.400466108612723,0.38398787557833,0.345344282451248,0.252233816997916,0.688539577041883,0.417153786488239,0.386693008895397,0.417752389801693,0.425730288990305,0.378833081714777,0.347294907814166,0.28439091137319,0.319145084936878,0.35246796660701,0.401133656070771,0.421377730695771,0.450716724265138,0.465027573199196
"CH4","1A2g_Ind-Comb-mining-quarying","diesel_oil","ktCH4",0.106433098226351,0.111284836197318,0.126438301704671,0.151146004351155,0.160710853677007,0.164685285226677,0.170925006711776,0.173933957394796,0.183859639869248,0.22803885830574,0.251947197486729,0.259968733607639,0.28811181817037,0.28772592913472,0.292341133393004,0.307477095137363,0.318676675594158,0.330575568159501,0.336112776344028,0.420233401263226,0.545774453901455,0.53275267472422,0.556610630228177,0.53011777405138,0.494070185968109,0.540771698586039,0.501511733236872,0.523527496560828,0.608161435490441,0.564381460930406,0.740784235553539,0.721095099897873,0.740546085672292,0.751335460640829,0.86418088591464,0.865215535459943,0.869794614991375,1.07194564935552,1.1846961221281,1.23816002262424,1.30942894078202,1.53978690794406,1.41801522403079,1.42081440091827,1.51033585794559,1.55760486927152,1.58045396321039,1.64836026111973,1.62132067118858,1.77897168717608,1.79504588320854,2.00183249996214,2.07052719870868,2.1247316911585
"CH4","1A2g_Ind-Comb-mining-quarying","hard_coal","ktCH4",0.283839652022052,0.293384328362707,0.282542425239276,0.260367142153998,0.254817510140796,0.227619754364034,0.239742209611752,0.274035230643282,0.267338947686893,0.234503298264776,0.241554594361788,0.252332636524741,0.268479876238136,0.325116563636271,0.392623544297054,0.332509856875565,0.341386149598571,0.343763561699445,0.317830668740086,0.216402104148759,1.45026079135646,1.45928791533813,1.60701838996223,1.50383930712227,1.93155929414627,2.4961803090063,2.43314876354847,2.26402291554445,2.47877224601411,1.91471881020334,2.14474196125047,2.01372094789312,1.92438720486927,1.99500979806389,2.41882342603362,2.56576489682185,2.92737464845371,3.02617139061194,3.22835684300132,2.76383254964661,2.80923250271472,2.92103913376606,3.01132218549793,3.07796842516523,2.89384252826059,2.67425874472392,2.15066110108125,1.85519542597264,2.19396400109932,1.98917677795851,1.46033376132612,1.92112184453048,1.69712166148808,1.74422516593979
"CH4","1A2g_Ind-Comb-mining-quarying","heavy_oil","ktCH4",0.192240427847159,0.222182703531793,0.215378081135565,0.552472753331963,0.630963015641124,0.591114444465409,0.573353545166415,0.629268604974421,0.653343768084397,0.717629058498118,0.748844162292928,0.625640006851904,0.51052550649919,0.465872700225709,0.487776460114212,0.346233845730211,0.333219592077719,0.340496890729606,0.353868601601249,0.363398944140532,0.55117777931587,0.530980812419581,0.501179582726362,0.461036763600457,0.483517233552296,0.431747819063072,0.421033267871519,0.385241553542603,0.406134677782464,0.464819919383963,0.530458997593963,0.430582731099353,0.425258259004734,0.442416696396616,0.49253428622153,0.519932950205081,0.642041829978433,0.720379682442442,0.602058293670805,0.428857770033477,0.411300460544461,0.36442203077953,0.373460323557532,0.380812142396258,0.395015119023361,0.382395621645684,0.344932680038595,0.335469286221683,0.381077677462941,0.351709250098175,0.259867114494319,0.262205676888664,0.303559457001029,0.300927578302673
"CH4","1A2g_Ind-Comb-mining-quarying","light_oil","ktCH4",0.00522772300986415,0.00511134850736378,0.00480711126037477,0.00677918218270261,0.00865281527448013,0.010269077528083,0.0100804036894338,0.0101005884123391,0.00951943220832375,0.00734303745877928,0.00986427598093413,0.0105102491177355,0.00920204292855121,0.00887561218054934,0.00803152041093384,0.00736129992572877,0.00873243164079257,0.00765296640039135,0.00829702599342542,0.0110350973372482,0.0114549890241544,0.0110122069397238,0.0122643369265376,0.0144232611807901,0.0130236310983179,0.0127938340237506,0.0153865925269051,0.0132792108364533,0.0155897951045982,0.0168894685277915,0.0186872069037206,0.0245131179673518,0.0261234748868702,0.0255108460558096,0.0264333851765476,0.0210537739522515,0.0191727636684656,0.0154888407535881,0.021113066932358,0.0154116513119121,0.0167483304593398,0.0169747892142176,0.0285081802593915,0.0204897832183398,0.0219660587412145,0.0219420147849644,0.0179206032662283,0.0236277407149836,0.0307369858624543,0.0278715185719354,0.0205335176728755,0.0216079082558149,0.0225227006079846,0.0225806152088425
"CH4","1A2g_Ind-Comb-mining-quarying","natural_gas","ktCH4",0.566422925097722,0.731550646251423,0.780159525183054,0.851578304404964,0.942627335883766,0.975225083123548,1.01600778587185,1.04561075129645,1.46179839370302,1.48346612633317,2.10860020249071,2.2147313790077,2.13291579082359,2.16191763963436,2.67380863278076,2.82218890282814,3.08578228265108,3.1346300115505,2.96554668855106,3.31148083118291,3.62543363375051,4.0952930575993,3.77359425049473,4.10562773678575,3.22418086309751,3.48711326066937,3.26191225722844,2.9590938209181,2.42654750968756,2.57948003374839,2.17036022568289,2.8669660938231,3.00723269154483,3.44467838794814,3.86159095930911,3.78701096563421,3.49521070062861,3.51440647833563,4.49700385312072,3.51678368663936,5.47415677011535,6.00585509462308,6.62340890005225,6.57409089722914,6.56078201681047,6.94121665223413,5.90571150805544,6.42847727174576,6.72330001844154,7.81766429358924,7.6582055114963,7.39124090903674,6.87673771621217,6.88207803331886
"CH4","1A2g_Ind-Comb-other","biomass","ktCH4",26.0392713429195,23.7927929503565,23.7721674359294,23.8167065051799,24.2145230186269,24.4479515921531,25.2029358628993,25.3447396623224,26.2710055211172,26.218424773409,25.9956452901488,27.5743231126027,27.6522350129753,27.7769739285805,29.3406501839816,28.6018211340019,28.9042203903893,30.0976410935581,30.2001043146871,28.2019470121007,33.5594619691365,33.9276504878612,35.3542831297768,33.4301355225426,34.980396491273,36.2360201390381,37.686107598628,38.7377630316942,40.4879661812392,37.5990982762445,36.0790434683745,36.9789226911369,36.8628574873421,36.7081199594745,38.1202572924804,38.7486013175383,40.5417909715791,41.2375098146144,42.7685136998966,45.1007177069758,46.5108880834887,42.2187781821543,44.9344298403685,49.4087561820139,47.0874140750965,47.7519807963718,50.6772901286616,49.1505022857848,51.1534464761298,53.3434964991193,55.4107851015765,56.4702276710995,59.1719779892479,59.1829883302351
"CH4","1A2g_Ind-Comb-other","brown_coal","ktCH4",1.00516390260253,0.854264725738258,0.813416349779138,0.831534069858639,0.866036561194519,0.919382229407288,0.827843269825261,0.876875077489262,0.515280696584563,0.493969975049553,0.432699379311536,0.36568430630383,0.366785442558685,0.349821109835335,0.424904959123202,0.498147407243762,0.47704598094389,0.699891295568527,0.733785828692105,0.723068292293157,0.911703814194615,0.961025679999205,0.989630130441974,1.02430635767518,0.882441912959529,0.750882998514056,0.871070418786509,0.807192711386905,0.683612679551777,0.541700801496989,0.798630802991431,0.622050841379303,0.71961094202715,0.756306247745364,0.734919183580801,1.52043639725917,1.63210485989206,1.86496768704233,0.489948459140382,0.234032268923149,0.263047444423866,0.375604438601299,0.292394738440012,0.337289248126431,0.277776697175604,0.112727097208421,0.062654358823438,0.037772338393523,0.0499129903087635,0.0787101678523225,0.0604377692989724,0.0603989536166957,0.0529461147518861,0.0571154861659896
"CH4","1A2g_Ind-Comb-other","coal_coke","ktCH4",0.562726503744426,0.485151825595569,0.494577819478169,0.755645845352185,0.585530104530624,0.60584319069532,0.529327233236797,0.534192547402656,0.413266149793063,0.531334311716826,0.632343936879818,0.572772224990229,0.497411626447306,0.453047638320279,0.387270720673642,0.598035249821285,0.614732980607773,0.757059595618074,0.80390860032067,0.75403836851498,0.319091964762246,0.354366892242544,0.32976923667475,1.62652490652519,0.351563384551239,0.235296532350862,0.270300866216492,0.258587681727013,0.329752238565216,0.303230378358312,0.2866836928027,0.271178361903058,0.19887346718555,0.175589019228489,0.0978363399422287,0.112344853182535,0.177269088766792,0.128745560012998,0.131055937817738,0.102607905034692,0.102049058990024,0.0946719678693296,0.0769966895482181,0.0886342706953729,0.0917809140495896,0.070481797279938,0.0551592508111273,0.0431665474892618,0.0718962514170996,0.181772927860546,0.13350255570951,0.0930531548267788,0.121179363543253,0.126377150107783
"CH4","1A2g_Ind-Comb-other","diesel_oil","ktCH4",1.72928436205816,1.78446140795911,1.74989240906288,1.93201170808691,1.86147504938402,1.96702519197032,2.01352991186452,2.17942452040982,2.26782039354159,2.36058704724317,2.12132943607057,2.06987087319881,1.97335241274441,1.99600703806498,1.99993946011136,1.8963546298131,1.87775276130629,2.00832772270966,2.20896856611419,2.13570418085345,1.97066823411225,1.92298916814536,1.70181546139977,1.44262972859744,1.31395322811628,1.24607732746694,1.34830473879621,1.37917307233234,1.42514391862019,1.45172485204494,1.45222439883712,1.44733231609154,1.41924301651259,1.42330905303318,1.5722507611574,1.5902800502508,1.51825844830816,1.73419344809429,1.54907952698455,1.51536472698088,1.41685215152562,1.40634833425468,1.53580712747687,1.59260436251257,1.37806655813323,1.42166990888367,1.37579461828959,1.39027406003195,1.41144876408575,1.74243322836013,1.76800602650013,1.83965285464216,1.96390114578216,2.00378007236559
"CH4","1A2g_Ind-Comb-other","hard_coal","ktCH4",33.1592589963246,34.7168939232512,36.2707407686639,36.9238992395137,37.0852491780544,42.4416419484406,43.1327325414206,48.9984497883476,52.7959193261128,54.2570286784206,8.77531569004852,10.1602994845166,11.785307916129,12.1993340951265,16.2215175934452,13.8940852894712,15.0371955002827,15.2033532655247,14.6464352643736,13.9033565116752,13.9232790633608,14.223161687958,14.8301321920985,14.5836087339316,15.6932315162656,12.8290156196459,11.3455007634907,12.7803765054632,14.5032298416697,13.9564685252725,11.5191241784405,11.4106640901877,10.0133899825875,9.80989118699481,11.3415097316226,31.620692240336,32.1164302167276,29.3858981428635,33.9050054094764,36.1537318330882,43.6870536877259,43.6716355109044,42.7617663036847,40.4613587570109,37.1751080897897,35.8108699114873,31.2018667699572,33.0732228385744,32.5332128906452,31.5044206420942,32.0772399784696,34.5805303574839,31.8027549117333,33.3880476355426
"CH4","1A2g_Ind-Comb-other","heavy_oil","ktCH4",8.29339291860385,8.29159251152229,8.07376976188748,8.46742786434844,9.14658697194304,8.61138253698117,9.87166882716291,10.5517151573628,11.0149555004293,10.5763962872486,7.82956699747224,6.62514614851745,5.91437323180004,6.14302593180919,5.77070077638521,5.18406401884999,5.44094413134447,5.37641346121654,5.56988405316853,5.14094383926189,4.92656053864556,4.62187425970107,4.14354774211883,3.83293610970391,3.86931121713023,3.98034857938093,4.1541426800155,4.25443493035351,4.28591162110134,4.01262191046076,3.83227231908497,3.79204412262019,3.53780152848058,3.53127132345792,4.43753758404975,4.51509961519236,4.53178420853948,4.92072194017203,4.45774126354567,4.58050047789366,4.01333847578567,3.63101723762808,4.5408380426347,4.56853786950807,5.00471485301778,5.97902163261963,6.17223943243596,5.68085455749183,5.7340901399094,6.70970004796823,8.03726558303624,7.40023427606549,8.66056794882263,10.7317630288862
"CH4","1A2g_Ind-Comb-other","light_oil","ktCH4",0.641227344421522,0.674599715296544,0.730861941617536,0.775651979909643,0.782383732441646,0.765131760158216,0.766367998817178,0.892273586273503,0.832378688876467,1.00949628711184,0.965870268592783,0.829669452461237,0.96513041447958,0.930537831298056,0.958602235282361,1.01490351915088,1.01390584582777,1.13747815288568,0.974646983071461,0.994760929468838,0.551818627685766,0.550514755531824,0.519251601304466,0.476424675684912,0.507511772363497,0.360590508785818,0.436815886403592,0.484069619187775,0.610196112973836,0.724557664601695,0.534863797913099,0.502808693809758,0.538918306218707,0.551918451051494,0.486759879346312,0.498616748436418,0.534497738531921,0.442330454395275,0.406495148858344,0.386076787111502,0.378401684518857,0.334656927963533,0.34777477532675,0.335080524819825,0.34000795519564,0.313980807214186,0.290601383922699,0.320536377646811,0.32362235653233,0.313812554341393,0.310063386646323,0.328613007785144,0.356947355358514,0.346494551802102
"CH4","1A2g_Ind-Comb-other","natural_gas","ktCH4",45.3468319813716,49.5324917624955,51.5628532742476,56.3380743338296,57.1679941915035,53.8157491262997,56.7081486895592,59.5692917993684,60.7022420113674,64.7151112017317,60.6735560114194,58.9995783990869,53.4849378291487,56.2339689778002,60.2903003684297,60.4512658476875,62.823182824397,67.6412814185905,71.3990420709729,69.1676866876707,56.1289209423082,52.0342098059491,53.8767070695776,46.4969664507821,46.6856177514148,29.4506390985474,31.3252031062842,37.2634082920554,37.7250600778871,42.3435512967154,45.5492174895097,51.9622091023417,55.3849280381846,58.6018801944093,66.4860380836259,69.2696156953358,75.2459830475418,73.5052460046477,76.2128341421832,69.6791835640375,99.7644678899242,80.2396242461301,82.5923790729262,82.9717424758831,80.0704116672845,77.2074880441182,78.059780957253,81.8354879328642,85.6883328727301,86.7656127898751,84.8174728266906,94.8976443040934,96.4397378235057,95.8820651891312
"CH4","1A2g_Ind-Comb-textile-leather","biomass","ktCH4",0.410475294931562,0.41038268189449,0.359159652051231,0.314546550222432,0.266550493632275,0.244693140779926,0.178661121225133,0.170854034934981,0.172331984794028,0.154072644802222,0.137479347070093,0.202394964959762,0.260854449636638,0.304130362879246,0.375680317274281,0.494953882544586,0.531989373391834,0.497716792369168,0.442884968279653,0.418789758891713,0.372978871008543,0.344825085655064,0.252801575099016,0.25238383249831,0.254380688998654,0.253867008761292,0.245656821641313,0.224555776524337,0.206026845383781,0.199405242091786,0.267947948153734,0.259361231116274,0.272631833730531,0.323279590419839,0.348492221199609,0.308020794276823,0.342877928929924,0.362615277554947,0.33183512455613,0.310855751333187,0.34771986151523,0.355401174817705,0.264018949904339,0.325533789528638,0.301149852433245,0.917623746853833,0.974138488967108,1.05283402972102,1.12309858601877,1.31068823558874,1.14851856991281,1.66611596022562,1.65086244555692,1.65147047663396
"CH4","1A2g_Ind-Comb-textile-leather","brown_coal","ktCH4",0.854277852864217,0.924761568049494,0.902863597846917,0.811866035137091,0.680833868021285,0.706919889330617,0.737110237963712,0.789740546114111,0.765568497934331,0.876385985253085,0.675763009710908,0.708059776895877,0.680287494367915,0.719383817985066,0.786127625196562,0.76532451679287,0.799650776048064,1.41257846406591,1.473832045495,1.24042788946294,0.706588040324847,0.745385234688307,0.770282242388462,0.750127558959659,0.77367951830593,0.810143050672414,0.855305152581274,0.889580192555608,0.931859758204875,0.640574202845621,0.860699474936252,0.805541803923881,0.733516795473746,0.376215459952767,0.828086821833509,0.644520134548,0.434569210149441,0.358642715598267,1.02231778440094,0.308416180548153,0.427548457260457,1.29187025824014,1.19400220567832,0.256320641597729,0.949837079203346,0.564780007812726,0.416606470316294,0.749310747432246,0.775037320712539,0.0699164238573948,0.103042506198912,0.563447204359098,0.680171031511537,0.720688221333449
"CH4","1A2g_Ind-Comb-textile-leather","coal_coke","ktCH4",0.00553091133493171,0.00454461844994235,0.00449453828993981,0.00500809596542181,0.00462431099325562,0.00235048464001478,0.00241008424540124,0.00355241251854115,0.00456967189519307,0.00359194339433104,0.0268703539534688,0.0268789982035248,0.0294425775340226,0.0353156262503567,0.0350558849324437,0.0412385721105058,0.0223916127470047,0.0190142257745613,0.0261465688972807,0.0268484539488908,0.0331056381555302,0.0346902153310351,0.0380145795346096,0.0196327642132711,0.0266768807265835,0.0247601613171324,0.0318197393056881,0.0366607898777619,0.0568361408297543,0.0226171738845119,0.0244833230756727,0.0231777565157961,0.0215576002196635,0.0171052362501032,0.007613525587425,0.00899456310879593,0.0247754723377067,0.0212973131948461,0.0236476708013306,0.0138382958981411,0.0168327257670776,0.0164799975646974,0.0110110033122783,0.00880578352617324,0.00670265862582853,0.00680146852062924,0.00627502300714703,0.00365859977453151,0.00365683459204192,0.00208864635678164,0.00721169222125252,0.00978089735173989,0.00912329710325205,0.00963059090968155
"CH4","1A2g_Ind-Comb-textile-leather","diesel_oil","ktCH4",0.0212077332702598,0.0229144911191969,0.0309769592431819,0.0363371848785065,0.0365846804233047,0.0388243458675512,0.0414592060758808,0.0396797899234859,0.0428888890829714,0.0437179339866269,0.0434022219929346,0.0545813798008722,0.0779516228424456,0.0706905096753028,0.0686856390630989,0.0871708369852288,0.0916206682620377,0.0870004342338076,0.091149073835233,0.187419679083725,0.191211259351234,0.18786110668945,0.190400721589646,0.191874162901978,0.191890763406541,0.207561827943918,0.233360467966181,0.255362896139762,0.259219555135015,0.274640928126569,0.24759137578293,0.231567543962532,0.218132478391717,0.205406680200438,0.292353987260071,0.27910233596963,0.236239479431885,0.197115045415045,0.183310650476197,0.181393151610252,0.163864871225776,0.168622047145574,0.196893926699227,0.162775373339113,0.14815954340199,0.157151572238654,0.111054048966133,0.109614241239899,0.0862099353652996,0.0732302920193724,0.0678992229263636,0.0750796450059947,0.072551574146844,0.0756194986571611
"CH4","1A2g_Ind-Comb-textile-leather","hard_coal","ktCH4",0.669799729047662,0.667222882254856,0.775408289483174,0.756158161797125,0.829320666765826,0.927416823563645,1.02729286500074,1.02160861824208,0.964747807629017,0.841384502798185,3.74340911906743,4.0413072386197,4.36360469208323,4.41501883226172,4.56322365716247,4.44478359267713,4.66393503326821,4.94148569647924,5.29664097409434,4.8037588800995,5.66073202821077,5.89874601824671,6.47804640806148,6.33954390130776,7.2211155128011,8.33413699990482,6.46608427857483,6.40363958096116,6.44822688416103,4.9312591066797,5.30482925721725,4.92215638764081,4.49577921244828,4.3373306973088,5.47612137405781,5.6894545754582,5.66845717581307,5.66326955717999,5.22641101657965,5.09346670420928,5.08507123134492,4.93667824850779,4.5098034521196,4.48393737217654,3.79700554237627,3.41000706789453,2.81942139234918,2.12254632589813,1.45045870780774,1.01568986625128,0.778783472601738,0.604381462330418,0.543745885202514,0.600977517288197
"CH4","1A2g_Ind-Comb-textile-leather","heavy_oil","ktCH4",0.640905915916216,0.703348737921542,0.757870066631509,0.878458566499529,0.892389623962929,0.920497768013922,0.995481999055412,0.951906225611571,0.945107555398959,0.925126362401186,1.01825078319443,1.13509082864411,1.07503822636398,1.02677247793532,0.895896728336225,0.749148185575242,0.790365050499988,0.820355976408739,0.821927434389407,0.85168132300072,0.773224769208755,0.758479198200036,0.74698898857358,0.766334234704906,0.742369399760424,0.79357119287001,0.761229667613027,0.794913039792798,0.817552987803534,0.87789867798292,0.823965213748728,0.759224174224901,0.724927828059393,0.637302566164305,0.627757717996652,0.546868200924893,0.504803806025342,0.461244301656901,0.389155763386659,0.329391541492895,0.291158554107936,0.22773551211591,0.181885244122435,0.14903088021774,0.135485465455313,0.1201483095162,0.126464177904343,0.124007457894795,0.112178308201959,0.098396026829769,0.0860647182580851,0.100453579674264,0.111319031764683,0.113865010040895
"CH4","1A2g_Ind-Comb-textile-leather","light_oil","ktCH4",0.000847836760577737,0.000966981286506996,0.00109381794233471,0.00173372620284648,0.00228700221388843,0.0027513710276058,0.00333380265607427,0.00374222812877479,0.00436812672984609,0.00509331846584713,0.00532259113703601,0.00694191279379334,0.0122669869060173,0.011900405639215,0.0119012792278234,0.0120451348173357,0.0124315769834717,0.0135106119565638,0.0139154099126295,0.0136087284442453,0.0267133678177483,0.0249047955700377,0.02695774241597,0.0269505572090701,0.0243355631942651,0.0279259209916249,0.0236843758538546,0.0234588291587935,0.0279375755945583,0.0260598428412946,0.0269718508719027,0.0280932004346133,0.0293549077129632,0.0271930842556589,0.0220882064310733,0.0204462974219542,0.0237293043456422,0.0221473091015101,0.018127631477564,0.0167935781551043,0.0161123777232713,0.0182875478220302,0.018266395332122,0.0173121059313257,0.0176306696358377,0.0155218502811308,0.0169435468032787,0.0154865846720977,0.0205117805975843,0.0194823399177651,0.0178119569974666,0.0177139999148196,0.018801556344489,0.0188025615640441
"CH4","1A2g_Ind-Comb-textile-leather","natural_gas","ktCH4",0.188227912710431,0.274166043130383,0.364641179793073,0.376946337033831,0.411077690095994,0.405490419635427,0.457797347464467,0.482293490611687,0.638109779443992,0.676170893308432,1.17726686148526,1.18682832297553,1.17253341155069,1.28501322996117,1.2414497950026,0.897859252935779,0.951427382320156,1.03554870581811,1.26548128312827,1.32085475619616,1.72239965770615,1.9630268477483,2.04040450534488,2.49429546800062,2.6663394548504,4.94264335405066,6.03482903803514,5.69180324735948,5.62648412980946,5.55368586454127,7.01853874054866,6.48739591257968,6.38156573044159,6.9344303415107,7.23835746995418,7.1670393674866,6.77542085790282,6.31047028353775,6.41243506455338,5.68277185347871,5.90180388928166,6.01574538113515,6.16066341722393,6.55820603184421,6.48105838445774,6.7511967137708,8.55798827462784,10.2928123617319,10.4701857167359,11.2692971427971,10.9590000420868,12.4108841313027,10.4232547590331,10.522429559206
"CH4","1A2g_Ind-Comb-transpequip","biomass","ktCH4",2.75958796680767e-05,3.10453646265863e-05,7.41571371285721e-05,0.000436440345562166,0.000450197935755847,0.000467302120060329,0.00184105153866954,0.00148365834204748,0.00233307713709307,0.00229516292448116,0.000402252741498222,0.000322940333540231,0.000421280905815922,0.00046307295506803,0.000134167312239624,7.86401096787577e-05,0.000316565166423767,4.69102796439767e-05,0.000319255232319841,5.96747318863388e-05,0.00913847595133716,0.011216536001467,0.0119318819070976,0.0136743824084549,0.0152185575584384,0.0214618218516281,0.00910219014198313,0.00859096529246036,0.0080859221391544,0.0103705012448121,0.00767806365897174,0.00816551365614037,0.0102470659747142,0.013327832559749,0.0154953668840197,0.0158739982748265,0.00246501420517591,0.00166730678729761,0.00168744794256313,0.0019102351065816,0.00370269347785692,0.00308060668873514,0.004845115353273,0.00460209267308925,0.030199556353085,0.00804133366930912,0.00765264626341262,0.00812108995274765,0.00847836455222477,0.0100358579031776,0.0114210577410708,0.0119658743938407,0.0115613537554179,0.0115794544858147
"CH4","1A2g_Ind-Comb-transpequip","brown_coal","ktCH4",0.312612125907873,0.336732578258074,0.318089120585709,0.29128015727048,0.243253523126047,0.250388660681274,0.252237912378499,0.271887886954913,0.260629236187249,0.300470863911112,0.246670219072633,0.252073208541304,0.243684861190589,0.262001416575244,0.296171539278353,0.294156685672368,0.307283383723733,0.335213805122197,0.317944281317008,0.271898350754001,0.14727246899095,0.123955568086027,0.127089691232477,0.0937776065488911,0.0695262882013412,0.0441363835174464,0.0197258988554563,0.0165894335281127,0.0122473466900442,0.0107639470969147,0.0144723906127304,0.00838614725137773,0.00881954668068116,0.0109912221062488,0.00745339001288159,0.00543311281531347,0.00417973478548331,0.00555134307029437,0.0058877858455067,0.00485674702500656,0.00695501367365632,0.00658404886575822,0.00681577391704931,0.00600751013921032,0.00449950622432581,0.00390430165521134,0.00338226541390784,0.00356920533532605,0.00333064423774193,0.00139423380442506,0.00184955958131782,0.00184164665096898,0.00126479675047564,0.00110573785001162
"CH4","1A2g_Ind-Comb-transpequip","coal_coke","ktCH4",0.0378971919079332,0.0276097137764141,0.0277234893573403,0.0312420750340911,0.028286706868199,0.0185057910811623,0.0168828188313049,0.019276962027501,0.0173008529989154,0.0177785303178705,0.016611365374478,0.0203057709408107,0.0158771299887829,0.0135006874087958,0.00806091671600289,0.00840899796489995,0.00800412815351112,0.0079131387935586,0.0104593455039441,0.00706248894561609,0.00998178880409223,0.00815153142122479,0.00733868122941456,0.111383293661484,0.113653950219171,0.128343786476664,0.133057100580152,0.12486190984832,0.134010014032638,0.131600134927617,0.115275496510497,0.131032063214187,0.121898776876862,0.140401528400736,0.145265929915413,0.198813285475809,0.205259989070364,0.267013356942347,0.340222133253858,0.335955451535741,0.286600015057601,0.300045923628527,0.342141681010945,0.361290244259786,0.3047072320244,0.240998046869731,0.229610445720677,0.136015967755346,0.0696118700147932,0.0395556056139241,0.0299410483365672,0.0288381202552523,0.0372171726272502,0.0377548871328828
"CH4","1A2g_Ind-Comb-transpequip","diesel_oil","ktCH4",0.0144252438277199,0.0160309403128074,0.019331403334694,0.0221565068959615,0.0199840300292884,0.0193268417348744,0.0224595329855916,0.0229662858129586,0.0260642570038035,0.026351190949679,0.0261837130967499,0.024309395433767,0.0266620727403673,0.0232151983748292,0.0231916919662704,0.0241804130381948,0.0227663359259402,0.0217289545738221,0.0202397454366815,0.0191638845384457,0.035565044098178,0.0371816698773753,0.0363198524264038,0.0507316197470394,0.0536239106109887,0.0614490994216021,0.0630376060589184,0.063758564937705,0.0655970929882671,0.0705970115143633,0.0919495970837129,0.0997736160984493,0.0937380872671655,0.0966557964065078,0.0925770940773399,0.0909338622657161,0.0776128617633518,0.0835369523831694,0.0963159655515436,0.0803026901761043,0.0870778789442263,0.0726770417606444,0.0649974269929418,0.0543904369854159,0.0528261610396392,0.0542429926482396,0.0553228268548126,0.0592370719688506,0.0575906412476692,0.0485982969210262,0.0475141772574952,0.0550814992514458,0.0566754469602706,0.059645518265491
"CH4","1A2g_Ind-Comb-transpequip","hard_coal","ktCH4",0.0372493931800705,0.0565622126266152,0.0954332165755855,0.0927623510697307,0.0860576151518826,0.0776809737028549,0.0835433982334682,0.0842503039390485,0.080249385578884,0.0849028005858549,0.0827594278657976,0.0788450646473392,0.0730120409238542,0.0722180756990402,0.0663707050664318,0.0620464268733128,0.0613842996296346,0.0580143335473967,0.0559149259472877,0.0520785040468945,0.0542791101619563,0.0406017148644016,0.0442498658083176,1.56930385145405,1.51698812801864,1.86384824492127,1.81514715314489,1.77361349197671,1.83915812085226,1.63669588137379,1.69987714804336,1.49121716287071,1.53590380396371,1.084645915264,0.940687224405921,0.989734312470805,1.15271654256506,1.07175480187935,0.948670456938201,0.910908191652187,0.987782065577175,0.915035598414444,0.964484914371598,0.91321321352098,0.61740919199561,0.550198841693443,0.437146250696215,0.442852147819412,0.205400906765211,0.13302772069059,0.113496503163893,0.117393307411639,0.134876267545716,0.132568444792574
"CH4","1A2g_Ind-Comb-transpequip","heavy_oil","ktCH4",0.0591156287083649,0.0775658571101089,0.0813455516072687,0.097307772904816,0.0849033115479024,0.082057584986946,0.0880093627319292,0.0882323448446502,0.0857072011933858,0.0777905380534297,0.0785084381285754,0.066901118124742,0.0624939494177537,0.0417970356707652,0.0370454909008401,0.0358156374727279,0.0304850867388029,0.0274635418679339,0.0243240167971823,0.0227167974824796,0.0235930285661347,0.0255669429741727,0.0239917889849979,0.0367904502321181,0.0644884311351506,0.0677741827014447,0.059698481712298,0.0787541866589819,0.116158089508506,0.136343818435543,0.127578834433601,0.114605328290389,0.112570061861962,0.0950728171926728,0.0634159397951975,0.0358719667166053,0.0501013258377062,0.045674634992167,0.0461551391338906,0.0381283100942313,0.0390672724282145,0.0521398054286269,0.0476721660178173,0.0277134232359116,0.0216032600288203,0.0247891133555817,0.0246502546826468,0.0207263561750983,0.0189725016646518,0.0145006097629604,0.0131329668690875,0.0162320805476822,0.0204626802836026,0.0191397437976629
"CH4","1A2g_Ind-Comb-transpequip","light_oil","ktCH4",0.00149979420299373,0.00189318528931535,0.00205793295653226,0.00235608376578771,0.00188030765581855,0.00520971193925655,0.00642169867863291,0.00602863108760785,0.00456113242979306,0.00431692550372726,0.00516637959274495,0.00471920935214656,0.00457412659314699,0.00374893195694989,0.00455853936327935,0.00479293385698978,0.0052567430813002,0.00583349101581485,0.00600234205598422,0.00610021067044037,0.0383369637259698,0.0362322341842963,0.0360807601745275,0.0383069088572223,0.038464065309297,0.0426062202447875,0.0456975615200166,0.0499855194938052,0.0470306825163248,0.0478410434501506,0.0494217306420765,0.0497627576800445,0.0491834756720839,0.0447122059604238,0.0461048067603839,0.0440911860035837,0.0483637798685525,0.0428949066565624,0.040022823991786,0.0383456378875866,0.0383564563625426,0.0367919349608629,0.0356554925786986,0.0361970702753704,0.0356705469374505,0.0291709510365123,0.0374924812216369,0.0366316456127204,0.0537689372325069,0.0413246958062413,0.0482917805406317,0.041422774235853,0.0420336913642097,0.0419582309290124
"CH4","1A2g_Ind-Comb-transpequip","natural_gas","ktCH4",0.130107978910948,0.200338704418107,0.220761485688778,0.241672557246398,0.311238536959626,0.306485139625452,0.338543785434558,0.364906270951541,0.383980618720592,0.414534402948264,0.393589778327938,0.417235645031436,0.416908760659597,0.434760368188336,0.636747802031917,0.660127821459296,0.675814189549671,0.742056583366975,0.718494843047196,0.755355204359938,0.891697514384664,0.9487025158039,0.992122621696582,1.17890749100911,1.43330026836326,2.27256325319215,2.39912730191176,2.47434767905247,2.69182216828537,2.6589094910763,3.18193442473746,3.35162629926685,3.37105089782239,3.72046196009487,4.16288161455742,4.08001152580837,4.17644897956471,4.98852929722831,5.36922621066738,4.95901098810151,4.96622258008084,6.12245633957386,7.11722127007849,7.84302703591342,8.15695453556929,7.66579003076515,7.87886727370731,8.94539502660612,16.226814989386,8.65912965532307,7.7794905595708,9.18159089020065,9.2364074717637,9.34680850366964
"CH4","1A2g_Ind-Comb-wood-products","biomass","ktCH4",0.18073566192002,0.169110744832953,0.191554651060051,0.273673683171496,0.328855685190838,0.321415210424107,0.346111598427519,0.365484446246546,0.376997253538991,0.399237193179859,0.40604635729061,0.397714943054925,0.400245549052821,0.406264405585014,0.498234313115038,0.485886873393493,0.469201845737673,0.48309964168473,0.508917474917538,0.524256351849699,0.514441101078049,0.583152719540117,0.560138575230792,1.11853878614404,1.22840698914871,1.3309266310263,1.66226955911932,1.68175756531193,1.69577604146981,2.02835849341762,1.67386437807834,1.60593527114594,1.57049437911695,1.78154388022721,1.98199606331039,2.11020224486001,2.1475135355004,2.12598610465466,2.14816460818127,2.13873476314342,1.94515603503932,2.05373098651641,2.18182584533806,2.46886607993279,2.44185297701456,3.23823298162782,3.58167496996392,3.77955028261253,4.14445246321986,4.23950306679771,4.20253248124451,4.84800097990778,5.10062207795504,5.10838196511114
"CH4","1A2g_Ind-Comb-wood-products","brown_coal","ktCH4",0.104750755218335,0.115597155161816,0.109323277282857,0.0968672738394735,0.0801565789495221,0.0832431211900511,0.0865190685163423,0.0935274858683038,0.0893584307019864,0.103800607849105,0.0806642011953138,0.0834593146185218,0.0791197239346827,0.0849776269870008,0.0912393431734721,0.0886009284181053,0.0929302615523945,0.101289667977979,0.0957191654818419,0.0790394572324884,0.0249497668948601,0.031949346162904,0.0292586230964072,0.0188973438986727,0.0144767118980319,0.0104336730083405,0.020213853509656,0.00970433703638724,0.00767665110723042,0.00310887844436548,0.00632030251731859,0.00440686644341108,0.00489113978538605,0.0082986585147619,0.000716084294522729,0.00119922021939934,0.00202955538051781,0.0028014712835315,0.00395964922541908,0.00259822585993217,0.00302526008607883,0.00361528077729846,0.00264430190241131,0.00136890646981316,0.00254115663178342,0.00208021820413437,0.00124726513401443,0.00107287993883589,0.00156630929064631,0.000885968303380253,0.00085567279407236,0.00136890899279921,0.00388468052897836,0.00123001804059528
"CH4","1A2g_Ind-Comb-wood-products","coal_coke","ktCH4",0.00232143580271952,0.00255684778991576,0.00265423349041294,0.00201943526571834,0.00196597654228612,0.00116439306185505,0.00132323432739444,0.00160118667129418,0.00172032412241506,0.00172167495977725,0.00464279126318221,0.00402586453681932,0.00430913670546241,0.00432179503627539,0.00420156081139663,0.00412218428725754,0.00114844472868337,0.00120196538628217,0.000989723064330117,0.000752525840275269,0.0057335853909898,0.00458646132615269,0.00776922062066337,0.00461645141724492,0.00730044338312989,0.00749982210211723,0.00700827192704393,0.0117924911250219,0.00944155419480722,0.00754783101680153,0.00792457999087195,0.00750488990832555,0.00673486043085438,0.00771977846214604,0.00565683013151972,0.00544687656112186,0.037188302094813,0.0360778599926323,0.036863986519736,0.0321782061245932,0.010196747339672,0.00838119351174783,0.00700700210781346,0.00474157574486252,0.00515589125063733,0.00575508874822474,0.0045319610607173,0.00209062844258944,0.00156721482516083,0.00104432317839082,0.000173975532884718,0,0,0
"CH4","1A2g_Ind-Comb-wood-products","diesel_oil","ktCH4",0.00863975154164904,0.00815264470236168,0.0108834655580651,0.013771549368996,0.012271281935043,0.0123239247853695,0.01546186289819,0.016297839181327,0.0224455700606112,0.0239958781276183,0.0233539309266986,0.0213596418795545,0.0210214895988605,0.0154359712948988,0.0160926118552362,0.0166211673932084,0.0168352383552964,0.0171610953246805,0.0162289821027626,0.0151339605975556,0.0261104382987733,0.0242287389342522,0.0284382023491233,0.0255733772996885,0.0273648699722226,0.0425771914437741,0.0426941675676474,0.0400636015906954,0.0396667019507954,0.038944763682068,0.0418714399579238,0.0459063363066766,0.0462612773609518,0.0468874802632502,0.0593723503650036,0.058351367400393,0.0519352377642847,0.0504801815125891,0.0601294790146489,0.0585747432737629,0.0687234090532696,0.0316403749355955,0.0365970647011533,0.0411724812951196,0.0425752666064745,0.0447229427600567,0.0458015551394743,0.0490715499694953,0.0452482897835964,0.046414001259045,0.0439828952609092,0.0487709259527584,0.0464647910816464,0.0474104958343578
"CH4","1A2g_Ind-Comb-wood-products","hard_coal","ktCH4",0.0154322874424375,0.0184918428199298,0.019295202399242,0.0192267348301269,0.0189970646869663,0.0197041462803606,0.0210567933049519,0.0203598903918418,0.0225721377179579,0.0236166797275717,0.717821755624444,0.700206548091639,0.698632300032288,0.730598151943547,0.795114512817829,2.31121103732665,2.3748161059712,2.5680705717355,2.73865599417899,2.80872637084741,0.62347765810841,0.643528752171146,0.769708030693657,0.807855603267855,0.866342385889619,1.16756285163046,0.946548262354167,0.919269524975175,1.03917830701216,0.811368863148186,0.867097037759079,0.796229917895347,0.731803822246323,0.788889366474017,0.991487375869579,1.05102232441758,1.07525820567017,1.09295792942615,1.12685623814723,1.15461618516366,1.11537754348102,1.0964748536796,1.0630004786738,1.01901396550636,0.866889155986877,0.797534213190308,0.559164053125551,0.349553481940255,0.11694566185067,0.0911076531597827,0.0663441983986879,0.0605566980308254,0.0282410384386663,0.0281166270509789
"CH4","1A2g_Ind-Comb-wood-products","heavy_oil","ktCH4",0.0241513894282541,0.0294388080080365,0.0309612587820506,0.0469654107166628,0.041299947934784,0.0391899863249377,0.0454292231606943,0.0465754671579603,0.0463867268203195,0.0450653315386494,0.0497038796340989,0.0511026590880628,0.0450583889005898,0.0342100461911029,0.0310282740068976,0.0290245628604085,0.0281826787183935,0.0277425372890529,0.0309810996564585,0.0313818750031364,0.0296581586657155,0.0311793521089859,0.0319123515397161,0.0353540694683587,0.0462088667289315,0.0428807641788973,0.045408905846223,0.0515961513458889,0.050497128343141,0.0490682802114664,0.039008128502704,0.0338423979236041,0.0307520118107959,0.0292554005256233,0.0247668227603256,0.0234089372702172,0.0315739574515943,0.0277629245063263,0.0205643694441213,0.0162705516952043,0.016006374195265,0.0122619485823176,0.00961231135770499,0.0110884080291053,0.00766476988167476,0.00751956939859575,0.00862195528366532,0.0083680590900171,0.00802813997662633,0.0364452707661981,0.00668836300359609,0.00594935770692459,0.00563179066341521,0.004504978079338
"CH4","1A2g_Ind-Comb-wood-products","light_oil","ktCH4",0.000309605714916147,0.00058250304833899,0.00063496925726943,0.000976500432373384,0.000971980999065818,0.000676878596782944,0.000763785507746612,0.000687045282721439,0.000540849821074318,0.000544542321549737,0.00065171366411398,0.000658831420990594,0.000649287711974211,0.000706418252480457,0.000699084767461987,0.000985854961673971,0.000599035953313216,0.000575696670765113,0.000633709444824954,0.00103967340746194,0.00414527244387094,0.00394962765943173,0.00366707064868787,0.00508563502440931,0.00538034504534065,0.00837194979207792,0.00883414631725019,0.00832823619705667,0.00656163468317011,0.00774506147660852,0.00734097706193876,0.0071921664919243,0.00726602352232036,0.00731104415437752,0.00761009659418087,0.00736104370856832,0.00751548811586282,0.00735308981454708,0.00601639981873219,0.0059046777085428,0.00635340668703824,0.00523206761299888,0.00487917955355175,0.00513977371636227,0.00477149588901197,0.00485909191374377,0.0053175646335202,0.00605212533986667,0.00675929745462691,0.0076167125728041,0.00811756149888502,0.00702025324567556,0.00550709655136748,0.00552214029435381
"CH4","1A2g_Ind-Comb-wood-products","natural_gas","ktCH4",0.0105376266047505,0.0193361515130278,0.0194526003675563,0.0217894697457781,0.0229096715530783,0.0431638814535459,0.0431561812003154,0.0501515843871721,0.0629039872492568,0.0534656478621829,0.0553400172876259,0.0586572719335785,0.0535195245015182,0.0530884054251362,0.0710124410633571,0.0798753898893005,0.0888787635982254,0.0994708636489085,0.104079893069812,0.112188308606798,0.168261791971205,0.174854536706159,0.144328031752581,0.170258384361176,0.247299956479824,0.565560878449045,0.574402338101642,0.67286244333479,0.686938168958028,0.723688463011042,0.838444053118395,0.823937285180966,0.888362203240288,0.802371836360255,1.40194701409451,1.16616631465001,0.946728942905444,0.992258957338679,1.09320865304528,0.996216887476665,1.0181708275273,1.22651093863494,1.07570040671409,1.11584633150662,1.09330496039021,1.26202972626884,1.37924715800436,1.44248051848665,1.51032230381106,1.35548320848839,1.2205165168209,1.36471940815849,1.26084767914058,1.24985833649273
"CH4","1A3ai_International-aviation","biomass","ktCH4",0,0,0,0,0,0,0,0,0,0,0,0,0,0,0,0,0,0,0,0,0,0,0,0,0,0,0,0,0,0,0,0,0,0,0,0,0,0,0,0,0,0,0,0,0,0,0,0,0,0,0,0,0,0
"CH4","1A3ai_International-aviation","brown_coal","ktCH4",0,0,0,0,0,0,0,0,0,0,0,0,0,0,0,0,0,0,0,0,0,0,0,0,0,0,0,0,0,0,0,0,0,0,0,0,0,0,0,0,0,0,0,0,0,0,0,0,0,0,0,0,0,0
"CH4","1A3ai_International-aviation","coal_coke","ktCH4",0,0,0,0,0,0,0,0,0,0,0,0,0,0,0,0,0,0,0,0,0,0,0,0,0,0,0,0,0,0,0,0,0,0,0,0,0,0,0,0,0,0,0,0,0,0,0,0,0,0,0,0,0,0
"CH4","1A3ai_International-aviation","diesel_oil","ktCH4",0,0,0,0,0,0,0,0,0,0,0,0,0,0,0,0,0,0,0,0,0,0,0,0,0,0,0,0,0,0,0,0,0,0,0,0,0,0,0,0,0,0,0,0,0,0,0,0,0,0,0,0,0,0
"CH4","1A3ai_International-aviation","hard_coal","ktCH4",0,0,0,0,0,0,0,0,0,0,0,0,0,0,0,0,0,0,0,0,0,0,0,0,0,0,0,0,0,0,0,0,0,0,0,0,0,0,0,0,0,0,0,0,0,0,0,0,0,0,0,0,0,0
"CH4","1A3ai_International-aviation","heavy_oil","ktCH4",0,0,0,0,0,0,0,0,0,0,0,0,0,0,0,0,0,0,0,0,0,0,0,0,0,0,0,0,0,0,0,0,0,0,0,0,0,0,0,0,0,0,0,0,0,0,0,0,0,0,0,0,0,0
"CH4","1A3ai_International-aviation","light_oil","ktCH4",0,0,0,0,0,0,0,0,0,0,0,0,0,0,0,0,0,0,0,0,0,0,0,0,0,0,0,0,0,0,0,0,0,0,0,0,0,0,0,0,0,0,0,0,0,0,0,0,0,0,0,0,0,0
"CH4","1A3ai_International-aviation","natural_gas","ktCH4",0,0,0,0,0,0,0,0,0,0,0,0,0,0,0,0,0,0,0,0,0,0,0,0,0,0,0,0,0,0,0,0,0,0,0,0,0,0,0,0,0,0,0,0,0,0,0,0,0,0,0,0,0,0
"CH4","1A3aii_Domestic-aviation","biomass","ktCH4",0,0,0,0,0,0,0,0,0,0,0,0,0,0,0,0,0,0,0,0,0,0,0,0,0,0,0,0,0,0,0,0,0,0,0,0,0,0,0,0,0,0,0,0,0,0,0,0,0,0,0,0,0,0
"CH4","1A3aii_Domestic-aviation","brown_coal","ktCH4",0,0,0,0,0,0,0,0,0,0,0,0,0,0,0,0,0,0,0,0,0,0,0,0,0,0,0,0,0,0,0,0,0,0,0,0,0,0,0,0,0,0,0,0,0,0,0,0,0,0,0,0,0,0
"CH4","1A3aii_Domestic-aviation","coal_coke","ktCH4",0,0,0,0,0,0,0,0,0,0,0,0,0,0,0,0,0,0,0,0,0,0,0,0,0,0,0,0,0,0,0,0,0,0,0,0,0,0,0,0,0,0,0,0,0,0,0,0,0,0,0,0,0,0
"CH4","1A3aii_Domestic-aviation","diesel_oil","ktCH4",0,0,0,0,0,0,0,0,0,0,0,0,0,0,0,0,0,0,0,0,0,0,0,0,0,0,0,0,0,0,0,0,0,0,0,0,0,0,0,0,0,0,0,0,0,0,0,0,0,0,0,0,0,0
"CH4","1A3aii_Domestic-aviation","hard_coal","ktCH4",0,0,0,0,0,0,0,0,0,0,0,0,0,0,0,0,0,0,0,0,0,0,0,0,0,0,0,0,0,0,0,0,0,0,0,0,0,0,0,0,0,0,0,0,0,0,0,0,0,0,0,0,0,0
"CH4","1A3aii_Domestic-aviation","heavy_oil","ktCH4",0,0,0,0,0,0,0,0,0,0,0,0,0,0,0,0,0,0,0,0,0,0,0,0,0,0,0,0,0,0,0,0,0,0,0,0,0,0,0,0,0,0,0,0,0,0,0,0,0,0,0,0,0,0
"CH4","1A3aii_Domestic-aviation","light_oil","ktCH4",0,0,0,0,0,0,0,0,0,0,0,0,0,0,0,0,0,0,0,0,0,0,0,0,0,0,0,0,0,0,0,0,0,0,0,0,0,0,0,0,0,0,0,0,0,0,0,0,0,0,0,0,0,0
"CH4","1A3aii_Domestic-aviation","natural_gas","ktCH4",0,0,0,0,0,0,0,0,0,0,0,0,0,0,0,0,0,0,0,0,0,0,0,0,0,0,0,0,0,0,0,0,0,0,0,0,0,0,0,0,0,0,0,0,0,0,0,0,0,0,0,0,0,0
"CH4","1A3b_Road","biomass","ktCH4",0,0,0,0,0,0,0,0,0,0,0,0,0,0,0,0,0,0,0,0,0,0,0,0,0,0,0,0,0,0,0,0,0,0,0,0,0,0,0,0,0,0,0,0,0,0,0,0,0,0,0,0,0,0
"CH4","1A3b_Road","brown_coal","ktCH4",0,0,0,0,0,0,0,0,0,0,0,0,0,0,0,0,0,0,0,0,0,0,0,0,0,0,0,0,0,0,0,0,0,0,0,0,0,0,0,0,0,0,0,0,0,0,0,0,0,0,0,0,0,0
"CH4","1A3b_Road","coal_coke","ktCH4",0,0,0,0,0,0,0,0,0,0,0,0,0,0,0,0,0,0,0,0,0,0,0,0,0,0,0,0,0,0,0,0,0,0,0,0,0,0,0,0,0,0,0,0,0,0,0,0,0,0,0,0,0,0
"CH4","1A3b_Road","diesel_oil","ktCH4",41.9891971013854,45.812353303439,50.3895048642719,55.7504654237321,57.7403881003728,59.9122081320959,65.9204699427639,71.5787386599515,78.2956355774736,84.4602768680103,86.0702418254697,89.5819631692261,87.4995042358508,93.4343586780323,98.3724574519106,103.465265483529,112.743546354912,119.036343709807,128.841266281753,136.032391824712,145.864578668152,149.313589100874,153.575551439023,159.030664931915,164.9969118153,172.143569909683,181.518924646034,182.240079985662,185.311390068123,189.490123296571,205.547280889824,204.042230409765,206.031370670838,210.661039581485,222.38868156724,227.121607972367,228.949058444789,239.640329638515,246.999230440659,248.847658622831,262.902432150459,278.201582870833,291.668001845751,295.161874621449,297.746330905172,298.107639334876,299.700067412508,306.955901992165,317.994557205088,311.470627813421,288.380783627782,302.937968199735,313.601980149716,321.619318107979
"CH4","1A3b_Road","hard_coal","ktCH4",0,0,0,0,0,0,0,0,0,0,0,0,0,0,0,0,0,0,0,0,0,0,0,0,0,0,0,0,0,0,0,0,0,0,0,0,0,0,0,0,0,0,0,0,0,0,0,0,0,0,0,0,0,0
"CH4","1A3b_Road","heavy_oil","ktCH4",0.0798707602950605,0.0864824972234995,0.0891411769310062,0.0857259637209166,0.0904371792291337,0.0943950320192861,0.103086951958733,0.108096195654074,0.122924999927289,0.120574271235378,0.12810197710361,0.152753095233229,0.149694406679199,0.187358591148902,0.152933999612634,0.143219379525355,0.131099113498118,0.147997492052712,0.120411108312649,0.0800443631314209,0.0785836565986694,0.115392220568274,0.0874913910333767,0.0528048927035798,0.0313899326225119,0.0329696386874116,0.00979886015635536,0.0119019148296768,0.00630487197910846,0.00465311930565705,0.00384354157627851,0.00482761526653933,0.0123183194194766,0.00289163076953582,0.00563954836887462,0.00592270646872777,0.00363698039737317,0.00258492809714878,0.00473924846574888,0.0042504872423124,0.00234548589807694,0.00562579887820118,0.00578753028860099,0.00536796633935508,0.022451639483867,0.00465564495358284,0.00723681307698691,0.00364847958096372,0.00330878162614576,0.00807206335585759,0.00757680645501669,0.00729437196738867,0.00802880383042906,0.00762392078949337
"CH4","1A3b_Road","light_oil","ktCH4",619.422804188598,660.684245087802,706.832457923007,752.672435986288,749.131171172899,780.921412652511,811.791982598298,842.156107476588,886.628558112457,897.306874568465,893.470249271044,890.841041007037,897.962676075808,909.334193960274,928.22233094763,934.534410694287,970.685129056623,1007.8373523324,1049.66592869529,1083.1444781652,1095.69452956917,1105.12305236313,1129.8759873316,1150.08885969142,1146.35376375753,1170.7848964983,1169.57264417074,1136.15969845216,1093.92072113562,1040.64290355297,992.261758715944,960.821267853965,940.35474392144,912.716175214183,911.034428156262,881.489479021216,846.354110215626,848.696445139702,846.877447650806,836.53296962194,842.116522396956,828.797595239011,827.107299419579,839.73108242345,821.00073254653,829.049336489,811.212204615029,783.723435379218,758.769569624742,733.287660327661,626.838018222562,643.30130854551,642.890070936147,645.808172868325
"CH4","1A3b_Road","natural_gas","ktCH4",2.49932792722396,2.77256386970205,3.03748999719238,3.35877790932838,4.33768775285132,5.9708136219341,6.88181864799688,6.90281510265148,5.80624387284871,5.95206734715673,6.2697050959457,6.36459961342048,6.57646061883143,7.14681350272231,7.644461447741,8.24351532748859,8.65618518494988,9.62774021416972,10.2556806998263,10.9856890856173,12.7683044896901,14.9470446829693,19.2521883475845,23.5002863988571,26.6836275375877,26.4328956361303,30.7146586898407,32.4726371827432,37.5455104631186,40.0607758519807,51.6324284747769,57.0618545950518,66.4849774659549,94.5409776794645,94.7642496793704,119.909825858957,135.279277843221,149.104760864975,224.680295843977,273.034360461825,304.425576101412,345.343672334071,344.087856768256,348.532062352485,367.556198966402,380.201146951383,386.907443606822,399.658894459083,409.490517077956,437.557868664734,426.713549809218,429.481293745679,407.132924239938,413.908220460909
"CH4","1A3c_Rail","biomass","ktCH4",0.0255617550706454,0.0299755329811755,0.0288365834583222,0.0299040672233669,0.0269215635346409,0.0210431685654548,0.016793067710672,0.0173931688725708,0.0176932194535202,0.0203036595077803,0.0238071377414857,0.0214138466572932,0.0222382103526626,0.0184875780907947,0.0169658243810855,0.0152397581383847,0.0153881991724115,0.0185501760197266,0.0171389191656141,0.0142270378406746,0.0106903363493094,0.00966118201794527,0.0134922376741936,0.0180200857290508,0.0120909630454767,0.0161448536366886,0.0155126404359747,0.0147576265060373,0.0155444358367129,0.0109038161001433,0.00932344108205977,0.0105436400492573,0.00417584377436255,0.00355157760594456,0.000134156079652143,0.000790796564570656,0.000686123805634271,0.00191371218871395,0.000204296458980639,0.000125274839640396,1.64680700526156e-05,0.000117074597938103,9.21612120903935e-05,0.000399720755595945,0.000380107165405128,0.000116611767796637,0.000157678718486663,0.00013249408045058,7.71865543991311e-05,3.79372381392045e-05,4.5237849642783e-05,2.21113694044017e-05,4.32555971963274e-05,4.23327562794417e-05
"CH4","1A3c_Rail","brown_coal","ktCH4",0.309307896866146,0.342605320994856,0.33261836294208,0.318004165116618,0.304179160122379,0.273674833159973,0.25470293850972,0.239333902940617,0.233814915957057,0.231235243259003,0.222100400820578,0.204702458378834,0.206484435146259,0.190169967426705,0.177110282959629,0.162960435498288,0.159201125704669,0.157749710947349,0.172544277879011,0.145564337890966,0.114360129551022,0.0818833304882147,0.0652893732945711,0.0468957645526167,0.0251110011571199,0.0177434846941431,0.005912738020674,0.00480315124713522,0.00039905517776667,0.00273347644334316,0.00355418858661731,0.00361072282352941,0.00363683342245989,0.000827112314807185,0.00299870907038211,0.000164105073811934,0.000225856364895825,0.000578308127538648,0.00022665815569077,0.000227138485698434,0.000261114744719442,0.000183446116163865,0.000198967395682295,0.000425230036768007,0.0025214248954615,0.00228382356260629,0.00228389394132758,0.00327903237232107,0.00194138996468672,0.00275768193176679,0.000440736371265248,0.00033344140074013,0.000351003180870736,0.000407242785056796
"CH4","1A3c_Rail","coal_coke","ktCH4",0.0135758730205437,0.0130899120206527,0.0135960155161136,0.00908122631147401,0.00840359444397337,0.0084708885604121,0.00841498896412811,0.00906337852448489,0.00841726786815906,0.00790926891392568,0.00866741823799458,0.00847993753773819,0.00773729045782977,0.00738366164787828,0.0077039548598272,0.00868033684511867,0.0082925392903939,0.00931850981170704,0.00799114793102991,0.00845008400107215,0.0102685885989946,0.00889045383788463,0.00966075504382398,0.00850671329842856,0.00169319764336392,0.00226931036809574,0.00118494235052206,0.000951298694704627,0.000932011517062532,0.000782317689334006,0.0006874398425279,0.000270636344895062,0,0,0,0,0,0,0,0,0,0,0,0,0,0,0,0,0,0,0,0,0,0
"CH4","1A3c_Rail","diesel_oil","ktCH4",9.53607449247756,9.25428627203962,10.1313247985468,10.9524826255972,11.3328099631882,10.6743600971162,11.106078725337,11.3137685172875,11.5509232755734,11.8617552690331,11.4912274627363,11.4075141265595,10.9618896728002,10.1046176411948,10.5608875248643,10.2640437744971,10.5361435075786,10.6479397583379,10.9801366526019,10.9375706350233,10.8834258325844,10.3291027179791,10.2849751189299,9.64192632913253,9.19127914125359,9.12904088023309,9.15584444444947,8.7485290896033,8.28599365600085,7.9523257971558,10.4782271454615,10.1242972899871,10.02736578913,10.3050750838264,11.0317420083131,11.6794017337081,12.0594138636293,12.1283978153189,11.6290262811383,10.1915121561102,10.4999352920711,11.4785038173527,10.9916394766266,10.8007444272567,10.4493064623596,10.0341139903365,9.78580719872047,10.0038396282856,10.4578731137175,10.4218619278069,8.80104529602689,9.49798570011359,9.94063431310708,10.164446842092
"CH4","1A3c_Rail","hard_coal","ktCH4",4.04568523340826,4.07792014880648,3.7958466644206,3.55006087774747,3.24182521184246,3.33434840398145,2.93384864430735,2.87775614704966,2.55122767047405,2.38434036905636,2.30088387247354,2.22491969203441,2.12701267583093,2.01256785019912,1.9009331772244,1.81761427016213,1.70467658874165,1.58878857590802,1.39822502642797,1.24577251039138,1.07228686327259,0.944516042127028,0.826979575169324,0.656961618767483,0.433437379205946,0.344927590007471,0.276438851000668,0.184014555491574,0.140860514872662,0.0902058743574144,0.0511505239329119,0.0231439208202417,0.0122210050141206,0.00716245976205541,0.0128156606893443,0.0127666230196146,0.00704175817292394,0.0106780637721184,0.00940587363754004,0.00887600023934535,0.00889342653718355,0.0102613649643546,0.00793131306333174,0.00703253863756434,0.00973911228595798,0.00829191009152942,0.00587352261056391,0.00810726185086552,0.00936576307993489,0.00896623106901237,0.0115980427125739,0.0101382531300113,0.0121022060637175,0.0118019303290751
"CH4","1A3c_Rail","heavy_oil","ktCH4",1.62801815470808,1.44966662186014,1.29421555560189,1.31718325936993,1.30977277679821,1.26115715147916,1.11050349776291,1.11093968159692,0.991534460082904,0.989127610082298,0.976863438476146,0.907965409924475,0.754493772143102,0.655955206054035,0.585722092171293,0.512012406475939,0.411173755163283,0.403404751141186,0.333504283249599,0.307287965485083,0.361914809246336,0.465141553547565,0.331753989974078,0.216473564743041,0.162563334498873,0.155599407095163,0.106824073191829,0.0699113856122563,0.041829874054673,0.0546590550974161,0.0502246653043757,0.0340427465148899,0.0342644107022404,0.025779727038665,0.0321537687453096,0.0435067535068841,0.0438468732203438,0.0232323736724192,0.0255507538442008,0.0206476088932047,0.0189221963846193,0.0128068994247839,0.0103730294828912,0.0187204311831739,0.0321757221333078,0.00655216544807703,0.00928925147682523,0.0101371257672309,0.00918700833468269,0.0128925435965354,0.015245514800776,0.0158121408340376,0.0188191189541193,0.0177355060306621
"CH4","1A3c_Rail","light_oil","ktCH4",2.34715470392115,0.125327452370256,0.129890830298327,0.108687244728592,0.101724227561177,0.104045233283649,0.0389784395375732,0.0389784395375732,0.0389784395375732,0.0461773572556057,0.0455931455475396,0.0431935063081954,0.0335949493508187,0.0335949493508187,0.0335949493508187,0.0358749605389958,0.0358749605389958,0.03827459977834,0.0411620411540509,0.0411620411540509,0.0363627626753625,0.038453683935967,0.0379640004731796,0.0378071695312643,0.0376493042707574,0.0372021501274406,0.0368250411628731,0.0286000343033094,0.030270184006272,0.0328352330204623,0.0206015593891068,0.0167952907293918,0.0179392238322978,0.0151057559199724,0.0149426819892052,0.00018591502,0.00018591502,0.00368701555439006,0.00391263805147604,0.00483119394741076,0.0494599527264969,0.0389204712596246,0.0353731946519154,0.0442925074234365,0.035761521563232,0.040046848829907,0.0320945213895087,0.0327674833927632,0.0330949603719183,0.0348393715247341,0.0311342990850145,0.025870528849419,0.0253275760629006,0.0242003825641733
"CH4","1A3c_Rail","natural_gas","ktCH4",0.0926089494037781,0,0,0,0,0,0,0,0,0,0.00252783496160841,0.00252783496160841,0.00505566992321681,0,0,0,0,0,0,0,0,0,0,0,0,0,0,0,0,0,0,0,0,0,0,0,0,0,0,0,0,0,0,0,0,0,0,0,0,0,0,0,0,0
"CH4","1A3di_International-shipping","biomass","ktCH4",0,0,0,0,0,0,0,0,0,0,0,0,0,0,0,0,0,0,0,0,0,0,0,0,0,0,0,0,0,0,0,0,0,0,0,0,0,0,0,0,0,0,0,0,0,0,0,0,0,0,0,0,0,0
"CH4","1A3di_International-shipping","brown_coal","ktCH4",0,0,0,0,0,0,0,0,0,0,0,0,0,0,0,0,0,0,0,0,0,0,0,0,0,0,0,0,0,0,0,0,0,0,0,0,0,0,0,0,0,0,0,0,0,0,0,0,0,0,0,0,0,0
"CH4","1A3di_International-shipping","coal_coke","ktCH4",0,0,0,0,0,0,0,0,0,0,0,0,0,0,0,0,0,0,0,0,0,0,0,0,0,0,0,0,0,0,0,0,0,0,0,0,0,0,0,0,0,0,0,0,0,0,0,0,0,0,0,0,0,0
"CH4","1A3di_International-shipping","diesel_oil","ktCH4",1.04813767444572,1.06716599092726,1.14830406539755,1.19426549738264,1.10264847316015,1.07906598973489,1.15042051587206,1.19393256475333,1.2868808885497,1.240599262113,1.16146345151423,1.17819844957735,1.17628119091974,1.10535904060132,1.15908984661581,1.1662655815384,1.20435365387613,1.28881617398698,1.34733280001911,1.48639819162078,1.60702997919185,1.56142249107867,1.50977464612728,1.6160159132694,1.71217731115503,1.76642984076932,1.77174021778868,1.96159011137821,1.96608233709977,1.8442926259735,1.97764156186035,2.14907433200054,2.0932494403969,2.16338511855482,2.26842418699758,2.20723596464756,2.35755705639502,2.37063611973619,2.33095579556922,2.09458828260517,1.83429396929183,2.15054718449692,1.70429204459929,1.88066163519429,2.11346847996969,3.10972912835782,3.1595380674089,3.26890045403726,3.25996324325837,3.58338568196373,2.98228618099536,3.03386101801874,3.04018416130373,3.33385262240991
"CH4","1A3di_International-shipping","hard_coal","ktCH4",0.00649202494627448,0.00425706553854064,0.00297994587697845,0,0,0,0,0,0,0,0,0,0,0,0,0,0,0,0,0,0,0,0,0,0,0,0,0,0,0,0,0,0,0,0,0,0,0,0,0,0,0,0,0,0,0,0,0,0,0,0,0,0,0
"CH4","1A3di_International-shipping","heavy_oil","ktCH4",5.18071634370083,5.29622281627114,5.51241696683095,5.80270629159313,5.39289004632284,4.875969408886,4.97982237767022,4.90526765847062,4.83888218208914,5.06839096283041,4.97095190046996,4.48053433210402,3.90651865679579,3.66365691768576,3.78345567521314,4.21638251733085,4.53909381208883,4.68766872419173,5.18173475636395,5.60353994695947,5.5094103158527,6.09355075289544,6.30040803492977,6.59030523784796,6.88178024438378,7.11640780285159,6.96425706434986,7.58340248066742,7.53747700726665,7.68045706033204,8.3447398168529,8.28075466647459,8.50520113962783,9.08718427346847,9.92823396999936,10.737502242686,11.7599301818456,12.7780105853581,13.6324074145098,11.3300757592577,10.5289445658142,11.7470547106366,10.8587632779502,10.5072926475984,10.3851315821468,9.77412177881115,10.2885305776733,10.5642184196296,10.3918367868066,9.95969666954619,9.41602214674976,9.80583989066373,9.72146094156881,9.80424637625438
"CH4","1A3di_International-shipping","light_oil","ktCH4",0,0,0,0,0,0.00399693879861528,0.00506278914491269,0.000532925173148704,0.00293108845231787,0.00452986397176398,0.00452986397176398,0.00532925173148704,0.00532925173148704,0.00213170069259482,0,0,0,0,0,0,0,0,0,0.00156922645473591,0.00417932600557198,0.00340046023626466,0.00530903000232839,0.0034101031961771,0.00327688227941571,0.00044873805528907,0,0,0,0,0,0.000264440748062853,0.00132393119695822,0.00150368009866543,0.00119722880506591,0.00137028387266576,0.00217457387123689,0.00194640403126881,0.00186530445585392,0.00159873696090028,0.00155591585947007,0.0011377215507379,0.00148019259074744,0.004978807228993,0.00471372926071212,0.0434453831385461,0.0330054285278659,0.0014878729095292,0.00225092594915081,0.00228429388602146
"CH4","1A3di_International-shipping","natural_gas","ktCH4",0,0.00307611665571908,0.00319916106553771,0.00328864739913567,0.00346762247017654,0.00371103220461082,0.00384718878738047,0.00403723156123764,0.00425249788021368,0.00448367124254241,0.00483865864571641,0.00516110519972674,0.00553014548051103,0.00664062142443198,0.00696028639392953,0.008123813170221,0.00718413285662177,0.00856802290065748,0.00875799464508611,0.00954570239118205,0.0131314465129584,0.0124192878583407,0.00745699213513985,0.00306383835820979,0.0035386802937087,0.0036530088181661,0.00356322249390585,0.00143528218493501,0,0,0,0,0,0,0,0,0,0,0,0,0,0,0,0.00169254378046579,0.00331738580971294,0.295188662213396,0.435435096587832,0.77332889510742,1.17745757356924,2.18532526930252,2.93948290906903,4.41068634530901,3.49121231269182,3.4086370813607
"CH4","1A3di_Oil_Tanker_Loading","process","ktCH4",0,0,0,0,0,0,0,0,0,0,0,0,0,0,0,0,0,0,0,0,0,0,0,0,0,0,0,0,0,0,0,0,0,0,0,0,0,0,0,0,0,0,0,0,0,0,0,0,0,0,0,0,0,0
"CH4","1A3dii_Domestic-navigation","biomass","ktCH4",0.00768241935766415,0.0119895621012607,0.0103868442882387,0.00921562742487647,0.00520883289232146,0.00400679453255498,0.00360611507929948,0.00320543562604398,0.00280475617278849,0.00240407671953299,0.000400679453255498,0,0,0,0,0,0.00203649211077244,0.00203649211077244,0.001714940724861,0.00175066865662894,0,0,0,0,0,0,0,0,0,0,0,0,2.71816367459644e-05,0,0,0,0,0,0,0,0,0,0,0,0,0,0,0,0,0,0,0,0,0
"CH4","1A3dii_Domestic-navigation","brown_coal","ktCH4",0.00170878374192209,0.00189645128903368,0.00198144782009768,0.00209891033515378,0.00221786228066053,0.00227419964997184,0.00236504140809139,0.00234530982946279,0.00240152120465743,0.00237759582185965,0.00250122304905285,0.00232142044498406,0.00233567577932736,0.00220885977943591,0.00204470966420802,0.00189791463575638,0.00190066029356464,0.00191090252039033,0.00198540161631296,0.00183217865301393,0.00157730675677646,0.00121163611387395,0.00102940673679898,0.000681029796098724,0.000441048988222456,0.000206869019745737,2.17623012587382e-06,0,0,4.67857946690599e-07,1.65685314771585e-07,0,0,0,0,0,0,6.37356346486176e-05,0,0,0,0,6.37356346486176e-05,0,0,0,0,0.00025494253859447,0,0,0,0,0,0
"CH4","1A3dii_Domestic-navigation","coal_coke","ktCH4",0.000232714001259727,0.000290892501574659,0.000349071001889591,0.000232714001259727,0.000174535500944795,0.000232714001259727,0.000232714001259727,0.000232714001259727,0.000232714001259727,0.000174535500944795,0.000232714001259727,0.000232714001259727,0.000232714001259727,0.000232714001259727,0.000232714001259727,0.000174535500944795,0.000174535500944795,0.000174535500944795,0.000174535500944795,0.000232714001259727,0.000174535500944795,5.83016171253408e-05,0,0,0.000206746271350888,5.1686567837722e-05,5.1686567837722e-05,5.1686567837722e-05,5.1686567837722e-05,0.00051686567837722,0.000671925381890386,0.000723611949728108,0.000826985085403552,0.000671925381890386,0.000103373135675444,5.1686567837722e-05,0.000155059703513166,5.1686567837722e-05,0,0,0,0,0,0,0,0,0,0,0,0,0,0,0,0
"CH4","1A3dii_Domestic-navigation","diesel_oil","ktCH4",0.531924536730404,0.563570333978576,0.581976943087038,0.644338070868396,0.70159281169618,0.680638258557075,0.669226511218985,0.654658378226991,0.679379336737285,0.712554817895902,0.68763029874628,0.638798584740955,0.625724066625395,0.626397577049158,0.644256480634988,0.678880909789156,0.707281993378521,0.706928839465692,0.717688692724174,0.73398274681356,0.782809779046507,0.777929854373281,0.744468422930866,0.780043495183423,0.781045676701583,0.803768864216868,0.979477129172714,0.852845526135577,0.86789576778365,0.943144334804387,1.03069760861863,1.0245,1.032,1.13215,1.0535,1.06575,1.0974,1.14075,1.1785,1.1628,1.2669,1.5175,1.58765,1.6353,1.6149,1.6793,1.6906,1.75225,1.81315,1.7334,1.57135,1.68895,1.74925,1.84224772213146
"CH4","1A3dii_Domestic-navigation","hard_coal","ktCH4",0.0437925840734267,0.0329243169407227,0.0275507273148398,0.0239566655598293,0.0222487007424824,0.0176696105659987,0.0116337225906115,0.00832085435748975,0.0075297591105523,0.00706358491489014,0.0136915315198991,0.0112253634635095,0.00555957295349414,0.00810006980633647,0.023333149640896,0.0211891926370299,0.0211619735637521,0.0210505466486147,0.0184516821647154,0.0203245642442433,0.0182388288877884,0.0194045798838424,0.0208071278857722,0.021491836810674,0.0204218650805005,0.021095448463354,0.0204908777556214,0.0216994610467675,0.0209551378575412,0.0201123480993132,0.0196680685610118,0.025110645120352,0.0135154038712264,0.0190635642774716,0.0222085105975547,0.0447482886051457,0.0379896879142796,0.0399167355573562,0.0423163790020453,0.0401988086226054,0.020860732660736,0.0150435880722452,0.0131129606374562,0,0,0,0,0,0,0,0,0,0,0
"CH4","1A3dii_Domestic-navigation","heavy_oil","ktCH4",0.795721445123041,0.874768636600811,0.825285358017797,0.887229029044727,0.986674224376382,1.02670412059981,1.07722503968318,1.04915806521572,1.03381314817943,1.10297162382736,1.09272657149176,1.08115752246656,1.02675386343686,0.929175353552656,0.907797997536066,0.803243213563824,0.733806325816815,0.730900662456081,0.68554753460866,0.657406942973078,0.760567530392885,0.61251927738659,0.663069601259043,0.652280200937575,0.577565805659568,0.575676101199178,0.790586173673201,0.713288055398736,0.634264571022609,0.761951474541154,0.738010368023417,0.734927171650798,0.710065817124133,0.76748899652195,0.834106874246186,0.826109817598127,0.940861414693694,0.96275329490576,0.688986789920949,0.724835958137124,0.666011464893921,0.601898104866459,0.653436722049747,0.69118137753402,0.705318417853214,0.622714896068964,0.625969422326658,0.748173837184481,0.727934924732885,0.860124792807509,0.772874606021715,0.869277182959249,0.841533772020939,0.985877579933058
"CH4","1A3dii_Domestic-navigation","light_oil","ktCH4",0.981640490697736,1.090406525441,1.14235582427092,1.07109609649196,1.07323134870539,1.28344818100074,1.11264444851766,1.19871592823798,1.29274694290637,1.33207036323145,1.60612964656871,1.6767875344883,1.73265166166366,1.74935186756896,5.46455578818756,6.92818346535555,6.03659095844503,6.09530194770777,6.40283561421756,6.59142335486907,6.74830643154547,6.18849988582866,6.96256277058494,6.93020872934005,5.15888359722024,5.8813379689137,5.29858554142476,4.97431556446527,4.24477396614828,4.37371209876603,4.01710482472363,3.54083893742344,3.66267514279942,3.61936073320182,3.39618465731415,3.78363241638776,3.64974531420786,3.61778596269258,3.34792296760519,4.00084545790068,3.37816020364741,3.80004904670377,3.81071528684076,3.84289245207993,4.25492204229051,4.13782979814672,4.10815637379326,3.91717904458589,3.85113779835676,4.10574128275934,3.07231283498763,3.03212635652804,3.02514323002107,3.00713425914227
"CH4","1A3dii_Domestic-navigation","natural_gas","ktCH4",0,0,0,0,0,0,0,0,0,0,0,0,0,0,0,0,0,0,0,0,0,0,0,0,0,0,0,0,0,0,0.00529258440151652,0.00539244448456399,0.00609146506589637,0.0196724363603539,0.0312562059938617,0.0373476710597581,0.0369482307275682,0.175953466329662,0.207409392489619,0.221090223867124,0.231974972919299,0.274615228380574,0.351607352410182,0.467593428416682,0.671079504423181,0.801363061924535,0.864540079436721,0.991928822892219,0.822533399530601,0.788345519648553,0.784521875188061,0.906203737136667,1.16927429966299,1.13773334268673
"CH4","1A3eii_Other-transp","biomass","ktCH4",0.0353664142687196,0.0539067972110665,0.0531054383045555,0.0373248321455699,0.0207428670800731,0.0190785062742426,0.0157497846625815,0.0116197041444094,0.00249654120874579,0,0,0,0,0,0,0,0,0,0,0.0174740951822512,0.0163111434551047,0.0234079889904455,0.00460622485979875,0.000651727622156665,0.00115949819965012,0.00101285770911065,0.000729895339751323,0.00654643146471677,0,0,0,0,0,0,0,0,0.00287035830819681,0,0,0,0,0,0,0,0,0,0,0,0,0,0,0,0,0
"CH4","1A3eii_Other-transp","brown_coal","ktCH4",0.00276941898105963,0.00307845316374167,0.00322042963686521,0.00341661274819628,0.00361528790759349,0.00370942515252408,0.00386117337630617,0.00382829995050867,0.00392221879032323,0.00388231755507658,0.00408877119912049,0.00378855012866504,0.0038123339249504,0.00360055435281941,0.00332644097356367,0.00308131514260057,0.00309293550785969,0.00310132846289123,0.0032241483513977,0.00501653113629991,0.00262874220577178,0.00193861778219832,0.00174273722087854,0.00112733045131616,0.000725080682407355,0.000349421936471674,2.8927517516417e-05,0,0,7.69398087438246e-05,6.55561728602096e-07,0,0,0,0,0,0,0.000291663791267976,0,0,2.85367194976075e-05,0,6.37356346486176e-05,0,0,0,0,0.000446149442540323,0,0,0,0,0,0
"CH4","1A3eii_Other-transp","coal_coke","ktCH4",0,0,0,0,0,0,0,0,0,0,0.0042382985626932,0.00222252241702205,0.00237758212053521,0.00253264182404838,0.00284276123107471,0,0,0,0,0,0,0,0,0,0,0,0,0,0,0,0,0,8.28461844484629e-05,8.28461844484629e-05,0,0,0,0,0,0,0,0,0,0.000206746271350888,0.000206746271350888,0.000206746271350888,0.00020513735095127,0.000152664959057364,0,0,0,0,0,0
"CH4","1A3eii_Other-transp","diesel_oil","ktCH4",2.91987999413939,3.21072044496712,3.57166907050529,3.92398207869773,4.42838129836949,4.76320719679147,5.13606029665775,5.78230504993755,6.49002370796601,6.92188030181881,6.75241223694395,5.56135027113711,5.63338504372816,5.57390162081846,5.81712093527136,6.21438194407941,4.37358841573608,4.63887535001145,4.88455430648516,5.29767835819332,1.71145924831891,2.42480665319553,2.16793930561849,1.39031096101443,0.889763484856091,1.04626556930521,1.22008722160055,0.851916491398123,0.665521386968909,0.861743213565217,0.745808369935661,0.837850701701368,0.770488699284609,0.798578921935834,1.05635410234976,1.07715210976543,1.2368830320915,1.38702893262219,1.43432883875459,1.38376662896295,1.57042554480981,1.62730812670572,1.97377243334706,2.06377903910503,1.76251869674404,1.99051663825494,1.99412837273559,1.75810893825366,1.66990157497359,1.95470344339928,1.86282093110251,1.97567278435372,2.06472450353799,2.23614043278574
"CH4","1A3eii_Other-transp","hard_coal","ktCH4",0.0989693482601214,0.10730602486573,0.112262956616555,0.119109960082076,0.126044400573942,0.129334463000886,0.134633396209119,0.133494592187939,0.136776202087246,0.135389682203144,0.142592471023482,0.132122859971575,0.132950324723041,0.125561643216983,0.115999604078901,0.107449417281618,0.102506174068006,0.0982708871231918,0.0925397186101854,0.0832142115479849,0.0883693004711064,0.0620373128424361,0.0406022042454176,0.0271919905391639,0.0143256594159504,0.00676477842745413,0.000214577448936455,0.000183493852754955,0.000161387080120408,0.000152221961206897,0.000132462907627793,0.000139689547151737,0.000148432862738018,0.000159548943898711,0.00021791191342245,0.000338329699154924,0.00250877875399921,0.00303141006111513,0.0030472784009059,0.00343983702006116,0.00256640784736129,0.0118700071882364,0.00418432815438542,0.00281568064711407,0.00203951511481548,0.000170358309217129,0.00026071006482998,0.0759435381672749,0.0644896813807027,0.0729653666609056,0.0701713548885077,0.0567562429245283,0.0594482386363636,0.0646970657447301
"CH4","1A3eii_Other-transp","heavy_oil","ktCH4",1.1542401314474,1.24253878791498,1.33678881422025,1.4897052984486,1.62031679700241,1.85785262698585,1.98505450800603,2.09010397455447,2.15334730977567,2.16913643053008,2.2073499162756,2.25988220728192,2.22966547755582,2.01403005433766,1.73931880092466,1.51432071687384,1.55204594519336,1.42705010465741,1.29017238224024,1.18477086482753,1.09009955128414,1.00923052743172,0.744948517645097,0.550303220371619,0.329345523244127,0.213218390696197,0.0993825045570074,0.0492629536879301,0.0546263733785986,0.341752191623794,0.209465699318194,0.229463252668161,0.199209422791991,0.205230261025069,0.219087032568263,0.252912774521358,0.236375703377809,0.425510025367882,0.426661899310464,1.71742575039002,0.127732300625809,0.424161411345688,0.135951673375245,0.343111555379868,2.70104749522001,3.59672363049748,0.493181828735854,0.140275415763311,0.196255106772142,0.142917186712826,0.148325525425274,0.124656385351836,0.205228061821528,0.129823707654639
"CH4","1A3eii_Other-transp","light_oil","ktCH4",0.928489514233546,1.0059472214024,1.00726373878048,1.04663357129527,1.10254214811297,1.15067021862747,1.20079092823446,1.13532620201072,1.15811712160852,1.18854361342238,1.24443785006996,1.27858518650606,1.2662104560269,1.28487508509164,1.31259280731116,1.34186441897329,1.36554697963577,1.45912088433306,1.39916782183682,1.35632096096851,1.43107941805317,0.164356761206421,0.194562220505658,0.182634052352543,0.354727258355063,0.330227695844727,0.352332009200027,0.340556096537763,1.53482292476304,0.601422287844846,1.03960884379346,1.66864256521123,0.640229985427439,0.356034337334656,0.485467141854122,1.45630085911848,0.76554410989975,0.466019963706393,0.493968217378159,0.520056907435071,1.03413874814733,0.68997151098321,0.681261180478483,0.645303387026942,0.667041874239823,0.62211804761184,0.696862513493038,0.693582944249489,0.814561673624015,0.714289536925531,0.651515558895957,0.693613290868509,0.71551556028945,0.69414807086288
"CH4","1A3eii_Other-transp","natural_gas","ktCH4",118.182567119321,118.515994459627,121.923020004768,115.86327933005,108.739233296576,95.9114266632526,90.6901060010867,88.4300928275079,90.5001703214831,126.064051452011,133.671310706476,138.240753726561,129.619762978506,111.289477750053,125.019417319902,128.96160206665,123.782156629591,136.751293294588,161.885429162959,169.498463676185,173.910720553947,207.158511434112,257.523868640036,303.030732812699,338.504966784508,390.809413967024,424.383869460445,366.826120290139,371.060987100879,331.104781972224,273.189839092824,261.795426998374,267.617920622397,290.031371298465,284.363520571941,277.742965586495,269.94468460112,279.359352447163,267.945895537216,216.139948111869,247.871156061379,256.365773685425,220.277242509799,213.057651951069,203.994364433221,195.071326923654,205.296773722439,206.542966711432,210.690904541729,203.348902227027,164.218165364295,183.556624578683,183.28429297472,179.122697920162
"CH4","1A4a_Commercial-institutional","biomass","ktCH4",5.43855223246777,5.74178336308606,5.98299695370351,5.77292262436271,5.93492939578018,5.69187452253236,5.7945329675602,5.94099168840695,5.99338986146873,6.06096288371021,6.21671969780736,6.38013152050837,6.52972949122205,6.66328758482207,6.77261091849101,6.91941306883258,6.10762454931146,6.19301746137108,6.28237050927426,6.35385572839346,13.0587965382934,13.1873491243594,13.3917355250618,14.6887531569622,14.262874604612,14.6580116809728,15.1935023014701,14.5079469270995,14.3146021169127,14.3044017511393,14.3019824303334,14.2673773332328,14.1567908613815,15.1277012501201,16.0383328613806,16.0781188814145,16.5938416816714,17.0681956959616,16.9257360858237,17.2635930601947,18.8538555560077,19.894951528689,24.6637591448624,23.5605138901046,25.1972507204847,26.0178262492445,26.3342992875194,26.6270307941655,26.8462967675393,27.2724999649816,27.2516067182938,27.520321200394,27.5125890082674,27.1369318102195
"CH4","1A4a_Commercial-institutional","brown_coal","ktCH4",0.819209283082398,0.678368349944849,0.805028631012429,0.762665021218594,0.670828213662905,0.671027722862564,0.659351304048658,0.678148240149719,0.648273875744819,0.739319367448502,1.98277450764759,2.06520757091425,2.25321058488089,2.28700139798091,2.8662097245123,3.27738298394389,3.02012007739398,3.25998139179774,3.11873965572011,2.76499486536148,3.16082416029944,2.1581057100752,1.48892728641066,1.29627159050928,0.849213015766822,0.621396656090445,0.570612309606921,0.457139946313398,0.354894653146169,0.386452340348719,0.410871034497746,0.248955505168728,0.384986817243823,0.461983657166224,0.568487601658864,0.301601960745045,0.347715253074076,0.350184331611621,0.325103024456369,0.40580219983325,0.43958039842177,0.420668792096285,0.388470533338772,0.320735433594652,0.362705089447063,0.405666040299087,0.463561952707552,0.414168944331518,0.302358575158789,0.329850608000584,0.833961282234804,0.996944259277516,0.772074474999485,0.724617475558296
"CH4","1A4a_Commercial-institutional","coal_coke","ktCH4",0.507886587046109,0.653272769242425,0.653790913455283,0.739889893127917,0.716665460912968,0.715052722264914,0.69433141731068,0.633684218071762,0.656867857202535,0.649802541356196,0.636115632634397,0.540495100371857,0.729812433165364,0.722949490679186,0.897493563374762,0.995784725037974,0.97816132640907,0.965728483763951,0.940336569870757,0.888684675112854,0.473150932487991,0.37305366203258,0.400929215191362,0.390826165380472,0.354623601087577,0.339672902775947,0.628365282055035,0.371774702001587,0.253132262658474,0.242313465824519,0.202881364000368,0.174791039531961,0.193559351935414,0.194293625390456,0.184771390897927,0.162582130728988,0.16229975078254,0.175892347107345,0.0553852086279925,0.0672701231840573,0.0434674289354992,0.0763076139565221,0.0548654611675866,0.091739692983741,0.125382175347029,0.114625612063195,0.107462143475504,0.113437011054005,0.0651819287808378,0.0723127685837985,0.0527357986075924,0.0412301059848367,0.0394232245615086,0.0363947093041606
"CH4","1A4a_Commercial-institutional","diesel_oil","ktCH4",7.39091863573381,8.64544419487709,9.91313791095168,10.7996761152798,9.40715182974588,9.36393074482059,10.3446766170389,10.0981521367325,11.2825153188463,10.8103565721947,9.23161295841984,8.63033225734178,8.73677132319861,8.91094551724823,8.98474258580848,7.37773560715271,7.92679007438183,7.79626864421769,8.01439217119697,7.59011352601559,7.8379862316401,8.36309751937446,8.67860889107113,9.06850749636283,8.94652797955634,8.90135610220428,9.48410219910475,9.21974156526612,8.68139961293894,9.48620448840907,7.81788226280863,8.32286477333918,8.3517937646247,8.46330596295443,8.62562141563452,8.45653883606128,8.04391361419697,7.46762396513384,7.7970393075866,7.3494079779562,7.71841382779576,7.56225900956697,7.41944602498433,7.96622745758129,7.44833349571674,7.3372118528074,7.29470957440202,7.46716372172797,6.60936037914058,6.27407270968423,6.15374933485225,6.01573361201555,5.3462489045208,5.50520049813696
"CH4","1A4a_Commercial-institutional","hard_coal","ktCH4",6.64774520140217,6.67354227242266,6.94232852672332,7.17042060676856,7.41864007908547,7.56945645504241,7.87764252696625,7.96864466262274,8.36684227088757,8.7015388488553,8.45900418249897,8.2291147977067,8.58383025455163,8.62733325592936,9.12284861703908,9.92958633650861,9.76395711775388,10.2598663733672,10.7189839120853,10.5376523318507,10.3838607318184,9.95962053909459,8.06427902386916,7.21989369214643,6.44798773253305,6.23188804129976,7.64272632038435,6.37083176305742,5.77508996361807,5.62238764686364,4.51982205259968,4.82234925099774,5.27043461142781,5.87887457350449,6.34619223486507,6.85569764625324,7.16470971300256,7.72031952753823,9.89749671210719,10.0219177119653,8.88666126223941,9.38102592573558,10.2473544917889,10.3911024346885,10.1185893228349,10.0997041439419,9.9105915853933,10.073266673685,8.072221327646,7.49839814589246,6.87812430206306,5.91956615070054,5.5361846151927,5.74581415810094
"CH4","1A4a_Commercial-institutional","heavy_oil","ktCH4",3.99666579418232,4.0695035825766,4.10765433979811,3.82786890720772,3.43766038387659,3.19019537845557,3.38635027349222,3.28728211763362,3.14860346760074,2.69558065814242,2.77900397772267,2.38991485383218,2.30777665514827,2.0377492107272,2.08549673700443,1.73622868494164,1.71461735921531,1.57041305683093,1.6167479209237,1.48155473735778,1.13639375533634,1.02390238548227,1.00277567946031,0.910924449631708,1.08595612051184,0.93362273678613,0.991024076595867,0.791301723490013,0.937755436966104,0.901644334036401,0.883675689228827,0.914298324371297,0.906037855798458,0.935138743792365,0.963957515135418,0.887615345021805,0.77271536861543,0.70143113457634,0.647061197006297,0.633263131989967,0.568278717269594,0.598479711408883,0.511386095024933,0.419052737544196,0.366441617742346,0.469909368002619,0.428189530014273,0.434665810002021,0.347268069107748,0.348711651734229,0.312915926624361,0.352512011305801,0.345146523063177,0.381704007519634
"CH4","1A4a_Commercial-institutional","light_oil","ktCH4",8.29600363182126,9.39575547745017,10.056797555666,11.5427852092984,11.5797764120175,11.782942112154,12.8729008113633,13.1942915726729,14.1033847077549,14.4182278630683,13.2329737264716,13.4154673546727,8.49431507793078,9.00524009025782,8.81597448751952,8.98450274234354,9.11740864547534,8.67443280971622,9.4861655711071,9.58447272837951,12.4868719434385,12.0337868592514,12.1345406455977,12.9183891668365,11.9328676145467,13.0566259713373,12.5256379190143,12.7556331423722,11.7506739171242,12.5981364957953,11.8290952369346,11.3177591498885,9.80972728955183,8.99586158846241,8.28972989721585,7.33991239243824,6.35707486154452,6.25749820999391,5.61199271251311,5.55459401845686,5.60069619465854,5.30712259952077,5.22133576848277,5.34743509044561,5.04308890936047,5.49473684315484,5.82549054338106,5.56179744063254,6.37481396204991,6.38891925485135,6.0641217753658,6.2761422877094,6.2388594364747,6.35311852928389
"CH4","1A4a_Commercial-institutional","natural_gas","ktCH4",103.753294618883,114.424593643799,121.317643872605,123.188899052786,127.982052499148,129.982562431205,139.515487778794,139.22582270381,147.77234836413,158.313567744155,153.100788827083,155.191048618045,164.298625908621,164.459321699287,185.509512728974,193.502418524995,204.12720275421,202.878719637194,222.203707280754,229.042640990446,245.497050026237,264.559240363213,257.357011034414,255.398085447717,238.796729266106,258.00129324524,269.35657140326,258.306804555725,259.875178877031,265.831036961686,271.830137175416,275.082323977562,270.666517618265,297.965666434119,320.213085720758,329.536350339949,340.064375517356,335.555407676873,335.779145658391,328.096860083795,344.490121284825,329.503795126781,330.656098498222,346.034453491724,334.907374874398,337.818947462057,328.250127103656,330.397991194102,345.210567653128,358.941195051139,312.812572314003,336.504795845414,332.594485772264,327.007413853057
"CH4","1A4b_Residential","biomass","ktCH4",5863.08339811364,5955.76172529452,6039.05928901516,6137.63723624763,6223.74215031767,6328.63971718913,6422.05307414238,6507.53635813104,6563.28226523213,6675.67359165222,6748.46201569309,6754.82374160433,6796.53251694176,6825.74915800845,6912.00792618242,7024.29440098403,7092.54284472022,7199.17634279683,7303.99034811381,7406.39241227905,7561.51752960263,7653.30570114553,7681.88604440104,7725.26113880928,7690.25051061035,7750.3761023988,7791.0178469424,7848.92173687086,7876.63874177227,7929.43143811312,7913.81460135801,7781.0106100468,7789.74135289915,7799.41228484268,7731.80268695204,7685.50563619537,7675.35879795569,7540.12564835911,7469.56983307835,7394.41236280154,7335.43304256533,7240.62611011074,7136.86667035965,7115.79602503882,7072.5439096352,7022.94168336192,6944.73271579478,6949.86439031412,6905.87488507185,6842.53187370897,6815.22289706567,6839.76060772757,6800.98923614,6757.71575871756
"CH4","1A4b_Residential","brown_coal","ktCH4",21.6355901740717,22.5390037220157,23.2637387279205,21.8773639802898,20.5865784983474,23.0676915856181,23.6668627312851,25.0836611891559,23.8392461598617,24.5310266558525,21.7979958436788,21.6193465826366,22.7803441793774,23.8407375394463,24.376977284024,25.1576170388535,25.5705876224139,27.9800164424981,26.7726157629886,26.1149873291147,18.391346734435,17.359097368734,16.7998787059765,15.6202937550844,12.3697114921077,11.376710463548,11.073614757437,11.0099118278996,8.76904612398592,7.54602461262944,7.17208653319405,5.35428688445657,6.23600354908419,6.07108607913031,6.92022654992985,6.02529112826914,5.24865637907555,6.40879832866333,5.55866534203178,6.66832083774646,6.72736373738758,6.94231770903337,6.86511672920577,5.04411074843846,4.60178153445388,4.35297522281909,4.84027624626069,5.09547379781784,5.55586651331732,4.4011014914972,3.83332510933101,4.14267578161945,3.8191014289323,3.53730137872569
"CH4","1A4b_Residential","coal_coke","ktCH4",7.13175011105036,6.23972203502867,5.51203499048083,5.35090980226878,5.56203892650608,4.48431983505747,4.31133532663904,4.09168464178111,3.86478472345672,4.12393051947761,3.8237752329025,3.66902750790992,3.76109436867531,3.54051514021997,3.4835532224381,3.90417832811913,4.04193448032787,4.00624654676045,3.64547710927131,3.27202564112592,3.3687177135095,2.27301876869994,3.74712530990365,3.30904117586755,3.02604398543364,2.97840317412163,2.93041996561378,2.76246922742424,2.53988712789906,2.38116932062553,2.16526331145219,2.07859361708831,1.75567196105455,1.78857250260607,1.53189499564333,1.22729759095226,1.17804721139912,1.02951274450135,0.80815785644884,0.70895265304773,0.670076938843136,0.619597911242855,0.560307345845977,0.549819594294432,0.523097579375787,0.436689383984582,0.383037970603247,0.316984503690791,0.24286599190818,0.163970899421647,0.13968319044065,0.0990580215176493,0.0336393201517953,0.0277105475712001
"CH4","1A4b_Residential","diesel_oil","ktCH4",5.73774736332664,5.95756887215534,6.44141271435468,6.59475014876066,5.99561357807977,5.96597633143793,6.50140166547764,6.22351491054791,6.57527218033984,6.21486697982998,5.47008764636207,4.84163316638572,4.49987020063052,4.15620632675748,4.32002875557097,5.09032903125238,5.15661906679497,4.87602671682343,4.59315910492834,4.32774010182472,4.17400691065583,4.48294521602885,4.38732395812165,4.44012587447415,4.19309558262812,4.3174510690484,4.63116832824833,4.55244415497821,4.35320917622046,4.15857199091679,4.05723032028079,4.46745646686229,4.11924862687514,4.12558724246789,4.17341537841632,4.27499143219792,4.14200737180931,3.4428922782051,3.82152119429123,3.7010133963289,3.53467703676952,3.14597912641841,3.07091349294128,3.0639422223312,2.7004350446218,2.76555897373409,2.4638894924721,2.33982324265586,2.11952169416376,2.05551529759983,2.00102496861665,1.74362505646998,1.69534366844789,1.66846890927463
"CH4","1A4b_Residential","hard_coal","ktCH4",154.508065713182,155.789728834432,154.656515414713,155.184074808684,155.041814669103,166.110882223517,168.50620863591,181.136023256383,190.95228781495,194.910281498111,187.726302968927,190.062985324683,194.671662114316,197.435028001575,206.523824464009,229.208558685297,232.064581490525,240.894947985497,249.254070701211,239.14726831424,226.981920274269,219.29935158084,194.411571191465,190.985263917857,167.68442545798,171.186358368324,124.795147830351,147.016318246701,109.78291192514,104.416699824732,103.14708485828,103.947280374827,104.917368913018,110.986294871562,120.06848446816,123.91157801231,126.280883803305,127.61273886753,127.669226004695,127.489904840347,118.322617179572,119.579886846193,123.962951961731,124.371953183559,125.585792113341,125.808513266573,122.224784471938,129.567385959676,107.92645526026,91.8488612824098,87.6175393777456,82.3941552860888,76.6199388612206,78.20239241913
"CH4","1A4b_Residential","heavy_oil","ktCH4",2.61457585771911,2.47995974713001,2.41732051780584,2.50411534000971,2.08164649981735,2.14939031715681,2.06346974881984,2.02515597899812,1.76483101061202,1.74092747701922,1.32778331675859,1.28924760380399,0.993154160676774,0.946222942904956,0.849798665816947,0.968456191836073,0.758586291782235,0.74059542129983,0.736985286691397,0.758983815179256,0.760314602693987,0.697870857643426,0.701781878580716,0.648149958071898,0.475308869569881,0.510459622708879,0.496226928552395,0.389797510604972,0.343160531214137,0.381457906999479,0.333407378620434,0.325927168295069,0.285684685994117,0.270958027311106,0.20990020802494,0.185533103370324,0.192108448810539,0.162765327188313,0.180286742917698,0.136322773765949,0.0821857975851876,0.0861427441904669,0.0664411895511001,0.0379826857770333,0.0251613751643953,0.0270424788772433,0.0338190261260355,0.0416577999283017,0.0384751549648083,0.0348276645044309,0.0331852217034809,0.031544435240715,0.0344128733138212,0.0350986016936419
"CH4","1A4b_Residential","light_oil","ktCH4",4.9135788784691,5.28329690659715,5.60078253146828,5.82858803729529,5.80746200651136,6.06010648368266,6.42816382875871,6.68731773612709,6.91199287727419,7.09905831337472,7.07724002996996,7.20758174405988,7.57321803609234,7.94270015943647,8.39063394678555,8.48678385216674,8.98044641112863,9.3505512251026,9.87306698514843,10.2226955412702,9.75096314056669,9.50394318010305,9.57954394331361,9.62820492831218,9.84000465276425,10.11701892124,10.5358154023879,10.6366692287676,10.6016595077548,11.2665257108437,11.6357279178354,11.5441497677898,11.3139118420489,11.2178849435436,11.4444389666753,11.4376880532798,11.0331895671505,10.8228832754413,10.6315092675886,10.4586213185181,10.5435971874988,10.4249887033072,10.1733805974926,9.60302299133729,9.07708156740846,9.18674056217283,9.62621680235169,10.0458107019278,10.0503603304398,10.0050096376929,10.3060815931436,10.2886737158201,10.1352194851705,10.4235246273009
"CH4","1A4b_Residential","natural_gas","ktCH4",433.937029128088,467.815387291344,524.793880313592,534.554426464477,555.590158282412,594.510382502694,600.285530383224,606.654411886335,646.835009481666,682.790147301044,700.011332063322,705.415502822446,729.469272141269,744.778669257614,844.599525648386,920.688343579656,993.36853011612,990.021781148285,1044.12081752886,1079.32241193924,1148.70980837962,1286.11313206049,1255.29316445545,1358.90360922074,1248.14302073883,1264.86523965074,1310.95152256706,1245.30420746945,1218.72117025865,1268.21177187168,1310.93430818671,1338.94203711166,1332.30105938557,1371.27197507135,1389.17304723815,1393.62913261261,1387.97994039802,1396.54640851875,1429.3768527323,1387.93918794349,1481.21450956257,1454.41700539702,1461.09197319048,1504.92602597533,1422.0234058499,1438.59220338168,1464.29928653553,1497.60853228488,1554.52439142373,1678.54012986522,1625.75510131336,1754.61705492357,1683.70968641339,1673.76517885236
"CH4","1A4c_Agriculture-forestry-fishing","biomass","ktCH4",27.0424542063078,30.0365737684047,30.1779403353434,28.3191081078021,27.3710931611487,29.63241355676,29.3658784947575,28.6777603510826,28.0631994309979,26.9274572930883,25.847677821186,25.8020046187134,27.0328852080723,25.5240504343145,25.4528355865399,24.7408088300755,26.2050636313099,26.9103374954191,31.1773624002991,30.333027290142,26.4100309727085,24.9224319850473,26.503059251282,27.5836721707287,28.601443126564,29.2130541014166,28.2414978564029,27.7018720294806,26.6518380054586,26.0349906465281,25.1978093149789,25.1455525086675,27.028192440161,29.0241009668181,30.1597255181649,30.2537000400733,30.2639495914579,30.5440014515769,31.9383013835603,32.085421712326,34.2136538090663,34.0982312001061,33.0922701177481,34.8920430301065,34.2549484591371,36.5121690267133,35.8578273619558,36.534655283993,35.7469406010688,37.9847800350464,37.7048060212154,38.1922280902214,37.6186880022078,37.1932366897599
"CH4","1A4c_Agriculture-forestry-fishing","brown_coal","ktCH4",0.741082723309826,0.825738468673162,0.789317115510044,0.735914940834737,0.642852816916816,0.647548035334772,0.675260269367306,0.705036765557444,0.677896434737615,0.757078819350928,0.713425688782032,0.723080302794605,0.699646058968312,0.735232814721268,0.743723725982973,0.877975538327626,0.921516909077527,0.995720699782851,0.951897665253987,0.769855786589866,0.677523099388317,0.472991084355108,0.359098890621872,0.435392566037326,0.388275653641977,0.296074707911857,0.226505397917804,0.197396220482942,0.175869814152124,0.193590442506533,0.197771882721277,0.19571056130061,0.195048288499141,0.217570181727566,0.193060461623119,0.141283661212849,0.154506211457954,0.125835842448837,0.148856766143869,0.153727977104978,0.137271198121411,0.109670533113825,0.105947823444156,0.126979049100702,0.112940112544915,0.107925714582867,0.103459864829027,0.10799242438557,0.100965873885172,0.0983867518867469,0.0712079475205105,0.0696107419612875,0.0677186241828331,0.052845784868557
"CH4","1A4c_Agriculture-forestry-fishing","coal_coke","ktCH4",0.125605774179134,0.14770269674802,0.141729372110446,0.139659057157787,0.13678051807835,0.0945098509462231,0.0875404257554732,0.0838252816552462,0.077754807325903,0.0882210794764472,0.182054609564794,0.171886959388156,0.174751232620861,0.169768144410447,0.273184514505099,0.193719248394764,0.340853530796756,0.324706407677975,0.366949788092705,0.333885355844986,0.359162924316328,0.225689017493961,0.308227940342326,0.7487845601891,0.666316660974418,0.760703800073678,0.461714803958593,0.848955489602122,0.888897977594755,0.851515632277086,0.429865546553088,0.404532560330246,0.431836600132342,0.408069603305242,0.368332859183577,0.327638413914023,0.289082202721297,0.287279305542138,0.265471678848079,0.22395975441103,0.23465201452931,0.268352962230975,0.275438634650286,0.332119733864435,0.170199804834698,0.23367910620909,0.247614312999256,0.177462474059537,0.463847468838208,0.264808823733808,0.102507512115696,0.0974555944015872,0.00596985107828866,0.00617435975172941
"CH4","1A4c_Agriculture-forestry-fishing","diesel_oil","ktCH4",5.18396679620662,5.48876935485757,5.92568480553455,6.66337166170727,6.73965299152761,6.9814279609999,7.31371301940131,7.80525090109737,8.32091614559603,8.65990355361067,8.86940084617556,8.50729839654904,9.43217229246652,9.56145520623034,9.94384564699886,9.98494102050192,10.2784916489024,10.7392542990793,11.2653756824712,11.6132192241552,12.5752383469942,12.865339854461,13.0719365959287,13.3150564180096,13.416069517151,14.2905278779069,13.5617179686659,15.0446043849336,15.2023088463267,15.5282472519746,13.0379279472235,13.105215569986,12.998836516217,13.2263566966723,14.1218650960438,14.7038335418255,14.7803733214986,14.5914273080703,14.3649319466124,13.9536178838945,14.3339374171777,14.7213142359059,14.7475472308685,14.8339426808813,14.8840087372657,14.8017745842906,14.7635679105122,15.4433860251535,15.5951767314709,15.5613211767412,15.0305435241951,15.7398919759739,15.8662226667309,16.3128202638487
"CH4","1A4c_Agriculture-forestry-fishing","hard_coal","ktCH4",5.48872983672349,6.27482362036921,6.61594572981815,6.81898675003404,6.83461535160759,7.85458014686474,8.02324892375681,8.87239412327954,9.4674307331816,9.69364709361755,9.31997140230228,9.35971463875953,10.068743847947,10.5550369784001,11.3208127037896,12.2862333116759,12.6574664583668,12.5470223476833,13.0677447994407,12.0188985350869,11.7150041525661,12.1583953563411,10.4760928043644,9.51167071211806,10.317070111245,10.5109390747781,7.38804957546317,10.5547638156576,10.4029462786381,9.52919005726622,6.00245659210984,6.39461647213495,6.71905890420948,7.57231542725274,8.20101409633068,8.79922800262417,9.19699890938844,9.52735548728919,9.96408552399934,10.1422861070102,10.3814250528469,10.6885279094958,11.0535210575329,11.7223824779712,11.7435842099987,12.1693516681942,12.5477081542137,13.0548170105369,10.7651163538628,9.72086730184451,9.74280839501452,7.77948772604915,7.40334612788711,7.58981424362429
"CH4","1A4c_Agriculture-forestry-fishing","heavy_oil","ktCH4",0.437153629143763,0.475503850593352,0.456129403139542,0.506284570829278,0.501934665306397,0.487675373918351,0.523472801304465,0.527122371958096,0.554914462322719,0.57335780930857,0.609310994002443,0.570431162326532,0.546583945217854,0.514207930657264,0.491586623114118,0.46587990116977,0.44549183346945,0.436469019206368,0.449948778452245,0.436422850912566,0.357668543511136,0.377132469664046,0.396110335302609,0.466673810828685,0.553095990626463,0.530249789123639,0.530619828107497,0.482666713674108,0.426541770288003,0.47451294247817,0.399686333750482,0.378424566226548,0.364048463140405,0.355269275499244,0.392484063409732,0.445728995305396,0.412557047616594,0.453164428708055,0.403088755956125,0.379404005250612,0.321730656863507,0.294164959807325,0.256870511475558,0.221207673746538,0.201482301142297,0.201336147965924,0.171529082246341,0.171906278149883,0.169173086364187,0.171773339467196,0.147544270955822,0.151002615040627,0.149681455903688,0.145369714188144
"CH4","1A4c_Agriculture-forestry-fishing","light_oil","ktCH4",17.665184716396,19.0839132668854,19.2837765137303,20.6059254230507,20.248260933723,19.7194225356656,19.7594793037222,19.7712337322559,20.7135131505326,21.3478618731781,21.8165841460264,21.7741985827191,21.0044667946924,20.0903924505153,21.1659906683617,25.019147417369,25.1988268042842,25.047095021715,25.9331046608649,25.4678020697452,20.5532977541326,18.8834961417843,18.0562531060604,16.122322552735,14.1699250032162,14.4079575932397,10.5550190410709,12.4930892795234,11.2331986698149,10.5044670118625,7.60901436651342,6.85936250163175,6.51162312776177,6.01079776403297,6.32907279085806,8.36883982180612,7.76139333706569,7.10133033669091,6.19050550399154,5.90745202693386,5.94343554925252,6.26870887547827,6.12296938662856,6.03393529494414,5.66287196534705,5.76014308131012,5.65806326389078,5.73766858462418,5.92873377799384,5.68684952502916,5.35188613646255,5.61042035157851,5.5043073761984,5.74291631104373
"CH4","1A4c_Agriculture-forestry-fishing","natural_gas","ktCH4",2.67775612019109,3.38067008693812,3.7602953271291,3.97601990948258,4.50092366509441,4.68699294467074,4.36991394776585,4.81058692325151,6.03568027627646,7.34839418665808,6.86485419673718,6.6623199547396,7.32654381248884,8.61024644281943,16.3782829716713,25.6546116883778,26.7680457111469,28.671034961127,28.1084831075611,31.5039552352599,36.035408973741,35.0788607468667,35.0591249580532,34.4356746865818,25.7777108224686,23.6527076374365,21.8404510257991,19.4625392692714,18.0732511413841,17.5537572561626,16.8788955497273,16.438706958473,18.3378342347957,18.5556257954885,19.7204795496779,19.6124202113366,19.3767653603969,21.160882190823,19.9443096194366,19.4540750018843,20.4346148389119,20.8590779571252,21.82844331305,21.6075384882877,19.9557708705998,19.6681368931924,20.4127223603571,20.3199689855198,21.2843980912345,21.7683537640914,22.6711276739248,24.6775778114584,22.8477333582025,22.3228263008686
"CH4","1A5_Other-unspecified","biomass","ktCH4",3.45795138906748,3.42062129868348,3.45452846265044,3.49351144714812,3.5511154587662,3.17534739850705,3.35525800888298,3.48560363497262,3.82699759850963,4.24599462867315,4.83525373205079,5.10215207016265,5.26040870716856,5.68191666527302,3.35466130909525,3.55891809497118,4.03144004219413,4.21827786756041,4.18808558498988,4.97894461855082,2.852655283046,3.46297619848827,3.93148934516975,2.5326371153602,1.82876376397732,1.75933008292361,2.17784819633073,2.10104303347389,1.94810150416565,2.03318537385926,2.09908259005457,1.93467661482393,2.16481976171139,2.1781037406194,2.1504002202505,1.82370725598586,1.72360874740192,1.91034032768939,1.72156488307273,1.74604848580434,1.6552208161902,1.65785612277649,1.74115265379219,1.69551359936934,1.60917131047448,1.64674540176156,1.65745189102198,1.63133705987659,1.56521818433821,1.53438857572152,1.87277767750242,1.64155091584174,1.64972055903798,1.65105768395243
"CH4","1A5_Other-unspecified","brown_coal","ktCH4",1.51695585562494,1.72118415268295,1.76030235647076,1.71696903426037,1.85816169352918,1.07800906141984,1.48686061049183,1.35855381824513,1.55183447330387,1.77815362109712,2.45609442821064,2.15126166689976,2.67900115257663,3.67353223112968,2.8774617522664,2.59797454894647,2.06981327228885,2.72285553921021,1.37487930969058,0.914351162059593,1.3478788128691,1.30785577112445,1.16159873258309,1.33397546967682,0.641175759997469,0.632492054328736,0.440673355753121,0.378498330661246,0.307825769878739,0.376203423284675,0.380294600074348,0.297252765392034,0.262499892953956,0.271401141198755,0.299902413512202,0.196119032742985,0.122746223885224,0.117239275094709,0.111538175265148,0.0834834156883235,0.0784488038061401,0.0988890730591805,0.111879784703654,0.16387022193585,0.0772019970129892,0.043708751494173,0.107536049946161,0.0513896196034631,0.0527885340378023,0.0718444746955173,0.191199554782421,0.0530367955871526,0.106629767358855,0.0637196915801556
"CH4","1A5_Other-unspecified","coal_coke","ktCH4",0.133234883924595,0.123339740957433,0.102165642501198,0.0882750961123327,0.0813265320107613,0.0770088315158083,0.0678600761474734,0.0699977032472342,0.0707187067051681,0.0669287907864187,0.0401641915673852,0.0344883892480117,0.0555026518208432,0.0297964027009431,0.0222755093436101,0.0216991392769882,0.0213008301225722,0.0172704221740473,0.01531933064354,0.0141705402635929,0.00891750391872365,0.0102251571618176,0.0129307993935904,0.0655098712510388,0.0370710708775952,0.0481179711705365,0.012760350709592,0.0147578216315441,0.0216356459433025,0.025409349958319,0.0296645559683435,0.0308573222234467,0.0313219307670544,0.0287875127436784,0.00639734504802253,0.00400437315949256,0.00188683486290634,0.00110644436892726,0.00172603763708986,0.000839583969162139,0.000944868755128222,0.00862382768259056,0.00412459999993808,0.00510890833032691,0.00599353444573497,0.00655481762527774,0.00673344326651755,0.0344806227412436,0.035315273016633,0.0164425184171962,0.0206608000415181,0.018941351162892,0.0214359831678557,0.0165550553338774
"CH4","1A5_Other-unspecified","diesel_oil","ktCH4",1.91445504958716,2.15553242136595,2.34220490958846,2.59944397004534,2.38551230199902,2.41494309876157,2.41691384982038,2.54094331386775,2.15168903659014,2.27964632335952,2.26595563022299,2.15697002436282,1.32109816647195,1.27419153996628,1.19148251175608,1.13419889325334,1.06845324787758,1.12338122083546,0.905096603696378,0.619424855855135,0.347083052207184,0.335273861440879,0.285328310377616,0.279006525300571,0.295631783028514,0.330070651667996,0.201797389028035,0.202137284193613,0.187875778837847,0.161990564101516,0.146025529311639,0.18963458469645,0.184427502963776,0.216157072730258,0.210730255261534,0.228567384843752,0.2393403672194,0.230848276001319,0.390583352459767,0.412937703845704,0.417241302152163,0.459453003873614,0.506386051845886,0.63415749738659,0.607147796327521,0.592764577341362,0.553361676125891,0.56624558791174,0.607718175986333,0.649000044683533,0.592019585937841,0.613373477225482,0.641147240720192,0.653518648482359
"CH4","1A5_Other-unspecified","hard_coal","ktCH4",4.83297036430682,5.12707135817794,4.01933191889325,4.34566647771189,4.66374221149827,5.57049641900405,5.53187603984335,5.68844389366273,6.93135762897557,8.16538537155834,5.6474209942766,7.81463838126522,7.45871724442149,8.21676215959126,9.67660935317922,6.71265748027,7.01399005406566,7.04944258483051,8.57968161057999,7.65139855233802,8.822139908732,10.5976166428063,10.6255327900985,13.2199404806388,13.9086964140712,13.5636498377547,9.20567325304664,11.2129117854464,7.9796017204446,9.29215282712099,10.6391427660605,10.077336871114,10.9503668976232,11.6898403876145,12.3834618570361,11.4587028805418,9.52617826408727,7.70329665783725,18.3715021965638,11.4257675747625,10.2495665797419,7.33202540174278,9.0602543308614,8.84118173502574,9.12516328556445,9.12451446454174,8.92583295956209,8.07546029365696,7.18339269917842,6.34204678465355,6.13771629446278,5.5721034555445,5.08695167082934,5.35902664488734
"CH4","1A5_Other-unspecified","heavy_oil","ktCH4",1.27549569782962,1.34386425984485,1.37399824255664,1.42246652856064,1.27598743631383,1.24363049400954,1.16181457899736,1.01699768467608,0.904244766298327,1.11079280107627,1.01034995650455,0.847158295038292,0.808714270528684,0.598065624438354,0.541286645582295,0.474397664036329,0.461960569221059,0.496900896710138,0.477893555744969,0.26155362018825,0.360401480338704,0.563994847781424,0.391591660751039,0.83260999480366,0.559569273901914,0.511249774714592,0.502021953441865,0.507042600700472,0.535442122038952,0.657139701285657,0.747441406184762,1.02101220866112,0.820275636129337,0.999649114970504,0.964420328142447,0.876547587651384,0.964004520279473,1.03722879608532,0.690670979872101,0.67745617264337,0.685394186139722,0.64844157708852,0.616489176735669,0.492305850339244,0.482500595524117,0.442764460936002,0.472337667953238,0.442710135147464,0.444566365716633,0.342978135068318,0.374498195361009,0.480381653779317,0.483676665734961,0.479701828224539
"CH4","1A5_Other-unspecified","light_oil","ktCH4",0.283354435293145,0.318152487703953,0.320594181338722,0.335122203150252,0.331298372927804,0.31122341162657,0.283683855406978,0.311612276005522,0.313369035288045,0.203046611979057,0.161874088298542,0.162182305071985,0.165442545249453,0.184931861761969,0.173067257118435,0.170617794510834,0.169226945561878,0.191707622419504,0.193267057511461,0.204984926556527,0.207299034368911,0.346126373775389,0.362975570723176,0.324308185074856,0.473700941274255,0.56915543398154,0.509650721117109,0.49322658671859,0.642337778756426,0.497851919513536,0.666105731540745,0.638955619549973,0.66843306765413,0.655200766502165,0.762024391304511,0.957612623752143,1.02255623723301,1.03115584992227,0.967207955838869,0.782388631241775,0.744298233344986,0.746102618772697,0.589645547692002,0.615360767431766,0.644970492037306,0.582118282726417,0.519364790704826,0.489351645322041,0.392723446177907,0.377575122592059,0.372047813617832,0.353490994187801,0.563185829991494,0.564087555617219
"CH4","1A5_Other-unspecified","natural_gas","ktCH4",8.00420357012824,13.30688610186,17.3740203673829,21.0574168495293,22.7222504671983,25.7808053409698,29.5185554446146,32.9217830138241,35.357306748946,39.0027533544563,40.708362757847,41.2725397748966,40.3612939300934,43.0610193745189,29.8572251569626,28.7312297727689,30.4914554394054,35.9245283555026,25.7807928193916,26.3981369040583,12.4321206712037,21.2261627239876,25.865864890051,35.5133542562864,47.5622546595994,10.8750205561402,12.2089232425101,16.3358141716341,19.6236807356459,25.5446263850478,26.0854677614949,24.706597517414,22.7400233072888,18.6545630336106,18.2852461478832,16.9649206763324,15.9937292207153,18.1901381723429,18.3311572149735,18.5020875791777,20.7619337735422,15.0038496512287,9.30987487112963,5.38503229942932,13.0412260065969,13.9440558116303,20.4372173191056,29.2151248628553,32.084106530359,12.6429495903225,8.81128548140198,7.02182296117115,6.30310597583614,5.91160205801382
"CH4","1B1_Fugitive-solid-fuels","process","ktCH4",24944.3985090392,23910.9742815713,23923.215447195,24110.667196881,23685.9746525676,24895.6983732615,25050.1148195576,25540.5098769241,26094.8435357653,27361.2638101228,27573.4792638192,27278.9341440281,27927.3731247884,27805.2551962529,28377.4730407314,28864.3545461806,29804.9003779572,30366.2827258338,31015.4924203824,31693.6160370356,31335.4674820079,30304.823226421,29775.9252058119,28665.9116879932,27922.5538955478,28328.5160985099,28086.3321193351,27917.6410225452,27246.5370775223,26917.1616203974,27519.9474815264,28157.5856982832,28146.4115232399,30154.7342560987,32209.7646895967,34047.9424317715,35731.0408146101,36922.9169835944,37846.4988912035,38210.6048247058,40359.3992202984,44142.0839045082,44676.7695950098,43760.4922943185,43910.0249155203,42728.5724015427,41520.1190395316,42974.7798361336,45503.9050369755,46649.692435459,45374.2457272368,47277.7274871538,50254.039444619,52196.2006332913
"CH4","1B2_Fugitive-petr","process","ktCH4",63899.1472277333,61747.2232989501,63889.4911106358,68622.7143855038,66515.8383720425,63789.5099634339,66062.0680612059,67579.1979959889,68018.6065670006,70124.3766253912,65883.9578572343,59408.0925618975,57266.0963063166,56591.5879736885,57536.7771328692,57135.9959741571,59367.5397104446,59459.8184954424,61815.0258430397,63085.7367951667,62853.8314419676,60659.4334405585,58409.3079615155,57174.3898152496,57898.961325444,58956.4679345031,62373.5320050192,63032.2127987828,60799.3167192083,58220.5923607526,59884.0853149613,59721.4022399372,57247.6777351964,60559.3855823377,63220.6865597941,63520.6264398006,62458.1553075087,59522.6538395063,59643.4979405525,57352.0928998009,56648.6176001112,55201.160082863,55467.5662399709,54079.2389597945,53336.172220819,52938.2563282717,53035.0324320694,51842.0654247573,50824.9070354512,49004.785172624,42108.6895835401,42477.3520050167,43835.803702455,43739.461721463
"CH4","1B2b_Fugitive-NG-distr","process","ktCH4",8157.24482457701,8507.54085585699,8770.5471135822,8972.21428336839,8990.76967018262,8932.98940622839,9242.04837106742,9309.26521597141,9470.25704708898,9741.86126225224,9826.53742653158,9871.36189655518,9747.00760619893,9676.0787072725,9785.94232764188,10055.2113951733,9855.5856843869,10464.0726408804,10942.8014362018,11223.9281649218,11134.2582018331,11277.6595883104,11336.8004777246,11416.2698991046,11180.1513817214,11162.7997048828,11571.7838049875,11665.083444951,11735.5403629468,12287.7747623514,12601.3293270723,12481.0107307211,12439.6094153394,12686.9374932433,12702.8033980237,12671.4479393957,12699.9853014381,12829.1369300849,12753.5120605892,12047.7635378626,12515.2797154064,12534.3882436959,12269.942731556,12248.8593090423,12139.9067306604,12010.9272256482,12080.5106945749,11967.8068108331,11732.7880540852,11505.9608146662,11271.7780417683,11174.2599362985,11307.4982491157,11350.8727369168
"CH4","1B2b_Fugitive-NG-prod","process","ktCH4",5472.38749440884,5641.53054860727,5883.57862647113,6208.97356954745,6239.36965279999,6163.59737151764,6383.66328354614,6649.20640735919,6767.42543585912,7105.95396050422,7178.58265981191,7253.8460066803,7319.3634342129,7194.6563625141,7579.61676231613,7700.0709768083,7886.04480810692,7971.51675175175,8205.66410030668,8408.38474508241,8543.289865802,8810.64991933977,8980.24400026383,9303.96106774789,9794.9061299092,10009.163158483,10703.2325764998,11189.5757988012,11480.6447008132,11713.937092942,12107.2312157866,12617.2661914777,12746.3118808054,13265.057479999,13721.3280910862,14063.0012128472,15461.3770433426,16109.1540871928,17044.3616383283,16710.3901750512,17495.6801532231,18302.9835260186,18701.6849506119,19318.8071028396,19838.7819626802,20180.8228085925,20018.371746461,20258.7601696118,20447.3765192885,20147.0124102423,18991.8398404733,19903.9369741297,20058.2301171775,20111.4780034818
"CH4","1B2d_Fugitive-other-energy","process","ktCH4",0,0,0,0,0,0,0,0,0,0,0,0,0,0,0,0,0,0,0,0,0,0,0,0,0,0,0,0,0,0,0,0,0,0,0,0,0,0,0,0,0,0,0,0,0,0,0,0,0,0,0,0,0,0
"CH4","2A1_Cement-production","process","ktCH4",0,0,0,0,0,0,0,0,0,0,0,0,0,0,0,0,0,0,0,0,0,0,0,0,0,0,0,0,0,0,0,0,0,0,0,0,0,0,0,0,0,0,0,0,0,0,0,0,0,0,0,0,0,0
"CH4","2A2_Lime-production","process","ktCH4",0,0,0,0,0,0,0,0,0,0,0,0,0,0,0,0,0,0,0,0,0,0,0,0,0,0,0,0,0,0,0,0,0,0,0,0,0,0,0,0,0,0,0,0,0,0,0,0,0,0,0,0,0,0
"CH4","2Ax_Other-minerals","process","ktCH4",0,0,0,0,0,0,0,0,0,0,0,0,0,0,0,0,0,0,0,0,0,0,0,0,0,0,0,0,0,0,0,0,0,0,0,0,0,0,0,0,0,0,0,0,0,0,0,0,0,0,0,0,0,0
"CH4","2B_Chemical-industry","process","ktCH4",68.7835227678569,65.9221532755606,76.9127464987119,80.7643625264651,72.5625717668192,72.4711123136107,84.2735318752745,83.5459796424429,90.2927137496182,90.3488386085499,81.4957720509146,85.450541042205,92.5286987805032,88.5226889356094,94.2148338454694,94.2216048129091,100.815940354467,105.014251032404,105.363518398353,105.53443975217,108.400104514349,105.088084174613,102.622341889112,107.448049769361,118.510633513697,124.29457317951,124.848362457577,128.746242647626,138.043876210982,137.438728437849,143.419891239726,178.658007926405,212.588344199726,240.487659116916,236.099662643015,230.481383818761,234.808328004373,243.968097228149,236.66534256885,203.360222942155,243.94829264101,296.200997706601,306.097758258007,271.765742475509,293.55921276719,301.045394369782,311.83845151449,362.546105004834,375.253264918304,388.827551049372,380.147383872548,388.42592013729,370.99051683676,372.298936291287
"CH4","2B2_Chemicals-Nitric-acid","process","ktCH4",0,0,0,0,0,0,0,0,0,0,0,0,0,0,0,0,0,0,0,0,0,0,0,0,0,0,0,0,0,0,0,0,0,0,0,0,0,0,0,0,0,0,0,0,0,0,0,0,0,0,0,0,0,0
"CH4","2B3_Chemicals-Adipic-acid","process","ktCH4",0,0,0,0,0,0,0,0,0,0,0,0,0,0,0,0,0,0,0,0,0,0,0,0,0,0,0,0,0,0,0,0,0,0,0,0,0,0,0,0,0,0,0,0,0,0,0,0,0,0,0,0,0,0
"CH4","2C1_Iron-steel-alloy-prod","process","ktCH4",202.91403359081,188.110745699821,199.233677004541,199.17043249061,180.342659976327,169.805487509917,164.272052304378,146.542823670664,138.679980404746,144.611471683871,127.790880783894,123.470902433229,93.408856704776,78.7958811970496,96.6540139989337,94.3882291482823,87.8424201114507,88.8713465186125,92.1627337733952,92.0737266686735,89.1115365411877,79.1492539680023,76.9825945261354,68.9627478410047,65.3336643871815,64.2742149877307,61.4958487306235,66.7490418397112,67.1392491073278,70.0102640355545,77.3005593842842,78.1208160987915,82.6230066636736,89.3280146381989,100.623345498737,107.502483601045,118.72349369254,133.719836856925,126.386556400568,120.363988001347,136.867262598695,144.731960187499,149.927403209849,162.163101577271,170.558800498148,149.912263076349,150.215711552746,148.884254660162,159.94580707797,170.57742579807,170.059242189855,174.430097870796,154.470380038693,154.470380038693
"CH4","2C3_Aluminum-production","process","ktCH4",0,0,0,0,0,0,0,0,0,0,0,0,0,0,0,0,0,0,0,0,0,0,0,0,0,0,0,0,0,0,0,0,0,0,0,0,0,0,0,0,0,0,0,0,0,0,0,0,0,0,0,0,0,0
"CH4","2C4_Non-Ferrous-other-metals","process","ktCH4",0,0,0,0,0,0,0,0,0,0,0,0,0,0,0,0,0,0,0,0,0,0,0,0,0,0,0,0,0,0,0,0,0,0,0,0,0,0,0,0,0,0,0,0,0,0,0,0,0,0,0,0,0,0
"CH4","2D_Chemical-products-manufacture-processing","process","ktCH4",0,0,0,0,0,0,0,0,0,0,0,0,0,0,0,0,0,0,0,0,0,0,0,0,0,0,0,0,0,0,0,0,0,0,0,0,0,0,0,0,0,0,0,0,0,0,0,0,0,0,0,0,0,0
"CH4","2D_Degreasing-Cleaning","process","ktCH4",0,0,0,0,0,0,0,0,0,0,0,0,0,0,0,0,0,0,0,0,0,0,0,0,0,0,0,0,0,0,0,0,0,0,0,0,0,0,0,0,0,0,0,0,0,0,0,0,0,0,0,0,0,0
"CH4","2D_Other-product-use","process","ktCH4",0,0,0,0,0,0,0,0,0,0,0,0,0,0,0,0,0,0,0,0,0,0,0,0,0,0,0,0,0,0,0,0,0,0,0,0,0,0,0,0,0,0,0,0,0,0,0,0,0,0,0,0,0,0
"CH4","2D_Paint-application","process","ktCH4",0,0,0,0,0,0,0,0,0,0,0,0,0,0,0,0,0,0,0,0,0,0,0,0,0,0,0,0,0,0,0,0,0,0,0,0,0,0,0,0,0,0,0,0,0,0,0,0,0,0,0,0,0,0
"CH4","2H_Pulp-and-paper-food-beverage-wood","process","ktCH4",0,0,0,0,0,0,0,0,0,0,0,0,0,0,0,0,0,0,0,0,0,0,0,0,0,0,0,0,0,0,0,0,0,0,0,0,0,0,0,0,0,0,0,0,0,0,0,0,0,0,0,0,0,0
"CH4","3B_Manure-management","process","ktCH4",7374.85526524013,7688.74091715581,7802.47454486343,7874.96454973775,7956.81066918604,7911.72614745881,7869.53372681849,8027.40644140928,8142.60146575174,8294.89569881653,8503.66428230389,8494.42314669824,8490.91954386013,8493.62579733016,8593.31099144466,8615.27058995118,8730.0217341126,8701.51614554175,8747.7864030826,8822.36902431056,8824.71397393304,8853.39623486393,8698.58219504471,8749.32601781199,8903.75779840121,8976.15003367147,8982.62382712105,8849.17723145043,9064.23621063476,9102.09349897465,9161.11853149032,9265.14874628563,9357.73103746757,9425.13895007239,9408.00582791948,9570.85629887608,9702.80696777581,9956.23121781028,9904.56376691144,9971.11664797287,10030.6972440441,10089.9796691785,10268.5108385494,10192.0179969286,10259.1616568515,10474.6222051448,10596.5917406274,10682.5134912303,10669.5314597651,10395.0189681206,10667.9114379185,10738.0880871946,10699.7973371946,10699.7973732789
"CH4","3D_Rice-Cultivation","process","ktCH4",20182.5271699633,20538.7065925778,20199.6639554989,20907.9767291222,21087.1300225874,21730.0212142901,21658.6016158949,21842.6347870782,21943.0983590563,21601.7120468614,22067.9455500983,22213.8287020228,21650.2220167171,21606.5593710185,21949.7613877303,21863.8033042249,21859.089197377,21435.606994463,22180.7454745109,22596.3718362995,22386.2959478126,22307.4710025371,22428.1122555008,22287.3267472417,22405.7904419264,22885.0841051953,23179.788452706,23219.6950868808,23175.5636578866,23993.667027993,23676.8761507633,23205.0577218891,22822.6556713121,22690.4640819085,23108.281317843,23743.6134986,23784.8586823495,23801.8131649162,24307.5759715565,24211.6644776743,24676.0187785826,24804.2636151981,24638.9068324472,24942.8368112898,24716.441166587,24472.7928158738,24632.1181048498,24701.3127939257,24820.8966831012,24213.3478416454,24855.7174366858,25029.8619671511,24826.1445268631,24826.1445268631
"CH4","3D_Soil-emissions","process","ktCH4",0,0,0,0,0,0,0,0,0,0,0,0,0,0,0,0,0,0,0,0,0,0,0,0,0,0,0,0,0,0,0,0,0,0,0,0,0,0,0,0,0,0,0,0,0,0,0,0,0,0,0,0,0,0
"CH4","3E_Enteric-fermentation","process","ktCH4",72733.1400618223,73748.1212863462,74987.2072958306,75933.0588408542,77738.6033165163,79060.6068237473,79744.7584631853,79992.4801483991,80136.2313524245,80600.7588974647,81582.312406334,82383.2609357352,83328.6731258426,83848.3778133444,84324.7941734117,84692.0747410446,85394.5451176317,85479.9695297886,85980.4078396413,87171.2132023088,87727.6317415931,87958.3302563442,87694.5782108194,87629.9720865373,88446.8444994888,88962.2402843776,89043.6745364261,87381.9997186492,87788.2953098645,88186.396873152,88611.8111266728,88957.3909082849,89711.3816684282,91003.3252438205,92039.0665285178,93231.9262855859,94201.4484346065,95116.054364195,95744.4228145255,95999.7192832957,95944.9988440037,96415.555536632,97272.1531668286,97647.0483595289,98244.4883419633,99176.6210062007,100499.985556887,101137.856480957,101403.172876946,102349.361919879,103564.439022111,104503.862277304,105654.955512129,105654.955582735
"CH4","3I_Agriculture-other","process","ktCH4",0,0,0,0,0,0,0,0,0,0,0,0,0,0,0,0,0,0,0,0,0,0,0,0,0,0,0,0,0,0,0,0,0,0,0,0,0,0,0,0,0,0,0,0,0,0,0,0,0,0,0,0,0,0
"CH4","5A_Solid-waste-disposal","process","ktCH4",18645.0504830978,20216.8002473692,20523.337345889,20836.346306906,21156.0101351874,21482.3187330217,21817.4978263008,22160.4100593786,22510.6683655958,22868.722682908,23223.2758954251,23542.5024310418,23871.2103230785,24169.6373206572,24479.0424644653,24800.1001241275,25128.8479938351,25465.4919202003,25812.2044204455,26168.6634031711,26560.2461355358,27269.5983650251,27676.9619651169,28065.7322611399,28462.7715350391,28818.3595313595,29179.3808401137,29352.3334243315,29231.935960607,29370.1096322477,29758.8259667643,29877.7409073748,29983.0815807124,30299.2796770753,30437.3391334425,30340.861591695,30920.0742971166,30949.3308644619,30643.6646925783,31044.3182983329,31435.3129140186,31730.7600588941,32086.496409861,32522.8813821911,32964.5034423644,33575.6938996926,34063.5362910588,34906.4223264287,35756.6680371438,36599.0978159874,36986.2302203819,37621.249647943,38262.6417683219,38507.8471806193
"CH4","5C_Waste-combustion","process","ktCH4",275.623125498174,290.773249030641,304.99401395769,319.319760319901,335.149863911107,352.995242250924,372.316220056958,391.634093278465,412.065587426536,432.353761837485,451.80449600613,472.342740115629,492.46125843217,512.593160562076,532.063590259245,553.667675672794,576.428184941606,598.950548123905,622.063159978873,645.927031546594,671.907939415778,701.679092226095,728.199557898041,769.196623248977,797.359137332022,830.315040096801,918.892084050015,952.292290217926,989.104068918495,1013.09353204595,1018.11125145795,1075.73447678438,1100.07959103121,1141.82428554414,1188.44723197714,1231.15715874123,1273.99235613914,1317.21862723866,1351.19383908388,1407.07026426988,1461.12897978492,1498.28650584718,1540.72105923165,1577.37416434854,1615.5352027965,1613.18353472958,1612.09001317803,1612.18829729908,1613.37507113178,1613.80352738263,1609.49209876586,1608.17503972503,1606.30060630213,1606.30060630213
"CH4","5D_Wastewater-handling","process","ktCH4",10818.2029101615,11024.9949784165,11329.5993539995,11620.7691158079,11822.7139524921,11951.4718515109,12336.8578793532,12570.7963313257,12875.3513587767,13068.2178424124,13291.240760681,13384.6959415337,13522.3047260141,13774.6334775634,13963.7267455295,14121.2607093663,14326.8083617283,14460.0432202824,14568.4102700229,14712.4898641921,14668.8870036583,14623.0542453671,14685.8358048621,14548.1169848936,14649.8895425358,14863.1266942285,14794.9555216305,14917.9759329383,15034.5569633327,15172.8476297112,15289.693252516,15579.9989266853,15977.9234882052,16282.999038316,16808.0143851307,17039.1342934052,17373.7468087873,17995.7736467669,18293.8337766487,18396.0217522504,19233.2123871419,19704.3248711614,19996.2733134823,20442.1189582988,20912.4477366045,21365.5984085824,21727.277046768,22080.5178423438,22623.8038656267,22881.5226150072,23264.1520628856,23884.3811414593,24165.330861347,24349.8677550293
"CH4","5E_Other-waste-handling","process","ktCH4",128.468714075785,129.737719511887,131.066351493284,132.457189236903,133.915186565188,135.442657665647,137.288894655091,139.204419821415,141.195994497415,143.274108675224,145.446698824961,147.694669324296,150.030841665801,152.456127706042,154.971413168372,157.575587520454,160.192006413456,162.892551863745,165.658799642171,168.462563437863,171.284664551914,179.961075461179,187.83536252989,199.719561809166,216.046542415996,229.041049188268,242.874769247965,255.950314237054,266.91443513632,282.55973806475,299.93989684006,319.051410147285,326.442957000573,353.078493182593,367.081658890707,356.043450425399,358.110678842504,366.148155753649,366.620684685141,374.506815159289,391.964671573601,402.23819680527,425.293347109831,430.434097690455,443.392191025263,451.776218595164,466.079300653156,476.246278226668,471.797350440647,477.329319373294,481.035632761765,486.078244893192,491.325016981945,494.307040482626
"CH4","6A_Other-in-total","process","ktCH4",0,0,0,0,0,0,0,0,0,0,0,0,0,0,0,0,0,0,0,0,0,0,0,0,0,0,0,0,0,0,0,0,0,0,0,0,0,0,0,0,0,0,0,0,0,0,0,0,0,0,0,0,0,0
"CH4","6B_Other-not-in-total","process","ktCH4",0,0,0,0,0,0,0,0,0,0,0,0,0,0,0,0,0,0,0,0,0,0,0,0,0,0,0,0,0,0,0,0,0,0,0,0,0,0,0,0,0,0,0,0,0,0,0,0,0,0,0,0,0,0
"CH4","7A_Fossil-fuel-fires","process","ktCH4",142.083606247437,145.38,145.74,146.1,146.46,146.82,147.18,147.54,147.9,148.26,148.62,148.98,149.34,150.6,150.6,150.6,150.6,150.6,150.6,150.6,150.6,169.47482419128,150.6,150.6,150.6,150.6,150.6,150.6,150.6,150.6,150.6,150.6,150.6,150.6,150.6,150.6,150.6,150.6,150.6,150.6,150.6,150.6,150.6,150.6,150.6,150.6,150.6,150.6,150.6,150.6,150.6,150.6,150.6,151.320104390999
"CH4","7BC_Indirect-N2O-non-agricultural-N","process","ktCH4",0,0,0,0,0,0,0,0,0,0,0,0,0,0,0,0,0,0,0,0,0,0,0,0,0,0,0,0,0,0,0,0,0,0,0,0,0,0,0,0,0,0,0,0,0,0,0,0,0,0,0,0,0,0
