"em","country","units","X1750","X1751","X1752","X1753","X1754","X1755","X1756","X1757","X1758","X1759","X1760","X1761","X1762","X1763","X1764","X1765","X1766","X1767","X1768","X1769","X1770","X1771","X1772","X1773","X1774","X1775","X1776","X1777","X1778","X1779","X1780","X1781","X1782","X1783","X1784","X1785","X1786","X1787","X1788","X1789","X1790","X1791","X1792","X1793","X1794","X1795","X1796","X1797","X1798","X1799","X1800","X1801","X1802","X1803","X1804","X1805","X1806","X1807","X1808","X1809","X1810","X1811","X1812","X1813","X1814","X1815","X1816","X1817","X1818","X1819","X1820","X1821","X1822","X1823","X1824","X1825","X1826","X1827","X1828","X1829","X1830","X1831","X1832","X1833","X1834","X1835","X1836","X1837","X1838","X1839","X1840","X1841","X1842","X1843","X1844","X1845","X1846","X1847","X1848","X1849","X1850","X1851","X1852","X1853","X1854","X1855","X1856","X1857","X1858","X1859","X1860","X1861","X1862","X1863","X1864","X1865","X1866","X1867","X1868","X1869","X1870","X1871","X1872","X1873","X1874","X1875","X1876","X1877","X1878","X1879","X1880","X1881","X1882","X1883","X1884","X1885","X1886","X1887","X1888","X1889","X1890","X1891","X1892","X1893","X1894","X1895","X1896","X1897","X1898","X1899","X1900","X1901","X1902","X1903","X1904","X1905","X1906","X1907","X1908","X1909","X1910","X1911","X1912","X1913","X1914","X1915","X1916","X1917","X1918","X1919","X1920","X1921","X1922","X1923","X1924","X1925","X1926","X1927","X1928","X1929","X1930","X1931","X1932","X1933","X1934","X1935","X1936","X1937","X1938","X1939","X1940","X1941","X1942","X1943","X1944","X1945","X1946","X1947","X1948","X1949","X1950","X1951","X1952","X1953","X1954","X1955","X1956","X1957","X1958","X1959","X1960","X1961","X1962","X1963","X1964","X1965","X1966","X1967","X1968","X1969","X1970","X1971","X1972","X1973","X1974","X1975","X1976","X1977","X1978","X1979","X1980","X1981","X1982","X1983","X1984","X1985","X1986","X1987","X1988","X1989","X1990","X1991","X1992","X1993","X1994","X1995","X1996","X1997","X1998","X1999","X2000","X2001","X2002","X2003","X2004","X2005","X2006","X2007","X2008","X2009","X2010","X2011","X2012","X2013","X2014","X2015","X2016","X2017","X2018","X2019","X2020","X2021","X2022","X2023"
"CO2","abw","ktCO2",0,0,0,0,0,0,0,0,0,0,0,0,0,0,0,0,0,0,0,0,0,0,0,0,0,0,0,0,0,0,0,0,0,0,0,0,0,0,0,0,0,0,0,0,0,0,0,0,0,0,0,0,0,0,0,0,0,0,0,0,0,0,0,0,0,0,0,0,0,0,0,0,0,0,0,0,0,0,0,0,0,0,0,0,0,0,0,0,0,0,0,0,0,0,0,0,0,0,0,0,0,1.32083333333333e-06,2.7e-06,4.1375e-06,5.63333333333334e-06,7.18749999999999e-06,8.8e-06,1.04708333333333e-05,1.22e-05,1.39875e-05,1.58333333333333e-05,1.85166666666667e-05,2.14e-05,2.44833333333333e-05,2.77666666666666e-05,3.125e-05,3.49333333333334e-05,3.88166666666667e-05,4.29e-05,4.71833333333334e-05,5.16666666666667e-05,5.535e-05,5.91380952380952e-05,6.30309523809524e-05,6.70285714285714e-05,7.11309523809526e-05,0.000123129886968601,0.000176961470754474,0.000232625703738569,0.000290122585920888,0.000349452117301431,0.000415410470914967,0.000484492658389112,0.000556698679723865,0.000632028534919225,0.000710482223975192,0.000792059746891763,0.000876761103668947,0.000964586294306736,0.00105553531880513,0.00114960817716414,0.00121729533928743,0.00128472009936641,0.00135188245740111,0.00141878241339152,0.00148541996733763,0.00155179511923947,0.001617907869097,0.00168375821691024,0.00174934616267919,0.00181467170640385,0.00186693937581477,0.00191801165813504,0.00196788855336463,0.00201657006150358,0.00206405618255186,0.00211034691650949,0.00215544226337644,0.00219934222315276,0.00224204679583839,0.00228355598143338,0.00248116145903529,0.00268597632867632,0.00289800059035642,0.00311723424407561,0.00334367728983394,0.00357732972763133,0.00381819155746787,0.0040662627793435,0.0043215433932582,0.00458403339921203,0.00526543006920762,0.00597139666437629,0.00670193318471807,0.00745703963023294,0.00823671600092095,0.00904096229678201,0.00986977851781622,0.0107231646640235,0.0116011207354039,0.0125036467319574,0.0130461391429809,0.0135998074514426,0.0141646516573425,0.0147406717606807,0.0153278677614571,0.0159262396596719,0.0165357874553247,0.0171565111484159,0.0177884107389453,0.0184314862269129,0.018708947232968,0.0189864082390231,0.0192638692450781,0.0195413302511332,0.0198187912571883,0.0200962522632434,0.0203737132692984,0.0206511742753536,0.0209286352814086,24.0483263144636,48.0758351758239,71.7698957802019,82.6743925868547,167.988273379502,140.505088776133,184.372394730083,127.878596223608,113.573795926524,147.7105435477,127.743114942218,133.384670598912,145.840479012144,138.551902857239,133.295119665877,118.204536302721,109.144286820036,132.567385793933,121.505416395004,156.699521355757,172.818003538156,150.58603246402,166.295221979429,168.711561355678,141.628918722858,122.020601604362,231.342045025047,121.642236740677,107.877541383424,112.558868663589,119.011856800922,133.308561215615,143.983513964183,71.9244488011874,181.080736411128,211.540062518607,39.7771515658151,101.95539380121,144.869149755353,163.435340888483,1035.49484819687,1122.40258211048,1015.40357302727,1043.07770306166,1054.3398485501,1090.53983735955,1096.77631073571,1148.62888842803,1094.60308707037,1170.70593575938,1380.59771533146,1352.89213359138,663.554264716661,685.496404671108,679.617259783815,704.285142973707,734.848857520348,802.072470211203,828.084086482616,869.962321079287,810.484280030322,559.191091490662,588.114529683533,589.432850111577,591.55877811157,609.650907758576,612.98155324818,621.100375452709,625.713768743027,639.862229619969,571.778283133164,594.688011614441,623.255769333414,647.635709465879
"CO2","afg","ktCO2",0,0,0,0,0,0,0,0,0,0,0,0,0,0,0,0,0,0,0,0,0,0,0,0,0,0,0,0,0,0,0,0,0,0,0,0,0,0,0,0,0,0,0,0,0,0,0,0,0,0,0,0,0,0,0,0,0,0,0,0,0,0,0,0,0,0,0,0,0,0,0,0,0,0,0,0,0,0,0,0,0,0,0,0,0,0,0,0,0,0,0,0,0,0,0,0,0,0,0,0,0,0.00158199557910972,0.00318147177235326,0.0047984285797306,0.00643286600124175,0.00808478403688672,0.00975418268666549,0.011441061950578,0.0131454218286244,0.0148672623208046,0.0166065834271186,0.0183687264463296,0.020149321224904,0.0219483677628418,0.0237658660601431,0.0256018161168079,0.0274562179328362,0.0293290715082279,0.031220376842983,0.0331301339371017,0.0350583427905838,0.0370735851601854,0.0391138108850318,0.0411790199651234,0.0432692124004598,0.0453843881910415,0.0475245473368677,0.049689689837939,0.0518798156942556,0.0540949249058168,0.0563350174726234,0.0586979584832809,0.0610921967258672,0.0635177322003832,0.0659745649068279,0.0684626948452023,0.0709821220155056,0.0735328464177379,0.0761148680519001,0.0787281869179915,0.0813728030160117,0.0841021824505073,0.0868654672195923,0.0896626573232676,0.0924937527615332,0.0953587535343889,0.098257659641834,0.101190471083869,0.104157187860495,0.10715780997171,0.110192337417516,0.113163100763132,0.116163939269426,0.119194852936396,0.122255841764044,0.125346905752369,0.128468044901371,0.13161925921105,0.134800548681406,0.138011913312439,0.14125335310415,0.143391940546813,0.145523457985901,0.147647905421412,0.149765282853347,0.151875590281706,0.153978827706489,0.156074995127696,0.158164092545326,0.160246119959381,0.162321077369859,0.166520743435958,0.170773389601557,0.175079015866655,0.179437622231254,0.183849208695352,0.18831377525895,0.192831321922048,0.197401848684646,0.202025355546743,0.206701842508341,0.21173321539162,0.216825022839144,0.221977264850914,0.227189941426928,0.232463052567188,0.237796598271693,0.243190578540442,0.248644993373437,0.254159842770677,0.259735126732162,0.265752420672038,0.271838535448999,0.277993471063042,0.284217227514169,0.290509804802381,0.296871202927674,0.303301421890052,0.309800461689512,13.515081614736,108.353054216182,113.15407356767,113.055260222759,122.806669022705,127.634665006191,179.003681184199,218.374206612588,360.820722764607,402.401893567274,462.059646769793,498.464259153827,575.242625962646,787.072511582498,816.786978390887,974.590240509114,1159.77323296779,1251.23384175253,1623.51569325552,1615.22913881956,1477.61283453278,1747.95838838046,2105.76168254446,1714.5687353222,1852.76388003354,2274.75508707422,2384.54049169477,2300.25307741474,2755.06295071936,2513.36574779164,2523.29599202505,2062.58618288629,2291.52408127091,2476.43789307593,2920.01224439582,3425.61564921043,3826.31523875105,3442.80873798832,3279.12647835641,3001.62924899755,2883.76501490222,2788.0050722189,2667.52949844536,1682.95269560019,1648.99243459018,1573.42564238918,1455.33426126062,1367.21081734983,1257.15649166551,1225.56684233793,1001.27500850572,947.458110818377,796.694536720474,1083.34741051683,1236.52135252963,1127.03611883003,1504.98544823937,1851.16053498654,2268.40466849215,3862.315345643,6371.80997712189,7955.78618943566,11212.431988026,10263.1376022469,10354.9004246719,11395.1113369057,11763.0216995527,12108.0692896192,12756.9830824555,13536.1712379661,13768.7010334195,13343.0708234964,13340.5031981064,12856.1593762769,13739.1208883872
"CO2","ago","ktCO2",0,0,0,0,0,0,0,0,0,0,0,0,0,0,0,0,0,0,0,0,0,0,0,0,0,0,0,0,0,0,0,0,0,0,0,0,0,0,0,0,0,0,0,0,0,0,0,0,0,0,0,0,0,0,0,0,0,0,0,0,0,0,0,0,0,0,0,0,0,0,0,0,0,0,0,0,0,0,0,0,0,0,0,0,0,0,0,0,0,0,0,0,0,0,0,0,0,0,0,0,0,0.00115265230936784,0.00230724022294957,0.0034637637407452,0.0046222228627547,0.00578261758897807,0.00694494791941533,0.00810921385406647,0.00927541539293149,0.0104435525360104,0.0116136252833032,0.0128010592153307,0.013993233402576,0.0151901478450388,0.0163918025427194,0.0175981974956176,0.0188093327037336,0.0200252081670671,0.0212458238856183,0.0224711798593873,0.0237012760883739,0.0249371283415534,0.026177817589853,0.0274233438332726,0.0286737070718125,0.0299289073054721,0.0311889445342521,0.0324538187581521,0.033723529977172,0.0349980781913122,0.0362774634005722,0.0375632156748374,0.0388539036584089,0.0401495273512863,0.0414500867534702,0.0427555818649603,0.0440660126857563,0.0453813792158588,0.0467016814552672,0.0480269194039821,0.0493570930620032,0.050694267368938,0.0520364781139406,0.0533837252970102,0.0547360089181479,0.0560933289773531,0.0574556854746256,0.058823078409966,0.0601955077833737,0.0615729735948488,0.0629554758443919,0.0644337690744734,0.0659206577442884,0.0674161418538367,0.0689202214031176,0.0704328963921319,0.0719541668208792,0.0734840326893596,0.0750224939975732,0.0765695507455195,0.0781252029331993,0.0801355746076477,0.0821691687397645,0.0842259853295502,0.0863060243770044,0.0884092858821275,0.0905357698449193,0.0926854762653795,0.0948584051435087,0.0970545564793067,0.0992739302727729,0.101570503565147,0.103891819795223,0.106237878963004,0.108608681068489,0.111004226111676,0.113424514092568,0.115869545011163,0.118339318867461,0.120833835661463,0.123353095393169,0.125963414384099,0.128600113752771,0.131263193499184,0.133952653623338,0.136668494125234,0.13941071500487,0.142179316262248,0.144974297897366,0.147795659910226,0.150643402300827,0.15359775963101,0.156580260735898,0.15959090561549,0.162629694269787,0.165696626698789,0.168791702902495,0.171914922880906,0.175066286634021,0.178245794161842,106.870506166038,132.156413508138,163.663879253572,177.811662837144,237.884069424866,287.259321642964,408.849430356281,480.734064936435,540.820172884678,552.149144711887,458.887570317383,468.514522958863,1492.20732066158,1906.45362634513,2049.91040910401,1751.16624344148,2009.88255096761,1458.63828566248,2249.82624922775,5183.77740904305,8903.47011587913,8530.99957553454,10383.2634636234,11372.3930742283,11789.6538053004,10810.0277722369,7310.4040144854,12058.1827168591,14235.260717576,14197.1563028933,14331.2443354927,13259.3437574382,12830.4980111367,13292.7950357924,13485.8997019243,14195.2647865356,14276.9352483041,14587.6801075833,15263.0575570054,15440.6255023199,11337.1053099761,11893.7669571592,12222.9111849625,12274.3896275786,11603.4875499815,13054.607523134,15821.5421227842,16547.0191592983,17187.106447173,18120.5770205421,16604.4499265964,16336.0522348594,16076.032743501,17478.8336627706,17874.4587331613,15792.6996025642,16505.2200299872,17291.6205629214,19327.0963651373,21347.4005939513,22975.0376850495,24087.1396225081,25075.719472666,28918.8850961094,31319.0040463993,33522.9001162457,31491.4478269929,28241.3658526023,26141.7698201011,27374.7395935717,20952.0390790616,26054.0300321883,27183.9931505058,26933.0608112405
"CO2","alb","ktCO2",0,0,0,0,0,0,0,0,0,0,0,0,0,0,0,0,0,0,0,0,0,0,0,0,0,0,0,0,0,0,0,0,0,0,0,0,0,0,0,0,0,0,0,0,0,0,0,0,0,0,0,0,0,0,0,0,0,0,0,0,0,0,0,0,0,0,0,0,0,0,0,0,0,0,0,0,0,0,0,0,0,0,0,0,0,0,0,0,0,0,0,0,0,0,0,0,0,0,0,0,0,0.02602160688222,0.0525737938909112,0.0796565610260734,0.107269908287707,0.135413835675811,0.164088343190386,0.193293430831433,0.223029098598951,0.253295346492939,0.284092174513399,0.31541958266033,0.347277570933732,0.379666139333605,0.412585287859949,0.446035016512764,0.48001532529205,0.514526214197808,0.549567683230036,0.585139732388736,0.621242361673906,0.658957336391946,0.697305916503732,0.736288102009266,0.775903892908547,0.816153289201575,0.857036290888343,0.898552897968865,0.940703110443133,0.983486928311149,1.02690435157291,1.07095538022842,1.11564001427768,1.16095825372068,1.20691009855743,1.25349554878793,1.30071460441217,1.34856726543016,1.3970535318419,1.44617340364739,1.49592688084662,1.54895398591355,1.60274347795831,1.65729535698092,1.71260962298138,1.76868627595967,1.8255253159158,1.88312674284978,1.94149055676159,2.00061675765126,2.06050534551876,2.12368736374058,2.18773102554324,2.25263633092674,2.31840327989108,2.38503187243627,2.45252210856228,2.52087398826915,2.59008751155685,2.6601626784254,2.73109948887479,2.79787030986195,2.86533793400232,2.93350236129588,3.00236359174264,3.07192162534259,3.14217646209575,3.21312810200211,3.28477654506167,3.35712179127443,3.43016384064039,3.49706908211753,3.56447863066217,3.63239248627433,3.700810648954,3.76973311870117,3.83915989551584,3.90909097939804,3.97952637034773,4.05046606836495,4.12191007344965,4.21528962799451,4.30970265608566,11.0380087317524,11.1344887069362,21.378837186577,122.546109413034,277.173383045005,323.712081262962,400.88179638668,639.216631459315,579.645759200104,686.309277896386,428.314827364082,146.514406917333,116.608626818808,459.363008264621,854.80439221815,653.853188044118,935.677431994595,312.025664750754,420.240030171255,403.814787527894,462.256009112128,574.928219642225,744.553969755768,930.41576599099,1543.92164231353,1292.94940393348,1525.57573266628,2081.65558260881,2315.47850999734,2457.56269112819,2122.29628073025,2085.12549467272,2241.97825640491,2609.54645021708,2778.93720822748,3198.45569416771,3448.07774488149,3829.99526923476,4543.93287377441,5260.72197752967,4601.82945226131,4990.59491531674,5196.02972481439,5720.31210357277,6124.05094997354,6716.02196813549,7816.9554331943,8083.29772843248,6965.29744427565,7165.51488846922,7683.05030203598,8323.50646167966,8043.67686075891,8090.63400966933,8258.16953903842,8085.99877100024,7957.87821558412,6709.98065351368,4481.40327285844,2385.44315008126,2195.41345374875,2247.98873562103,2031.65458087709,2046.41919895043,1538.47823782818,1865.0630301077,3059.70121920328,3266.66114432705,3312.67588762179,3870.56280201701,4235.63716291985,4439.7600286947,4203.69794007693,4195.55762960509,4365.87767785994,4301.56008041473,4411.84202390012,4824.29064999001,5160.33369869333,4577.13552199854,4838.45656964788,5243.81851177427,4881.90624195893,4669.04021180487,5497.36134859602,5366.3846485486,5042.37796451284,4746.38302309676,5239.67704435252,4590.09322621105,4502.97931260551
"CO2","are","ktCO2",0,0,0,0,0,0,0,0,0,0,0,0,0,0,0,0,0,0,0,0,0,0,0,0,0,0,0,0,0,0,0,0,0,0,0,0,0,0,0,0,0,0,0,0,0,0,0,0,0,0,0,0,0,0,0,0,0,0,0,0,0,0,0,0,0,0,0,0,0,0,0,0,0,0,0,0,0,0,0,0,0,0,0,0,0,0,0,0,0,0,0,0,0,0,0,0,0,0,0,0,0,1.95133156698233e-05,3.92257468056652e-05,5.91372934075256e-05,7.92479554754048e-05,9.95577330093021e-05,0.000120066626009219,0.000140774634475154,0.000161681758407107,0.000182787997805079,0.00020409335266907,0.000224729458327831,0.00024540679496693,0.000266125362586366,0.000286885161186139,0.000307686190766249,0.000328528451326697,0.000349411942867481,0.000370336665388603,0.000391302618890063,0.000412309803371858,0.000433362591816755,0.000454457027716537,0.000475593111071206,0.00049677084188076,0.000517990220145203,0.000551747052084109,0.000585570623458268,0.000619460934267674,0.000653417984512321,0.00068744177419222,0.000721539584231525,0.00075570480784178,0.000789937445022999,0.000824237495775172,0.000858604960098298,0.000893039837992384,0.000927542129457426,0.000962111834493419,0.000996748953100374,0.00103145348527828,0.0010662361902218,0.00110108698968144,0.0011360058836572,0.00117099287214906,0.00120604795515706,0.00124117113268116,0.00127636240472139,0.00131162177127773,0.00134694923235019,0.00138234478793876,0.00141782330057231,0.00145337062225346,0.0014889867529822,0.00152467169275855,0.0015604254415825,0.00159624799945405,0.0016321393663732,0.00166809954233995,0.00170412852735431,0.00174022632141626,0.00178848246015067,0.00183727598762062,0.00188660690382608,0.00193647520876709,0.00198688090244362,0.00203782398485568,0.00208930445600328,0.0021413223158864,0.00219387756450506,0.00224697020185924,0.0023018932714252,0.00235739571113509,0.00241347752098891,0.00247013870098664,0.0025273792511283,0.00258519917141388,0.00264359846184339,0.00270257712241682,0.00276213515313418,0.00282227255399546,0.00288460969352812,0.00294757146441063,0.00301115786664298,0.00307536890022519,0.00314020456515725,0.00320566486143915,0.0032717497890709,0.0033384593480525,0.00340579353838395,0.00347375236006525,0.00354432675910324,0.00361557458672873,0.00368749584294169,0.00376009052774215,0.00383335864113008,0.00390730018310552,0.00398191515366843,0.00405720355281882,0.00413316538055671,0.0042098006368821,0.00415730586119998,0.00431651946310274,0.00457381262732139,0.00484527170661087,0.00507892407693784,0.00525776203650447,0.00540049275966317,0.00555787096623914,7.72781533063158,7.72510185270282,7.72260332330822,352.03368470083,1046.54286698758,3878.89449244346,5777.92611064937,7376.46625185912,9015.54812031106,11847.7428686393,14483.9919569339,17397.427443893,25046.9794334186,27303.6278834008,35421.3952291207,35572.3029197136,36340.157881641,45368.7723108927,45940.6543314128,53253.5245553092,38597.5411875598,42162.1447788374,39108.7041994084,39497.9563303724,38041.1827870988,51708.8626422169,53949.7913466365,52862.3572767471,55064.4032432426,54175.560980682,60783.6430442409,60314.0798402019,68739.5501005152,66197.8984970581,69818.1858048855,77148.5617946735,82423.2748308917,86427.7672539476,90054.4954896223,92532.8170605021,95384.3352578019,94323.485670796,108349.434348265,110532.720864014,115991.505868681,123033.061624093,130353.925487364,136154.023886394,147637.348429689,174586.958707122,175675.021476037,181946.544060067,186752.444972903,195427.10958847,205965.285855008,208358.438783947,218336.475452323,223270.561869176,213522.548140712,194613.664267434,206786.313456766,205035.45539014,208387.369343549,204293.339322458,206850.452142802
"CO2","arg","ktCO2",0,0,0,0,0,0,0,0,0,0,0,0,0,0,0,0,0,0,0,0,0,0,0,0,0,0,0,0,0,0,0,0,0,0,0,0,0,0,0,0,0,0,0,0,0,0,0,0,0,0,0,0,0,0,0,0,0,0,0,0,0,0,0,0,0,0,0,0,0,0,0,0,0,0,0,0,0,0,0,0,0,0,0,0,0,0,0,0,0,0,0,0,0,0,0,0,0,0,0,0,0,0.0192671653571475,0.0395757991119791,0.0609259012644939,0.0833174718146922,0.106750510762574,0.131225018108141,0.15674099385139,0.183298437992323,0.210897350530941,0.23953773146724,0.272274554767763,0.306608296278068,0.342538955998153,0.380066533928023,0.41919103006767,0.459912444417102,0.502230776976315,0.54614602774531,0.591658196724083,0.638767283912644,0.699918941943445,0.763852818434743,0.830568913386531,0.900067226798814,0.97234775867159,1.04741050900486,1.12525547779862,1.20588266505287,1.28929207076761,1.37548369494285,1.46445753757858,1.55621359867481,1.65075187823152,1.74807237624873,1.84817509272643,1.95106002766462,1283.97274592917,1054.54893518735,2076.72834388765,1622.1086348297,1111.23424872631,1639.7561043902,1839.14223586057,2359.01224723274,2679.67045523043,2727.49330472287,2463.50361946432,2779.84565574571,3455.6487481746,2451.1073398917,2952.69950039836,3337.62256492942,3398.00711220273,4506.72639961271,4732.25735728926,7422.31694447569,7427.6014893768,9675.01158472257,8332.574283353,12490.5598421209,14362.2385309018,14441.6431956901,15829.6968487323,14662.9810646353,13137.361510532,11291.9111195345,8502.1521430672,9422.25646114084,11502.0878039844,14546.3122406572,14551.8491160706,16791.977855174,18583.3959676417,21564.0107444084,21787.4011530788,21534.1076792267,24279.8016116256,23956.5580173824,24906.9762052825,25322.1407860964,24814.6677854807,24965.8267314936,25494.9967629753,27162.9089712877,27366.4989738657,28673.6052671226,30761.7420413143,30584.0316552533,31659.822771576,29486.2908280603,27126.6336141904,26349.6491402665,27121.6738684542,27905.2097518088,28887.1116676891,30613.9985538704,31655.3492973469,34908.6658929506,33524.6541118792,32892.7512209431,37564.5514447517,37032.4356274758,35669.4895627595,37090.3301206249,39590.9680249427,44099.6120220723,47476.2682855705,44199.2565798038,48912.0392253395,49112.8975974901,52028.8017135824,55016.6472625346,51586.435158684,57016.147556752,60155.6011834011,62417.0693646942,64309.6816624823,67955.4820089695,75762.0066563324,81459.0123117227,87233.9640191733,89421.5940116777,92787.9699393261,93301.9571801668,91090.6500719627,95298.7748059051,99512.5336001754,98351.3649045858,104475.475872368,102399.775893183,99522.6159075544,98729.0085716317,102712.821644945,102445.44165816,95065.8711580159,104094.559089888,109701.573952952,113523.178651997,110296.300912387,102877.880714253,108612.568188991,111012.579453734,115528.01370828,118634.361615065,120760.476729923,131019.218832805,135150.792502854,142732.401357891,145286.581908327,142025.054285648,135911.782636471,127936.080665192,139597.347691443,154885.837537356,159342.687244841,168298.53959657,177671.903957987,183399.84231281,170650.188391299,180906.996284261,189883.442161116,192158.90768745,198055.510043302,193779.412814302,200437.423852211,197862.370042129,194621.772826413,191900.361250086,183615.540292696,166794.66272576,182752.317076557,195915.692920101,195813.088603414
"CO2","arm","ktCO2",0,0,0,0,0,0,0,0,0,0,0,0,0,0,0,0,0,0,0,0,0,0,0,0,0,0,0,0,0,0,0,0,0,0,0,0,0,0,0,0,0,0,0,0,0,0,0,0,0,0,0,0,0,0,0,0,0,0,0,0,0,0,0,0,0,0,0,0,0,0,0,0,0,0,0,0,0,0,0,0,0.026881213422591,0.031856097613374,0.0209770537076638,0.0259045596115186,0,0,0,0,0,0,0,0,0,0,0,0,0,0,0,0,0.140432608531836,0.000284520338826318,0.000569760071682538,0.00085571919856866,0.00114239771948468,0.402926952748461,0.00171791294340644,0.00200674964641217,0.547594056397107,0.574704138441971,0.777412994106263,0.982358312134057,0.884415335723384,0.941293343281375,1.06635528797655,1.0298350461554,3.09631592549203,3.5674082633824,3.08457707581241,4.09285662960843,4.41820025610281,5.80975051218191,5.93080977840771,5.76079094827809,7.08928618395882,8.37668930570708,10.7216572926612,11.5252478220879,14.7267860066409,15.6291427864879,18.0809267861388,20.1811613986806,21.2752254343882,23.8540458487527,26.8432685888048,30.6951459990698,31.4354098407974,35.5381513345624,37.4448114787241,38.9110578280799,45.2179481868207,51.9026559224436,54.1456871808469,63.3205457683257,61.0510072927159,75.5995782359024,75.6075195973921,86.3006978990913,96.5728794062149,107.270085552518,122.541677240738,129.437762247172,121.933088217778,113.268205558259,120.714821202357,97.8827790552466,110.124626787233,119.023814435162,118.09439215428,123.844541282919,122.689787249635,123.028697149227,134.290571555646,140.701663620169,133.789817770793,131.680329995015,140.940836497205,128.221848094974,52.5249968252939,52.5265693105883,47.1913204633719,48.4178227726264,58.6740240803852,64.7245959257216,72.5991117903248,73.9750360294364,97.7461211812053,118.727429715086,129.152132874579,145.446159434464,221.060741174631,268.896161779388,283.653983050199,305.127586679668,364.161901239314,406.364585664324,463.70748621004,479.926543096532,509.471879722942,517.301507609335,596.572093493423,535.671244736351,409.532408804789,459.214966801516,497.323209220239,444.077568015375,508.241156258155,619.29788677819,675.242542500154,774.807574401625,880.165319020627,961.638210435503,1051.30079813308,1140.01520309661,1269.50807061785,1476.89455778557,1688.81528570084,1940.2062090017,2194.51705758549,2418.99257950818,2657.51600042896,2904.70260208001,3224.4653265069,3579.30542522214,3924.09460686612,4259.80583575108,4579.9314690009,4903.30101668277,5152.01360272161,5439.79071673406,5743.96255529183,6109.79565959257,6501.76817653279,7007.56737296144,7528.01117145814,8006.4379792296,8349.00940917011,8588.90148986864,8961.10179617803,9211.55676237543,9624.68898300962,9737.10894294152,9838.90992134196,9931.80129389553,9958.69261225356,9993.94560676154,9742.604252783,10004.8457952355,10563.9980731673,10453.8602776655,11790.361087495,9445.20275404154,6986.1415239858,4684.62005008304,3107.99933974029,2696.91847935051,2790.12662973779,2814.13834384333,2811.7253416218,2366.62763204287,2181.57830969025,2171.08005251336,2206.37479333219,2217.04079564031,2499.37993440043,2640.14325494512,2716.94953026071,3064.41148848375,3233.3448329835,2930.26377457835,2979.40741449026,3107.03070400213,3202.72852496664,3047.02585492861,3614.80251565187,3771.04059337679,3571.28228822823,3747.4618671005,4123.22020839253,3891.46681749656,4022.4168828465,4314.12894241386,4151.82647649534,4294.71105866792
"CO2","asm","ktCO2",0,0,0,0,0,0,0,0,0,0,0,0,0,0,0,0,0,0,0,0,0,0,0,0,0,0,0,0,0,0,0,0,0,0,0,0,0,0,0,0,0,0,0,0,0,0,0,0,0,0,0.000810844438274204,0.000834379183325074,0.000879155211540511,0.000878494109636378,0.000962725445432145,0.000960549341145201,0.000918334362990223,0.00101635819394387,0.0010331249242673,0.0010399536531128,0.00105598022830759,0.00110109900073323,0.00116187987547861,0.00122004791629294,0.00128421923947179,0.001345823512392,0.00145324136288887,0.0015407462871513,0.00164042150610143,0.00157039913597342,0.00159965989266495,0.00162959122126436,0.00165845297994851,0.00168634094491845,0.001853887193116,0.00202726556183574,0.00229573008937576,0.00247180620587818,0.00266559405223525,0.00294217865054106,0.00335569338149356,0.00354513178936008,0.00461570722114451,0.00525932882719307,0.00492472944285961,0.00614524163985562,0.00658946902733183,0.00723641392212012,0.00672264521703157,0.00722900983976746,0.00754791915211788,0.00776702946546288,0.0084182124386528,0.00920793020787184,0.0107665352767033,0.0126550804152222,0.0140271335635566,0.0162626925611499,0.0177246051131135,0.0188414221273254,0.0200543900011729,0.0242574936392004,0.0256696556952452,0.0281470267122825,0.030167083178958,0.0338758665337419,0.0347091576234482,0.0347865477884011,0.0345164827294307,0.0367623629008882,0.0421403499176183,0.0547612682953792,0.0640058096280429,0.0651504482416709,0.0632228368444642,0.0660931124541762,0.0751227509317389,0.0825468718495247,0.0914442889124859,0.103802856785215,0.113063635747908,0.113680951294267,0.135809302239479,0.170208492334485,0.172849507658015,0.154758848707039,0.151582528831103,0.189166962135621,0.199989582915914,0.24896206163112,0.303712767527573,0.315973965340924,0.345063579555758,0.303226786605236,0.309362805431596,0.291484286532174,0.336555693220927,0.343234728978442,0.371945017513514,0.394998736118617,0.493934871183766,0.557791598194441,0.54222168165079,0.52627633376117,0.510388280377431,0.559046568218098,0.603246407608574,0.604693594242943,0.595108732143011,0.642095314105039,0.691893375041039,0.750909897021771,0.873725987043665,1.00178353468556,1.08076210690639,1.22011455496093,1.18746598782532,1.48109398507176,1.45900555247043,1.52546798308457,1.70575079023457,1.75987252998842,1.82167329665271,2.10804194400245,2.14963573203238,2.26231710309239,2.51334708206278,2.77970264118092,2.97539883861322,3.10804500611268,3.92631063724895,3.98586573515415,4.4790751839822,5.41445018334974,5.20129639519509,5.43135339533406,5.55688953885793,6.20444844368732,6.28786761779036,6.88920900220987,6.07451279922163,5.63697262182682,5.1749314513569,5.75274003301951,5.85275779270652,6.33375719503208,7.08578837304175,8.07127904812907,7.52266871351602,8.01059711289718,8.86033162226932,9.59465547490284,9.53855844977491,10.4561382373378,12.057605087662,12.5994939500352,12.8963775152242,14.1158246213116,15.7225082125119,14.6566298409473,16.4424679594229,17.5834851227373,18.2137069726795,18.9623722435568,18.8738084987264,20.105757442586,20.7296223545739,20.2064362631254,20.2894789477043,20.7942400853167,21.2241943040022,21.7160621064552,22.8160382006801,23.8931044731546,25.2386950122527,27.2673673884244,29.2629112877652,31.2214754333616,33.9782728920499,36.6599529894335,42.7059032000282,45.5846629371237,56.7505091918032,55.8460304575503,50.1705264102547,58.122814153906,53.6892049498955,57.4160569158508,61.3215034629263,59.9107235819625,57.3174606279412,63.6630914450456,59.5145554429761,58.8258786577047,62.8512705841602,65.1006326707724,73.8748067221052,81.3886817014208,90.6013601918487,98.7109670937684,206.449335638206,213.924257923207,224.832879741343,232.199214517463,246.724795240275,254.927707928339,262.864812343388,278.119033818519,294.974458506623,314.101132751146,299.141335821913,299.131793705393,170.999691788804,207.03081805254,210.831208974352,211.83960764076,219.879836241328,223.400361069784,222.257002120199,216.633491914035,205.459311937429,160.829402798186,182.087838215835,189.821118757661,194.436978509657,192.133866388578,197.29173416111,95.1745269554456,95.9345188433701,98.0303831821011,87.71806853974,91.1901779661739,95.5248214332524,99.3174231286163
"CO2","atg","ktCO2",0,0,0,0,0,0,0,0,0,0,0,0,0,0,0,0,0,0,0,0,0,0,0,0,0,0,0,0,0,0,0,0,0,0,0,0,0,0,0,0,0,0,0,0,0,0,0,0,0,0,0,0,0,0,0,0,0,0,0,0,0,0,0,0,0,0,0,0,0,0,0,0,0,0,0,0,0,0,0,0,0,0,0,0,0,0,0,0,0,0,0,0,0,0,0,0,0,0,0,0,0,1.57719442144048e-05,3.14294948543602e-05,4.69726519198663e-05,6.24014154109231e-05,7.77157853275301e-05,9.29157616696883e-05,0.000108001344437397,0.000122972533630656,0.000137829329249466,0.000152571731293826,0.000167219009534084,0.000181755397794501,0.000196180896075077,0.000210495504375812,0.000224699222696706,0.000238792051037759,0.000252773989398971,0.000266645037780344,0.000280405196181874,0.000294054464603564,0.00030902615658745,0.000324023464643118,0.000339046388770568,0.0003540949289698,0.000369169085240815,0.000515841827174417,0.000662768228506093,0.000809948289235839,0.000957382009363654,0.00110506938888955,0.00125675723957782,0.00140957780293508,0.00156353107896135,0.0017186170676566,0.00187483576902085,0.00203218718305409,0.00219067130975632,0.00235028814912755,0.00251103770116777,0.00267291996587697,0.00281947027456149,0.00296537570048316,0.003110636243642,0.00325525190403799,0.00339922268167113,0.00354254857654145,0.00368522958864891,0.00382726571799355,0.00396865696457534,0.00410940332839428,0.00425253068765073,0.00439522532295795,0.00453748723431595,0.00467931642172473,0.00482071288518428,0.00496167662469461,0.00510220764025572,0.0052423059318676,0.00538197149953026,0.00552120434324369,0.00559025989024727,0.00565526193707067,0.00571621048371392,0.005773105530177,0.00582594707645991,0.00587473512256267,0.00591946966848527,0.0059601507142277,0.00599677825978996,0.00602935230517208,0.00617626769472128,0.00632400936534059,0.00647257731702993,0.00662197154978938,0.00677219206361892,0.00692323885851847,0.00707511193448814,0.00722781129152791,0.00738133692963773,0.00753568884881757,0.00779332365154352,0.00805528604968721,0.00832157604324862,0.0085921936322277,0.00886713881662454,0.00914641159643911,0.00943001197167137,0.0097179399423214,0.0100101955083892,0.0103067786698747,0.0107225489461565,0.0111459991739921,0.0115771293533814,0.0120159394843242,0.0124624295668209,0.0129165996008712,0.0133784495864752,0.0138479795236327,0.0143251894123441,1.65391069524461,1.25769203428341,2.10987219895426,2.54808823834357,2.13690970137193,3.41926879482969,3.42680844744079,3.69161455160104,4.93789428130454,4.96044635515796,6.22459727991375,8.12446663177765,17.5653931098352,14.5104318455692,15.8546569268413,26.114626984548,60.7864928845413,99.0481304201648,174.552077081099,222.916940320241,82.3741745622151,69.875152006061,70.3556967063053,57.152292774665,68.8600123561559,134.78350843591,68.9586792495649,80.0370755562391,88.021403165307,72.8205721649874,26.8405725685407,23.5866493830108,61.3927567034788,17.6248963612955,30.5353889412141,51.5111721033078,54.6417253592982,62.9156908326999,68.0567902557586,72.440712378197,169.875435620593,169.342660565696,171.441607096257,180.0348851968,187.134185789369,198.309569106491,197.457335796489,211.843981034867,214.229175210189,234.117346486975,206.108662763486,198.878880403618,102.602942095698,111.302004864577,115.304752693158,116.829126298547,126.143147628534,146.149531214763,159.50436457676,176.648046953088,173.851965803851,118.843326176345,124.734652257119,125.281367254551,125.478643959019,129.284209811925,129.984279054679,131.692132382329,132.66213902143,135.641735107515,120.762009219092,125.581878619634,131.594013125379,136.724477281098
"CO2","aus","ktCO2",0,0,0,0,0,0,0,0,0,0,0,0,0,0,0,0,0,0,0,0,0,0,0,0,0,0,0,0,0,0,0,0,0,0,0,0,0,0,0,0,0,0,0,0,0,0,0,0,0,0,0,0,0,0,0,0,0,0,0,0,0,0,0,0,0,0,0,0,0,0,0,0,0,0,0,0,0,0,0,0,0,0,0,0,0,0,0,0,0,0,0,0,0,0,0,0,0,0,0,0,0,28.4267619373982,56.9670955092103,85.621128676822,114.388989401619,143.270805644986,172.26670536831,201.376816532976,230.601267100371,259.940185031877,289.393698288883,522.830365495852,369.893449689395,415.823023620279,285.180638822482,441.744648227891,719.885383390605,920.842436888778,761.190638079351,671.577365199913,633.600006462139,728.139262489326,745.48098480706,910.155121319654,935.060041239141,875.403798811825,981.487225026566,1120.80113012462,1024.64265626478,1517.52152393788,2275.54685711547,1838.39078146095,2089.70823786231,2510.5247341423,2662.82097960998,3003.0187364361,2990.0323772033,3142.85479134423,3645.54321717563,3548.4350835823,3676.02830268858,4145.1895472845,4294.26079501626,4112.17927762968,4515.48595854362,4753.30124690213,4671.01328765824,5152.03799616911,5798.86984560921,5997.35372097243,10406.5011822799,11708.7465588791,11648.6832837749,11492.3218986365,11831.1671533798,12344.8879319874,14654.8582424929,15769.8497984674,17033.0431691175,14830.0026492589,17653.7510093354,19416.3036576532,20912.9830017868,22456.726340476,24463.8686383809,21789.9204666674,19284.0729043821,20680.5363495743,22727.3702610692,21517.485939016,25261.1204263025,22800.1610626147,23919.9305078379,24387.7838304126,26471.4078070659,27553.5077883558,27191.9746106667,28204.0728660552,25778.0914621822,23284.9180671691,21746.1032505213,19312.2875466396,20078.5728911577,21285.634145248,22378.4230968186,24832.2951670154,26601.1063163071,28358.4945547133,27552.4202260333,31536.0339921679,28575.9113183443,33876.7118694503,35765.0199426786,34322.5462238023,33591.2838975054,32174.8182376978,34813.0006228316,37333.9693678929,37752.9407502225,37033.3444367161,54847.5669057942,59484.2219729863,60783.6558379064,59912.865819147,68905.321103052,72067.9536749602,74858.3616075837,76707.4078589588,79668.3903413956,85758.0380350478,94218.7709434753,97656.8437559377,100160.760820095,106093.029034774,111219.142054987,116032.687398353,123492.285553833,130356.538256265,135906.960800304,142368.627344532,150146.86308127,151956.643102765,157688.620811743,167267.566145117,176473.026098516,183075.422883033,186488.049386713,199625.545366113,204396.512289887,210489.940573163,221314.849490818,222582.933216528,228782.653411846,221377.502640748,229702.06594083,240646.70626592,242954.716182053,252519.932367083,261379.314266457,277212.507085276,288085.386889133,287271.409128837,293153.498831438,296973.520745467,301590.753406246,310456.659580226,326651.656587168,334021.58508224,349522.463519995,357590.248929989,363724.289695741,366125.373123462,374728.904721926,373470.926763413,386848.501479433,387760.065476577,394651.281574111,407649.836497184,410608.721350267,414305.055660806,412719.333779397,411548.556947179,408885.872991281,401448.898077433,392126.974388858,398309.146182776,406629.814475652,424168.954410398,425166.922143369,425635.391993533,405707.18110945,393210.129660737,386013.430414005,387492.974640622
"CO2","aut","ktCO2",0,0,0,0,0,0,0,0,0,0,0,0,0,0,0,0,0,0,0,0,0,0,0,0,0,0,0,0,0,0,0,0,0,0,0,0,0,0,0,0,0,0,0,0,0,0,0,0,0,0,0,0,0,0,0,0,0,218.526103477605,0,0,0,0,0,0,0,0,0,0,0,327.789155216409,432.301639488307,465.555611756638,475.056746690447,451.303909355924,517.811853892588,522.562421359492,593.820933363058,617.573770697581,607.638904864425,631.974164601534,656.309424338642,637.889576873611,681.227106478338,572.546477142122,777.403300621601,839.743100093946,892.581764632482,935.919294237206,1121.77384784907,1393.13861586521,1536.23806227493,1731.5937508206,1912.30460184381,1665.46438084562,2091.10419461273,2357.89312188274,2769.65980781081,2727.85113701288,3053.74741942088,2957.78963367859,3045.94987001463,3056.68769055061,3677.20912617359,4216.41044681235,4157.994096821,4840.86295274327,5533.05105011417,6367.95285256871,9439.92449297471,7652.07300853312,8019.16993324793,8319.96337676792,8291.06521557021,7671.60958442851,6627.71277046763,6983.26488160049,4699.64649792483,6416.72319136134,7928.63524593147,8459.69786382354,9593.2104699993,13187.298910418,13016.4571920978,13952.8033193314,11901.1372292011,10207.1997515779,10488.3847603056,9444.3184305954,9393.73929078189,11509.868267345,30668.1787827805,13372.1286310573,13768.784449243,15301.6763546218,14902.186574751,15650.868487267,14781.6598034857,15937.4460353401,15558.2921106749,16746.2387550151,16976.8802261399,19436.152662069,18810.7399210875,23005.0782893794,23591.0157104419,26515.329349469,27774.65833285,30015.1982697375,31893.2212262404,32358.8406259867,36251.7861533689,37004.8294916969,33553.8800866259,33555.0760271464,35515.9639354976,37356.1186794008,44596.7564044794,55672.9739995308,78164.1193884491,56914.9678739579,76557.1658677093,64070.7854371226,67403.3555092349,79455.0433941573,64689.4984610883,46148.0330194371,12114.4114777928,4894.20741928133,4432.4231603392,3975.54664127026,18860.0093535151,24879.8394008494,23701.2536396142,22467.4032751907,25103.2879152437,23531.2923962914,23110.1423188748,25044.4738659811,26483.1937581824,30273.9002532436,23646.4794990688,22627.4853292665,18991.0121985416,17769.125234297,17215.1848225701,17432.944247629,17097.4563038629,19311.7369407444,7564.70464045733,8272.75901852325,9459.51166215175,10107.0717746722,10688.1121552688,11927.0424454501,11447.1002649661,5600.25097210285,15204.1435832116,21058.7669173101,29400.577300004,31878.5566076622,24263.121777836,26992.3328320274,25646.9632132456,25018.8197326875,28061.1862229491,33007.2332163715,31997.8259167881,33155.5531678704,31440.9093696962,30683.8381835801,33435.0757729299,33773.5422014143,37004.4363309633,41128.517572813,42368.810409029,41535.9534605345,42120.8087024845,42838.8114640217,45338.0781768254,47829.0390302416,51727.8408318472,54430.964798727,56777.6523361305,59843.6397747223,57259.6854965898,55342.8953710836,59728.0251582167,57292.8394134491,59501.4629803939,61280.3553910122,59533.8401748256,55994.4998389408,54201.4331174107,54091.4819782832,55582.3032658086,57261.2573834149,56104.573506285,56638.4375914194,55051.4542970855,55437.7010291718,67316.7246867867,71348.6875713941,65270.6538762834,65958.7544790326,66792.4764382413,70490.4561375205,73602.0373659619,73722.9019549619,74208.6179358322,72247.8510359917,73175.4065110963,77166.997373529,78781.7035997822,83660.6122611138,84144.8557691127,86305.1052304962,84155.0628703105,81362.7120372334,81452.8211437968,72696.8761540229,79370.3780530294,77216.8955236715,73782.1074623453,74149.0764901361,70478.1725497038,72311.8193775644,72313.1260100938,75010.781994406,71086.6706953593,73328.3936494139,67057.8021981187,71437.4590296116,57560.9850428475,53951.5137154198
"CO2","aze","ktCO2",0,0,0,0,0,0,0,0,0,0,0,0,0,0,0,0,0,0,0,0,0,0,0,0,0,0,0,0,0,0,0,0,0,0,0,0,0,0,0,0,0,0,0,0,0,0,0,0,0,0,0,0,0,0,0,0,0,0,0,0,0,0,0,0,0,0,0,0,0,0,0,0,0,0,0,0,0,0,0,0,0.00550573784908997,0.00652468025148216,0.00429646373268316,0.00530570224174793,0,0,0,0,0,0,0,0,0,0,0,0,0,0,0,0,0.0287630292533734,0.000444593323952405,0.0008903107776746,0.00133715236116659,0.00178511807442837,0.0844677760036018,0.0026844218902613,0.00313575999283246,0.115274641197405,0.121221388218864,0.274914962258754,0.317169710703614,0.297419815627368,0.38362444590532,0.48363106649227,0.51334313043227,0.973724682975936,1.21814092147308,1.52528654340719,1.6944306181675,1.76063038027741,1.89397316663505,1.98726581665213,2.8865295535241,4.11660300344423,5.93219405425998,9.04337331912447,12.0536149232304,14.6117328613714,17.581934284007,19.9044503687158,26.3443439355796,28.3028807313541,31.1567865022081,43.5066777139464,54.2171789926545,55.9153716027244,69.5117085664295,74.6830407277256,74.5746048861028,90.0483549417451,109.069562678923,112.827630613211,132.565402328562,121.163716807532,163.590811566287,161.736705120185,183.331289946892,205.897958223833,219.897170336388,254.990102400341,281.266803255059,262.215410579539,234.403544670835,241.93364036607,177.189137785208,199.126371639021,208.442304453377,206.292852122626,217.991952510519,222.449862390363,215.618585213457,225.075566120232,224.361329638796,235.260926948685,258.812068624893,281.74132628926,255.174258741225,109.423488598358,131.408477893192,117.727542337443,116.857622307209,143.943584233473,162.203392843914,174.003713725121,188.281661246482,228.268904440856,275.506513341338,282.282102568304,345.194356360475,617.205139707293,748.184430889268,718.339316307136,728.929866583551,833.69890715521,888.014077129385,979.19475113663,1016.98604583736,1069.85750156458,1072.7203009302,1144.94382148442,1071.45063062896,996.92374980628,927.220821392285,1251.29592911567,838.861581859904,983.312919972788,1219.71384568929,1379.41612804022,1607.38321076711,1873.56190834747,2046.33685457941,2281.66264709759,2522.96794522136,2821.62804454356,3329.71436415846,3973.12050275762,4806.73899018521,5798.96261156002,6685.19792558941,7749.22117187962,9041.26369595963,10655.3276637065,12366.3111189058,14184.759263733,15924.884143503,17550.894801514,19376.8596415413,21028.0725650354,22720.8610545941,23385.8037427051,26066.4243076254,27621.7987984756,29470.4344769405,31560.5201955406,33771.3844446396,35076.6871884478,36422.1181833051,37987.9193560213,39502.8543244786,41563.8771251531,43244.4329673383,44499.3013398911,45779.2736703892,46984.0680128128,48283.207715222,52694.6069848744,51111.9261280108,51081.6063588458,52038.5034798685,60731.12766921,59056.7320077755,48462.3958802798,41110.6630293921,36404.3650414643,34612.0551425951,28872.7835198821,27973.7441805011,28058.2432491939,27662.8346304761,29278.7039197842,28433.5897562033,28224.9068130669,30650.1487867067,30404.4295774141,32172.5130854064,32780.4268929495,29815.2960839572,32934.478615051,27664.4762281877,26373.889824493,29546.8150902046,32510.8684554636,33236.0383202735,34649.6606387372,34099.4612275266,34685.1541890562,34378.426117781,35255.0371504951,37269.5171074643,35883.0813923035,38070.823503703,41077.372964897,44375.9791237719
"CO2","bdi","ktCO2",0,0,0,0,0,0,0,0,0,0,0,0,0,0,0,0,0,0,0,0,0,0,0,0,0,0,0,0,0,0,0,0,0,0,0,0,0,0,0,0,0,0,0,0,0,0,0,0,0,0,0,0,0,0,0,0,0,0,0,0,0,0,0,0,0,0,0,0,0,0,0,0,0,0,0,0,0,0,0,0,0,0,0,0,0,0,0,0,0,0,0,0,0,0,0,0,0,0,0,0,0,0.000442798229960017,0.000886340033773869,0.00133062541144156,0.00177565436296308,0.00222142688833846,0.00266794298756766,0.00311520266065069,0.00356320590758756,0.00401195272837826,0.00446144312302285,0.00491760291988698,0.00537558371394424,0.00583538550519456,0.00629700829363795,0.00676045207927436,0.0072257168621039,0.00769280264212651,0.00816170941934219,0.00863243719375095,0.00910498596535269,0.00957974594783185,0.010056364090712,0.0105348403939933,0.0110151748576756,0.0114973674817592,0.0119814182662437,0.0124673272111294,0.0129550943164162,0.013444719582104,0.0139362030081929,0.014430132380116,0.0149259578340809,0.0154236793700879,0.0159232969881367,0.0164248106882275,0.0169282204703599,0.0174335263345346,0.0179407282807511,0.0184498263090096,0.0189608204193101,0.0194745038704658,0.0199901220992155,0.0205076751055588,0.0210271628894962,0.0215485854510271,0.022071942790152,0.0225972349068706,0.0231244618011831,0.0236536234730893,0.0241847199225895,0.024656122428091,0.0251270428985748,0.0255974813340409,0.0260674377344894,0.0265369120999205,0.0270059044303337,0.0274744147257292,0.0279424429861071,0.0284099892114673,0.02887705340181,0.0298855707096858,0.0309113743482016,0.0319544643173571,0.0330148406171525,0.0340925032475875,0.0351874522086624,0.036299687500377,0.037429209122731,0.0385760170757251,0.039740111359359,0.041061664636041,0.0424044527690646,0.0437684757584294,0.0451537336041356,0.0465602263061832,0.0479879538645722,0.0494369162793029,0.0509071135503747,0.0523985456777879,0.0539112126615425,0.0556370128507387,0.0573887861271183,0.059166532490681,0.0609702519414272,0.0627999444793569,0.0646556101044697,0.0665372488167662,0.0684448606162461,0.070378445502909,0.0723380034767557,0.0745822419417575,0.0768581393709531,0.0791656957643424,0.0815049111219255,0.0838757854437024,0.086278318729673,0.0887125109798373,0.0911783621941954,0.0936758723727472,9.83952203846387,9.78687608028721,18.0293562610138,16.5774136063688,6.93289039540356,8.24857893836252,9.54440333531415,10.8261844645072,10.7724995893287,38.599090900866,38.5517086659954,47.879719441816,45.5326573310668,49.4420633557701,49.5713885408945,38.2677667256789,49.890774938667,50.0610670453289,57.9140473818488,77.3689881983318,67.7324427745674,81.7509509581901,76.9540762617167,80.2171423510546,98.8959976848694,89.2818420652213,98.2027880405374,106.805805550436,110.572314924168,116.715861990833,148.984721584388,159.449130219305,158.588892256288,201.536630118535,212.719281236761,229.830998583592,243.468687713053,267.766580533137,255.515632283229,302.740597796566,489.457059370161,606.352373812203,682.865054787525,672.455260443697,671.512159527066,688.12748782019,744.051627638527,810.629880228018,1005.40974875965,424.3978676658,338.315836954204,266.411999471463,263.502662951708,194.744701326216,245.380277057227,198.942918987656,235.408156743868,246.577666805505,233.381845771909,233.962065535093,241.046709260986,230.710539533699,247.164961619806,254.671658516873,263.574059251875,285.364671746677,304.00560926774,340.479603024737,369.111393928521,396.572458492993,407.98716823565,428.836591235129,453.161085742204,452.277520377297
"CO2","bel","ktCO2",0,0,0,0,0,0,0,0,0,0,0,0,0,0,0,0,0,0,0,0,0,0,0,0,0,0,0,0,0,0,0,0,0,0,0,0,0,0,0,0,0,0,0,0,0,0,0,0,0,0,0,0,5283.18165882864,0,0,0,0,0,0,0,0,0,0,0,0,0,0,0,0,0,0,0,0,0,0,0,0,0,0,0,5116.75841069832,3685.51847677738,3894.30400624998,3770.24303946191,3640.13031819637,3930.61453311479,4623.54042078475,4953.36103980671,5056.24086592364,5540.381224121,6381.5750964889,6103.19439052543,6342.23869238537,5873.22772038168,6442.09264126358,6787.04264647921,7404.32160318082,7694.80581809923,6841.50843677639,7213.69133714063,7706.90932705418,8398.50245298064,9425.99209316499,9739.39884576669,10791.1437853779,11056.1847836768,10921.8341272213,11371.5019185999,11948.2806947637,12319.3239594521,12581.4597843046,13612.1856387602,13520.3339184417,14251.5436878546,14958.5693201536,15768.4976593656,16983.9164293638,18393.014223437,16634.0414293522,17916.0981409905,20475.0979281703,19627.1643995279,21316.0510870231,23606.9602849871,21972.9124100942,23046.1409233732,22612.3550569669,21620.4531372299,23593.490624065,24119.449683666,26597.16861666,26769.0815936728,28349.1657331163,30036.7316236434,29573.0593754888,28870.6765344412,28101.0495305768,29815.8770525481,31735.5980508757,32508.0842508395,35209.2103273931,33376.0016009649,33334.0516571109,31871.1775754692,35162.1917173152,35412.2459914216,37328.9063205276,38636.2880117354,39802.0160854621,41605.2751735865,43831.9511995854,40977.3850212038,42709.5049904702,45784.2738323583,43618.0253569718,43333.4365100772,49330.1030020434,49855.017789383,49244.2207076058,49079.9058312067,51907.7261277579,53812.3437506225,58134.2370587753,62828.9274341006,38487.9879743586,33234.1792373829,43458.4791357241,33858.5543779065,31444.7835273518,40544.944321712,49146.4107392544,44474.4294234865,48838.4430072898,62016.1327714432,65132.6787477884,65749.1400119764,65393.8771484512,75724.3648010259,75096.2357403725,82078.8257460665,79209.5065020129,71083.1773973008,57409.3473517444,61433.7622496104,63399.6709527131,60721.9094237438,63692.3992244217,76595.8209347914,67719.7209294852,63630.3088001618,53449.6381506815,56084.2413577356,52410.2780504162,49617.8393993418,28534.4768169915,33106.9149326112,47694.1066343789,69956.9923312829,72813.9546086381,69045.5238578136,64800.426320789,76507.065981788,72628.4518379973,71906.5857300573,74531.3059990476,79686.8427051512,84332.8184046846,84530.3324140875,77400.8738721752,78055.9849423363,84142.3751618555,84315.6387573278,92354.1849237678,100179.5921081,101166.534559445,102616.682773461,100010.806178027,103178.884708571,112771.610078745,118975.009510045,125782.933192022,122325.226172263,132620.678663878,139341.965857828,138854.103357694,121976.326421748,129127.954640982,126013.604615049,132949.876872588,143033.197224107,130972.220651357,120084.616511225,113023.315203889,103284.582476251,104824.497061854,103071.36002502,104685.11344689,105060.543073434,106111.781419213,108366.080118581,117670.704666157,120693.848623062,119788.073601489,117617.58301349,122558.835190434,123052.744750835,127631.277658853,123884.209018532,128046.432989567,123316.955678522,126527.471260198,128190.470952498,122563.270505103,127458.724329156,125777.572673759,123232.87770583,119764.0602233,114359.849975719,116985.614594954,109232.036117628,117391.089495418,106415.595901162,103933.433335689,105449.189698425,98590.0802262656,104565.785138316,102796.052552044,101416.021999164,102736.136999342,100919.433533121,93826.061698133,97532.6259248696,88583.7756023819,85060.2542409239
"CO2","ben","ktCO2",0,0,0,0,0,0,0,0,0,0,0,0,0,0,0,0,0,0,0,0,0,0,0,0,0,0,0,0,0,0,0,0,0,0,0,0,0,0,0,0,0,0,0,0,0,0,0,0,0,0,0,0,0,0,0,0,0,0,0,0,0,0,0,0,0,0,0,0,0,0,0,0,0,0,0,0,0,0,0,0,0,0,0,0,0,0,0,0,0,0,0,0,0,0,0,0,0,0,0,0,0,0.000386014392068401,0.000767173257192546,0.00114347659537243,0.00151492440660807,0.00188151669089944,0.00224325344824656,0.00260013467864942,0.00295216038210802,0.00329933055862238,0.00364164520819246,0.00401398485090765,0.00438781087942211,0.00476312329373582,0.0051399220938488,0.00551820727976103,0.00589797885147253,0.0062792368089833,0.00666198115229332,0.00704621188140261,0.00743192899631116,0.00781945100826167,0.0082084897404155,0.00859904519277267,0.00899111736533313,0.00938470625809701,0.00977981187106412,0.0101764342042346,0.0105745732576084,0.0109742290311856,0.011375401524966,0.0117785705177897,0.0121832871842902,0.0125895515244676,0.0129973635383218,0.0134067232258529,0.0138176305870608,0.0142300856219457,0.0146440883305073,0.0150596387127459,0.0154767367686613,0.0158960299943837,0.0163169024789601,0.0167393542223903,0.0171633852246746,0.0175889954858128,0.0180161850058049,0.018444953784651,0.018875301822351,0.019307229118905,0.0197407356743129,0.020283008984354,0.0208310649844562,0.0213849036746193,0.0219445250548434,0.0225099291251284,0.0230811158854745,0.0236580853358815,0.0242408374763495,0.0248293723068784,0.0254236898274684,0.0264661436660865,0.027528883592404,0.0286119096064207,0.0297152217081364,0.0308388198975518,0.0319827041746661,0.0331468745394799,0.0343313309919927,0.0355360735322048,0.0367611021601163,0.0381208325682067,0.0395040720412491,0.0409108205792439,0.0423410781821907,0.0437948448500899,0.0452721205829411,0.0467729053807447,0.0482971992435003,0.0498450021712081,0.0514163141638683,0.0531677719159739,0.0549466063057353,0.0567528173331524,0.0585864049982253,0.0604473693009539,0.0623357102413383,0.0642514278193783,0.0661945220350742,0.0681649928884253,0.0701628403794326,0.0723992339777089,0.0746676453008853,0.0769680743489611,0.0793005211219374,0.0816649856198136,0.0840614678425895,0.0864899677902656,0.088950485462842,0.0914430208603176,105.993922133359,64.1395112136748,76.7439252197673,84.3399985198329,98.3949047770259,103.230253023381,118.056391506408,128.100304325966,131.143260994385,108.084868938132,169.891020172804,135.250915668169,143.068564747058,127.702669977098,151.006770193664,158.860445612439,120.23598876419,151.348407128902,163.109888766541,213.726943184806,299.408419225604,310.663416228792,405.730198707543,415.466491128364,427.623358302612,469.012669851598,287.828626066095,342.116439325474,389.632512899282,389.945927987443,508.780429741957,414.079265960888,482.808437631949,475.875054413956,488.564851932864,580.45191790723,515.243725521864,462.712330927768,429.647617386674,367.118550545057,353.669764891848,299.708060068462,311.304918982467,318.984516908076,314.590599237389,339.237034055729,1013.80332728122,1280.18373661485,1259.31571670732,1387.41295360167,1474.59317715777,1786.73767173575,2232.02434553151,2501.43142561454,2707.44671280643,2965.42437381421,3539.80785691071,4067.3931780481,4088.78139367441,4488.75893960944,4896.69900990643,4726.55965421572,4520.69587671086,4755.23392133938,5234.52918896044,5560.86579290924,6801.05178670679,6945.24298265224,7695.00691414212,7555.31172522088,8123.28820352686,6021.47213088665,6337.18910359814,6191.93013429925
"CO2","bfa","ktCO2",0,0,0,0,0,0,0,0,0,0,0,0,0,0,0,0,0,0,0,0,0,0,0,0,0,0,0,0,0,0,0,0,0,0,0,0,0,0,0,0,0,0,0,0,0,0,0,0,0,0,0,0,0,0,0,0,0,0,0,0,0,0,0,0,0,0,0,0,0,0,0,0,0,0,0,0,0,0,0,0,0,0,0,0,0,0,0,0,0,0,0,0,0,0,0,0,0,0,0,0,0,0.000695957177793929,0.00139308304942126,0.002091377614882,0.00279084087417616,0.00349147282730372,0.0041932734742647,0.00489624281505906,0.00560038084968684,0.00630568757814802,0.0070121630004426,0.00772912089089605,0.00844894088869656,0.00917162299384425,0.009897167206339,0.0106255735261809,0.0113568419533699,0.012090972487906,0.0128279651297893,0.0135678198790197,0.0143105367355972,0.015056729008239,0.015805841798582,0.0165578751066262,0.0173128289323715,0.0180707032758179,0.0188314981369654,0.0195952135158141,0.020361849412364,0.0211314058266149,0.021903882758567,0.0226802040454523,0.0234595054524407,0.0242417869795326,0.0250270486267274,0.0258152903940256,0.0266065122814268,0.0274007142889313,0.028197896416539,0.0289980586642499,0.029801201032064,0.0306085703049224,0.0314189805166619,0.0322324316672821,0.033048923756783,0.0338684567851646,0.0346910307524272,0.0355166456585706,0.0363453015035949,0.0371769982875,0.0380117360102856,0.0390312258974456,0.0400608826538976,0.041100706279642,0.0421506967746787,0.0432108541390077,0.0442811783726291,0.0453616694755425,0.0464523274477484,0.0475531522892467,0.0486641440000375,0.0506370757666367,0.0526481013922497,0.0546972208768773,0.0567844342205187,0.0589097414231745,0.0610731424848442,0.0632746374055283,0.0655142261852264,0.0677919088239388,0.0701076853216654,0.0726818685973227,0.0753003517297104,0.077963134718828,0.0806702175646757,0.0834216002672535,0.0862172828265614,0.0890572652425998,0.091941547515368,0.0948701296448666,0.0978430116310953,0.10116180496305,0.104532345348993,0.107954632788926,0.111428667282849,0.114954448830761,0.118531977432661,0.122161253088552,0.125842275798431,0.1295750455623,0.133359562380158,0.137602443222355,0.141906007755253,0.146270255978851,0.150695187893149,0.155180803498147,0.159727102793846,0.164334085780245,0.169001752457345,0.275844863530235,203.808678193091,134.914582620885,159.635875693224,173.884601818174,201.771102520494,211.142272265963,243.183419829251,268.582978161111,3.93820477230558,7.68699316785447,45.1505981510766,94.05506431033,86.7651385763191,90.7591765031248,113.685671684057,106.404813228328,106.693128273986,106.98776830617,107.288700445277,126.760307561688,150.547748023411,165.194353350088,173.423086344377,188.324033071492,226.023448250995,245.090690127203,237.040147270312,262.01564191754,349.379548670477,415.349748957363,420.006209787535,546.986630976743,560.493038258592,572.669514449492,455.046780555037,472.734829156323,477.371060650416,520.000214391399,550.934873055426,818.453462146519,544.902845981847,578.261878998293,581.287325854612,582.671023170022,609.346283887568,596.049507422315,681.162128927037,759.068854930027,980.486853092122,1034.85554879435,1129.84477301179,1149.03385321925,1130.46329336464,1134.60007306414,1228.27705514786,1322.11746940789,1583.95867821829,1949.23598764008,2009.12946058746,2040.51734276791,2068.38379920936,2082.05362607617,2233.11091604304,2235.41806696396,2259.72839452321,2831.52952551152,3093.50706214151,3455.96277332392,3824.05829373934,4292.21700889755,4403.89356827946,4617.88804156864,4875.04311717331,4829.93918734316
"CO2","bgd","ktCO2",0,0,0,0,0,0,0,0,0,0,0,0,0,0,0,0,0,0,0,0,0,0,0,0,0,0,0,0,0,0,0,0,0,0,0,0,0,0,0,0,0,0,0,0,0,0,0,0,0,0,0,0,0,0,0,0,0,0,0,0,0,0,0,0,0,0,0,0,0,0,0,0,0,0,0,0,0,0,0,0,0,0,0,0,0,0,0,0,0,0,0,0,0,0,0,0,0,0,0,0,0,0.00884057107337544,0.017833565785947,0.0269789841377147,0.0362768261286785,0.0457270917588386,0.0553297810281947,0.0650848939367466,0.0749924304844949,0.0850523906714397,0.0952647744975802,0.105246866086239,0.115311796609245,0.125459566066596,0.135690174458292,0.146003621784335,0.156399908044723,0.166879033239457,0.177440997368536,0.188085800431962,0.198813442429732,0.209661741136224,0.22059648046986,0.231617660430638,0.24272528101856,0.253919342233625,0.265199844075833,0.276566786545185,0.288020169641684,0.299559993365321,0.311186257716104,0.324316642670499,0.337624931476326,0.351111124133584,0.364775220642274,0.378617221002396,0.39263712521395,0.406834933276936,0.421210645191353,0.435764260957204,0.450495780574485,0.465405204043197,0.480492531363342,0.495757762534917,0.511200897557925,0.526821936432364,0.542620879158235,0.558597725735538,0.574752476164273,0.591085130444439,0.60759568857604,0.622631650284473,0.637780711912002,0.653042873458625,0.668418134924342,0.683906496309155,0.699507957613062,0.715222518836063,0.731050179978159,0.74699094103935,0.763044802019639,0.779211762919019,0.795491823737494,0.811884984475063,0.828391245131727,0.845010605707486,0.861743066202339,0.878588626616287,0.89554728694933,0.912619047201467,0.929803907372698,0.949018957416196,0.968401109912675,0.987950364862143,1.0076667222646,1.02755018212004,1.04760074442846,1.06781840918988,1.08820317640428,1.10875504607167,1.12947401819204,1.1503600927654,1.17141326979175,1.19263354927109,1.2140209312034,1.23557541558871,1.25729700242701,1.27918569171828,1.30124148346255,1.32346437765981,1.34585437431005,1.36841147341327,1.39113567496949,1.41402697897869,1.43708538544088,1.46031089435606,115.65721523097,125.168781533575,114.756000264836,166.88307125377,986.553326391793,1217.61696448673,1299.80836360531,1345.90064092067,1389.69014983214,1447.78081840688,1683.44082235492,1732.80207840491,1971.60024251717,1944.86567820735,2304.82234828931,2383.63172127634,2613.41824790306,3027.40155082917,3082.16075198246,3231.13071286509,3300.52546631644,3489.6198775526,4038.64913106267,3750.14854817877,3786.09993913467,3114.59505722155,3250.99791637939,3884.14574886178,4220.96146639566,4967.16103910515,5288.9364267879,5378.82101578966,5797.73701104672,6471.18280502316,7309.12127196487,7109.36454833879,7727.58574229931,8238.1680053603,7646.42872120066,9056.8373228229,10013.4318048431,10995.6128929044,11988.1703397436,13016.0384218533,13829.0083933538,13091.294631383,14753.8114976769,15679.4088981606,16898.5326411686,20569.0347883577,20836.2569966761,22666.5702720637,23153.4360335399,24447.921966228,25166.9853788243,30366.2523773163,32260.3090664079,33942.2085807771,35866.7432133356,38442.9974856373,41712.7067673689,44362.398998893,47859.1758271753,51235.1798735529,56623.6706445225,61123.5698707826,65971.5043325261,69322.4703679924,72974.9699697632,79952.6816015037,88725.7712397627,95191.6302277125,97787.3646130229,101757.092241956,96805.4213053577,109386.584260413,113479.523662555,118914.027147949
"CO2","bgr","ktCO2",0,0,0,0,0,0,0,0,0,0,0,0,0,0,0,0,0,0,0,0,0,0,0,0,0,0,0,0,0,0,0,0,0,0,0,0,0,0,0,0,0,0,0,0,0,0,0,0,0,0,0,0,0,0,0,0,0,0,0,0,0,0,0,0,0,0,0,0,0,0,0,0,0,0,0,0,0,0,0,0,0,0,0,0,0,0,0,0,0,0,0,0,0,0,0,0,0,0,0,0,0,0.625564673725074,1.25327759494208,1.88313876365101,2.51514817985187,3.14930584354465,3.78561175472936,4.42406591340601,5.06466831957458,5.70741897323509,6.35231787438751,6.99936502303188,7.64856041916815,8.29990406279635,8.95339595391651,9.60903609252857,10.2668244786326,10.9267611122285,11.5888459933163,12.2530791218961,12.9194604979678,13.7907372234877,14.6834714443048,15.5976631604193,16.533312371831,17.4904190785399,18.4689832805462,19.4690049778497,20.4904841704506,21.5334208583487,22.5978150415441,26.3202286508043,27.4275378245942,31.1928664244489,34.9796525196009,33.5147722485152,34.7079114034943,38.5590699845381,45.0682479916467,51.5988834940525,58.1509764917557,64.5798125406282,71.0230468436214,82.7538032622694,97.1355198658053,100.985387000392,118.032462042936,121.911125685763,149.533244959617,150.804143179918,202.18411633892,243.434940032352,221.438467798481,220.564681421865,269.815762140947,313.823909409608,284.038513027896,386.111403595673,490.851046505334,498.068088387714,521.134692265812,712.82699796605,714.712298925812,637.526196237338,924.211094269556,622.968136015416,740.963979028087,898.533705277053,1103.58700055462,683.800572515081,875.721966688378,1071.0973040251,1176.87729779214,1248.42974853561,1422.85587665544,1402.22418397488,1384.27681530151,1413.83532345837,1672.95953731927,1933.63807179354,1883.74082207763,1778.51128751483,2050.48448080073,1837.92691742072,1911.98126980789,1933.10229288744,1966.83843400473,2172.54771273096,2459.62836276527,2686.98410608275,3097.56662007218,3332.81380270721,4003.12872763705,4338.6353110776,3346.03463217633,3965.42410042201,3748.1953390916,4424.54517190221,4721.94411435686,5543.28256226804,6006.31570261959,6561.04898142348,7525.33716625208,8395.29692966897,9032.59395822074,9628.5040962391,10417.9729047861,11376.2015860518,12194.2465282462,15344.1825397588,17553.4789109965,20892.4328276023,25214.7300276227,28807.1614069174,36752.00024082,40637.7362635768,43638.5405549245,49511.4813029484,53673.3253891379,60338.0794241122,65284.0587574682,69084.946966123,70920.6288216388,72749.4303420714,74244.7347972424,79026.1752284049,79718.3641723121,82596.4951956173,85752.1387707958,89389.5219720354,92133.7450807407,88123.5394916756,89447.9773848376,88185.0531770174,86366.9951094655,88426.0978614799,89808.4864437194,90676.1385838048,89679.0311596194,89001.1753879455,81828.5980694047,65240.7214234766,60451.6042284341,61164.2595308726,60023.3795897983,62397.0498683676,63046.8905595243,59256.8571102807,55627.157878366,50417.6022932876,50111.6404121425,52407.1194547242,49363.2821055352,53938.2463692417,52739.4265169251,53845.4619727787,55725.6549249227,59459.5605836143,56244.1214916556,48132.3053053691,49981.6358570844,54215.7093490493,49987.3794427945,46116.8002565675,48695.1419417903,50108.2456956185,47862.2076204408,49591.2387993076,46331.8073385244,43817.6686851138,38997.6563646776,45907.4561322766,48272.8159381205,37264.0539584375
"CO2","bhr","ktCO2",0,0,0,0,0,0,0,0,0,0,0,0,0,0,0,0,0,0,0,0,0,0,0,0,0,0,0,0,0,0,0,0,0,0,0,0,0,0,0,0,0,0,0,0,0,0,0,0,0,0,0,0,0,0,0,0,0,0,0,0,0,0,0,0,0,0,0,0,0,0,0,0,0,0,0,0,0,0,0,0,0,0,0,0,0,0,0,0,0,0,0,0,0,0,0,0,0,0,0,0,0,3.24188156825832e-05,6.51684356068252e-05,9.82488597727264e-05,0.000131660088180287,0.000165402120829506,0.000199474957720384,0.000233878598852921,0.000268613044227117,0.000303678293842973,0.000339074347700487,0.000373358531745758,0.000407711215659252,0.000442132399440968,0.000476622083090906,0.000511180266609067,0.00054580694999545,0.000580502133250055,0.000615265816372883,0.000650097999363934,0.000684998682223206,0.000719975130088238,0.000755020769739355,0.000790135601176555,0.000825319624399838,0.000860572839409207,0.000905912371775517,0.0009513412106379,0.000996859355996348,0.00104246680785086,0.00108816356620143,0.00113396107364216,0.00117984878966476,0.00122582671426925,0.00127189484745563,0.00131805318922388,0.00136430173957402,0.00141064049850606,0.00145706946601996,0.00150358864211575,0.00155019802679343,0.00159691373421781,0.00164372056142188,0.00169061850840562,0.00173760757516904,0.00178468776171216,0.00183185906803495,0.00187912149413741,0.00192647504001956,0.00197391970568139,0.0020214554911229,0.00206910376327439,0.00211684409711921,0.00216467649265733,0.00221260094988878,0.00226061746881357,0.00230872604943165,0.00235692669174307,0.00240521939574781,0.00245360416144585,0.00250208098883724,0.00256800877668777,0.00263465564996806,0.00270202160867811,0.00277010665281791,0.00283891078238746,0.00290843399738679,0.00297867629781588,0.00304963768367471,0.00312131815496331,0.00319371771168166,0.00326867247207877,0.00334440249477423,0.00342090777976804,0.00349818832706018,0.00357624413665068,0.00365507520853952,0.0037346815427267,0.00381506313921224,0.00389621999799612,0.00397815211907835,0.00406314189587837,0.00414896750066316,31.4955950111946,63.0794399836471,95.5692971759956,131.705128995157,167.131711353281,198.044205624167,226.680048358441,255.324535712091,284.085354584373,312.112994258234,341.321838948114,369.929118354316,398.999708696121,427.971259610538,457.812928106128,487.531627371648,514.63865792833,1146.4212197575,1168.91840827286,1170.82219146905,1127.44011451505,1123.18386815936,1295.80736288463,1145.41872826939,1095.69179804442,1255.44354614035,1266.25601818228,950.773809682663,1488.11488212309,1499.21834304149,1443.43209847562,1765.07484429779,1598.01202962739,1463.40586910623,1717.92195439683,1836.10806162123,1717.0177893658,2516.45521657955,3022.02621225676,3440.26669924528,4506.46634743838,5372.09520258788,5587.23587518154,6075.10933971605,6721.6693182233,7115.27500641806,7632.51506269997,7739.29684711613,8314.47158373884,8734.16183770873,9101.54725924601,9294.81273363457,9957.85404848366,11305.8369856865,11027.9978512294,11657.5168983324,11768.8914466945,12343.5991994982,11874.87614661,13989.5366232456,14932.0290296942,15225.3691249379,15475.391716075,16067.119963557,16518.6240779728,17553.5927112219,17701.0907915443,18082.2680724849,18751.1212760819,19645.7125213395,20247.1851185711,20145.6691930713,23239.239478976,25257.8026704939,25697.21453125,27630.3677696882,27919.8300459672,29194.9399578247,29371.2222067108,30612.8749314423,32681.1998525552,34045.4538026674,34107.1781809151,34013.3665233449,34252.8351502096,34346.2131651592,37149.2437817753,36803.0688320011,37398.6004413085,38789.1011567573,40144.9338208024
"CO2","bhs","ktCO2",0,0,0,0,0,0,0,0,0,0,0,0,0,0,0,0,0,0,0,0,0,0,0,0,0,0,0,0,0,0,0,0,0,0,0,0,0,0,0,0,0,0,0,0,0,0,0,0,0,0,0,0,0,0,0,0,0,0,0,0,0,0,0,0,0,0,0,0,0,0,0,0,0,0,0,0,0,0,0,0,0,0,0,0,0,0,0,0,0,0,0,0,0,0,0,0,0,0,0,0,0,6.72209067231184e-06,1.34888463989247e-05,2.03002671798388e-05,2.71563530150539e-05,3.40571039045697e-05,4.1002519848387e-05,4.79926008465054e-05,5.50273468989246e-05,6.21067580056451e-05,6.92308341666667e-05,7.72418306916666e-05,8.54506296e-05,9.38572308916667e-05,0.000102461634566667,0.000111263840625,0.000120263849066667,0.000129461659891667,0.0001388572731,0.000148450688691667,0.000158241906666667,0.0001685276306,0.0001790394144,0.000189777258066667,0.0002007411616,0.000211931125000001,0.000263860126948445,0.000317081319781499,0.000371594703499162,0.00042740027810143,0.000484498043588309,0.000543845474386534,0.000604669694767165,0.000666970704730207,0.000730748504275659,0.000796003093403519,0.000862734472113791,0.000930942640406468,0.00100062759828156,0.00107178934573906,0.00114442788277897,0.0012206923155907,0.00129864450792519,0.00137828445978244,0.00145961217116244,0.00154262764206519,0.00162733087249069,0.00171372186243895,0.00180180061190996,0.00189156712090373,0.00198302138942025,0.00207982508133512,0.00217855764127598,0.00227921906924285,0.00238180936523573,0.00248632852925461,0.00259277656129949,0.00270115346137038,0.00281145922946727,0.00292369386559017,0.00303785736973907,0.00319288739304871,0.00335177515241037,0.00351452064782403,0.0036811238792897,0.00385158484680738,0.00402590355037706,0.00420407998999876,0.00438611416567246,0.00457200607739817,0.00476175572517588,0.00497965410463799,0.00520237465416511,0.00542991737375724,0.00566228226341438,0.00589946932313652,0.00614147855292368,0.00638830995277584,0.00663996352269303,0.00689643926267523,0.0071577371727224,0.00746024870995636,0.00776878795977158,0.00808335492216805,0.00840394959714579,0.00873057198470478,0.00906322208484503,0.00940189989756656,0.00974660542286934,0.0100973386607534,0.0104540996112187,0.010869912236394,0.011293259502296,0.0117241414089245,0.0121625579562795,0.0126085091443612,0.0130619949731694,0.0135230154427041,0.0139915705529655,0.0144676603039535,7.82791544109336,9.36922048347584,10.9697161127724,11.5362636934624,12.1083684039142,18.4925671800497,20.1606672273423,25.5708339324639,26.2182037182921,38.1510550602346,60.4449397914613,80.7813183534837,107.856342278189,105.651003456674,162.820608334753,198.464976946335,165.605020158905,547.381303210707,537.262714052388,611.374169796839,747.027594895475,1441.21961983368,1607.80654849812,1738.67340115952,1505.32363023833,1720.38617938444,1207.66640558357,1687.85482413776,1307.15070865366,1404.593336516,1637.97615290433,600.61402553638,487.718270133463,413.658375236646,380.063318030585,311.549280173175,309.184970077908,325.777365830197,366.614145813369,491.152625160852,1099.25503447385,1039.04866927459,1056.14111204065,1001.86365373402,1010.27910518331,1029.68350053288,1018.41324090515,855.301596733405,1075.43865558723,1121.09423555999,995.116217814041,903.517349592115,445.0957826797,433.83590354267,487.011272182071,454.153001246829,451.070239858657,482.190517107299,350.037111928004,569.597129282258,816.703551553029,438.942394294701,461.671868901058,462.793538741549,464.548456449995,478.676680854993,481.307332573859,487.66744244106,491.314675030836,502.363331598484,447.18774884933,465.052241365417,487.313899213868,506.314963968858
"CO2","bih","ktCO2",0,0,0,0,0,0,0,0,0,0,0,0,0,0,0,0,0,0,0,0,0,0,0,0,0,0,0,0,0,0,0,0,0,0,0,0,0,0,0,0,0,0,0,0,0,0,0,0,0,0,0,0,0,0,0,0,0,0,0,0,0,0,0,0,0,0,0,0,0,0,0,0,0,0,0,0,0,0,0,0,0,0,0,0,0,0,0,0,0,0,0,0,0,0,0,0,0,0,0,0,0,0.138265373137076,0.278196594143272,0.419793663018591,0.56305657976303,0.707985344376591,0.854579956859274,1.00284041721108,1.152766725432,1.30435888152205,1.45761688548122,1.62071239645128,1.78695951149805,1.95635823062155,2.12890855382176,2.30461048109868,2.48346401245232,2.66546914788269,2.85062588738976,3.03893423097353,3.23039417863404,3.42858322689079,3.6302645931785,3.83543827749711,4.04410427984673,4.25626260022731,4.4719132386388,4.69105619508127,4.91369146955472,5.13981906205907,5.36943897259443,5.60840319353694,5.8512372804056,6.09794123320051,6.34851505192157,12.2880254098306,6.8612722871423,7.12345570364193,7.3895089860678,7.65943213441982,25.0752842900683,28.2069619538676,30.6322945133235,47.9852153199058,83.8188910444326,84.1251882908415,92.9666854624913,74.808404165966,108.530644492862,125.201973029681,166.039123157733,180.573247903524,170.24250690779,184.073198203949,195.775307876004,211.742049978308,251.154861857278,255.768277980018,274.587879494875,282.049020303538,279.57463404643,302.009883059062,309.542348785321,823.169013070711,16.5959410190272,17.0729004129413,17.6091076044385,18.1522728213321,18.7023960636222,597.50923999898,788.076584246616,839.205813979117,1194.21009757092,1303.65873099252,1334.81994912896,1457.13389310677,1419.83259506795,1599.96516140084,1754.67188225455,1979.7493980146,1851.48813360475,1664.85217474888,1516.0928745026,1407.04147320965,1468.73663467654,1531.60785363499,1515.14832956951,1701.41952385223,1646.17915467881,1730.44372569102,2045.09664909341,49.443299237143,46.7939228431035,144.2232212214,52.2422455791442,1030.25678931256,1977.99999838927,2729.6560790209,3087.32527641058,3522.70823744346,3285.41625937669,3122.0047060382,3168.40557660815,3107.87100522996,3754.98106945436,4359.31667133594,5042.38900714667,5481.14464673072,5439.34451402303,6279.51535194573,6897.96760104017,7317.16378933426,7553.77547877601,8422.25148512951,9567.76446749064,9763.2478624816,9599.70526358651,9469.56861555059,9957.62346342464,10211.3603512135,13310.4065749961,16161.4803121327,15383.5446996057,16120.6512936396,17971.5145068795,14167.9565687185,13364.3996296605,14594.8973245797,15350.9429364721,16433.9482105804,18823.0130778365,13961.0968161821,15743.5328119164,17859.8171768586,17606.8677633527,18778.1982705171,18366.5355251854,18632.6073489137,22275.5266420801,20728.4207932763,24457.9338846636,21898.60591104,16002.5466162272,13437.8627329587,3359.07391177141,3558.20640913161,4396.00647119626,8571.11784469924,10817.6158732352,10587.2433158184,13896.9466007268,13577.9928497662,14252.4180862619,14561.2106751942,15777.0425200346,16808.9972544811,18711.4478178224,19803.9326625919,21953.8600081967,21346.6674393646,22019.8591099413,24926.7032208382,22738.4548911984,22609.3222858969,20419.7996060168,20479.4787924626,22957.0016131802,23863.3012376048,23241.0300859123,22292.503762168,22019.3687986788,22467.6954190375,22101.8622507933,21256.6921048866
"CO2","blr","ktCO2",0,0,0,0,0,0,0,0,0,0,0,0,0,0,0,0,0,0,0,0,0,0,0,0,0,0,0,0,0,0,0,0,0,0,0,0,0,0,0,0,0,0,0,0,0,0,0,0,0,0,0,0,0,0,0,0,0,0,0,0,0,0,0,0,0,0,0,0,0,0,0,0,0,0,0,0,0,0,0,0,0.434719563528408,0.517234793063577,0.341950443928646,0.423942764643713,0,0,0,0,0,0,0,0,0,0,0,0,0,0,0,0,2.45419349423475,0.196277898267757,0.394611062485961,0.594999492654616,0.797443188773718,8.15822672955576,1.20849637886326,1.41710587283371,11.4598741737606,12.1953950847588,16.164384356904,20.1050199900858,18.5459777042219,19.8277669290142,22.351354707674,21.9298927940316,59.7188414521754,68.5633366589146,60.167014785838,78.7149913671691,84.8708673642597,110.353403834507,112.830967655632,110.315341319313,135.037662987159,159.217635643999,202.980964721896,218.814724387937,277.90423323977,295.520075782716,340.967355278947,381.449395516831,402.210014548365,450.15373231572,508.737282992887,582.388258725371,596.67437952463,675.851304645815,712.434858658976,739.266072115065,858.993819636924,986.774483168691,1028.99674865802,1202.11281415335,1157.52967987897,1435.61161729434,1435.49615924474,1636.75726114071,1830.7342619367,2029.52136961203,2318.26338482694,2452.40726563225,2310.50604585716,2144.63927427371,2282.43044184765,1847.56335771303,2077.0537633245,2241.76561057228,2224.64304767892,2333.15276448798,2314.19148202513,2342.42588613765,2578.3774152114,2724.65798174727,2625.55852381545,2619.5753160374,2831.8383370977,2603.17113519255,1091.04989088457,1108.93564563998,1008.10199172368,1040.27484559071,1270.62179464769,1415.94713801817,1584.43979830155,1624.22094183718,2158.67390306886,2650.08714104538,2833.58401076987,3218.24172127655,4995.16669561455,5960.26003255731,6144.67641261397,6513.48774331516,7614.77232791375,8326.31307227832,9305.34602167269,9517.51995125042,9987.8012506643,10019.2754659963,11307.5132000863,10612.3289039088,8412.85181026009,9408.62196635787,10392.3332208726,8693.37339100066,9972.7330338985,12202.1960817351,13349.3686646947,15483.94711339,17516.0167820373,18639.1481270719,19555.0468949587,20269.2846924349,21741.4490351374,24612.7176005481,27295.5918419412,30090.7917214772,32615.5966583254,34724.0480981169,36811.8394529116,38722.6794778176,41679.9941835856,45009.8844111987,48030.5347256178,51121.0904380688,54330.9441787166,57734.6754464658,60293.5932274751,63474.6693454857,67411.8562613824,73803.3268258886,79267.8880967092,83329.3287349594,83242.2871654501,91617.6723755196,88903.2199545396,93544.9570534896,92603.6226880904,98327.0664459438,96695.7469265311,103054.091450291,100767.126733248,101646.269657029,99934.6211690497,100057.533377209,113116.652023467,111327.165554192,112757.308693805,106499.97970261,120304.326499856,121209.586470552,100287.831410093,84115.7952197676,68335.9148999659,61767.7238813288,63354.0167855873,64220.6013625938,62816.4378508572,60744.9192349764,59212.7697979065,57522.1245990211,57495.8432283366,58526.1517763829,62185.760611841,63022.7719732143,65615.1645135472,64269.5314021093,67202.3747993927,63301.1122846587,68393.7418480617,64986.2537086478,66261.3881269074,66514.2010273178,65989.6921839489,61049.3008719745,61159.9984978351,62144.9421084939,65484.7361858829,64043.9227651832,60991.9731224774,61760.0254500614,59036.052335647,56332.0439864324
"CO2","blz","ktCO2",0,0,0,0,0,0,0,0,0,0,0,0,0,0,0,0,0,0,0,0,0,0,0,0,0,0,0,0,0,0,0,0,0,0,0,0,0,0,0,0,0,0,0,0,0,0,0,0,0,0,0,0,0,0,0,0,0,0,0,0,0,0,0,0,0,0,0,0,0,0,0,0,0,0,0,0,0,0,0,0,0,0,0,0,0,0,0,0,0,0,0,0,0,0,0,0,0,0,0,0,0,9.29134023879096e-06,1.86444169575738e-05,2.80592301563488e-05,3.75357798351156e-05,4.70740659938743e-05,5.66740886326253e-05,6.63358477513679e-05,7.60593433501026e-05,8.58445754288291e-05,9.5691543987548e-05,0.000106576457116131,0.000117700599104684,0.000129063969953205,0.000140666569661696,0.000152508398230154,0.000164589455658583,0.000176909741946979,0.000189469257095345,0.00020226800110368,0.000215305973971982,0.000228897163578964,0.000242757485653411,0.000256886940195322,0.000271285527204698,0.000285953246681541,0.000300890098625845,0.000316096083037618,0.000331571199916854,0.000347315449263554,0.000363328831077721,0.000380132789515067,0.000397239521978307,0.000414649028467449,0.00043236130898249,0.000450376363523424,0.00046869419209026,0.000487314794682994,0.000506238171301623,0.000525464321946154,0.000544993246616583,0.000565600803754269,0.000586548981671096,0.000607837780367057,0.00062946719984215,0.000651437240096383,0.00067374790112975,0.000696399182942248,0.000719391085533888,0.000742723608904661,0.000766396753054568,0.000791495396717105,0.000816977205422836,0.00084284217917176,0.000869090317963879,0.000895721621799195,0.000922736090677698,0.0009501337245994,0.000977914523564297,0.00100607848757238,0.00103462561662367,0.0010660115106108,0.00109786108111302,0.00113017432813033,0.00116295125166272,0.00119619185171019,0.00122989612827275,0.0012640640813504,0.00129869571094312,0.00133379101705093,0.00136934999967383,0.00140771979987823,0.00144661939324748,0.00148604877978157,0.0015260079594805,0.00156649693234427,0.00160751569837289,0.00164906425756635,0.00169114260992465,0.0017337507554478,0.00177688869413578,0.00182365141414513,0.00187102034677998,0.00191899549204032,0.00196757684992616,0.00201676442043749,0.00206655820357432,0.00211695819933666,0.00216796440772449,0.00221957682873781,0.00227179546237663,0.00232864795409607,0.00238619517812133,0.00244443713445243,0.00250337382308936,0.00256300524403211,0.0026233313972807,0.00268435228283511,0.00274606790069535,0.00280847825086143,2.63390397042619,3.67819473423828,3.69172150106025,4.23459063879892,4.25100405581968,4.26790683263112,4.28530027339994,4.30318506020943,5.94067911186322,5.96656413382775,6.5375666724064,5.47344327950538,10.4436720726535,9.38888303870685,12.7619041645437,12.8242708612339,12.3715772465513,18.6883384159942,15.9506757000348,21.1711287053946,19.6926777820072,24.4502171188327,30.5638234972338,26.2970271641418,25.6814103070539,34.5676611399739,31.003314699624,34.9526742746677,39.6641910349112,38.2445422182471,35.9780044583764,40.7640319973837,37.3619718109817,36.3708677025624,37.2769954048271,41.4737570635465,47.3551039849811,54.6737221617795,62.2510141594724,79.1910535259006,179.402855662495,213.465055456726,214.181279390629,227.411412204632,229.009968640911,237.056423975111,194.165712830277,250.118250070043,244.402477549616,410.431638845251,418.63869948132,416.886992718698,111.694639729269,118.337819305443,120.245383287596,125.790369823354,136.639587160668,151.258514046223,158.560035102161,171.769106261406,189.643992842999,135.568092403416,143.808155341684,144.970479548092,146.099987544306,148.450666391218,149.507774658801,147.82461601097,148.829945124726,151.935702794255,137.918679504069,146.515906016897,153.697510948528,159.223811400524
"CO2","bmu","ktCO2",0,0,0,0,0,0,0,0,0,0,0,0,0,0,0,0,0,0,0,0,0,0,0,0,0,0,0,0,0,0,0,0,0,0,0,0,0,0,0,0,0,0,0,0,0,0,0,0,0,0,0,0,0,0,0,0,0,0,0,0,0,0,0,0,0,0,0,0,0,0,0,0,0,0,0,0,0,0,0,0,0,0,0,0,0,0,0,0,0,0,0,0,0,0,0,0,0,0,0,0,0,5.47337981346975e-06,1.1067053688774e-05,1.67810216259128e-05,2.2615283624886e-05,2.85698396856937e-05,3.4644689808336e-05,4.08398339928128e-05,4.7155272239124e-05,5.35910045472697e-05,6.014703091725e-05,6.68968643868525e-05,7.378035792516e-05,8.07975115321726e-05,8.79483252078899e-05,9.52327989523125e-05,0.00010265093276544,0.000110202726647272,0.00011788818059781,0.000125707294617053,0.000133660068705,0.000141902439608475,0.0001502933216994,0.000158832714977775,0.0001675206194436,0.000176357035096876,0.00027740068211605,0.000380510730326395,0.000485687179727908,0.000592930030320584,0.000702239282104435,0.00081451000101463,0.000929076721248344,0.00104593944280558,0.00116509816568634,0.00128655288989061,0.00141030361541841,0.00153635034226972,0.00166469307044455,0.0017953317999429,0.00192826653076478,0.00206576733690677,0.00220581925563045,0.00234842228693583,0.00249357643082288,0.00264128168729163,0.00279153805634207,0.00294434553797419,0.003099704132188,0.00325761383898351,0.0034180746583607,0.00358502617952785,0.00375481227023021,0.00392743293046779,0.00410288816024056,0.00428117795954855,0.00446230232839175,0.00464626126677016,0.00483305477468377,0.0050226828521326,0.00521514549911664,0.0054163947978313,0.00562079361825175,0.00582834196037799,0.00603903982421003,0.00625288720974785,0.00646988411699145,0.00669003054594084,0.00691332649659602,0.00713977196895699,0.00736936696302376,0.00761047463773887,0.00785508178101598,0.00810318839285512,0.0083547944732562,0.00860990002221926,0.00886850503974432,0.00913060952583136,0.00939621348048039,0.0096653169036914,0.00993791979546441,0.0102252587038256,0.0105164859105889,0.0108116014157545,0.0111106052193223,0.0114134973212923,0.0117202777216645,0.012030946420439,0.0123455034176156,0.0126639487131944,0.0129862823071755,0.0133271494187001,0.0136723368617828,0.0140218446364235,0.0143756727426222,0.0147338211803789,0.0150962899496937,0.0154630790505664,0.0158341884829971,0.0162096182469859,6.62346431717346,9.00562960236789,16.2578540582599,13.9059195396485,13.9616233855484,17.6710771752624,22.0238798627692,22.7323317746839,24.0652454254116,22.934766264111,26.772516988579,30.0226938134986,27.032860965978,25.9094512701734,34.9227054031708,31.2823974911747,35.2937799314816,37.4174803528479,39.5646785368121,35.2277684338468,40.6580897405922,38.3915177963911,47.9555991747514,73.6024742192626,71.3512475310465,87.0310725712884,80.3031531940237,78.3494007560509,76.4883519516273,82.7455430675047,80.44256112389,84.2394168621191,82.8054606380385,90.8056077826033,90.8818755455068,92.7333561067121,92.8708869022065,131.032622482849,153.619840157209,197.509083007511,337.11695314264,297.583326341461,240.839981699946,283.904641451854,283.788989462061,286.035610948711,291.464183179101,299.158478442442,296.445805337695,332.435647901206,295.703475830134,285.308624993015,147.879787801723,145.826297949121,189.496422524001,126.418139340653,154.422542206721,161.15538016543,129.624925479837,161.813992393044,158.498878734377,91.3127702877765,95.9896669896936,96.2039556682084,96.5626734335028,99.4714018586021,100.008885571611,101.319019447203,102.06050894052,104.337162431906,92.6956988905029,96.3807889940575,100.977465797098,99.5167239731666
"CO2","bol","ktCO2",0,0,0,0,0,0,0,0,0,0,0,0,0,0,0,0,0,0,0,0,0,0,0,0,0,0,0,0,0,0,0,0,0,0,0,0,0,0,0,0,0,0,0,0,0,0,0,0,0,0,0,0,0,0,0,0,0,0,0,0,0,0,0,0,0,0,0,0,0,0,0,0,0,0,0,0,0,0,0,0,0,0,0,0,0,0,0,0,0,0,0,0,0,0,0,0,0,0,0,0,0,0.000604491685513395,0.00123198303051912,0.00188247403501717,0.00255596469900754,0.00325245502249027,0.0039719450054653,0.00471443464793264,0.00547992394989235,0.00626841291134438,0.00707990153228873,0.00767870537632425,0.00825765716414273,0.00881675689574428,0.00935600457112887,0.00987540019029647,0.0103749437532471,0.0108546352599808,0.0113144747104974,0.0117544621047971,0.0121745974428799,0.0125748807247456,0.0129553119503944,0.0133158911198262,0.0136566182330409,0.0139774932900387,0.0142785162908196,0.0145596872353836,0.0148210061237305,0.0150624729558604,0.0152840877317734,0.0167903951482425,0.0183610146824798,0.0199959463344857,0.02169519010426,0.0234587459918026,0.0252866139971136,0.0271787941201929,0.0291352863610407,0.0311560907196569,0.0332412071960413,0.033643694569493,0.034025277415801,0.034385955734965,0.0347257295269849,0.0350445987918611,0.0353425635295935,0.0356196237401819,0.0358757794236266,0.0361110305799273,0.0363253772090842,0.037774755913275,0.0392524825060937,0.0407585569875402,0.0422929793576144,0.0438557496163166,0.0454468677636465,0.0470663337996044,0.0487141477241899,0.0503903095374033,0.0520948192392444,0.0554083084717486,0.058801969581144,0.0622758025674304,0.0658298074306085,0.0694639841706777,0.0731783327876381,0.0769728532814898,0.0808475456522328,0.084802409899867,0.0888374460243925,0.0904154138494851,0.0920020819972069,0.093597450467557,0.0952015192605358,0.0968142883761428,0.0984357578143787,0.100065927575243,4.87996892480346,14.438144749499,15.141967673815,9.66475031257282,19.9267055735567,58.8582925310263,98.6045077710432,92.2057592004748,58.0591917444513,68.5927625699942,85.8172840946488,113.546527216693,169.161498927346,139.788929483433,174.963811198879,193.752376180206,183.391832331999,222.319086036514,208.338098414929,221.503398810808,266.255372325961,387.079665267516,608.898592335134,526.542568849896,582.733435497133,638.494687008557,1005.02486420832,1270.66121136217,1494.25392939589,1431.44527921058,1333.04769195343,1341.95301532584,1434.24064321017,1403.82174314654,1446.56061040466,1624.36599847409,1734.65660156312,1854.85504046387,2270.57540525756,3176.60499916944,3395.90367598979,3390.72715934722,2933.52176068534,3800.72613793839,4479.74748199932,4222.03147859224,4028.77515076261,4608.3469384242,5188.07013492599,4982.67471273265,5676.66201124798,5057.1562576623,5006.28781862818,5297.05956185748,5210.27820279703,5299.17384165609,5027.20332164284,5105.55678605656,4742.78748914022,5071.61155799489,5485.36794676112,6328.64760281302,6768.04444378345,7073.04612901691,7658.1949738237,9162.1122116408,9877.41287631731,9011.00432149365,8686.91262170048,9619.60826759778,9162.85769026211,8682.6827386257,8475.75283138115,8159.04740411951,8725.15835798429,9318.09369544277,9815.62998353448,10358.5377779179,11226.0262038942,12500.0938229464,13385.9335233632,14311.6759218603,15509.2877228167,16918.7791779151,17830.6217398215,18994.0884425954,20423.270163437,20974.7091776257,22379.7164509406,22671.2343115587,22907.072045107,22814.595517489,19260.6665439108,22621.9572845398,24313.2607152764,25584.8490017057
"CO2","bra","ktCO2",0,0,0,0,0,0,0,0,0,0,0,0,0,0,0,0,0,0,0,0,0,0,0,0,0,0,0,0,0,0,0,0,0,0,0,0,0,0,0,0,0,0,0,0,0,0,0,0,0,0,0,0,0,0,0,0,0,0,0,0,0,0,0,0,0,0,0,0,0,0,0,0,0,0,0,0,0,0,0,0,0,0,0,0,0,0,0,0,0,0,0,0,0,0,0,0,0,0,0,0,0,0.0549779146871329,0.111603496675904,0.169876745966315,0.229797662558364,0.291366246452052,0.354582497647378,0.419446416144343,0.485958001942947,0.554117255043189,0.623924175445071,0.695486081455275,0.768715167186516,0.843611432638792,0.920174877812105,0.998405502706451,1.07830330732183,1.15986829165825,1.24310045571571,1.3279997994942,1.41456632299373,1.50199942653567,1.59102346221023,1.68163843001735,1.77384432995708,1.8676411620294,1.96302892623434,2.06000762257186,2.15857725104196,2.25873781164467,2.36048930437999,2.49824653277644,2.63981500321055,2.78519471568231,2.93438567019175,3.08738786673886,3.24420130532361,3.40482598594606,3.56926190860614,3.7375090733039,3.90956748003932,4.09212846298485,4.27882709451309,4.46966337462395,4.66463730331748,4.86374888059371,5.06699810645255,5.27438498089407,5.48590950391829,5.70157167552512,5.92137149571462,2679.65662157255,3194.7976267174,3114.55127496784,3346.13771436737,3577.85005605657,4098.13909873361,4413.85524244451,4599.44138613962,4622.33179695484,5375.79339314492,5896.94700941202,7153.35058140194,7721.36607607159,5279.44970127657,4061.28912473821,3737.03178658762,3264.08353174689,3051.85427827879,4012.2255794199,4754.13127229929,3789.50199604438,4903.31372015969,5937.85831277835,6528.97421095197,6846.45569660735,6978.31545882401,7722.65362490272,7548.35694974712,8070.06362070754,7051.57203292042,5381.05666753558,5373.74744921165,6043.73461189605,5918.80443338333,6984.24238636699,6493.01204514353,7525.24354988393,7460.59218180499,7239.88494335529,7777.01245850296,7569.2645871928,7146.53379203035,7817.26287148725,7212.29144184996,8236.20204203626,9110.41021438467,10935.6937704546,9943.94963476235,9625.62009364974,21609.5270320782,23526.0945374774,26507.6758063352,26792.3054911734,30831.5478033465,34778.5917438633,37405.3591825587,36774.9531079737,40154.894658269,40028.6426588792,47390.0090487167,49927.384322258,54004.3881780023,56123.8272981748,56820.3480825099,56127.1204385477,63415.4029339472,65954.989422073,76808.8524038956,82999.9772600687,93019.4944511152,102268.35723951,111465.303530213,130288.194838126,140650.308298809,150397.050341678,165134.973951075,170133.909927047,185586.816025558,197270.21458391,196173.59409829,183159.769667895,182731.125179349,174432.949901278,173895.454408234,183458.669937543,204028.344845618,208746.256387163,211627.770276457,215135.022288098,214545.487536327,221696.447395369,225111.371343074,233731.091571305,241665.519224354,261856.200493876,283058.995270522,301451.574116489,311608.791373121,321942.609140501,333253.117222898,336990.056725387,336000.639591705,329430.77402985,349443.232799958,352844.093450017,358707.509577324,376674.576455527,397422.612930311,371979.740048705,425363.773090942,446147.911120425,482747.480708865,516022.592308712,537196.69608384,511659.132871689,472235.536934033,483058.745790994,460716.74856977,457903.39431123,436152.706908967,495479.299008648,467621.41680313,472030.231486179
"CO2","brb","ktCO2",0,0,0,0,0,0,0,0,0,0,0,0,0,0,0,0,0,0,0,0,0,0,0,0,0,0,0,0,0,0,0,0,0,0,0,0,0,0,0,0,0,0,0,0,0,0,0,0,0,0,0,0,0,0,0,0,0,0,0,0,0,0,0,0,0,0,0,0,0,0,0,0,0,0,0,0,0,0,0,0,0,0,0,0,0,0,0,0,0,0,0,0,0,0,0,0,0,0,0,0,0,5.87433712121213e-05,0.000118441919191919,0.000179095643939394,0.000240704545454545,0.000303268623737372,0.00036678787878788,0.000431262310606062,0.000496691919191919,0.000563076704545455,0.000630416666666667,0.000697949999999999,0.0007663,0.000835466666666667,0.000905449999999999,0.00097625,0.00104786666666667,0.0011203,0.00119355,0.00126761666666667,0.0013425,0.0014182875,0.0014949,0.0015723375,0.0016506,0.00172968750000001,0.00247702261520588,0.00323309398985926,0.00399790162396012,0.00477144551750844,0.00555372567050429,0.00634843110096197,0.00715275524131639,0.00796669809156752,0.0087902596517154,0.00962343992175997,0.0104662389017013,0.0113186565915393,0.0121806929912741,0.0130523481009056,0.0139336219204339,0.0148399068633539,0.0157574871720242,0.0166863628464449,0.0176265338866158,0.0185780002925369,0.0195407620642085,0.0205148192016302,0.0215001717048022,0.0224968195737246,0.0235047628083971,0.0240797713598287,0.0246347482860626,0.0251696935870987,0.0256846072629369,0.0261794893135775,0.0266543397390203,0.0271091585392653,0.0275439457143125,0.027958701264162,0.0283534251888137,0.0288245944043597,0.0292807619622687,0.0297219278625406,0.0301480921051753,0.030559254690173,0.0309554156175336,0.0313365748872571,0.0317027324993435,0.0320538884537929,0.0323900427506049,0.0331592939567635,0.0339320749647188,0.0347083857744712,0.0354882263860204,0.0362715967993668,0.0370584970145098,0.0378489270314502,0.720552226944294,0.720049048528944,1.39885740393773,0.719465285571563,0.71939882023672,0.71935000391086,0.719318836593986,0.0465006544431734,0.0478054531801523,0.0491279009261155,0.0504679976810638,0.719427735144386,0.0532011382179147,0.0549559815650595,0.0567390589143275,0.0585503702657191,0.060389915619234,0.0622576949748726,0.0641537083326343,4.79041887924728,4.79237136060929,4.79435207597342,15.7100791281095,23.3953138173584,22.4767381083792,25.9432071097065,24.0766951457723,28.9009123973735,28.9437754467548,28.2965427578722,30.7092622462677,30.7847348326329,31.9317355116658,38.088675912728,48.9982488519643,40.1724566038949,36.7151061599307,40.5014471096383,50.4957950864787,63.0524611544053,81.282376785224,88.4742224792248,80.8431028293776,81.0996338963533,95.8939638805732,83.9816831380756,80.6086213996829,110.181874250109,91.3536844243443,101.980318799099,112.228494733673,105.467974672156,121.81809239206,147.352722665954,133.956284554374,136.645760732508,205.747783288444,253.607176219961,269.847253821401,288.090288246671,285.905655288171,319.248668600388,636.339855089425,734.606227090833,603.745649243018,654.579357225513,451.840651902077,505.525232775996,519.754771362385,579.959926640051,748.12440451865,808.677723166812,726.756110341389,727.993980389609,443.90218892555,464.8931966812,466.894931047481,483.618733837448,501.310883095073,544.980316906008,623.789192103692,619.91326333256,552.285438139445,426.990765080992,420.880098349954,416.004498615143,418.122507130933,427.857838997742,430.575494247989,462.425144065934,464.538900491774,472.502158858482,406.924747487373,445.867951305511,461.999526573597,475.843033296025
"CO2","brn","ktCO2",0,0,0,0,0,0,0,0,0,0,0,0,0,0,0,0,0,0,0,0,0,0,0,0,0,0,0,0,0,0,0,0,0,0,0,0,0,0,0,0,0,0,0,0,0,0,0,0,0,0,0,0,0,0,0,0,0,0,0,0,0,0,0,0,0,0,0,0,0,0,0,0,0,0,0,0,0,0,0,0,0,0,0,0,0,0,0,0,0,0,0,0,0,0,0,0,0,0,0,0,0,7.10231481481484e-06,1.43270833333333e-05,2.16743055555555e-05,2.91439814814816e-05,3.6736111111111e-05,4.44506944444445e-05,5.22877314814815e-05,6.02472222222223e-05,6.83291666666666e-05,7.65335648148151e-05,8.4552951388889e-05,9.2638888888889e-05,0.000100791377314815,0.000109010416666667,0.000117296006944444,0.000125648148148148,0.000134066840277777,0.000142552083333333,0.000151103877314815,0.000159722222222222,0.0001684375,0.000177222222222222,0.000186076388888889,0.000195,0.000203993055555556,0.000216669328803159,0.000229445671692221,0.000242322084222742,0.000255298566394719,0.000268375118208156,0.00028229393808715,0.000296376401850818,0.000310622509499165,0.000325032261032188,0.000339605656449885,0.000354342695752261,0.000369243378939313,0.00038430770601104,0.000399535676967445,0.000414927291808526,0.000430482550534281,0.000446201453144715,0.000462083999639825,0.000478130190019609,0.000494340024284072,0.000510713502433211,0.000527250624467025,0.000543951390385516,0.000560815800188684,0.000577843853876527,0.000595035030898433,0.000612389827788301,0.00062990824454613,0.000647590281171923,0.000665435937665679,0.000683445214027394,0.000701618110257074,0.000719954626354717,0.000738454762320321,0.000757118518153888,0.000775945893855418,0.000794936889424908,0.000814091504862363,0.000833409740167779,0.000852891595341157,0.000872537070382498,0.000892346165291802,0.000912318880069067,0.000932455214714296,0.000952755169227488,0.000996690727695498,0.0010415309429332,0.0010872758149406,0.00113392534371769,0.00118147952926449,0.00122993837158097,0.00127930187066715,0.00132957002652302,0.00138074283914859,0.00143282030854385,0.786455259177187,35.1289228784434,61.0460610296327,135.565976911802,123.922277589366,169.132011564741,342.173345388571,401.484639202024,484.828286552462,596.495436877471,222.762092682055,95.9273521297926,138.278985114124,180.433521823836,82.0776718662117,159.161768524625,438.557670516204,659.760375444953,2327.97741113508,1205.22647346509,1384.47670205678,1413.031056868,1391.67556515182,1385.07386145989,1428.04516456957,1506.26771812537,1475.20370709421,1456.61768027861,1497.76920477013,1348.52856711769,1215.69931172049,1211.44283336461,1134.73612026688,1126.42480141649,1234.27077370125,1478.10048355758,1521.3130673374,1682.27903525126,1773.12680134412,2278.20367274915,1874.84742328133,2200.88628883859,2579.60003829445,2544.29313104534,2545.0225778647,2863.77259133401,2893.12899139996,3037.76482902727,2697.87250261955,3375.91610414173,2833.96189741664,3085.08917136753,3284.25302803786,3051.98435973038,3061.83574110804,3034.97890562775,3120.63787497288,3264.42530955832,3245.53546703504,3403.10297216249,3776.85517962539,3979.85311570543,4160.98039016367,4474.22127253898,4817.93562877554,5055.54237565421,5483.32466723076,4775.11561303094,4682.43565406785,4961.96854600287,4958.93197090079,4884.58664211748,5846.55789459572,5417.62191924619,5305.7296352186,8050.28768588628,7641.04047096358,8407.03222734785,8273.56381691963,7515.84936001284,7671.66781077147,7645.48568236597,7537.86939011213,7414.10183303007,6673.22833470578,7225.68635715851,7605.08604720872,7929.25383303555,7573.8398456511,9946.27897262311,10007.6000582859,9510.46907723002,9815.94729876208
"CO2","btn","ktCO2",0,0,0,0,0,0,0,0,0,0,0,0,0,0,0,0,0,0,0,0,0,0,0,0,0,0,0,0,0,0,0,0,0,0,0,0,0,0,0,0,0,0,0,0,0,0,0,0,0,0,0,0,0,0,0,0,0,0,0,0,0,0,0,0,0,0,0,0,0,0,0,0,0,0,0,0,0,0,0,0,0,0,0,0,0,0,0,0,0,0,0,0,0,0,0,0,0,0,0,0,0,8.07873585468751e-05,0.000162967602585937,0.000246540732117188,0.000331506747140626,0.000417865647656249,0.000505617433664063,0.000594762105164063,0.000685299662156249,0.000777230104640625,0.000870553432617188,0.000968248873388673,0.00106787887734375,0.00116944344448243,0.00127294257480469,0.00137837626831055,0.001485744525,0.00159504734487305,0.00170628472792969,0.00181945667416993,0.00193456318359375,0.00205386124658203,0.00217530882421875,0.00229890591650391,0.0024246525234375,0.00255254864501954,0.00268259428124999,0.00281478943212891,0.00294913409765626,0.00308562827783202,0.00322427197265625,0.00336876712402345,0.00351565062499999,0.00366492247558594,0.00381658267578126,0.00397063122558593,0.004127068125,0.00428589337402345,0.00444710697265624,0.00461070892089844,0.00477669921875001,0.00495051799587672,0.00512699049479167,0.0053061167154948,0.00548789665798609,0.00567233032226563,0.00585941770833334,0.00604915881618922,0.00624155364583334,0.00643660219726564,0.00663430447048609,0.0066057963243442,0.0065709661056441,0.00652981412113105,0.00648234068507599,0.00642854611944773,0.00636843075409071,0.00630199492690514,0.00622923898403219,0.00615016328004127,0.00606476817812883,0.00606297451776072,0.00605780833794536,0.00604926991367592,0.0060373595255739,0.00602207745999335,0.00600342400913701,0.0059813994711619,0.0059560041503007,0.00592723835697595,0.0058951024079162,0.00590119064851247,0.00590506924879994,0.00590673944249546,0.0059062024670671,0.00590345956381607,0.00589851197793629,0.00589136095860158,0.00588200775903553,0.00587045363659178,0.00585669985282737,0.00589807391800963,0.0059386611624045,0.00597846238750808,0.00601747840385663,0.00605571003121737,0.00609315809877803,0.00612982344533657,0.00616570691949525,0.0062008093798623,0.00623513169525169,0.00634622527495475,0.00645826102499218,0.00657124123483645,0.00668516830301654,0.00680004474138624,0.00691587317953921,0.00703265636942875,0.00715039719012587,0.00726909865272592,0.00738876390560483,0.00765979060193491,0.0079337648313816,0.00821074638036242,0.00849120782140016,0.00877553540705745,0.00906458816408726,0.00935948220948708,0.00966143993330011,0.00997202144587676,0.010293045794711,0.010626320482054,0.0109740429644144,0.0113382666698937,0.011721391423201,0.0121259081305783,0.0125518862830499,0.0130020573441972,0.0134850623548514,0.0140128947348367,4.73358563704827,4.6672454242196,4.77511185559746,4.80685499686263,5.45102740669979,4.82581065342821,4.88234015951318,8.47517990421732,12.0957914540804,24.2809134784565,24.4823627909994,61.003381467828,65.1754811128539,92.8683121181684,117.079235536021,119.922045723045,112.442018014918,161.323706089093,167.941106519175,119.904537884607,186.282383345402,189.766129127922,208.132073281135,196.598460110938,236.535741175036,256.183416683513,321.619556228032,359.001859756371,340.112666955671,308.011761898505,393.306781057954,391.086067196417,417.204701212395,388.531395706556,323.502326375657,395.095927998559,401.809376870805,373.774403685527,374.257044798288,375.332890272761,475.630843190969,711.38369902544,672.190122897427,694.870155007733,781.135796670097,854.000661935554,928.437417001975,921.305820909591,1007.22336544274,985.878882450807,821.443835967887,855.41597640363,809.671473707715,842.702309005851
"CO2","bwa","ktCO2",0,0,0,0,0,0,0,0,0,0,0,0,0,0,0,0,0,0,0,0,0,0,0,0,0,0,0,0,0,0,0,0,0,0,0,0,0,0,0,0,0,0,0,0,0,0,0,0,0,0,0,0,0,0,0,0,0,0,0,0,0,0,0,0,0,0,0,0,0,0,0,0,0,0,0,0,0,0,0,0,0,0,0,0,0,0,0,0,0,0,0,0,0,0,0,0,0,0,0,0,0,3.19801757188889e-05,6.48532461820632e-05,9.86192113895231e-05,0.000133278071341269,0.000168829826037299,0.000205274475477616,0.000242612019662218,0.000280842458591105,0.000319965792264279,0.000359982020681737,0.000401769707105131,0.000444610027047658,0.000488502980509314,0.000533448567490101,0.000579446787990021,0.000626497642009071,0.000674601129547251,0.000723757250604563,0.000773966005181007,0.00082522739327658,0.000879631272592126,0.000935286819493556,0.000992194033980863,0.00105035291605405,0.00110976346571312,0.00117042568295804,0.00123233956778887,0.00129550512020557,0.00135992234020814,0.00142559122779659,0.00149645971684716,0.00156883457889497,0.00164271581394003,0.00171810342198234,0.00179499740302188,0.0018733977570587,0.00195330448409276,0.00203471758412404,0.0021176370571526,0.00220206290317839,0.00229492892310639,0.00238963955022214,0.00248619478452562,0.00258459462601682,0.00268483907469577,0.00278692813056246,0.00289086179361687,0.00299664006385902,0.00310426294128891,0.00321373042590654,0.00353142142328603,0.00386102743396439,0.00420292095736699,0.00455748658675246,0.00493527908559743,0.0053211006092562,0.00572186456758543,0.00613807750076541,0.00657026335473245,0.00701896405260018,0.00710752704624704,0.00766940156560863,0.00827537576253169,0.00892905714581149,0.00963434189845211,0.0102187878695565,0.010824816473451,0.0114531386250358,0.0121044892817394,0.0127796282171969,0.0122278216307493,0.0132638968532655,0.0143932598557835,0.0156244643697792,0.0169668483900098,0.0179271074987476,0.0189188347328605,0.0199422663285393,0.0209976382621318,0.022085186309836,0.0201048210097808,0.0219582059007064,0.0239963272825895,0.0262390079668893,0.0287082407516313,0.0297227464036138,0.0310740802156352,0.0324600693414689,0.0345103683520747,0.0366758307942831,0.038625750581706,0.04064744757287,0.0427430441725845,0.0449147119569076,0.0471646733352074,0.043637328425495,0.0478675696812824,0.0525515699975821,0.0577433576684425,0.0635029112123555,0.0660878492526287,0.0686915713611696,0.0713218740115409,0.073998797936377,0.0767334085810471,0.0795334538880258,0.082414836368827,0.0853918285499335,0.0884821954762725,0.0917008191328074,0.0952481792921671,0.0990139384936304,0.103012793230288,0.107162064316854,0.11123320113495,0.11547341400065,0.119883244714111,0.124445489949572,0.129138860364062,0.03465105,151.679528402836,194.641625760916,259.102469924629,449.147291784881,554.408526293889,803.056207553451,914.766592670905,1034.58250410537,1178.25518813971,1244.65765489794,1361.56131951621,1419.64416115509,1391.61286273609,1387.40585207424,1484.85657319944,1709.09045208836,1775.26977457618,2131.99796953982,2350.60077561733,2781.6140786358,2751.83916669556,3354.53085333028,3309.31733820114,3171.09011517451,3300.57551100952,2978.9634163244,3182.6997796735,3782.37722989313,4025.22202372118,4056.1880474066,4024.6075486749,4236.5869453335,4115.24019764145,4086.6574936446,4350.43431684378,4378.3750734584,4425.38878734945,4725.33188572222,4128.16372108853,4709.68867619686,4214.06286359382,5313.54086399217,5963.71068596261,7164.77765740719,7189.41919018672,6661.0900380619,7335.24178943097,8077.88965615963,7231.42298014325,6018.02356361425,6460.74182140389,6750.49496430967,6755.30442515824
"CO2","caf","ktCO2",0,0,0,0,0,0,0,0,0,0,0,0,0,0,0,0,0,0,0,0,0,0,0,0,0,0,0,0,0,0,0,0,0,0,0,0,0,0,0,0,0,0,0,0,0,0,0,0,0,0,0,0,0,0,0,0,0,0,0,0,0,0,0,0,0,0,0,0,0,0,0,0,0,0,0,0,0,0,0,0,0,0,0,0,0,0,0,0,0,0,0,0,0,0,0,0,0,0,0,0,0,0.000134425750029262,0.000269077235994761,0.000403954457896498,0.000539057415734471,0.00067438610950868,0.00080994053921913,0.000945720704865815,0.00108172660644874,0.0012179582439679,0.00135441561742329,0.0015111408531537,0.00167173584779104,0.0018362006013353,0.00200453511378647,0.00217673938514458,0.00235281341540961,0.00253275720458155,0.00271657075266044,0.00290425405964623,0.00309580712553896,0.00329703458869899,0.00350268463346693,0.00371275725984279,0.00392725246782656,0.00414617025741825,0.00436951062861783,0.00459727358142535,0.00482945911584078,0.00506606723186409,0.00530709792949535,0.00556234406800919,0.00582264458550345,0.00608799948197823,0.0063584087574335,0.00663387241186918,0.00691439044528537,0.00719996285768204,0.00749058964905914,0.00778627081941675,0.00808700636875483,0.00840759840694472,0.0087339668782552,0.00906611178268622,0.00940403312023773,0.00974773089090982,0.0100972050947025,0.0104524557316156,0.0108134828016493,0.0111802863048036,0.0115528662410783,0.011957575281127,0.0123690941923611,0.0127874229747805,0.0132125616283854,0.0136445101531757,0.0140832685491512,0.0145288368163122,0.0149812149546586,0.0154404029641903,0.0159064008449074,0.0165000185695023,0.0171044071479938,0.0177195665803819,0.0183454968666667,0.018982198006848,0.0196296700009259,0.0202879128489005,0.0209569265507716,0.0216367111065394,0.0223272665162037,0.0231035873857638,0.0238927916333333,0.0246948792589121,0.0255098502625,0.0263377046440972,0.0271784424037037,0.0280320635413194,0.0288985680569444,0.0297779559505788,0.0306702272222222,0.03167805054375,0.0327012922722222,0.0337399524076389,0.03479403095,0.0358635278993055,0.0369484432555556,0.03804877701875,0.0391645291888888,0.0402956997659723,0.04144228875,0.0427427087208334,0.0440615891333333,0.0453989299875,0.0467547312833334,0.0481289930208333,0.0495217152,0.0509328978208334,0.0523625408833333,0.0538106443875,34.9744658980787,50.096495867763,61.2113182327002,53.8107205968464,58.4606950909355,55.9165240983446,75.6890278971887,81.0958490266943,92.8484851414414,93.5625294506205,83.3877280276296,83.6064957333137,69.9304485530478,70.0621056230139,70.2878177846191,84.6235913475879,81.3097642772256,88.6286030410851,177.643802683718,181.745146615215,203.265186818965,186.459821554424,169.068409013595,169.412119352523,121.291436864954,112.037397941485,140.524572291842,131.554023490666,145.466066882692,106.442511133083,105.143895584855,135.372287025067,141.511684112438,144.125713554093,148.588047567064,161.643392591746,162.189893365478,259.982925988254,230.348470767076,252.251856564506,187.08141131515,193.153849138871,203.168558387204,211.567151662795,225.330238184511,227.065426922855,231.871525114211,237.808295377429,292.121593980624,307.304186571246,303.026545029578,294.461295834133,286.618765544256,258.247035697536,249.706373847203,263.183145112564,279.61256922661,294.716758328351,271.091419162127,274.963610472857,305.668992998085,291.406643585549,309.354564318316,312.625967716287,326.142646471819,356.79150531292,378.552891124313,423.853235382296,458.600097406651,493.734580016275,505.909180754658,526.418397986733,558.940941834979,552.205239962808
"CO2","can","ktCO2",0,0,0,0,0,0,0,0,0,0,0,0,0,0,0,0,0,0,0,0,0,0,0,0,0,0,0,0,0,0,0,0,0,0,0,3.95094452081796,3.95094452081796,3.95094452081795,3.95094452081796,3.95094452081796,3.95094452081796,3.95094452081796,3.95094452081795,3.95094452081796,3.95094452081797,3.95094452081794,3.95094452081795,3.95094452081796,3.95094452081796,3.95094452081797,3.95094452081795,3.95094452081795,3.95094452081796,3.95094452081795,3.95094452081795,3.95094452081796,3.95094452081797,3.95094452081797,3.95094452081795,3.95094452081796,3.95094452081796,3.95094452081796,3.95094452081796,3.95094452081795,3.95094452081796,3.95094452081795,3.95094452081795,3.95094452081796,3.95094452081796,3.95094452081795,3.95094452081796,3.95094452081795,3.95094452081795,3.95094452081796,3.95094452081796,3.95094452081796,3.95094452081796,3.95094452081795,3.95094452081796,3.95094452081796,3.95094452081795,3.95094452081796,3.95094452081796,3.95094452081796,3.95094452081796,3.95094452081796,3.95094452081796,3.95094452081796,3.95094452081796,3.95094452081796,3.95094452081796,3.95094452081796,3.95094452081795,3.95094452081795,3.95094452081796,3.95094452081796,27.6566116457257,35.5585006873616,43.4603897289976,51.3622787706335,63.2151123330873,76.0144257098382,92.8449355299721,113.706641793489,138.599544500389,167.523643650671,200.478939244336,241.416375802202,294.286897845088,351.188616331356,423.974364823461,508.47897084253,620.580713371243,772.299711287947,927.993168690833,1119.18443906864,1361.94520861883,1742.91328752514,1045.31420476343,766.767289034802,1349.25256319386,1947.97197484425,2021.16472605509,1770.27601533371,1784.91861687761,2059.66495688153,2041.99558025854,2226.13410228804,2133.76005722818,2400.39872219191,5694.61542219534,6084.43983633444,7193.27912214262,8073.8666080389,9336.24920114416,8955.72751488401,9541.43478084647,10985.0657211806,14368.1769853552,12182.8605580312,13412.5738783019,15043.0644116678,14982.9597077688,16006.343786891,15285.3640486898,14585.1189574099,15778.7603072495,15941.6079462521,16913.0667391204,20576.7187860239,22118.0247153646,25493.8953152213,27338.6746729134,29682.5688075014,34891.0594747185,37119.7146229294,39251.4873514355,49119.0809085224,49628.198839734,47657.739240718,54084.7077064878,63200.3166489642,70463.145281858,82854.1890819616,71844.3662504458,64478.320048503,80394.2384780853,89603.323890949,94006.7352674117,80464.6328804118,89083.8939756863,85130.1782820943,73597.6083810338,98304.2335519234,82209.7199779565,80118.4613217347,90041.9259623925,97588.2604273749,99698.0193821933,105260.891755812,100423.193869711,81066.8116306815,74960.8721025227,74065.246224616,84781.1891195709,83576.2300481864,91256.5571053838,98870.0521999006,90811.4069493007,100479.439585,114442.179842043,125723.481986915,136183.294371527,142515.045727529,144354.359341782,134173.063083527,141290.169249943,145725.530839806,159890.146814895,146950.365947662,157455.976656465,165411.13121381,163278.372847497,164642.317815074,168629.308033602,174835.677368805,195058.226466218,189131.864800214,189285.907634968,193856.125347504,200876.850937176,206058.380218027,220069.866833465,233441.484734287,251793.155643309,271472.855561513,282563.482491326,300765.022154513,321737.937392591,335249.953093146,365779.093588193,373839.052638276,397667.957009182,417005.330982113,423267.313234348,411145.604696279,422475.251177836,436957.152079336,447605.206733957,463359.339611553,466915.12433279,451229.904249064,432437.278240902,417759.190506483,444148.576482151,446783.689504113,436240.824158675,449246.962828319,481763.278557511,499158.822300168,463123.488077499,458889.508433068,473204.646769137,473233.575783427,490228.409015122,502758.749022899,520406.30282831,536366.703093087,540906.073455488,550161.560537187,569811.29401805,561122.61172297,579009.67865588,602292.513014858,589882.095652785,600898.863327893,593840.43427131,622493.367141018,601009.363955218,567018.853452654,585419.208689224,602202.165173933,603716.28860353,610118.700616145,615198.635530808,608621.096968666,605477.910149252,614268.70388252,627247.070669811,621116.175209849,565884.340872294,571234.831613258,584151.656172788,576711.507608719
"CO2","che","ktCO2",0,0,0,0,0,0,0,0,0,0,0,0,0,0,0,0,0,0,0,0,0,0,0,0,0,0,0,0,0,0,0,0,0,0,0,0,0,0,0,0,0,0,0,0,0,0,0,0,0,0,0,0,0,0,0,0,0,0,0,0,0,0,0,0,0,0,0,0,0,0,0,0,0,0,0,0,0,0,0,0,0,0,0,0,0,0,0,0,0,0,0,0,0,0,0,0,0,0,0,0,0,1.82990807350382,3.67784239799796,5.54380297348244,7.42778979995722,9.32980287742232,11.2498422058777,13.1879077853235,138.729948249947,190.138445785048,275.551105445541,379.55384826974,418.69820606063,420.791017260908,509.418230504761,616.607574043384,612.593801810881,602.424970146308,684.969837957021,665.58053614417,805.930957894788,990.622138332829,1130.69136372037,1109.70478942763,1035.55671084145,1142.04510126107,1321.85712767492,1262.51116240866,1217.46781133738,1294.11580093425,1485.74521141029,1400.46253263796,1539.46008929482,1702.55051542937,1748.35684492349,1818.68099482736,1854.6090112533,2006.04080979662,2046.89954042903,2255.25341127868,2536.49566645472,3085.62892417508,3047.7872426662,2553.37473043203,3153.29049516202,3381.33366944451,3694.77173231133,3894.48589484939,4157.86397761726,4478.82993246174,4946.88044069022,4540.80919685964,4589.62067191916,4961.63462613015,5210.76698913562,5448.78197218697,6008.28762490626,6944.15817480981,6953.83799198454,7013.55596260759,6785.46464187207,7482.24805679577,7614.28185457304,8032.93480918578,7321.57832877364,7739.53487241801,7366.02136447413,5361.09498968603,5054.95507140691,4086.81843900869,6342.01847641655,3999.88644459166,5447.3872013017,6731.2226971286,6378.94057018352,6629.03021960161,6565.55307468504,7571.79105415382,7929.229813509,9052.56577394248,8473.62330942899,8959.02710356378,9098.46067587112,8521.3866110277,8534.05665101789,8469.1386142817,8863.77972982825,9303.60446135911,9343.51556037621,10505.4312636392,7486.22496718243,5897.4556972042,5189.62837280576,5455.00507985279,4037.86573309761,1693.63180157881,5306.82534835776,8522.51429103186,9237.93847186621,7850.014628928,9325.54483606807,11508.1021094398,10146.9063568334,9379.16343901523,11487.5726889974,12709.9730720021,15890.812374173,16643.3644398089,15855.5786767247,16288.015446377,20280.5918650325,21169.5795435956,23830.1253164048,29251.5591904678,28549.3060800461,30474.1151710018,30693.0985364722,31832.7055193318,34279.6159871929,37380.066344666,40960.1519064045,43044.8452787881,43695.9947241792,47347.4478121577,42574.3196562342,40183.3944742606,41935.4226695831,42413.3816470024,43575.401010972,42238.6905916943,43003.5567215798,40655.9300953597,38512.2423659053,41937.0450647994,41335.5744766662,44596.5159333006,44520.5494201739,42937.8755017128,42939.6219498346,42755.6384487387,42615.7668536898,44711.4566730722,44805.5081202656,42290.5670146329,41576.7787804432,42426.0603366796,43003.9571266584,41837.1830651377,43236.3749264893,43495.1407757356,42340.3784612088,43769.8221485052,42102.9794178735,43303.4093647533,43806.8794249364,44304.7645324185,43652.0079832229,41659.6312642794,43098.0963211813,41937.6671194422,43474.4605725879,39240.6867998513,40550.6116085164,41627.1171224768,37503.2616954871,37006.2415298159,37470.9403216528,36467.4399600577,35192.2573349384,35005.5272358808,32489.1506202827,34210.2990311014,31039.0570925234,30420.7162218476
"CO2","chl","ktCO2",0,0,0,0,0,0,0,0,0,0,0,0,0,0,0,0,0,0,0,0,0,0,0,0,0,0,0,0,0,0,0,0,0,0,0,0,0,0,0,0,0,0,0,0,0,0,0,0,0,0,0,0,0,0,0,0,0,0,0,0,0,0,0,0,0,0,0,0,0,0,0,0,0,0,0,0,0,0,0,0,0,0,0,0,0,0,0,0,0,0,0,0,0,0,0,0,0,0,0,0,0,0.00849533691706127,0.0174163662738222,0.0267630880702825,0.0365355023064424,0.046733608982302,0.0573574080978611,0.0684068996531196,0.0798820836480779,0.0917829600827357,0.104109528957093,0.1165658197228,0.129393990101233,0.142594040092393,0.15616596969628,0.170109778912894,0.184425467742234,0.199113036184301,0.214172484239096,0.229603811906617,0.245407019186865,0.261891896982338,0.278778158286017,0.296065803097896,0.313754831417978,0.331845243246264,0.367425341048455,0.403915855127232,0.44131678548259,0.479628132114532,0.518849895023056,0.558595936178468,0.599207024260171,0.640683159268159,0.683024341202436,0.726230570062996,0.770301845849846,0.81523816856298,0.861039538202397,0.907705954768106,0.9552374182601,1.00414385623146,1.05395308281942,1.10466509802399,1.15627990184516,600.69146855784,613.321448471698,730.756993947518,848.193442211957,726.676162141777,974.0721978224,1795.80620638353,2244.43692440236,2475.07525278345,2252.95874691451,2378.79503038391,2793.89349203859,2496.32155576531,2815.00234553017,2693.50486057779,3217.60540724007,3557.24678069472,3963.96426539732,3842.46737679523,3255.63891255248,3511.44106408046,4245.1536049279,4609.95485988616,4542.96203129122,4446.62502419275,3184.86129412763,3817.97408865655,3155.70262721652,3486.98074477748,4610.58348881462,4350.76606015318,4468.24679338548,4439.00237464471,4318.00699047635,4781.70971284916,4611.05988198399,3479.1380741911,3450.49157021286,4857.33294813741,5784.74571221772,6205.99557199491,6059.91587630968,6420.35229239736,6761.86384058443,6127.63812404045,6464.26658085401,6782.83100360816,7061.28761481906,7406.50742133791,7416.63710238967,6909.51347700727,6716.89904720515,6874.63921299125,7134.10618057062,6582.58735597315,9170.46650732989,11066.1390545104,11834.5464299782,11819.8209941935,12751.9601457608,13723.9383114115,14373.9045026369,14464.2822713594,15499.4428922936,16120.7005743975,16930.5890550028,18424.9251540627,21532.1617233479,23238.450918202,24115.2280778651,23707.4871319325,25013.3375033545,25092.1945920513,27261.0001114032,27852.8396884194,26093.9994380825,29755.8797056971,30974.4322933633,31067.2810376457,29069.2464550668,26580.6299536388,27192.3058669389,25388.1472642766,25842.4489912663,27374.5261543757,27039.009951292,24849.0811161072,21277.1038172838,21608.9257855,22758.7339683229,21948.9364973315,22176.9348304458,22423.5563915873,27043.2053250472,32916.3332491696,32441.0588771977,30945.5221272135,32126.479808794,34091.1960556284,37351.0216851299,40873.8070257882,46784.6119973641,53343.4461479953,54186.9694542355,57013.4997302477,53664.0484590132,51798.6458310606,52274.3300304693,54347.8043525007,59010.9505422202,59799.1060050646,59976.6545564648,67290.5114356898,70608.0888793697,66447.4427895203,72706.664135853,78382.323456738,80614.2299207293,83912.5720353725,76911.2824026376,81734.9573050741,86574.2721318975,87957.7453551134,87250.2827602167,93233.4324696721,86523.7540174343,88786.9587811467,90663.6011161481,85895.6558317685
"CO2","chn","ktCO2",0,0,0,0,0,0,0,0,0,0,0,0,0,0,0,0,0,0,0,0,0,0,0,0,0,0,0,0,0,0,0,0,0,0,0,0,0,0,0,0,0,0,0,0,0,0,0,0,0,0,0,0,0,0,0,0,0,0,0,0,0,0,0,0,0,0,0,0,0,0,0,0,0,0,0,0,0,0,0,0,0,0,0,0,0,0,0,0,0,0,0,0,0,0,0,0,0,0,0,0,0,30.7682894142626,61.0102825976027,90.7259795500199,119.915380271514,148.578484762087,176.715293021735,204.325805050462,231.410020848266,257.967940415147,283.999563751106,310.83022711982,337.375564487371,363.635575853759,389.610261218982,415.299620583045,440.703653945947,465.822361307683,490.655742668256,515.203798027666,539.466527385912,568.029974909394,596.744862542797,625.611190286124,654.628958139372,683.798166102544,713.118814175637,742.590902358653,772.214430651591,801.989399054453,831.915807567235,862.460536010101,893.18682584161,924.094677061759,955.184089670552,986.455063667988,1017.90759905406,1049.54169582878,1081.35735399215,1113.35457354415,1145.5333544848,1180.37807319938,1215.52554239456,1250.97576207036,1286.72873222676,1322.78445286377,1359.14292398139,1395.80414557961,1432.76811765845,1567.98882035102,1507.91544411007,1546.15132809366,1682.66294395631,3643.34195537154,3817.04282144508,4078.12335356543,19358.028327786,19175.2445812191,25329.0679886272,23496.2090991364,21457.7954204994,30063.876151888,11894.7251272858,12862.5964144966,17132.5766723951,18181.7072427903,20093.8674705159,22023.4258091551,23290.872854558,26734.4135849183,29930.6325362817,28686.7729256519,30222.523175784,35918.0692457151,39105.1241117728,37506.0184583207,33953.5949804766,37933.830091838,38687.0800381129,40523.8707265951,42660.0207070413,45211.6572705703,43741.3599864138,47568.3405471617,54617.6300277375,63143.0118208792,71332.7193659405,67293.2617631033,61350.071445204,73674.4289090824,92449.964194163,114850.034710402,122531.816876663,107065.172720992,108170.826367934,60042.794795076,41266.0327937405,44057.0719852375,34329.9640653733,70550.7678041571,91074.5675877615,115880.864475026,141749.217425721,148515.882884139,175539.701274288,203661.207649801,235421.521924231,278734.197485049,537256.382046659,727785.194014478,792289.531079902,566591.289431289,460614.366669227,456687.699864103,462681.42756598,508774.503145224,562072.913618832,469764.269862139,501456.63744582,613917.818979079,817214.735003306,914744.980499837,972999.336032976,1011283.63115414,1029138.65164533,1175660.67784139,1223136.58356162,1375689.20929666,1533873.31778045,1564924.82405171,1529801.87354096,1514548.92198013,1583219.64814,1666610.55586241,1817858.95503855,1826486.76568655,1943172.2108856,2077751.77085553,2232354.83172662,2313416.56454564,2397525.9058724,2486547.19255452,2597558.96871568,2804678.82072356,2953025.05855926,3229456.44793054,3230150.85074233,3270702.61343124,3342704.31440704,3291466.92701015,3463209.36194285,3623325.45902309,3890011.69745245,4554584.83068105,5277242.29192064,5940368.48730918,6587484.9986944,7161684.52603675,7345980.98790786,7847726.62970118,8666964.74562474,9368756.91167733,9605518.46682126,10033296.4324514,10216572.5945879,10114326.7402349,10111346.9348826,10316470.3341413,10678945.3315156,10933898.2386234,11275986.2336231,11910781.9260366,11951613.9064665,12660210.4068739
"CO2","civ","ktCO2",0,0,0,0,0,0,0,0,0,0,0,0,0,0,0,0,0,0,0,0,0,0,0,0,0,0,0,0,0,0,0,0,0,0,0,0,0,0,0,0,0,0,0,0,0,0,0,0,0,0,0,0,0,0,0,0,0,0,0,0,0,0,0,0,0,0,0,0,0,0,0,0,0,0,0,0,0,0,0,0,0,0,0,0,0,0,0,0,0,0,0,0,0,0,0,0,0,0,0,0,0,0.000281370416226399,0.000559201581934228,0.000833493497123486,0.00110424616179417,0.00137145957594629,0.00163513373957983,0.0018952686526948,0.0021518643152912,0.00240492072736903,0.0026544378889283,0.00294908049459933,0.00324903197604823,0.00355429233327499,0.0038648615662796,0.00418073967506206,0.00450192665962238,0.00482842251996056,0.00516022725607661,0.0054973408679705,0.00583976335564225,0.0061930690386586,0.0065522144850306,0.00691719969475824,0.00728802466784152,0.00766468940428041,0.00804719390407502,0.00843553816722519,0.00882972219373109,0.00922974598359255,0.00963560953680973,0.0100563644865837,0.010483543176049,0.0109171456052054,0.0113571717740531,0.0118036216825919,0.012256495330822,0.0127157927187432,0.0131815138463556,0.0136536587136594,0.0141322273206542,0.0146303883337073,0.0151356154604207,0.0156479087007944,0.0161672680548284,0.0166936935225228,0.0172271851038775,0.0177677427988926,0.0183153666075679,0.0188700565299035,0.0194318125658996,0.020071883239771,0.0207218140870759,0.0213816051078143,0.0220512563019862,0.0227307676695914,0.0234201392106303,0.0241193709251025,0.0248284628130083,0.0255474148743474,0.0262762271091201,0.0274297687156081,0.0286067727643257,0.029807239255273,0.0310311681884499,0.0322785595638564,0.0335494133814924,0.0348437296413581,0.0361615083434533,0.0375027494877783,0.0388674530743327,0.0404453221732914,0.0420519974629352,0.0436874789432642,0.0453517666142786,0.0470448604759781,0.0487667605283629,0.0505174667714328,0.0522969792051881,0.0541052978296284,0.0559424226447542,0.0580788809161308,0.0602508250637624,0.0624582550876485,0.0647011709877894,0.0669795727641853,0.0692934604168357,0.071642833945741,0.0740276933509009,0.0764480386323157,0.0789038697899851,0.0817750939406763,0.084690153574584,0.0876490486917086,0.0906517792920496,0.0936983453756075,0.0967887469423818,0.0999229839923727,0.103101056525581,0.171951538246062,113.681599835728,77.3041970710483,92.3751095062185,101.649255734325,119.21993083876,126.17654851532,147.271331250288,165.260405463734,450.301912168326,494.056391372918,417.598249778189,500.253583541433,530.140498866412,563.355429602478,690.956735769152,1062.47498183761,1125.16599384971,1237.41480583785,1454.7897587534,1721.72101122094,2035.39397333405,2419.85937325408,2672.7228538516,2731.60493235136,2831.38817188688,3063.70864977679,3508.35624778064,3438.92128777462,4010.83667973359,3678.50620744143,3413.53221296637,3009.4882411063,2989.19461767194,3770.55249592413,3373.69226768149,3083.45854788304,3114.42634237166,3086.79842809175,3101.29136987366,2972.72382961285,2753.82549886076,2844.59883146893,2829.34238021047,3018.49056914578,3160.33031488582,3491.9935570998,4287.10258684915,5287.3027591378,5355.79416748975,7347.33777427747,7016.03471990537,7052.88238192262,7422.48616664241,5866.9690331415,6011.06111844394,6471.58408774127,6336.85846363365,6335.09685643397,7183.20094438666,6645.29782595416,7022.10257619655,6808.96527905676,8734.39992125226,9436.94727108888,9973.1518651696,10625.4509444856,10359.1755586958,11463.9761854846,11025.2442886444,11706.9230245793,11833.7583491542,15674.2512337017,16988.2999397513,16460.7335822581
"CO2","cmr","ktCO2",0,0,0,0,0,0,0,0,0,0,0,0,0,0,0,0,0,0,0,0,0,0,0,0,0,0,0,0,0,0,0,0,0,0,0,0,0,0,0,0,0,0,0,0,0,0,0,0,0,0,0,0,0,0,0,0,0,0,0,0,0,0,0,0,0,0,0,0,0,0,0,0,0,0,0,0,0,0,0,0,0,0,0,0,0,0,0,0,0,0,0,0,0,0,0,0,0,0,0,0,0,0.000805178012896363,0.00161170812992857,0.00241959035109662,0.00322882467640053,0.00403941110584027,0.00485134963941586,0.00566464027712731,0.0064792830189746,0.00729527786495771,0.00811262481507671,0.00894209931147537,0.00977488508330874,0.0106109821305769,0.0114503904532797,0.0122931100514172,0.0131391409249896,0.0139884830739965,0.0148411364984383,0.0156971011983147,0.0165563771736259,0.0174196739833935,0.0182863496456456,0.0191564041603821,0.020029837527603,0.0209066497473083,0.0217868408194979,0.0226704107441721,0.0235573595213306,0.0244476871509735,0.025341393633101,0.0262395477883965,0.0271411497523497,0.0280461995249604,0.0289546971062287,0.0298666424961545,0.0307820356947379,0.0317008767019789,0.0326231655178778,0.0335489021424339,0.0344780865756476,0.0354121612680796,0.0363497541326113,0.0372908651692425,0.0382354943779732,0.0391836417588035,0.0401353073117333,0.0410904910367628,0.0420491929338917,0.0430114130031202,0.0439771512444483,0.0449482389683565,0.0459229166804614,0.0469011843807635,0.0478830420692622,0.0488684897459577,0.0498575274108501,0.0508501550639393,0.0518463727052254,0.0528461803347082,0.053849577952388,0.0558420127432931,0.0578703472661665,0.0599345815210082,0.0620347155078181,0.0641707492265966,0.0663426826773431,0.0685505158600578,0.0707942487747411,0.0730738814213923,0.0753894138000118,0.077995733889241,0.0806451336534987,0.083337613092785,0.0860731722070999,0.0888518109964433,0.0916735294608154,0.094538327600216,0.0974462054146452,0.100397162904103,0.103391200068589,0.106777262140836,0.110215019819783,0.113704473105432,0.117245621997781,0.120838466496831,0.124483006602582,0.128179242315035,0.131927173634188,0.135726800560042,0.139578123092597,0.143951571101165,0.148387053834441,0.152884571292425,0.157444123475116,0.162065710382516,0.166749332014623,0.171494988371438,0.176302679452961,0.181172405259192,118.480757771563,139.72118957046,211.0985735819,175.210724060444,225.034468317949,228.494713509695,228.397943900211,249.473558781186,270.649791156029,270.512895460819,259.595616586635,270.079759888967,280.556016475693,291.025084573776,326.293164954704,301.319736821408,333.257696308835,443.031236437903,485.366446129196,552.293657724677,612.290243914394,819.53550880207,870.039942138425,908.95015657511,917.893341805886,1152.95611467955,1095.89321362152,1524.96705269104,1617.45004380653,1794.86971076706,1925.7120078563,2016.81927906749,2147.73877663365,4499.65146813613,4277.60342153934,4251.90891080695,5349.16468154749,4800.02978076808,3161.61968615899,4606.18979493296,4603.67783989218,4357.38653289861,4246.80987940335,4642.32653925671,4983.12685904929,5074.4153996199,5192.55233263373,5333.65191363054,5456.58522572841,5216.95984383591,5641.42692069115,5599.15283810484,5566.0791676168,5679.77691915445,5542.77335286094,5401.71878045997,5474.97558890051,6570.28602299672,6861.38580130952,7504.86654721651,7624.73424378851,7227.58985575866,7351.83814953789,8158.00558792181,8835.85019975357,9164.48886808756,9611.20196766348,9782.25860102451,10526.5425536095,10298.902833669,10526.484127467,10494.348718787,10492.3394015183,10410.8363671996
"CO2","cod","ktCO2",0,0,0,0,0,0,0,0,0,0,0,0,0,0,0,0,0,0,0,0,0,0,0,0,0,0,0,0,0,0,0,0,0,0,0,0,0,0,0,0,0,0,0,0,0,0,0,0,0,0,0,0,0,0,0,0,0,0,0,0,0,0,0,0,0,0,0,0,0,0,0,0,0,0,0,0,0,0,0,0,0,0,0,0,0,0,0,0,0,0,0,0,0,0,0,0,0,0,0,0,0,0.00219635446453076,0.00439639718173076,0.00660012815160001,0.00880754737413849,0.0110186548493462,0.0132334505772232,0.0154519345577693,0.0176741067909847,0.0198999672768694,0.0221295160154233,0.0243921461223064,0.026663808684706,0.028944503702622,0.0312342311760546,0.0335329911050037,0.0358407834894693,0.0381576083294514,0.0404834656249499,0.042818355375965,0.0451622775824965,0.0475171677707267,0.0498812747503003,0.0522545985212172,0.0546371390834774,0.0570288964370812,0.0594298705820281,0.0618400615183184,0.0642594692459521,0.0666880937649296,0.06912593507525,0.0715759086925427,0.0740352871989614,0.0765040705945059,0.0789822588791769,0.0814698520529732,0.0839668501158954,0.0864732530679435,0.0889890609091174,0.0915142736394173,0.0940488912588434,0.0965968484659069,0.099154402498609,0.10172155335695,0.104298301040929,0.106884645550548,0.109480586885805,0.1120861250467,0.114701260033234,0.117325991845407,0.119960320483219,0.127198211138449,0.134593007578387,0.142148365478312,0.149868024449605,0.157755809507761,0.165815632488122,0.174051493575377,0.18246748275619,0.191067781394818,0.199856663747217,0.211526589037211,0.223482065820234,0.235727656765393,0.248268023981887,0.26110793083287,0.27425224346495,0.287705933037094,0.301474077081037,0.315561861653325,4.06438450626909,7.93023223396865,85.1122240829068,170.011809929163,227.900345589485,181.6030662122,251.068051624574,243.358389697427,305.05966210048,330.763010076679,420.807723926957,270.356471049065,56.8785668573144,5.73423359589036,20.8905998342675,36.3353533179683,44.0627713310828,106.00345730208,126.715893801086,102.192439981611,82.1612392303481,116.108344930784,162.395000764996,243.440772127782,197.118048574982,191.831399258754,342.504049948516,367.277498092609,415.785531796488,527.686054984295,1488.4217326236,1737.25017202968,2090.94078239122,2266.27287943967,2768.46924190711,3359.91851992167,3124.04698598378,3265.45533559594,2818.51914215282,2590.09060540211,2184.60632942946,2202.55965677801,2013.8676552173,2114.34972621552,1884.07101150877,2351.66194643585,2230.23749623889,2157.52576180048,2959.53812541734,3227.69947638407,2483.38764969722,2887.33073778595,2971.70823499223,2998.98475026364,3110.38953805508,3025.21763593171,3119.16221380052,3156.02195121384,3225.15259652893,3556.41993958233,3517.26215384428,3768.37550825893,3042.6917333867,3968.25121429896,3879.72037278856,3630.82519067948,3412.52842848741,3744.65623391808,3887.95002944985,3697.97229376457,3338.80551493986,1954.84727997185,1698.94369527632,1653.47540038991,2587.39057971865,2480.74591708918,2678.276262359,2694.84561531504,2690.7166257846,2504.52829922804,2039.45751900794,1989.71872779972,2086.84001942912,2501.84700042126,2410.83968564198,2691.25968533992,2783.59172306424,3068.63612491815,3149.55518545385,3082.73405007794,3216.27367950298,3639.66682668809,3272.22001943846,3588.38038624939,3968.8185641023,3841.01864428289,3226.48869286836,3489.27870287797,4389.75678472135,4682.83873685098,4870.09969038313,4875.72794320239,6479.16037859504,6441.80257540525
"CO2","cog","ktCO2",0,0,0,0,0,0,0,0,0,0,0,0,0,0,0,0,0,0,0,0,0,0,0,0,0,0,0,0,0,0,0,0,0,0,0,0,0,0,0,0,0,0,0,0,0,0,0,0,0,0,0,0,0,0,0,0,0,0,0,0,0,0,0,0,0,0,0,0,0,0,0,0,0,0,0,0,0,0,0,0,0,0,0,0,0,0,0,0,0,0,0,0,0,0,0,0,0,0,0,0,0,0.000145608991187491,0.000291462497893349,0.000437560520117574,0.000583903057860166,0.000730490111121124,0.00087732167990045,0.00102439776419814,0.0011717183640142,0.00131928347934863,0.00146709311020142,0.00161709589555059,0.00176769749441412,0.00191889790679203,0.00207069713268429,0.00222309517209093,0.00237609202501193,0.0025296876914473,0.00268388217139705,0.00283867546486115,0.00299406757183963,0.00315018680951413,0.00330691708138696,0.00346425838745813,0.00362221072772762,0.00378077410219547,0.00393994851086161,0.00409973395372613,0.00426013043078897,0.00442113794205012,0.00458275648750965,0.00474517935349554,0.00490822572376541,0.00507189559831934,0.00523618897715729,0.00540110586027921,0.00556664624768519,0.00573281013937518,0.00589959753534914,0.00606700843560716,0.0062350428401492,0.0064039616028083,0.0065735165943287,0.00674370781471035,0.00691453526395317,0.00708599894205729,0.00725809884902264,0.0074308349848492,0.00760420734953704,0.0077782159430861,0.00795286076549638,0.00812847334046104,0.00830473514521607,0.00848164617976144,0.00865920644409722,0.00883741593822339,0.00901627466213991,0.00919578261584684,0.00937593979934414,0.0095567462126318,0.00973820185570987,0.0100985157310378,0.0104653217542695,0.0108386199254051,0.0112184102444445,0.0116046927113876,0.0119974673262346,0.0123967340889853,0.0128024929996399,0.0132147440581983,0.0136334872646605,0.0141048167508102,0.0145839368111111,0.0150708474455633,0.0155655486541666,0.0160680404369213,0.0165783227938272,0.0170963957248843,0.0176222592300926,0.0181559133094522,0.0186973579629629,0.01930969670625,0.0199313841351852,0.0205624202497685,0.02120280505,0.0218525385358797,0.0225116207074074,0.0231800515645833,0.0238578311074074,0.0245449593358796,0.02524143625,0.0260323347375,0.0268344516444444,0.0276477869708333,0.0284723407166667,0.0293081128819444,0.0301551034666667,0.0310133124708334,0.0318827398944444,0.0327633857375,126.117410020226,182.778689963109,225.299700309863,199.779104684381,218.948726855827,211.182997948636,288.243404503863,311.221422612124,358.93879074872,322.082138518662,2160.10163812193,3976.61794722311,4608.74763051232,4124.58445526634,3293.97975590304,2846.50882640031,2646.6670037102,2262.34080101016,2244.42373086734,1788.29552645006,1936.49739184591,2012.30734052515,1934.22533675815,8921.78341312884,12864.3971724477,7935.00053563844,7666.58083644376,2443.69543835909,1493.327233286,1357.50079620716,1818.34783418542,2042.0105440738,2369.41487315587,2439.62170538249,2394.40192055237,2452.38242512224,2416.81125410138,2443.0051391556,2411.80822479449,2421.59660313402,2385.354576562,2435.77747726182,2372.09612601866,2354.48012757079,2137.88423885468,2735.28855389409,3295.04427969198,3402.81098380541,4037.09684123762,4180.17079991008,4521.26173594397,4408.1579502469,2870.02936391819,3581.31204189855,3637.49527394555,4347.82581887254,4837.56906187377,4285.34956229073,4453.84371674263,4946.5184509568,5328.93313836213,4898.12929088843,4542.42982535595,5508.34005997606,5361.63988008773,5898.70496342073,5719.50083267621,5670.45935786453,6583.95934334235,7468.29266755422,7642.20568698811,7355.80201352257,8669.7647621519,8661.49198676699
"CO2","cok","ktCO2",0,0,0,0,0,0,0,0,0,0,0,0,0,0,0,0,0,0,0,0,0,0,0,0,0,0,0,0,0,0,0,0,0,0,0,0,0,0,0,0,0,0,0,0,0,0,0,0,0,0,0,0,0,0,0,0,0,0,0,0,0,0,0,0,0,0,0,0,0,0,0,0,0,0,0,0,0,0,0,0,0,0,0,0,0,0,0,0,0,0,0,0,0,0,0,0,0,0,0,0,0,4.70578552869705e-06,9.4635686875455e-06,1.42733494765453e-05,1.91351278956964e-05,2.40489039449987e-05,2.90146776244525e-05,3.40324489340576e-05,3.91022178738143e-05,4.42239844437221e-05,4.93977486437813e-05,5.4524894278877e-05,5.9686107326831e-05,6.48813877876423e-05,7.01107356613119e-05,7.53741509478388e-05,8.06716336472234e-05,8.60031837594663e-05,9.13688012845665e-05,9.67684862225244e-05,0.000102202238573341,0.000107682393089946,0.000113197789757783,0.000118748428576852,0.000124334309547154,0.000129955432668688,0.000135611797941453,0.000141303405365451,0.000147030254940683,0.000152792346667144,0.000158589680544839,0.000164441092895977,0.00017032896264494,0.000176253289791729,0.000182214074336346,0.000188211316278788,0.000194245015619058,0.000200315172357154,0.000206421786493074,0.000212564858026823,0.000218744386958399,0.000224986144896607,0.000231265617384293,0.000237582804421454,0.000243937706008089,0.000250330322144201,0.000256760652829789,0.000263228698064851,0.00026973445784939,0.000276277932183405,0.000282859121066893,0.000289511187293364,0.000296202268571017,0.000302932364899847,0.000309701476279863,0.00031650960271106,0.000323356744193438,0.000330242900726997,0.000337168072311739,0.000344132258947662,0.000351135460634765,0.00035790307143589,0.000364700693814843,0.00037152832777163,0.000378385973306251,0.0003852736304187,0.000392191299108983,0.0003991389793771,0.000406116671223046,0.000413124374646827,0.000420162089648438,0.000427257134458984,0.000434382960375,0.000441539567396485,0.000448726955523437,0.000455945124755859,0.00046319407509375,0.000470473806537109,0.000477784319085937,0.000485125612740235,0.000492497687499999,0.000499932508359375,0.000507398899583334,0.000514896861171875,0.000522426393125,0.000529987495442709,0.000537580168125,0.000545204411171875,0.000552860224583334,0.000560547608359374,0.0005682665625,0.000574297113541667,0.000580321433333333,0.000586339521875,0.000592351379166667,0.000598357005208333,0.0006043564,0.000610349563541667,0.000616336495833333,0.000622317196875,0.000628291666666667,0.000648546249999999,0.000664615,0.000679800000000001,0.000696583333333333,0.00071631875,0.000739305833333334,0.000764871666666666,0.00079128,0.000816046666666667,0.000836870833333333,0.00085261875,0.000864033333333334,0.0008743375,0.0008882025,0.000908931250000001,0.000938101666666666,0.00097397625,0.00101204666666667,10.5919027355351,10.5910653788723,10.4252502188654,10.6571771356282,10.6589221809837,12.49382382139,14.0123839521759,14.0997675109851,28.3280821030122,28.4523119939999,24.991919076157,28.7665809621773,63.4124693408883,49.9514878654806,49.9011343829587,24.9006672566035,21.5106273261207,21.3349147233412,21.5535273728138,21.5068106648946,21.336018047903,21.7684821001541,22.3454898355912,24.6460161225039,25.5460686373329,25.488905562086,23.9577059793636,23.8510397745044,22.9630817659719,23.0330299509327,31.4608859872556,30.5772687960049,35.8764167263557,31.52029767695,35.7317462967696,58.1495753625536,63.3992257586715,67.7930026652062,61.6768500722059,67.3831509139904,67.3061807855558,70.6922551354418,68.620739448333,66.0228900600481,65.2375572091104,67.8075772394063,73.9373838832636,72.2652209928062,72.6816944060609,78.6701397239483,79.4147576669658,75.0525269661468,78.159065118058,75.2748917069104,80.031193210218
"CO2","col","ktCO2",0,0,0,0,0,0,0,0,0,0,0,0,0,0,0,0,0,0,0,0,0,0,0,0,0,0,0,0,0,0,0,0,0,0,0,0,0,0,0,0,0,0,0,0,0,0,0,0,0,0,0,0,0,0,0,0,0,0,0,0,0,0,0,0,0,0,0,0,0,0,0,0,0,0,0,0,0,0,0,0,0,0,0,0,0,0,0,0,0,0,0,0,0,0,0,0,0,0,0,0,0,0.0113017978805485,0.0227811578197099,0.0344380798174844,0.0462725638738715,0.0582846099888717,0.0704742181624847,0.0828413883947105,0.0953861206855494,0.108108415035001,0.121008271443066,0.134085689909743,0.147340670435033,0.160773213018937,0.174383317661453,0.188170984362582,0.202136213122323,0.216279003940678,0.230599356817646,0.245097271753226,0.25977274874742,0.278331784895128,0.297421335205726,0.317041399679214,0.33719197831559,0.357873071114853,0.379084678077009,0.400826799202053,0.423099434489987,0.44590258394081,0.469236247554522,0.493100425331123,0.517495117270611,0.542420323372992,0.567876043638261,0.593862278066419,0.620379026657467,0.647426289411405,0.675004066328231,0.703112357407944,0.731751162650549,0.764048452204788,0.797028839831611,0.830692325531019,0.86503890930301,0.900068591147586,0.935781371064746,0.972177249054487,1.00925622511681,1.04701829925173,1.08546347145922,1.1306148556065,1.17668553837017,1.22367551975023,1.27158479974669,1.32041337835955,1.3701612555888,1.42082843143445,1.4724149058965,1.52492067897494,1.57834575066978,1.64696621909413,1.71697405492547,1.78836925816381,1.86115182880913,1.93532176686145,2.01087907232075,2.08782374518705,2.16615578546033,2.2458751931406,2.32698196822787,35.9878623313066,165.633687691411,216.076014540546,228.621863846641,508.513412853818,1086.86124284577,1289.20650510089,2005.02717226826,1953.50884422866,1240.08539157219,817.744906062649,504.921502769715,930.96934056984,1312.54608850797,2163.64560910886,2583.64320047018,2608.49323515987,2870.95059532546,4700.90453442738,4097.72909275375,3433.16026518202,3817.87932555286,3452.50158750869,4477.77319397824,4221.27198027235,4830.45373697876,5092.86976847399,4868.5771746518,5446.32776430661,9107.00091553963,9883.95705747238,10287.8448345181,12502.1161232353,11240.3814333145,13532.6210176269,14320.2265373589,15438.4984128444,16008.3987472141,17566.1485701959,18013.9817969524,19841.6908818319,21022.0840870402,22947.177083759,23158.3382455435,23535.8359064645,24062.1970555237,25448.7926544896,27489.4169798394,28729.5985281373,29472.1814319629,31500.1199136717,32577.7598587368,33540.9766465209,36223.3794068488,33858.3953124591,36280.4224752487,37364.99651177,39766.3875952986,40144.2789649688,40893.2025834868,41520.9136147869,42308.64218348,44337.3169295309,45108.2281398736,46743.6833424256,47119.5038665447,48986.7731570055,49914.0907020561,51330.8356616186,53725.3299036681,55485.3457638077,57705.5913507853,61251.5577882922,60920.2443484865,63750.544243092,62744.4193889861,68615.8296475681,69389.8099347839,59638.029168862,62677.702342247,63324.6549694162,61091.302568806,60384.7239113731,60451.268229754,62368.6880044785,59482.9291410385,61523.8752782959,61731.2244623181,64998.6104014744,66507.0084103097,71605.3951601375,72193.4973041567,82112.1392487004,84416.4621758536,86463.7841292002,87162.3546143214,79336.8168421569,83487.4206231001,82647.1398162874,80223.4847540485,87506.1897384636,85477.706535907,100977.921810418
"CO2","com","ktCO2",0,0,0,0,0,0,0,0,0,0,0,0,0,0,0,0,0,0,0,0,0,0,0,0,0,0,0,0,0,0,0,0,0,0,0,0,0,0,0,0,0,0,0,0,0,0,0,0,0,0,0,0,0,0,0,0,0,0,0,0,0,0,0,0,0,0,0,0,0,0,0,0,0,0,0,0,0,0,0,0,0,0,0,0,0,0,0,0,0,0,0,0,0,0,0,0,0,0,0,0,0,3.1130732711228e-05,6.2313742051694e-05,9.3549028021398e-05,0.00012483659062034,0.00015617642984852,0.000187568545705938,0.000219012938192594,0.000250509607308488,0.00028205855305362,0.00031365977542799,0.000345729887160525,0.000377928023291195,0.000410254183819998,0.000442708368746934,0.000475290578072005,0.00050800081179521,0.000540839069916548,0.000573805352436021,0.000606899659353627,0.000640121990669367,0.000673499780182841,0.000707008206837269,0.000740647270632648,0.000774416971568982,0.00080831730964627,0.000842348284864504,0.000876509897223698,0.000910802146723845,0.000945225033364938,0.000979778557146991,0.00101450404206356,0.00104936283018518,0.00108435492151186,0.0011194803160436,0.00115473901378038,0.00119013101472222,0.00122565631886912,0.00126131492622106,0.00129710683677807,0.00133303205054013,0.00136914633721547,0.00140539664756944,0.00144178298160205,0.00147830533931327,0.00151496372070313,0.00155175812577161,0.00158868855451871,0.00162575500694444,0.00166295748304881,0.00170029598283179,0.00173089041912616,0.00176135107175926,0.00179167794073109,0.00182187102604167,0.00185193032769098,0.00188185584567901,0.00191164758000579,0.0019413055306713,0.00197082969767554,0.00200022008101852,0.00206757719068287,0.00213604971373457,0.00220563765017361,0.002276341,0.00234815976321373,0.00242109393981482,0.00249514352980325,0.00257030853317901,0.00264658894994213,0.0027239847800926,0.00281235080034722,0.00290210983333333,0.00299326187905093,0.0030858069375,0.00317974500868056,0.00327507609259261,0.0033718001892361,0.00346991729861111,0.0035694274207176,0.00367033055555556,0.00378611803125,0.00390363163888888,0.00402287137847223,0.00414383725,0.00426652925347222,0.0043909473888889,0.00451709165625,0.00464496205555555,0.00477455858680556,0.00490588125,0.00505711835416667,0.00521048133333333,0.0053659701875,0.00552358491666667,0.00568332552083333,0.005845192,0.00600918435416667,0.00617530258333333,0.0063435466875,0.00651391666666667,0.00673682624999999,0.0069510025,0.00716017375000001,0.00736748999999999,0.00757526875,0.0077850375,0.00799762583333333,0.00821304,10.3520090516279,10.3786058714165,10.4058483866926,10.4337385953727,10.4627831633012,10.4919810858729,14.025502553291,17.5798473675888,17.6316229590343,17.6844871794868,17.7384316693626,28.4461305551822,29.8338153965658,29.3194472883637,30.6758207047304,30.7103024580141,35.0413372692722,43.2117762027507,40.4108992428665,28.8833915514044,22.5194418117377,45.1969293715475,46.3514570958576,46.1787669778388,45.9686090223216,46.3641012590869,54.229208917475,51.0736287328318,59.1600897237307,62.4823150406801,63.8723165832484,72.0273972778593,72.1159333046924,72.4174379256464,73.2802777070643,74.7945121452977,78.7864254382101,67.2398604493613,66.320893852719,87.9775666891357,95.8671171315332,97.3722689878821,106.450749444198,107.694399521823,108.674816761683,118.846400050245,133.618348919247,145.912661353961,145.277837503861,137.283708454464,139.248472418895,150.461170909793,156.808796152832,166.684889201279,168.636551802737,175.948877722455,192.732899541774,204.614102565438,229.50058634466,248.565015987834,267.819603228989,275.572799059428,286.790852006767,304.621242617851,300.816868772853
"CO2","cpv","ktCO2",0,0,0,0,0,0,0,0,0,0,0,0,0,0,0,0,0,0,0,0,0,0,0,0,0,0,0,0,0,0,0,0,0,0,0,0,0,0,0,0,0,0,0,0,0,0,0,0,0,0,0,0,0,0,0,0,0,0,0,0,0,0,0,0,0,0,0,0,0,0,0,0,0,0,0,0,0,0,0,0,0,0,0,0,0,0,0,0,0,0,0,0,0,0,0,0,0,0,0,0,0,2.63436495319482e-05,5.27315369304486e-05,7.91636621955016e-05,0.000105640025327107,0.000132160626325264,0.000158725465189975,0.000185334541921238,0.000211987856519052,0.000238685408983419,0.000265427199314339,0.000292565776223825,0.000319812690765685,0.000347167942939918,0.000374631532746524,0.000402203460185504,0.000429883725256856,0.000457672327960581,0.000485569268296681,0.000513574546265153,0.000541688161865998,0.000569933330306154,0.000598289047350772,0.000626755312999852,0.000655332127253395,0.000684019490111402,0.000712817401573866,0.000741725861640798,0.000770744870312194,0.000799874427588044,0.000829114533468365,0.00085850015740966,0.00088799858604938,0.000917609819387539,0.000947333857424128,0.000977170700159141,0.00100712034759259,0.00103718279972447,0.00106735805655478,0.00109764611808353,0.0011280469843107,0.00115860784903871,0.00118928382060185,0.00122007489900013,0.00125098108423354,0.00128200237630208,0.00131313877520576,0.00134439028094457,0.00137575689351852,0.0014072386129276,0.00143883543917181,0.00148417837478781,0.00153017096635803,0.00157681321388246,0.00162410511736111,0.00167204667679398,0.00172063789218107,0.00176987876352238,0.00181976929081791,0.00187030947406764,0.0019214993132716,0.00200558046786266,0.00209136838199588,0.0021788630556713,0.00226806448888889,0.00235897268164866,0.00245158763395062,0.00254590934579476,0.00264193781718107,0.00273967304810957,0.00283911503858025,0.00294860316134259,0.00306003295555557,0.00317340442121913,0.00328871755833333,0.00340597236689816,0.00352516884691357,0.00364630699837962,0.0037693868212963,0.00389440831566359,0.00402137148148146,0.00416169303749999,0.00430423815925926,0.00444900684675925,0.0045959991,0.00474521491898149,0.00489665430370371,0.00505031725416668,0.00520620377037039,0.00536431385231479,0.00552464749999999,0.00570259614166667,0.00588310662222223,0.00606617894166665,0.0062518131,0.00644000909722223,0.00663076693333332,0.00682408660833334,0.00701996812222223,0.00721841147499999,10.2241664599526,10.1549723474686,9.66654945866464,10.8635736626575,16.3159143033884,18.1471777140636,18.1474487363569,18.8778247410879,18.3502045020386,21.3734368514794,25.3305458346452,23.9387271369819,20.5896048945991,16.8563840858589,31.4313203297525,28.3342071146002,26.8221118957338,23.8440696988514,33.2064992102532,39.7468138725765,40.8256688258447,39.4763122055487,53.1404036904778,66.3872674929912,70.5262332662234,82.7916260435674,80.0674740451787,82.155147576992,201.676700779332,245.995415258101,115.920145658666,33.2374470267048,35.3255433931664,35.0023629054529,79.6898500997528,80.8106854719707,56.526942958629,78.4738867526276,70.7952824993112,79.0475972103789,78.8059016723074,81.5441021875604,90.9812540222275,91.5857129210003,99.5711750278006,103.280829820487,128.49603212912,129.218317247656,170.20593235757,189.35568225712,198.927125406174,234.0427790905,266.325079755688,255.697015370472,282.345675030039,330.825769088999,346.381213055687,426.032143700218,300.68909621307,324.744608540727,312.494785383812,396.100082303006,423.253502416653,429.107976019751,449.544877062316,494.674125296862,526.570001884746,593.521345620494,644.762764852934,696.50290846185,718.253508081704,748.307851257097,796.186139697682,785.684252472962
"CO2","cri","ktCO2",0,0,0,0,0,0,0,0,0,0,0,0,0,0,0,0,0,0,0,0,0,0,0,0,0,0,0,0,0,0,0,0,0,0,0,0,0,0,0,0,0,0,0,0,0,0,0,0,0,0,0,0,0,0,0,0,0,0,0,0,0,0,0,0,0,0,0,0,0,0,0,0,0,0,0,0,0,0,0,0,0,0,0,0,0,0,0,0,0,0,0,0,0,0,0,0,0,0,0,0,0,4.3613297288064e-05,8.84970786257361e-05,0.000134651344013015,0.000182076093449901,0.000230771326936397,0.000280737044472498,0.000331973246058206,0.000384479931693525,0.000438257101378448,0.000493304755112979,0.0005570596665444,0.000623437202688573,0.000692437363545496,0.000764060149115161,0.000838305559397584,0.000915173594392754,0.000994664254100677,0.00107677753852134,0.00116151344765476,0.00124887198150093,0.00134831812470185,0.00145128831972427,0.00155778256656821,0.00166780086523365,0.0017813432157206,0.00189840961802909,0.00201900007215906,0.00214311457811055,0.00227075313588355,0.00240191574547808,0.0025366024068941,0.00267481312013164,0.0028165478851907,0.00296180670207126,0.00311058957077332,0.0032628964912969,0.00341872746364201,0.0035780824878086,0.00374096156379671,0.00390736469160633,0.00411905892648161,0.00433631463050735,0.00455913180368357,0.0047875104460103,0.00502145055748755,0.00526095213811527,0.00550601518789347,0.00575663970682215,0.00601282569490137,0.00627457315213106,0.00655209876848112,0.0068355865084903,0.00712503637215862,0.00742044835948603,0.00772182247047255,0.00802915870511818,0.00834245706342297,0.00866171754538684,0.00898694015100982,0.00931812488029196,0.00969090584207948,0.0100708172589637,0.0104578591309446,0.0108520314580223,0.0112533342401966,0.0116617674774676,0.0120773311698353,0.0125000253172998,0.0129298499198609,0.0133668049775187,0.013683657957139,0.0140040573768382,0.0143280032366162,0.014655495536473,0.0149865342764087,0.0153211194564232,0.0156592510765165,0.0160009291366887,0.0163461536369397,0.0166949245772695,0.0174107116554076,0.0181390197340623,0.0188798488132336,0.0196331988929215,0.020399069973126,0.0211774620538471,0.0219683751350848,0.0227718092168391,0.02358776429911,0.0244162403818975,0.0258568353027032,0.0273231291984761,0.0288151220692161,0.0303328139149233,0.0318762047355978,0.0334452945312393,0.0350400833018481,0.036660571047424,0.0383067577679672,250.895381846029,273.410115440631,340.947544474864,379.54204734032,357.030774452188,305.574618162758,424.570763941016,405.275742436821,392.41457524234,337.743010878437,431.01055503637,431.013371073468,482.470646867607,527.498172090097,595.468671914675,757.556521756542,886.199443137463,782.952775098815,927.976231552085,1027.32114697485,1143.8122431395,1395.2954838718,1572.97792843257,1783.01956388936,1747.72720873728,1923.04735424221,1992.1070741382,2491.7686964553,2697.2360547349,2701.0951520503,2435.79539953346,2254.02157718036,1904.89345169402,1928.141757538,2084.9929048296,2192.66153615621,2333.12742361016,2494.03706522068,2589.21137434475,2932.18277963242,2913.29669696471,3102.19248922246,4195.12931569178,4228.23019093232,4908.59036042078,4866.52317679531,4645.94625094826,4570.65492881274,5098.15791901043,5130.98168138286,5049.03382649649,5516.11626555627,5639.72918943945,5912.51637151521,6016.28080066338,6335.37142868492,6663.7529082718,7679.07620004281,7611.93330962442,7297.17088430118,7234.12785893971,7561.41213880405,7583.59767678155,7914.63909356159,7969.50349775656,7670.98915271241,8156.6163492635,8309.50833386206,8318.24265210814,8127.14574813484,7131.94664334528,8019.87753866812,8180.12798292984,8413.21285992415
"CO2","cub","ktCO2",0,0,0,0,0,0,0,0,0,0,0,0,0,0,0,0,0,0,0,0,0,0,0,0,0,0,0,0,0,0,0,0,0,0,0,0,0,0,0,0,0,0,0,0,0,0,0,0,0,0,0,0,0,0,0,0,0,0,0,0,0,0,0,0,0,0,0,0,0,0,0,0,0,0,0,0,0,0,0,0,0,0,0,0,0,0,0,0,0,0,0,0,0,0,0,0,0,0,0,0,0,0.000497187328853535,0.00100041632229402,0.00150968698032146,0.00202499930293583,0.00254635329013715,0.00307374894192544,0.00360718625830065,0.00414666523926283,0.00469218588481195,0.00524374819494803,0.00580135216967104,0.00636499780898101,0.00693468511287794,0.00751041408136179,0.0080921847144326,0.00867999701209037,0.00927385097433507,0.00987374660116674,0.0104796838925854,0.0110916628485909,0.0117277118555573,0.0123715195162891,0.0130230858307863,0.0136824107990489,0.014349494421077,0.0150243366968705,0.0157069376264293,0.0163972972097536,0.0170954154468432,0.0178012923376982,0.0185260592400189,0.0192593029482146,0.0200010234622853,0.0207512207822311,0.0215098949080522,0.0222770458397481,0.0230526735773192,0.0238367781207655,0.024629359470087,0.0254304176252833,0.0262523650521004,0.0270833947709267,0.0279235067817619,0.0287727010846063,0.0296309776794596,0.030498336566322,0.0313747777451934,0.0322603012160737,0.0331549069789631,0.0340585950338614,0.0358636296772005,0.0377127373692712,0.0396059181100737,0.041543171899608,0.0435244987378742,0.0455498986248722,0.047619371560602,0.0497329175450638,0.0518905365782571,0.0540922286601824,0.0570742464964987,0.0601244768145196,0.0632429196142444,0.0664295748956735,0.0696844426588069,0.0730075229036448,0.0763988156301867,0.0798583208384325,0.0833860385283829,0.0869819687000379,0.0909827995904206,0.095061327138198,0.0992175513433706,0.103451472205939,0.107763089725901,0.112152403903259,0.116619414738012,0.12116412223016,0.125786526379704,0.130486627186642,0.133614628944611,0.136779591663523,0.139981515343376,0.14322039998417,0.146496245585906,0.149809052148584,0.153158819672204,0.156545548156765,0.159969237602267,0.163429888008712,94.4505204557185,103.439116379456,103.447114647869,107.939510509561,134.853373716106,205.315221805167,231.733163880778,223.120912389764,223.533779412568,6628.2615983051,7627.28441552018,7431.38885515535,7333.32214619377,7055.37464865007,8047.89002063041,6953.78877430748,16438.6817076285,21433.0433278515,18661.31438906,16316.9500282639,14465.3074858918,16913.7947386374,15563.8477891824,17069.5417189339,17461.393391977,18186.6290113222,18852.366613296,19246.7504502506,20731.8897535508,22343.5636851091,21856.0959176326,21649.7595447205,23195.320276932,25381.9346148259,26093.3262436141,27450.1113906877,29911.7959341512,32116.991094228,32337.0300066128,33176.2718879063,33373.2501546355,33255.2201250048,36076.3665584815,37827.1871495382,35255.8282925837,35871.4799423256,39335.0738607334,41194.9165654029,41531.425160406,38382.3775564673,29939.9237459742,23767.6563162221,22084.298626868,22876.214647915,24404.2749511614,25710.8538950428,28233.7530927146,27710.3911032392,28667.4247126958,29047.9854577023,28173.323758914,27151.7189027097,26387.5648538129,25893.0135535835,26802.8471853487,27380.4079418096,28306.4856810654,27349.7726250491,27549.6293356891,28680.1853401846,28184.0562234281,29360.5422919092,29545.08097807,27229.4538200916,29780.4381996116,27756.2653944105,26792.0263640098,27191.0530700879,22391.3742540025,18629.3651018094,21954.9638788681,19872.3909724978,21334.8589474056
"CO2","cuw","ktCO2",0,0,0,0,0,0,0,0,0,0,0,0,0,0,0,0,0,0,0,0,0,0,0,0,0,0,0,0,0,0,0,0,0,0,0,0,0,0,0,0,0,0,0,0,0,0,0,0,0,0,0,0,0,0,0,0,0,0,0,0,0,0,0,0,0,0,0,0,0,0,0,0,0,0,0,0,0,0,0,0,0,0,0,0,0,0,0,0,0,0,0,0,0,0,0,0,0,0,0,0,0,0,0,0,0,0,0,0,0,0,0,0,0,0,0,0,0,0,0,0,0,0,0,0,0,0,0,0,0,0,0,0,0,0,0,0,0,0,0,0,0,0,0,0,0,0,0,0,0,0,0,0,0,0,0,0,0,0,0,0,0,0,0,0,0,0,0,0,0,0,0,0,0,0,0,0,0,0,0,0,0,0,0,0,0,0,0,0,0,0,0,0,0,0,0,0,0,0,0,0,1054.1031980663,2108.20639613261,3159.64373280257,3651.71491769584,7372.18698336403,6083.60784977384,7846.92887978048,5343.96347400711,4666.88655081493,5988.84451463254,5133.63840441309,5341.20174371574,5847.76631510379,5584.31572920958,5412.65656656018,4840.54468884383,4511.55575577358,5538.84326379424,5133.00345904125,6694.70442997454,7461.64045320471,7128.81170931358,6971.79760000064,7446.54885076199,6892.08388843028,5383.16373866159,5913.12683388237,5985.84966334974,4321.93203593485,4543.95974607073,3721.39144018043,3710.70704418746,3583.55583059345,3613.25041867912,3350.18054990409,3087.21406687196,2735.69114815412,2711.48418272034,2476.78354674157,2284.65734885928,2237.28507409027,2342.38535710417,2478.54989687202,2194.76500534523,2537.29895340283,2571.68814510027,2606.04552579988,2575.50209744466,2698.53650496654,2777.66737210044,2859.93766115091,2784.43848307134,2831.57022551463,2869.33206865228,2894.43153848598,2935.3811699843,2945.02536245558,3020.7829282019,3058.82701725465,3093.25597269935,3115.22397336593,3127.92676036451,3041.20874681958,2895.55306666219,2845.05662552814,2668.03188434808,2725.34780289712,2602.23321793334,2486.61459065449,2472.98068272133,2070.87189278333,2213.74197168434,2283.9780012567,2352.97222570575
"CO2","cym","ktCO2",0,0,0,0,0,0,0,0,0,0,0,0,0,0,0,0,0,0,0,0,0,0,0,0,0,0,0,0,0,0,0,0,0,0,0,0,0,0,0,0,0,0,0,0,0,0,0,0,0,0,0,0,0,0,0,0,0,0,0,0,0,0,0,0,0,0,0,0,0,0,0,0,0,0,0,0,0,0,0,0,0,0,0,0,0,0,0,0,0,0,0,0,0,0,0,0,0,0,0,0,0,2.23720873169067e-06,4.48928263767829e-06,6.75622171796286e-06,9.0380259725444e-06,1.13346954014228e-05,1.36462300045983e-05,1.59726297820706e-05,1.83138947338399e-05,2.06700248599062e-05,2.30410201602694e-05,2.5432519149318e-05,2.78399084970979e-05,3.0263188203609e-05,3.27023582688513e-05,3.51574186928248e-05,3.76283694755296e-05,4.01152106169655e-05,4.26179421171328e-05,4.51365639760312e-05,4.76710761936608e-05,5.02272321757692e-05,5.27998264600132e-05,5.53888590463931e-05,5.79943299349087e-05,6.06162391255603e-05,9.41084707216493e-05,0.000127825612809762,0.000161767665389897,0.000195934628462054,0.000230326502026235,0.000264973638160121,0.000299853440320237,0.000334965908506584,0.00037031104271916,0.000405888842957968,0.000441699309223009,0.000477742441514279,0.000514018239831775,0.000550526704175506,0.000587267834545468,0.000624313144474817,0.000661599143396819,0.000699125831311473,0.000736893208218779,0.000774901274118743,0.000813150029011354,0.000851639472896617,0.000890369605774533,0.000929340427645101,0.00096855193850832,0.00100751361341587,0.00104668072225182,0.00108605326501618,0.00112563124170894,0.00116541465233011,0.00120540349687968,0.00124559777535766,0.00128599748776404,0.00132660263409881,0.00136741321436199,0.00140400307945453,0.00144056435911766,0.00147709705335142,0.00151360116215579,0.00155007668553076,0.00158652362347636,0.00162294197599256,0.00165933174307937,0.00169569292473681,0.00173202552096483,0.00176833024913586,0.00180460642187601,0.00184085403918527,0.00187707310106367,0.00191326360751118,0.0019494255585278,0.00198555895411355,0.00202166379426841,0.00205774007899239,0.00209378780828549,0.00212980785125085,0.00216579936884393,0.00220176236106476,0.00223769682791335,0.00227360276938967,0.00230948018549374,0.00234532907622555,0.00238114944158511,0.00241694128157239,0.00245270459618745,0.00248844040686936,0.0025241477222979,0.00255982654247303,0.00259547686739475,0.00263109869706311,0.00266669203147805,0.0027022568706396,0.00273779321454776,0.00277330106320255,0.00280878041660392,0.00278144975216597,0.00280640332035846,0.00287568156807075,0.00298128405098414,0.00311426496462009,0.556982119789197,0.559479304982771,1.12048668363905,1.12556625291253,1.69419113767487,1.70208176136021,1.71130340839885,1.72075208005109,1.73042970411173,1.74030998788663,2.91027821673168,2.34373715507085,3.52915985283994,7.08320061159462,5.93801476742924,7.26430320390336,10.3582620834511,10.1586663411326,8.8715156619372,11.2598821585358,11.9422898867237,12.6575536868501,17.1149305934109,17.0722719455088,30.2542254724841,33.9834170511483,34.3046530167852,34.5402459006051,38.1093158096586,39.7574361661787,44.5805328687621,49.1240715629658,53.7382822365358,65.4960273660356,142.575430765731,160.300011977269,183.866945203199,196.757474190645,219.421175322657,224.642534347781,237.042384704905,254.777269839518,272.168391885398,282.577910644851,270.905851498435,261.387734092007,131.762056685867,136.769419037297,130.276666086502,136.017265998945,142.980445829125,180.862885953394,196.598824930376,193.998741835676,186.843028278627,134.261517037729,141.237482726931,141.580493436278,142.117958611373,146.450428220232,147.253645579965,149.201597948952,150.31123151092,153.70015502436,137.213835985216,142.693723419274,149.524790953993,155.355335460622
"CO2","cyp","ktCO2",0,0,0,0,0,0,0,0,0,0,0,0,0,0,0,0,0,0,0,0,0,0,0,0,0,0,0,0,0,0,0,0,0,0,0,0,0,0,0,0,0,0,0,0,0,0,0,0,0,0,0,0,0,0,0,0,0,0,0,0,0,0,0,0,0,0,0,0,0,0,0,0,0,0,0,0,0,0,0,0,0,0,0,0,0,0,0,0,0,0,0,0,0,0,0,0,0,0,0,0,0,9.06574003861953e-05,0.000183375196235714,0.000278153387548555,0.000374991974324717,0.000473890956564204,0.000574850334267013,0.000677870107433145,0.0007829502760626,0.000890090840155378,0.000999291799711476,0.00110033130390452,0.00120157268522882,0.00130301594368439,0.0014046610792712,0.00150650809198927,0.00160855698183859,0.00171080774881917,0.001813260392931,0.00191591491417409,0.00201877131254843,0.00212185099926492,0.0022251346022756,0.00232862212158048,0.00243231355717957,0.00253620890907285,0.00264030817726031,0.00274461136174199,0.00284911846251784,0.00295382947958791,0.00305874441295218,0.00316389518889911,0.00326925194090081,0.00337481466895722,0.00348058337306841,0.00358655805323431,0.00369273870945498,0.0037991253417304,0.00390571795006054,0.00401251653444544,0.00411952109488507,0.00422677428298676,0.00433423552770938,0.00444190482905298,0.00454978218701753,0.00465786760160301,0.00476616107280947,0.00487466260063686,0.00498337218508522,0.00509228982615454,0.00520141552384479,0.00538623005141132,0.00557421266592252,0.00576536336737843,0.00595968215577903,0.0061571690311243,0.00635782399341429,0.00656164704264894,0.00676863817882831,0.00697879740195234,0.00719212471202109,0.00741171124824468,0.0076345672202395,0.00786069262800559,0.00809008747154292,0.00832275175085152,0.00855868546593138,0.00879788861678246,0.00904036120340482,0.00928610322579841,0.00953511468396328,0.00978852247578586,0.0100452314469822,0.0103052415975522,0.0105685529274958,0.0108351654368132,0.0111050791255042,0.0113782939935689,0.0116548100410074,0.0119346272678195,0.0122177456740053,0.0125059176861,0.0127974341473595,0.0130922950577835,0.0133905004173723,0.0136920502261258,0.013996944484044,0.0143051831911268,0.0146167663473743,0.0149316939527866,0.0152499660073634,0.0158719377533073,0.0165038551625301,0.017145718235032,0.0177975269708129,0.0184592813698728,0.0191309814322117,0.0198126271578297,0.0205042185467266,0.0212057555989026,259.001657925377,273.337818693287,302.626610807053,357.22406006371,437.394656039009,448.679571227653,667.824633535449,827.627106429259,785.589061330244,846.469704928892,906.15255542428,885.407556154581,924.486569321382,1006.34819198183,1014.97462786482,1169.27832980469,1258.65372802479,1404.72835900752,1673.48953065958,1720.74952628359,1750.03973107005,2032.46676012837,2520.2142430158,2641.49327893499,2015.16365340479,2057.53530043443,2582.97280050114,2792.71361853095,2927.6589219406,3144.39692120929,3354.19884481263,3195.38217133973,3260.37517355304,3240.29544203119,3180.75733005467,3043.46087144319,3486.67045429221,3818.87323268383,4035.81695862286,4290.18739034199,4427.2949456794,4939.38404083126,5486.40163622985,5735.9258456594,5987.20874865387,5874.14183856762,6241.60114776957,6330.19763158176,6613.69080422915,6869.98153548569,7076.59480026756,6934.69592222322,7128.79973547057,7810.04705085118,7739.90857323821,7859.32633957879,7966.30384122015,8270.37463372763,8457.88022066336,8254.81414989696,7860.46185668953,7661.0891247198,7151.4609941659,6485.68242966244,6806.66520374825,6815.54947442072,7204.89080210547,7316.62798640309,7122.95536638451,7061.23712057167,6612.16792099042,6626.87947319151,6704.19245467308,6555.93221538055
"CO2","cze","ktCO2",0,0,0,0,0,0,0,0,0,0,0,0,0,0,0,0,0,0,0,0,0,0,0,0,0,0,0,0,0,0,0,0,0,0,0,0,0,0,0,0,0,0,0,0,0,0,0,0,0,0,0,0,0,0,0,0,0,0,0,0,0,0,0,0,0,0,0,0,0,0,0,0,0,0,0,0,0,0,0,0,0,0,0,0,0,0,0,0,0,0,0,0,0,0,0,0,0,0,0,0,0,4.93831776397836,9.94736183249245,15.0271322055424,20.177628883128,25.3988518652493,30.6908011519065,36.0534767430995,41.486878638828,46.9910068390925,307.304624600517,896.24940824498,1489.42373447741,2083.32413921162,2677.93711900239,3273.24954550936,3869.24865269779,4462.4190792054,5059.75283047871,5657.737040112,6256.36027078198,6855.24077090983,7451.16986102446,8051.15951707395,8651.69085825459,9252.75508128969,15900.6202079688,16712.805079292,17525.6345559856,18835.6416614388,19959.9460250105,21081.3643284352,21565.3497139389,23033.1055749505,23796.2967343978,24986.556962228,26269.0372403634,27594.3924922489,29573.1452363422,31309.1552701927,33539.3431987325,34790.1237377261,35342.296825419,36149.4568313082,37077.5565608568,38498.4369128859,39469.5272084047,41784.2835776139,42743.3920687142,43877.0147648762,43595.7039401062,45571.690271565,46213.9360175983,47112.6204110823,47606.5023702001,49033.316885477,51228.4728851409,53860.7647431515,54890.9707280524,54605.2432690686,54086.7146921118,54736.0082164529,58173.395557158,60790.4910410555,55437.1765474445,55281.8026047381,58806.1638813597,55339.129899902,47334.0914885103,44706.1294268873,44340.0449158942,42551.1718913876,37960.4390518764,40213.5851156146,49209.0921280153,46380.1183296198,46975.0978390939,50376.7324185729,53065.570943466,59236.0200518511,52178.5318656314,48758.5919004267,42348.1122135886,38741.4804131264,38648.8232843557,39754.1249406858,43138.2563961406,52098.7195218288,59449.6433693941,65012.077292979,73029.9522761613,73379.6756161934,78961.2590371931,86977.8472770976,82837.9922698079,44143.8626813392,54735.202731554,62012.3620759622,66891.2591730183,70213.5365240773,71710.7482295535,76375.0662651187,81186.1031417645,83787.871482417,88717.7235972139,91497.0035226552,97675.2752577745,102147.05464358,111557.672256345,111213.189828896,117291.865222281,125790.121094686,132248.657010906,137897.389342694,141976.031025175,137261.015837356,135804.439221643,134379.551713488,139920.851603364,147211.806011781,169037.305682466,182962.191529475,183280.469391273,181575.172666577,165335.245973791,172778.288931183,178323.019963638,189109.455932701,184537.445730903,194959.481848369,187927.813676619,188885.317911425,191452.89130041,192286.776096219,194980.438098213,191935.990608022,190819.850517925,191020.933993992,187206.125533054,179634.171012941,164584.548887263,150591.090836346,144448.522664306,140400.303486548,132734.744571104,131045.967680296,132895.586762783,133923.335286979,128201.656526574,118119.651191694,130735.29342806,131315.98679207,127078.923345957,130409.049528335,130116.380155485,128389.87568129,130106.256704196,131001.414596763,124563.484099197,116812.855190703,118690.566746673,115912.746426965,111744.334017032,108625.279992823,104805.168354845,107593.697615167,108904.0284479,109426.367207206,107167.97890159,101212.899405436,92084.9528634531,97093.8024608246,97362.3377100688,87505.4705873765
"CO2","deu","ktCO2",0,0,0,0,0,0,0,0,0,0,0,0,0,0,0,0,0,0,0,0,0,0,0,0,0,0,0,0,0,0,0,0,0,0,0,0,0,0,0,0,0,0,421.371807875673,431.247709622759,398.328037132473,401.6200043815,480.627218358189,493.795087354305,516.838858097505,562.926399583907,676.006700828908,565.732281039239,648.80851142798,716.323462329164,1033.25186354968,1120.56686989367,1141.99488820323,2286.58487745815,1220.42801379563,1255.70526067484,1298.07044787872,1302.29840027675,1318.55967760199,1332.20340770007,1350.834783688,1421.97436313909,2192.17190507423,2875.36490721236,3003.08967557174,2785.02299788499,2875.36490721236,3003.08967557174,3087.20110839377,3429.87731618722,2949.75305426687,3688.44209115865,3560.71732279927,3859.78019505538,3859.78019505538,3316.47371341211,4074.73163448945,3903.39353059272,3178.57016407028,3985.00569727511,4020.30204037655,4214.25801005843,4829.47377105764,5540.48441556884,6230.40087097958,6872.1077847484,7826.49841872674,8346.0333162145,9252.25761042332,9381.12871786853,9933.50569240612,10722.6500656825,11211.7424713513,11766.2548803262,11720.17453596,12192.8220653394,12872.1644600233,14949.2927800554,17207.1145906538,19330.6056826462,21883.3858754696,24533.0787278512,26331.8919727701,28052.1203161042,30330.0621498061,29231.7261909053,31010.8469603123,35214.4437670846,38801.3420072418,42076.8350295454,48255.8487107485,54072.9270022659,53614.2364956283,58946.5454141813,63392.7136470208,66151.3030809694,65348.8737155773,73184.0496023106,81873.0610691417,87853.6707212847,81309.9586148555,91410.7408978445,93044.5539165672,91269.52486081,94277.1287917815,100003.698084449,110379.913372187,115629.407785613,124764.937434316,132394.618831156,136355.089485246,139556.258995324,140752.504262873,147270.032491646,160708.535396174,171554.7677883,179100.213304366,189923.674095672,184979.739659309,190059.810030541,197738.710791115,205214.096885809,220256.586563184,234481.292928772,243940.978149495,258995.85194176,279818.634380219,278487.615250454,272999.030918927,294250.929633167,305244.936063466,326151.325803423,338577.02626186,377129.211035489,380974.697609841,380055.213229813,379914.684166014,392080.450796109,430340.846405255,464795.492816163,424157.705842393,394385.850728299,438777.512071613,448873.37062196,439759.690699094,347063.827379866,379329.581173789,412588.44386693,420079.673122922,283101.579558957,385029.163580073,401992.139637954,378507.679816656,438839.453483822,465029.683304148,496048.816333025,407794.238544215,341729.378388505,307215.618380748,321642.866076264,357613.846565835,393887.305137799,439102.301719697,510120.227854807,549110.608516501,597801.659780693,647402.973821326,671301.225976231,675787.298711588,689232.038209773,627713.526540251,178536.563817574,245549.736706786,285008.995897143,338313.631683376,383741.12365454,452021.376820889,510379.368767434,537455.387219496,551595.490576096,571960.312925889,627039.100752122,667880.536044945,679054.363840183,665557.322594255,663260.470809944,723977.87446849,743336.92497892,790730.61723867,839909.06709627,867186.611374445,867318.32629841,858442.239686558,833075.910174718,878330.243764769,942735.099512287,1003340.98668279,1038355.68652074,1066163.60581121,1113582.79050353,1078423.0507822,1033592.84932091,1092287.47597303,1078556.24349506,1115108.11286578,1159978.33812142,1107828.08214116,1079897.64657348,1048521.42491952,1052089.9941692,1060876.46547257,1071068.45127091,1082074.41062098,1076831.40997477,1057893.75463333,1026736.15073615,1006905.84120512,977092.01960077,929258.218757086,923358.117502741,908069.486888219,903344.98053829,928735.846098397,900492.68107595,889769.412189769,859493.19789601,855038.065814811,866593.040866527,850175.793645668,864739.319848618,850598.815276124,826269.90663798,840918.332317992,801905.063172511,804579.336073365,748870.184203304,785870.878101255,755372.076011913,768843.684530219,785810.806015993,746983.66018813,752488.673554318,760956.742799683,746413.872866576,724621.358988641,675266.602846769,621566.093765862,651430.008685541,637726.461923244,581654.835410752
"CO2","dji","ktCO2",0,0,0,0,0,0,0,0,0,0,0,0,0,0,0,0,0,0,0,0,0,0,0,0,0,0,0,0,0,0,0,0,0,0,0,0,0,0,0,0,0,0,0,0,0,0,0,0,0,0,0,0,0,0,0,0,0,0,0,0,0,0,0,0,0,0,0,0,0,0,0,0,0,0,0,0,0,0,0,0,0,0,0,0,0,0,0,0,0,0,0,0,0,0,0,0,0,0,0,0,0,1.11769513913964e-05,2.23726718027615e-05,3.35871612340954e-05,4.48204196853981e-05,5.60724471566693e-05,6.73432436479095e-05,7.86328091591185e-05,8.99411436902962e-05,0.000101268247241443,0.000112614119812558,0.000124128339001556,0.000135688523137417,0.00014729467222014,0.000158946786249725,0.000170644865226172,0.000182388909149481,0.000194178918019653,0.000206014891836688,0.000217896830600584,0.000229824734311342,0.000241808452600434,0.000253839073896528,0.000265916598199624,0.000278041025509722,0.000290212355826824,0.000302430589150925,0.000314695725482032,0.000327007764820139,0.000339366707165248,0.000351772552517361,0.000364240137541957,0.000376755582777776,0.000389318888224827,0.000401930053883103,0.000414589079752603,0.000427295965833333,0.00044005071212529,0.000452853318628472,0.000465703785342882,0.000478602112268519,0.000491568322554976,0.000504583369791667,0.000517647253978588,0.000530759975115739,0.000543921533203125,0.000557131928240742,0.000570391160228588,0.000583699229166666,0.000597056135054978,0.000610461877893518,0.000623941872829861,0.000637471701388889,0.000651051363570602,0.000664680859375001,0.000678360188802084,0.00069208935185185,0.000705868348524304,0.000719697178819446,0.000733575842737268,0.000747504340277777,0.000775162000868056,0.000803317997685185,0.000831972330729167,0.000861125000000001,0.000890776005497683,0.000920925347222221,0.000951573025173613,0.000982719039351851,0.00101436338975694,0.00104650607638889,0.00108268528645833,0.0011194625,0.00115683771701389,0.0011948109375,0.00123338216145833,0.00127255138888889,0.00131231861979167,0.00135268385416667,0.00139364709201389,0.00143520833333333,0.00148221140625,0.00152993208333333,0.00157837036458333,0.00162752625,0.00167739973958333,0.00172799083333333,0.00177929953125,0.00183132583333334,0.00188406973958333,0.00193753125,0.0019982405625,0.002059811,0.0021222425625,0.00218553525,0.0022496890625,0.002314704,0.0023805800625,0.00244731725,0.0025149155625,10.9093847072405,34.1177909753919,37.2388991959942,44.2619454588477,50.3232605379836,53.0199219149072,42.4106766518372,56.8600372951057,66.9213018494024,62.8993578639604,66.6424241978263,75.5295148441738,83.6806319862636,100.080782092053,127.908661211918,176.774369145902,192.143240996301,124.424449828726,138.211279545387,103.850026319754,156.833158626427,172.259076658656,198.081651162493,195.697224276642,211.966423002751,217.725234854811,220.628938556731,207.147221861291,205.482951045151,368.77618272291,339.564499134865,290.890422755617,329.66489499962,326.259185976567,330.598426629659,342.197857763389,359.521630362434,375.341261612391,340.496890975303,385.018642459955,335.905633928519,337.060176184222,345.959764808179,360.911705178494,363.322341344909,361.520187663303,374.934659650503,331.697568336352,433.979706680569,463.899357892801,388.164349738961,368.518733388809,444.047628849823,436.324248374354,442.464327985817,479.355524000317,474.208475687962,536.047332262412,527.017997309094,496.463625082733,553.241855003067,445.166904213661,475.184311052474,539.908139709755,569.910184167393,608.476048477334,640.04870508476,726.136330680968,807.91349631116,875.510718099435,895.928322346175,983.555454894506,1075.59754928923,1063.91853095464
"CO2","dma","ktCO2",0,0,0,0,0,0,0,0,0,0,0,0,0,0,0,0,0,0,0,0,0,0,0,0,0,0,0,0,0,0,0,0,0,0,0,0,0,0,0,0,0,0,0,0,0,0,0,0,0,0,0,0,0,0,0,0,0,0,0,0,0,0,0,0,0,0,0,0,0,0,0,0,0,0,0,0,0,0,0,0,0,0,0,0,0,0,0,0,0,0,0,0,0,0,0,0,0,0,0,0,0,8.9340277777778e-06,1.82083333333333e-05,2.78229166666666e-05,3.77777777777779e-05,4.80729166666666e-05,5.87083333333333e-05,6.9684027777778e-05,8.09999999999999e-05,9.26562499999999e-05,0.000104652777777778,0.000116182916666667,0.000127906666666667,0.000139824027777778,0.000151935,0.000164239583333333,0.000176737777777778,0.000189429583333333,0.000202315,0.000215394027777778,0.000228666666666667,0.00024072125,0.000252835,0.000265007916666667,0.00027724,0.000289531250000001,0.000301881666666666,0.00031429125,0.000326760000000001,0.000339287916666666,0.000351875,0.000353077083333334,0.000353599999999999,0.00035344375,0.000352608333333334,0.000351093749999999,0.0003489,0.000346027083333334,0.000342474999999999,0.00033824375,0.000333333333333334,0.000355488636363636,0.000378318181818181,0.00040182196969697,0.000425999999999999,0.000450852272727272,0.00047637878787879,0.000502579545454545,0.000529454545454546,0.000557003787878789,0.000585227272727272,0.000608426136363637,0.000632075757575759,0.000656176136363636,0.000680727272727274,0.000705729166666667,0.000731181818181816,0.000757085227272727,0.000783439393939395,0.000810244318181817,0.0008375,0.000859795000000001,0.000882363333333332,0.000905205,0.000928320000000001,0.000951708333333332,0.00097537,0.000999305000000001,0.00102351333333333,0.001047995,0.00107275,0.0010817603030303,0.00109059272727273,0.00109924727272728,0.00110772393939394,0.00111602272727273,0.00112414363636364,0.00113208666666667,0.00113985181818182,0.00114743909090909,0.00115484848484848,0.00123021818181818,0.00130709242424242,0.00138547121212121,0.00146535454545454,0.00154674242424243,0.00162963484848485,0.00171403181818182,0.00179993333333333,0.00188733939393939,0.00197625,0.00199214545833334,0.00200790766666667,0.002023536625,0.00203903233333333,0.00205439479166666,0.002069624,0.00208471995833334,0.00209968266666666,0.002114512125,0.00212920833333333,0.577469652720924,1.15683897469118,0.581658647239287,0.583855066985349,0.586121251583775,0.5884573093679,0.590862366171056,1.18406961398649,1.78226388425339,1.78991341291748,1.79775171322199,1.80577901558361,2.41767639389197,2.42887072280415,2.44032667029245,2.45683941347233,3.70599409313423,3.72586334779515,3.11989816918374,4.38358722918704,4.4566848487488,5.06349238918475,4.67435735817494,4.94488430106185,5.84362947325547,5.25023906604501,4.66100456051317,4.85120852341113,6.13577793009334,6.97228168670671,8.18199691305064,8.69693814683578,8.43657492967079,9.36022775521231,10.1857064928728,10.8274821265689,11.343303470925,13.5478115056003,15.3452498524389,33.6777974082368,34.8618479049803,35.3185323269641,55.2598263901326,65.3795780894201,74.58401040273,75.903767799398,79.0617747037544,50.2249173137348,80.3922818854163,88.3868983049946,90.370526235508,50.1787559147634,54.938695083725,52.7352647421906,52.7269078534617,52.6942563019809,65.2747268726729,61.1781213013765,58.9447454973433,53.338118594518,37.2059880463886,32.2484523798331,32.3466819386188,32.4897628203871,33.4197672533175,33.595080016635,34.015149237897,34.2558991511836,34.984069932866,31.3595868827399,32.5360688157216,33.9989586350189,35.2535067072127
"CO2","dnk","ktCO2",0,0,0,0,0,0,0,0,0,0,0,0,0,0,0,0,0,0,0,0,0,0,0,0,0,0,0,0,0,0,0,0,0,0,0,0,0,0,0,0,0,0,0,0,0,0,0,0,0,0,0,0,0,0,0,0,0,0,0,0,0,0,0,0,0,0,0,0,0,0,0,0,0,0,0,0,0,0,0,0,0,0,0,0,0,0,0,0,0,0,0,0,0,87.8865436462015,102.138415588829,135.392783454959,147.269343407149,111.63966355058,201.901519187219,175.773087292403,220.904015110723,201.969288459263,216.290687828487,232.989157342701,297.195624820224,294.895114720039,420.863210258053,430.442776419162,318.883189222491,406.851567377154,352.302984260097,509.158681018896,440.361452217439,490.331536469217,421.537734730439,659.160893289488,609.373014536895,595.216529172211,704.577980841636,614.414938845619,742.782313501228,771.388391798531,740.613392790871,747.845108086198,807.335409627141,947.588041298956,1002.33117527698,990.567296200376,940.80014795439,1062.05718569756,1209.44437801317,1280.82607602045,1373.58748313511,1577.99045499379,1570.99256089695,1647.13248765888,1578.38028419754,1618.89433348978,1820.93149932524,1944.5852706697,1863.96411202994,2004.2587497696,2095.07744936572,1947.56087216519,2209.00357097562,2289.92494169893,2800.78016587763,3002.84721448557,3119.40541462388,3409.36377325031,3343.02771649719,3480.9592487478,3573.76178044101,3718.82310318476,4011.15569659657,3902.06249088531,4249.03111459904,3788.39558882481,4698.31700879414,5197.31138167866,4772.31131754374,5083.72229104856,6026.97022706201,6183.99386729267,6338.64616858512,6785.46581775356,6631.3355063934,4828.74264672152,5634.24632560262,5349.4857739249,4672.80271687711,4414.14112306962,6267.13480767768,6835.08762437513,8011.12322954095,6961.49441858274,6797.85989897416,8650.86817816361,8343.67279634075,10014.3835136012,9154.19863295724,9421.10777276802,8816.29439364635,8817.13110744188,9695.09909185265,10086.0734665901,10439.6053674033,10744.0682960498,9657.01084179899,10754.7332230099,9732.98412849496,11373.3404927313,10756.8355272055,13464.6310725321,13227.6905060787,9114.18310898074,11359.0404979931,13814.6102066664,11066.2654599971,10955.7364368595,15199.6260257924,16182.9638437947,17166.0064459331,17051.2639104786,18387.8949295577,19853.9093296898,19157.2828855803,18410.0808777932,19479.7984853892,19911.8552459863,27942.8285804202,29223.7824410487,33540.4927786562,37010.7106781767,38732.69813269,41242.321463827,44795.9280638959,44858.0301122139,49528.8136658098,58213.4636743314,62035.5619199708,58248.5098288012,60106.2129759711,59061.3841059426,52612.9420454199,54800.008574646,60517.6217818039,62012.4619131175,61915.4009858628,65280.6752805573,64602.5745336746,54274.3413685357,56450.768912983,52951.6655287945,54552.0483236779,62213.7262324223,62978.5263300567,61169.2350874589,57315.829713073,51664.6788801816,52002.7101835906,62553.2614075027,56956.8586534063,59244.7714255198,63207.689259534,60701.5643368655,74546.4886950219,65310.5877010715,61189.5191510872,58682.837716941,54272.1022446798,55703.9483237683,55049.4826506437,59264.975805047,53855.2564421376,50205.2809056063,57974.4031254514,53121.2200214439,49683.7623861461,47392.7123377568,47935.4059396476,42662.5154028026,37752.5195003842,39387.3483291361,35116.640246391,33021.7502867409,34650.6531459583,32514.7613603667,32450.7644809296,29137.8120393386,26619.0643335643,28643.5798970833,27480.7153216077,25695.8993315294
"CO2","dom","ktCO2",0,0,0,0,0,0,0,0,0,0,0,0,0,0,0,0,0,0,0,0,0,0,0,0,0,0,0,0,0,0,0,0,0,0,0,0,0,0,0,0,0,0,0,0,0,0,0,0,0,0,0,0,0,0,0,0,0,0,0,0,0,0,0,0,0,0,0,0,0,0,0,0,0,0,0,0,0,0,0,0,0,0,0,0,0,0,0,0,0,0,0,0,0,0,0,0,0,0,0,0,0,7.8710156569656e-05,0.000161259832971978,0.000247649029206968,0.00033787774527462,0.000431945981174942,0.00052985373690793,0.00063160101247358,0.000737187807871901,0.000846614123102886,0.000959879958166539,0.00108226465283277,0.00120944874728983,0.00134143224153774,0.00147821513557647,0.00161979742940603,0.00176617912302643,0.00191736021643766,0.00207334070963972,0.00223412060263261,0.00239969989541634,0.00258267701244184,0.00277165337920588,0.00296662899570845,0.00316760386194957,0.00337457797792924,0.00358755134364743,0.00380652395910416,0.00403149582429944,0.0042624669392333,0.00449943730390565,0.00478908482357372,0.00508774307073887,0.00539541204540107,0.00571209174756035,0.00603778217721674,0.00637248333437015,0.00671619521902064,0.00706891783116818,0.00743065117081281,0.00780139523795448,0.00823094313280626,0.00867193068687288,0.00912435790015422,0.00958822477265033,0.0100635313043612,0.0105502774952869,0.0110484633454273,0.0115580888547826,0.0120791540233526,0.0126116588511374,0.0131779268855816,0.0137565100124738,0.0143474082318139,0.0149506215436019,0.0155661499478378,0.0161939934445216,0.0168341520336533,0.0174866257152329,0.0181514144892604,0.0188285183557358,0.0198136424731548,0.0208207769341199,0.0218499217386311,0.0229010768866884,0.0239742423782919,0.0250694182134414,0.0261866043921372,0.027325800914379,0.0284870077801669,0.0296702249895009,0.0312156074621263,0.0327925821070227,0.0344011489241905,0.0360413079136299,0.0377130590753403,0.039416402409322,0.0411513379155754,0.0429178655940998,0.0447159854448957,0.046545697467963,0.0481907029738021,0.0498619599435302,0.0515594683771465,0.0532832282746515,0.0550332396360455,0.0568095024613278,0.0586120167504991,0.0604407825035586,0.0622957997205071,0.0641770684013439,0.0673670888643212,0.0706115476113687,0.073910444642486,0.0772637799576733,0.0806715535569306,0.0841337654402578,7.755995810716,23.0994179090471,26.9324758038424,327.799685068491,339.683311647623,559.634340045593,584.986199128883,590.494275356437,863.617702990888,929.133307315177,976.040470313666,1005.21820658299,1044.63439694465,975.272320734006,971.907385627368,1167.63780732586,1172.61361431751,1639.49927104753,1450.26699460553,1566.88745912446,1473.4120177944,2199.00012164399,2488.37116147992,2909.07815532693,3829.49096122858,4969.11440635787,4990.3152603939,5361.05031907731,5565.81535026151,5733.67523335448,6163.80728544076,6320.00828451536,6663.21514304847,6898.51185024741,6534.56513483879,6327.93427800193,7358.31297545465,7694.99135929661,6783.97475440153,7659.16636545513,8669.43085234436,8905.16748906701,9478.97460044709,7955.33973538541,8320.64556301421,9720.17518597637,9633.35403923795,11274.4575081733,11986.1402183736,12877.777492207,14664.7566158963,16880.4682458619,17971.5267408423,18866.8291847776,19190.3005622039,21243.8997875154,18935.6904849398,18125.9554561685,18893.8454881556,20884.3657554325,21220.3626607477,20861.0451291601,19994.2274692884,21029.4819664592,21307.4440072191,22087.6564436907,21692.9596214526,21910.8312257147,23983.2373383368,24983.244403674,24143.5212299201,26049.6028500424,29130.8563873438,27042.6098993417,29801.8370248139,31999.9331728581,33637.0445171739
"CO2","dza","ktCO2",0,0,0,0,0,0,0,0,0,0,0,0,0,0,0,0,0,0,0,0,0,0,0,0,0,0,0,0,0,0,0,0,0,0,0,0,0,0,0,0,0,0,0,0,0,0,0,0,0,0,0,0,0,0,0,0,0,0,0,0,0,0,0,0,0,0,0,0,0,0,0,0,0,0,0,0,0,0,0,0,0,0,0,0,0,0,0,0,0,0,0,0,0,0,0,0,0,0,0,0,0,0.00172292528143698,0.00348472225035238,0.00528539090674622,0.00712493125061852,0.00900334328196925,0.0109206270007984,0.012876782407106,0.014871809500892,0.0169057082821565,0.0189784787508993,0.0210901209071207,0.0232406347508204,0.0254300202819986,0.0276582775006552,0.0299254064067903,0.0322314070004038,0.0345762792814958,0.0369600232500662,0.039382638906115,0.0418441262496423,0.044344485280648,0.046883715999132,0.0494618184050946,0.0520787924985356,0.0547346382794551,0.0574293557478528,0.0601629449037289,0.062935405747084,0.065746738277917,0.0685969424962286,0.071486018402019,0.0744139659952874,0.0773807852760341,0.0803864762442593,0.0834310388999635,0.0865144732431455,0.089636779273806,0.0927979569919449,0.0959980063975628,0.0992369274906586,0.102514720271233,0.105831384739286,0.109186920894817,0.112581328737827,0.116014608268315,0.119486759486282,0.122997782391727,0.12654767698465,0.130136443265052,0.133764081232932,0.137481272023344,0.141239321996726,0.14503823115308,0.148877999492404,0.152758627014698,0.156680113719964,0.1606424596082,0.164645664679407,0.168689728933584,0.172774652370732,0.176900434990852,0.181067076793941,0.185274577780002,0.189522937949033,0.193812157301035,4.09707318526983,14.8517876728902,47.9262814266311,58.9539423120799,58.9582069406828,77.3844618079686,81.0137304862002,36.9243697211552,84.6467743345534,84.6399599790893,114.090630243671,169.206544585189,162.972267537538,172.658954013761,174.226047549373,209.013458794529,248.274411248798,284.696921854574,325.714405057427,342.512259021633,89.9172514428549,145.039622629742,99.5146708548139,154.637123760067,441.251786399642,639.678996993585,1179.83278345287,979.49869289236,1012.33258335369,1343.75838525789,1781.05192627007,1708.01824106016,1876.89889237924,2182.30106380402,7269.34655611767,7887.99659159037,7307.41610657822,6765.31308154744,6765.55849957176,7378.02135756159,8053.35133558092,8970.25084729426,8540.68885028295,8527.15533463653,11895.9031340804,14010.9371914172,15101.0701865474,15969.9825899045,17418.3352473722,18151.774765351,23095.0978814836,25445.3520557032,27675.7207873739,30171.7426345349,17463.1362310583,22201.3033323417,34328.0333327627,46369.7322192259,39302.9711782082,35725.2537538423,46416.9016455594,51383.9605924462,56736.3717618862,56739.9795756127,56906.6089687678,53587.8522414552,55407.6605787748,57802.9522744231,60785.9032171505,70165.9322898414,73068.657763102,70085.1809898768,70981.69071201,71490.3173283424,68807.3668242883,73168.7981736096,81111.9329679979,81475.5026316052,79211.1250113383,82128.4172567189,81033.8758812264,79314.1768292134,79645.8066115126,82751.3396718869,85580.948077947,83969.0814511862,88403.4331327636,95796.2094507758,96036.4383060679,100805.676323232,105790.352761392,108529.992010715,113469.675006055,117732.899010507,121746.62945845,128908.934898002,143712.179939195,148424.138010976,159234.925142815,168711.712398481,164463.794305459,168485.199851611,179433.531707872,187214.319224216,178858.140025133,187516.685138695,196904.009207317,189097.449860584
"CO2","ecu","ktCO2",0,0,0,0,0,0,0,0,0,0,0,0,0,0,0,0,0,0,0,0,0,0,0,0,0,0,0,0,0,0,0,0,0,0,0,0,0,0,0,0,0,0,0,0,0,0,0,0,0,0,0,0,0,0,0,0,0,0,0,0,0,0,0,0,0,0,0,0,0,0,0,0,0,0,0,0,0,0,0,0,0,0,0,0,0,0,0,0,0,0,0,0,0,0,0,0,0,0,0,0,0,0.000344104166666667,0.000696416666666666,0.0010569375,0.00142566666666667,0.00180260416666666,0.00218775,0.00258110416666667,0.00298266666666666,0.0033924375,0.00381041666666667,0.00423660416666666,0.004671,0.00511360416666667,0.00556441666666666,0.0060234375,0.00649066666666667,0.00696610416666666,0.00744975,0.00794160416666667,0.00844166666666666,0.00898977169421485,0.00954987878787883,0.0101219879476584,0.0107060991735537,0.0113022124655648,0.0119103278236914,0.0125304452479339,0.013162564738292,0.0138066862947658,0.0144628099173554,0.0150943526170799,0.0157355371900826,0.0163863636363636,0.017046831955923,0.0177169421487603,0.0183966942148761,0.01908608815427,0.019785123966942,0.0204938016528926,0.0212121212121212,0.0219598484848485,0.0227181818181818,0.0234871212121212,0.0242666666666666,0.0250568181818182,0.0258575757575758,0.0266689393939393,0.027490909090909,0.028323484848485,0.0291666666666666,0.03024631585,0.0313454284,0.0324640043166666,0.0336020436,0.0347595462500001,0.0359365122666666,0.03713294165,0.0383488344000001,0.0395841905166666,0.04083901,0.0420014595166667,0.0431797057333333,0.04437374865,0.0455835882666667,0.0468092245833333,0.0480506576,43.7482058732259,43.7492849505607,43.7503795410718,43.7514896441373,43.7525590507998,43.7536423854334,63.6918437971109,75.5731281671477,121.215013685546,158.684434885495,403.829224661013,814.353465202843,1034.0878438243,1164.37314219416,1313.905687195,1192.38714014264,1207.97161912227,1213.88307836641,1287.64976044282,1420.44001298856,1487.97090189591,1548.00178607497,1591.49243835951,1617.17547237658,1070.27004398032,1565.67815397081,1584.93310276663,1983.02653066811,1789.7031199965,1593.7555896918,1610.22287272674,1754.27221170231,1761.37071325728,1457.77596591162,1444.11774814744,1667.94800981966,1630.14777409496,1819.96374150999,2158.23423480315,2219.27761384674,1997.65370412068,2158.98099128114,2032.88617474314,2481.01709073221,2426.09900877334,2248.18537004077,2442.43162118345,2871.03952058508,3014.89800822024,3100.90554909746,3133.64236652854,3518.1055259999,3582.29125636905,4764.78043419813,4393.07462052449,4444.18985428952,5633.65526034451,6900.05692376938,7497.81216830516,8521.77018263,9905.39218346023,11193.5262073812,12134.1691639077,12804.4950845337,14058.5061373715,14158.5528843086,13346.1314827406,13805.4110826537,14874.4161758023,15614.2901014912,14102.004050069,16263.7623227284,16647.5443160203,17957.1364059207,18030.9851515604,18833.3017336862,18288.2212620282,19095.2185259564,21223.3631079345,24312.1690700522,25282.0138834152,24811.9547231461,22019.6793303147,22420.9719019358,24636.845507175,24606.4171256251,25249.6925027687,27202.9018812959,29356.1997318144,31440.8879144691,32065.977792777,33146.1461175063,35942.9320807221,38793.9199911692,38909.959441527,39010.7754660557,41682.767429983,44035.9222573804,43738.0277130744,42075.5235355343,41084.5103978627,42307.3933936495,42010.2141261569,36632.0143918728,41153.479910901,44350.4563389303,45486.6000195864
"CO2","egy","ktCO2",0,0,0,0,0,0,0,0,0,0,0,0,0,0,0,0,0,0,0,0,0,0,0,0,0,0,0,0,0,0,0,0,0,0,0,0,0,0,0,0,0,0,0,0,0,0,0,0,0,0,0,0,0,0,0,0,0,0,0,0,0,0,0,0,0,0,0,0,0,0,0,0,0,0,0,0,0,0,0,0,0,0,0,0,0,0,0,0,0,0,0,0,0,0,0,0,0,0,0,0,0,0.0137497471949651,0.0276077601158749,0.0415740387627293,0.0556485831355283,0.0698313932342717,0.0841224690589602,0.0985218106095928,0.11302941788617,0.127645290888692,0.142369429617159,0.158843606472859,0.175724553127465,0.193012269580977,0.210706755833395,0.22880801188472,0.24731603773495,0.266230833384087,0.28555239883213,0.305280734079079,0.325415839124935,0.346567868668055,0.368184777981354,0.390266567064832,0.412813235918488,0.435824784542323,0.459301212936336,0.483242521100528,0.507648709034898,0.532519776739447,0.557855724214174,0.598932579098728,0.64145986392376,0.68543757868927,0.730865723395258,0.777744298041723,0.826073302628674,0.875852737156095,0.927082601623994,0.979762896032381,1.03389362038124,1.08240173200041,1.13201524708836,1.18273416564507,1.23455848767053,1.28748821316477,1.34152334212776,1.39666387455953,1.45290981046005,1.51026114982934,1.56871789266738,1.62026242690242,1.67259794844654,1.72572445729973,1.77964195346203,1.83435043693341,1.88984990771385,1.94614036580341,2.00322181120204,2.06109424390974,2.11975766392654,14.2384654706014,95.641873270828,46.8979437098258,343.046569556602,103.866845948348,201.157801633689,468.976240744571,959.951279980609,765.179816494629,505.722135467088,623.489871465368,591.021145113887,522.190346593896,554.793385810892,615.018954075729,590.298981900756,630.3195091446,955.447888358818,1016.90423495394,1125.69243991009,1106.55388633248,1045.25719307096,955.079372680814,901.965842952797,815.300271827244,795.49777370639,750.915361688265,957.583516875569,2430.68983277703,3298.77952204748,4298.77882764107,4166.33298487935,4453.13092057954,4728.05219361147,4714.54816375697,4568.85773311049,4773.23958949481,6649.12311043194,8064.47850515168,10976.6665944764,11274.6100592917,11586.5658503493,11459.2974092856,12275.3281481223,11216.8582376997,10476.2808518122,12490.4552918838,14146.9289259938,13560.1881249713,16817.3586641319,17619.0259528392,19440.3577325739,22636.6336354413,26608.1597284555,29082.0244821769,28203.9147293497,21072.4046691749,25058.6227448782,21092.4096031399,22040.512857028,23257.4096110858,25452.3436439108,23659.059052984,27116.997829775,29255.2442183135,34142.7268392981,35068.3285459183,35700.4485189567,38270.7287683304,42388.1143558799,48266.4940823281,52505.6590661776,59339.2791163784,65683.6678750404,68504.5330762391,70795.7401289314,76890.2134571793,78773.1972114976,83858.7578738467,86814.7936931896,87953.0799486295,92018.0238262935,94723.5254207516,91339.8493370659,97684.0016945864,103126.893163844,110438.837995036,116106.396755822,122757.607513557,120918.469253797,134878.089906372,138231.178851799,143079.205734985,153373.576783568,171919.892447437,181972.814367442,196523.345360649,200521.799014635,209060.361239121,213567.921509031,220715.18018986,227043.984237087,229443.224816694,234048.754777823,243762.352473995,254911.609610238,269493.292548854,263719.298501508,244951.178334472,245266.084928873,261656.373149923,260478.068173876,259739.243828807
"CO2","eri","ktCO2",0,0,0,0,0,0,0,0,0,0,0,0,0,0,0,0,0,0,0,0,0,0,0,0,0,0,0,0,0,0,0,0,0,0,0,0,0,0,0,0,0,0,0,0,0,0,0,0,0,0,0,0,0,0,0,0,0,0,0,0,0,0,0,0,0,0,0,0,0,0,0,0,0,0,0,0,0,0,0,0,0,0,0,0,0,0,0,0,0,0,0,0,0,0,0,0,0,0,0,0,0,0.000117297583309865,0.000234792139891451,0.000352483669744758,0.000470372172869786,0.000588457649266532,0.000706740098935003,0.000825219521875196,0.000943895918087106,0.00106276928757074,0.00118183963032609,0.00130642765046884,0.00143218004463162,0.00155909681281442,0.00168717795501725,0.0018164234712401,0.00194683336148298,0.00207840762574588,0.00221114626402882,0.00234504927633178,0.00248011666265476,0.00261695068542191,0.00275500644053521,0.00289428392799464,0.00303478314780021,0.00317650409995192,0.00331944678444973,0.00346361120129372,0.00360899735048383,0.00375560523202005,0.00390343484590244,0.0040534190419519,0.00420468515420688,0.00435723318266745,0.00451106312733356,0.0046661749882052,0.00482256876528241,0.00498024445856518,0.00513920206805347,0.00529944159374734,0.00546096303564676,0.00562506093967358,0.00579050390848752,0.00595729194208856,0.00612542504047667,0.00629490320365192,0.00646572643161428,0.00663789472436371,0.0068114080819003,0.00698626650422397,0.00716246999133472,0.00734257983163512,0.0075241351794051,0.00770713603464458,0.00789158239735365,0.00807747426753228,0.00826481164518045,0.00845359453029819,0.00864382292288549,0.00883549682294234,0.00902861623046875,0.00948575800100913,0.00995295435624999,0.0104302052961914,0.0109175108208333,0.0114148709301758,0.0119222856242188,0.0124397549029623,0.0129672787664062,0.0135048572145508,0.0140524902473958,0.0147287526144531,0.0154184097,0.0161214615040365,0.0168379080265625,0.0175677492675781,0.0183109852270834,0.0190676159050781,0.0198376413015625,0.0206210614165365,0.02141787625,0.0224084530265625,0.0234168780333334,0.0244431512703125,0.0254872727375,0.0265492424348959,0.0276290603625,0.0287267265203125,0.0298422409083334,0.0309756035265625,0.032126814375,0.0335660531645834,0.0350290782,0.03651588948125,0.0380264870083334,0.03956087078125,0.0411190408,0.0427009970645834,0.044306739575,0.04593626833125,0.0475895833333334,0.0489285241666666,0.050349495,0.0518493845833334,0.0534258833333333,0.0550780125,0.0568058858333334,0.05861072125,0.06049521,0.0624624954166667,0.0645164208333333,0.06665998625,0.0688949800000001,0.0712215929166666,0.0736391075,0.07614854375,0.078751095,0.08145252375,0.0842640950000001,0.0872006216666666,50.3428131624887,52.2049362985219,35.3647437012545,30.1760589995418,36.6375392652662,38.674931421719,37.6812998356547,28.1098027952576,37.936596885884,41.9534030369543,40.1624820906877,40.5967841889464,46.8795389323079,49.3034355120183,45.9274273544379,44.5379006380347,49.0675188746873,20.5359732106418,21.2120556642665,21.8806698480762,28.3313705813888,23.0825863595889,452.110139135065,646.527584526018,747.934888631361,815.007020383099,893.894573647859,851.984534294041,643.653327042608,683.698742712167,676.294872760038,741.223719837181,732.506955429764,708.31750719296,726.165206554633,613.68806665474,554.448544591982,542.160852619971,476.156529836398,495.533477991654,530.786440386113,622.913345404447,653.217716558796,617.095385174851,620.095848532764,595.863925424247,605.950401429201,595.444100655939,665.54959457366,688.223006864279,686.582462663274,723.239377861568,764.7500772159,754.407777551062
"CO2","esh","ktCO2",0,0,0,0,0,0,0,0,0,0,0,0,0,0,0,0,0,0,0,0,0,0,0,0,0,0,0,0,0,0,0,0,0,0,0,0,0,0,0,0,0,0,0,0,0,0,0,0,0,0,0,0,0,0,0,0,0,0,0,0,0,0,0,0,0,0,0,0,0,0,0,0,0,0,0,0,0,0,0,0,0,0,0,0,0,0,0,0,0,0,0,0,0,0,0,0,0,0,0,0,0,4.03256099336852e-07,8.0718937096478e-07,1.21179981488379e-06,1.61708743109387e-06,2.02305221959503e-06,2.42969418038728e-06,2.8370133134706e-06,3.24500961884499e-06,3.65368309651046e-06,4.06303374646702e-06,4.47845821727925e-06,4.8955410692125e-06,5.31428230226675e-06,5.73468191644201e-06,6.15673991173828e-06,6.58045628815556e-06,7.00583104569383e-06,7.43286418435313e-06,7.86155570413342e-06,8.29190560503472e-06,8.7242692544401e-06,9.15832512947917e-06,9.59407323015194e-06,1.00315135564583e-05,1.04706461083985e-05,1.09114708859722e-05,1.13539878891797e-05,1.17981971180209e-05,1.22440985724957e-05,1.26916922526041e-05,1.31415134542101e-05,1.35930614166666e-05,1.40463361399739e-05,1.4501337624132e-05,1.49580658691406e-05,1.5416520875e-05,1.58767026417102e-05,1.63386111692708e-05,1.68022464576822e-05,1.72676085069445e-05,1.77354197374131e-05,1.820499296875e-05,1.8676328200955e-05,1.91494254340277e-05,1.96242846679687e-05,2.01009059027779e-05,2.05792891384548e-05,2.1059434375e-05,2.15413416124133e-05,2.20250108506943e-05,2.25113590494792e-05,2.29995052083334e-05,2.34894493272568e-05,2.39811914062501e-05,2.44747314453125e-05,2.49700694444443e-05,2.54672054036459e-05,2.59661393229167e-05,2.64668712022568e-05,2.69694010416668e-05,3.01607801649305e-05,3.34420572916666e-05,3.68132324218751e-05,4.02743055555555e-05,4.38252766927083e-05,4.74661458333334e-05,5.11969129774305e-05,5.50175781249999e-05,5.89281412760418e-05,6.29286024305555e-05,7.02103407118056e-05,7.7671875e-05,8.53132052951389e-05,9.31343315972222e-05,0.00010113525390625,0.000109315972222222,0.000117676486545139,0.000126216796875,0.000134936903211806,0.000143836805555556,0.0001601982421875,0.000176919270833333,0.000193999891493055,0.000211440104166667,0.000229239908854167,0.000247399305555555,0.000265918294270833,0.000284796875,0.000304035047743055,0.0003236328125,0.000346701942708334,0.000370199055555555,0.000394124151041665,0.000418477229166667,0.000443258289930556,0.000468467333333332,0.000494104359375,0.000520169368055556,0.000546662359374999,0.000573583333333334,0.000675900416666666,0.00074698,0.000803700416666667,0.000859689999999999,0.00092526875,0.00100691166666667,0.00110731625,0.001225755,0.00135854875,0.00150140833333333,0.00165218875,0.00181314,0.00199204875,0.002199915,0.00244226458333334,0.00273682666666666,0.00307724625,0.00341600166666667,0.00368582666666666,0.00384375,0.165320758954044,0.159227956069736,0.152733558070999,0.152456499611167,0.162811546014851,0.185912647588715,0.219569105953167,0.25878424263037,0.296342539337522,0.327045411465707,0.508749519765575,0.711618526404981,0.914572288845503,1.11984789324976,1.3392822217475,1.58972203736757,1.85422681344486,2.15654055861532,2.47587787793754,2.82967722456189,3.21494161005885,3.57655591820845,3.95494078561442,4.33437882895397,4.69300670725387,4.96912468924331,5.18062043037552,5.41366287317666,5.70121536634091,6.14188642352008,6.48721019408017,6.98608504339664,7.59632865081562,8.2439236693871,8.94565682258984,9.47057840701204,9.78340439479716,10.0080198539346,10.0068698789475,9.90678989477095,9.74071980945901,9.51701136036915,9.24459953818594,8.93163103378864,8.95921903615144,8.990531735319,9.02456093696467,9.06078235328588,9.0978061070446,8.89339967754426,8.92632444833109,8.95875811484053,8.98678668250322
"CO2","esp","ktCO2",0,0,0,0,0,0,0,0,0,0,0,0,0,0,0,0,0,0,0,0,0,0,0,0,0,0,0,0,0,0,0,0,0,0,0,0,0,0,0,0,0,0,0,0,0,0,0,0,0,0,0,0,0,0,0,0,0,0,0,0,0,0,0,0,0,0,0,0,0,0,0,0,0,0,0,0,0,0,0,0,3.59702494351614,3.59702494351615,3.59702494351616,3.59702494351615,3.59702494351615,3.59702494351614,21.5821496610969,35.9702494351616,25.1791746046131,46.76132426571,35.9702494351614,100.716698418452,140.28397279713,169.060172345259,197.836371893388,269.776870763711,276.970920650744,255.388770989647,287.761995481292,320.135219972938,485.598367374679,506.100467771949,537.517106559458,658.982832494562,564.750525378386,574.955405183873,765.743182492867,848.862275357276,1118.82181667007,1542.13860668712,1822.57449588734,1896.27449858268,2070.00121527948,2300.44075189217,2217.75908969003,2198.45392341695,2192.54768297418,2443.26454284226,2544.12026621809,2532.57879133262,2937.58843861548,2821.31254849761,3123.218528198,3017.08852237921,3016.03436369519,3215.62517507921,3468.15941919285,3654.8363511863,3629.26449379604,3832.62162404512,4254.01598704605,4746.89315218424,5157.11492320102,5642.89663443052,5624.01392344719,5541.72726425269,5848.93933351079,5896.17003517615,6178.87959166715,6530.68111614281,7018.39115768084,7575.68773633655,7904.19139693486,7755.93097666304,8316.92201850893,8205.55366971093,8847.30282168498,9072.60717000489,8927.21287707995,10065.5996541382,10627.0763845348,11166.1367047449,11659.3867758825,11522.2238005133,12273.9662208063,12811.6842552926,13100.0702231253,13308.6259842686,13949.0717357751,14313.8049178118,14074.250475937,13938.0400637193,15088.9412594829,16372.2591775758,16316.5003890895,14523.7435055973,16764.680715483,14971.9977303594,15767.3986033312,15129.641787871,13491.0103576464,14156.1024633877,14300.5347377597,16441.337177651,17570.1999697472,18200.4218793826,17571.3762776132,20343.2128282164,20668.9161427783,22969.8963324706,22523.0861602676,21582.0199239131,20345.024568119,18055.995311232,19796.5377344828,21917.4096894298,8023.67512940996,5483.48854759808,12754.2829909431,15018.4251679265,20356.2304882523,20431.7115252685,21794.3390062392,22495.6299000585,24256.7942749693,26959.7710024402,26750.1901536214,30370.621014717,31843.5775480067,34844.6187827215,32356.6814367879,32645.3019200159,36981.3194855239,38097.1427015571,39272.0484304825,40151.0506417693,43150.0550504112,51136.369445334,56636.6563720321,53152.6181195666,52499.0509659949,57892.3716838745,60414.8836189773,62201.4160964909,67253.4704082447,71134.4484280636,79859.7891097482,86755.291393102,97879.9517101912,106103.740964048,115126.897770161,125333.378072616,131703.380350644,148709.092426502,159672.751835372,165553.118363162,184173.601573198,177001.037123447,184419.682360241,194353.399511854,207902.540000748,212381.14988047,207839.184765963,211412.369888542,199468.109907431,199280.880781249,199459.369459556,199662.12606294,202432.567275209,221009.211216309,226973.240479892,235661.977509068,243206.657583433,229676.369049963,244173.490060987,253841.450751163,244203.524492649,262659.294855103,269958.646991129,291843.373303086,307813.272734783,310395.037679847,328927.551414547,337865.536529465,356517.756377666,372137.711941624,367060.925235437,375340.159479255,346441.045576185,305303.476029804,293360.69019813,293689.9992929,287976.30849988,261566.322840555,260060.533933218,276244.72172769,267784.010119616,283952.120642075,278334.57730871,260519.626531111,219482.505938665,236756.314317949,240938.484684011,229546.443815541
"CO2","est","ktCO2",0,0,0,0,0,0,0,0,0,0,0,0,0,0,0,0,0,0,0,0,0,0,0,0,0,0,0,0,0,0,0,0,0,0,0,0,0,0,0,0,0,0,0,0,0,0,0,0,0,0,0,0,0,0,0,0,0,0,0,0,0,0,0,0,0,0,0,0,0,0,0,0,0,0,0,0,0,0,0,0,0.453938481609729,0.540579369805101,0.357695951300409,0.44384618415601,0,0,0,0,0,0,0,0,0,0,0,0,0,0,0,0,2.60450699071301,0.00629848399067761,0.0126728533306405,0.0191231080198887,0.0256492480584221,7.65996511966075,0.0389291841833448,0.0456829802697339,10.5584030016966,11.1328911344538,14.5023052771073,18.4218171836963,16.4667225678084,17.0935303495406,19.0240340017035,18.0593340146164,57.1347377117622,65.0738306742228,53.5191545996395,72.5479186220486,78.4257505149789,105.013477205318,106.53769309899,98.0047982948329,117.158906553255,132.260219904525,160.988957903592,160.119958346695,208.056637361857,209.146767792085,243.425707320443,249.102059200449,258.876173356984,292.190554662138,283.8514634049,300.312684761582,304.431348960434,310.567881635945,318.672068465772,345.442735939365,382.745205474443,408.634570337624,429.46627670381,497.146668990925,510.938249053504,562.366249155458,569.657924746036,654.136925372453,725.570196192022,846.600701264606,944.918058953484,935.458223037928,891.250384258979,869.652875179763,961.714567024649,869.248608873457,975.434309208334,1083.19720444143,1073.45979415669,1113.81521299897,1068.50556924793,1129.26504275393,1304.5526126641,1443.94811819459,1294.25077563842,1172.11809429668,1257.97957387265,1171.95196876401,467.747376911077,380.623310564953,352.27921545229,388.500280233296,472.678211954737,520.016032442752,630.869520459812,612.93435042932,913.290203891182,1139.41027192206,1278.62822772507,1352.24098705436,1750.94532095186,2068.28424328385,2367.39391229725,2650.31808993891,3188.73451693114,3592.32396160411,4087.7639321652,4117.92493963097,4293.51230274074,4298.56472751674,5169.90652231824,4542.82568189312,3018.77743293206,4076.23202654877,3656.63050267727,4171.7347722362,4711.71905855229,5708.94251396245,6091.90300067286,6968.92243037525,7804.19169665125,8431.29835835361,8943.96393825531,9356.57824254188,10119.9332336944,11337.8592259709,12212.4651971872,13100.2986985251,13651.0530244306,14068.7513961847,14313.8802043239,14365.1992207129,14669.5769114507,15439.9881182283,16125.4684999275,16886.0356441568,17682.5630822128,18239.6308000921,18496.2960794662,19101.2541312222,20418.4001577239,20162.3876692462,21157.9511403319,22496.2448638317,23844.5572084209,24708.7030630822,25698.7345838768,25909.7153357399,27437.2731453895,27671.9785092374,28843.3259527367,28016.9767793432,28190.6357033608,28280.2292882724,28214.7009072324,28182.5879323109,27910.3133815462,28921.2022154669,28830.4229671737,29990.5739579284,33848.2062003272,30661.1799365513,22493.939364646,23251.1461601135,28969.7075663941,30951.5595090213,37537.6990598934,42103.8387328079,42937.8606624005,40009.8806138444,39327.789911528,39803.4678859721,38539.5020374735,45239.7842740994,45348.9005686161,46342.6144131546,43714.0468314709,55803.3803009799,48538.7442409126,38734.4532470032,53571.1132501257,54196.5546855295,50302.6805235339,58227.3006454339,56474.1927703364,45172.3560698473,49321.4418803457,52251.4929254872,51096.6438729211,27918.3547356428,18082.135584664,22345.7261910905,28596.7075892907,28226.932819741
"CO2","eth","ktCO2",0,0,0,0,0,0,0,0,0,0,0,0,0,0,0,0,0,0,0,0,0,0,0,0,0,0,0,0,0,0,0,0,0,0,0,0,0,0,0,0,0,0,0,0,0,0,0,0,0,0,0,0,0,0,0,0,0,0,0,0,0,0,0,0,0,0,0,0,0,0,0,0,0,0,0,0,0,0,0,0,0,0,0,0,0,0,0,0,0,0,0,0,0,0,0,0,0,0,0,0,0,0.00273227963141265,0.0055645289137794,0.00849674784710024,0.0115289364313752,0.0146610946666042,0.0178932225527874,0.0212253200899246,0.0246573872780159,0.0281894241170614,0.0318214306070609,0.0355534067480146,0.0393853525399223,0.0433172679827841,0.0473491530766001,0.05148100782137,0.0557128322170942,0.0600446262637724,0.0644763899614047,0.0690081233099911,0.0736398263095316,0.0783714989600262,0.0832031412614749,0.0881347532138778,0.0931663348172344,0.0982978860715456,0.103529406976811,0.10886089753303,0.114292357740204,0.11982378759833,0.125455187107412,0.131186556267448,0.137017895078438,0.142949203540381,0.148980481653279,0.15511172941713,0.161342946831937,0.167674133897698,0.174105290614411,0.18063641698208,0.187267513000703,0.19399857867028,0.200829613990808,0.207760618962294,0.214791593584733,0.221922537858127,0.229153451782472,0.236484335357774,0.243915188584029,0.251446011461239,0.259076803989403,0.266677587988945,0.27437324445593,0.282163773390357,0.290049174792224,0.298029448661531,0.306104594998282,0.314274613802474,0.322539505074108,0.330899268813183,0.339353905019697,0.347903413693653,0.356547794835053,0.365287048443893,0.374121174520173,0.383050173063896,0.392074044075061,0.401192787553666,0.41040640349971,0.419714891913199,0.42911825279413,0.438616486142501,0.448209591958312,0.457897570241565,0.467680420992261,0.477558144210398,0.487530739895977,0.497598208048994,0.507760548669455,0.518017761757357,0.528369847312701,0.538816805335483,0.54935863582571,0.559995338783379,0.570726914208489,0.581553362101036,0.592474682461027,0.603490875288461,0.614601940583337,0.625807878345654,0.637108688575408,12.2272533145585,12.2387438697231,12.2503292973552,0.683260654168849,0.695035826735814,0.706905871770221,0.718870789272069,4.59120018884586,4.60335485128258,64.2118107388917,44.4307458647369,80.3306927227253,158.724516388532,210.617974771556,180.65971716265,193.639679785743,290.034871602234,265.332251878312,291.372122196421,295.911692434069,286.235262115441,339.364343803932,361.296082923973,364.329351238355,563.458414804421,719.941105240746,962.549724626622,1532.14327358142,1466.33918642477,1486.23553388028,1446.06756346632,1351.0536224861,1415.32089853167,1428.55360210391,1297.46101432547,1306.92913245134,1261.77629728863,1346.84551211773,1414.73986754998,1456.35644535501,1608.40853282836,1475.33193764684,1586.83230144386,1520.4591148318,1570.50818709218,1831.17459693733,2120.80349457976,2214.19624350875,2308.81546931231,2442.15550178364,2480.43636125738,1676.27818475163,2107.06770349151,2437.17779818398,2758.68154082154,3062.11396170123,3256.48442487431,3432.66224664524,3384.20117482031,3773.13082339331,4624.11746013946,4799.89329471172,5256.65554453605,5579.12962257957,5310.9191326416,5676.69575173611,6232.92421721259,6770.07111842233,6828.51338013859,6771.50444206944,7831.71079127865,8801.00782550176,10417.8419130116,12385.3987555034,13289.7577560138,15444.4228468597,15426.6936848033,17019.9510559921,18118.4051355558,17496.1707229069,18701.1530735078,17756.7631890877,17977.5071396577
"CO2","fin","ktCO2",0,0,0,0,0,0,0,0,0,0,0,0,0,0,0,0,0,0,0,0,0,0,0,0,0,0,0,0,0,0,0,0,0,0,0,0,0,0,0,0,0,0,0,0,0,0,0,0,0,0,0,0,0,0,0,0,0,0,0,0,0,0,0,0,0,0,0,0,0,0,0,0,0,0,0,0,0,0,0,0,0,0,0,0,0,0,0,0,0,0,0,0,0,0,0,0,0,4.74269690486787,3.38764064633419,4.06516877560103,3.38764064633419,4.27284151142268,5.16037527337707,7.40529819073102,6.26491335861667,8.51450206970242,7.37878303131986,9.6330375361374,10.5345686792872,10.0833764607691,35.0545008602605,68.1633744812289,68.4027112693316,71.9325836819551,45.8801985760206,59.2784215519938,66.1053422095641,59.7864019201161,83.0562317696517,66.8819661577061,87.1118850829123,107.11406463551,87.6730931062277,84.9134065401706,121.364528689702,81.9718516861654,92.3737660928858,112.641607826689,122.570886221098,80.1483605737742,100.428638592081,97.5184787899818,117.627132242212,114.972815325986,134.857058109004,208.065783679587,126.060139968204,126.724253727649,120.821554512283,161.188301024643,204.370493028362,208.122856550375,185.585315093525,189.833467238364,209.568086386998,230.508521360581,287.377624675305,478.554604866208,456.306042478452,684.377378944929,559.761137376564,399.753388211677,380.630315320905,483.38558597585,497.394209631581,551.337857408079,577.798776745131,822.185468226044,1290.11693462519,1182.78430250059,983.179024098734,1207.31794459461,1362.66967490649,1524.60303233921,648.905044760364,134.810885696112,200.170280573966,147.337984141382,93.9777650087529,251.938150735596,278.491651406734,286.689319632008,672.930680600267,1361.84618222702,1603.6981552736,1573.84675415075,1472.86974312016,2598.76122514593,2889.66356692347,3089.248485277,2452.2465172204,2767.8357231444,2782.6961027294,2957.02487807521,3625.41336912936,3244.53532148949,4552.6052489933,6224.93149504606,5263.02163362349,4543.9578380064,2179.95497273403,3013.2846922054,2607.18802073319,3632.20586666395,2524.6476578137,666.834711348547,3065.79309886161,5063.87470633163,7812.01967739658,4644.06927577453,5745.66122682372,7578.7098119176,8343.47827801412,7504.23339002181,8263.05696267815,10154.3204312615,11303.9353294861,11369.1546921785,10256.1580332685,13215.1339967425,15475.9185371001,15505.7328148688,17370.3531347606,19924.1061088267,23261.6157249357,25742.7529992312,28649.4886992909,29235.5805649742,32957.8971567894,38758.1345841491,41671.5726205487,41340.4317021949,45073.4078725484,49436.6595003533,45933.8368456994,45765.830834454,51728.8451792713,50802.0735573076,54998.6939761817,55400.8922723918,56043.178307352,46445.4263039735,45156.0879246476,43427.4991683276,44966.2437266215,49172.2656676043,49332.978997154,53231.3454952909,51797.5138847074,51984.028047418,55885.9211100899,56347.8994645015,53495.3630887701,54737.1313466556,61390.844802669,58426.5148158358,63896.8985369337,61467.2790883887,57723.2818886004,56997.5305375315,57303.5383995893,63404.0164762159,65521.7302518758,73389.4521762908,69864.3826293866,57665.6967635006,69084.1684809132,67562.9314129438,59526.7358016366,56799.1466586389,65166.1697944009,57837.984146929,52140.499680321,52699.0166985028,48090.4882209461,44917.422225588,47954.4386102316,45247.7819853047,46414.0881892643,43259.1809488501,38296.7568047147,38098.8795374817,35370.7875791916,32947.8752921424
"CO2","fji","ktCO2",0,0,0,0,0,0,0,0,0,0,0,0,0,0,0,0,0,0,0,0,0,0,0,0,0,0,0,0,0,0,0,0,0,0,0,0,0,0,0,0,0,0,0,0,0,0,0,0,0,0,0,0,0,0,0,0,0,0,0,0,0,0,0,0,0,0,0,0,0,0,0,0,0,0,0,0,0,0,0,0,0,0,0,0,0,0,0,0,0,0,0,0,0,0,0,0,0,0,0,0,0,5.9847674477068e-05,0.000120356649224601,0.000181526924242598,0.000243358499531061,0.000305851375089987,0.00036900555091938,0.000432821027019238,0.000497297803389556,0.000562435880030344,0.000628235256941596,0.000693441743955189,0.000759081496663225,0.000825154515065704,0.000891660799162624,0.000958600348953988,0.00102597316443979,0.00109377924562004,0.00116201859249473,0.00123069120506387,0.00129979708332744,0.00136949309934724,0.00143963732125784,0.00151022974905924,0.00158127038275145,0.00165275922233446,0.00172469626780826,0.00179708151917288,0.0018699149764283,0.00194319663957451,0.00201692650861155,0.00209437972983556,0.00217249245671141,0.00225126468923913,0.00233069642741868,0.00241078767125008,0.00249153842073333,0.00257294867586843,0.00265501843665536,0.00273774770309415,0.00282113647518481,0.0029051978163832,0.00298991930047522,0.00307530092746083,0.00316134269734004,0.00324804461011284,0.00333540666577925,0.00342342886433926,0.00351211120579286,0.00360145369014008,0.00369145631738087,0.00378213589751324,0.0038734762797548,0.00396547746410556,0.00405813945056553,0.00415146223913472,0.00424544582981311,0.00434009022260069,0.0044353954174975,0.00453136141450348,0.0046279882136187,0.00472513661893248,0.00482294126255507,0.00492140214448656,0.00502051926472689,0.00512029262327607,0.00522072222013411,0.00532180805530103,0.00542355012877675,0.00552594844056139,0.00562900299065487,0.00573272762648558,0.00583710889069359,0.00594214678327884,0.00604784130424136,0.00615419245358116,0.00626120023129819,0.00636886463739249,0.00647718567186408,0.0065861633347129,0.00669579762593899,0.00693531013299921,0.00717866992491714,0.00742587700169269,0.00767693136332594,0.00793183300981688,0.0081905819411655,0.00845317815737179,0.00871962165843575,0.00898991244435737,0.0092640505151367,0.00952605109377441,0.00979154764348958,0.0100605401642822,0.0103330286561523,0.0106090131190999,0.010888493553125,0.0111714699582276,0.0114579423344075,0.011747910681665,118.116466813688,128.967728051566,149.444174049465,161.421231110338,151.793808126291,166.178003557696,190.185764477752,158.789424926448,173.156930106165,193.645455876237,189.978205881315,163.456634680896,225.971780311176,236.755908315563,417.829895310739,339.94892425319,316.400011063049,347.613771296757,391.955811502803,428.901866542607,513.892278293215,523.724084206938,564.970668543971,614.704423364722,763.207735012562,615.261975364355,479.899942212772,764.602140098942,717.833284074866,842.284936147371,802.592328633618,1061.57685093872,848.704239110278,716.852045130385,665.107101634002,565.935262741244,585.236450789169,466.012866054912,540.182661069967,609.837080550159,796.70627676808,677.59580809111,779.482845440893,858.470749482579,928.977351234316,925.715506152151,963.659976649099,748.50829383909,715.411503229134,826.965058031481,891.717505276568,1158.14089984155,843.494346918321,871.251292920351,1146.21248716462,1326.37132741805,1336.27740978734,1067.37879959225,988.847571413634,780.385814604465,1266.74610994152,1172.99040398893,1129.5149903118,1116.59933631544,1160.51859551209,1262.33751092157,1234.22956320485,1241.3768502775,1342.74299039515,1355.33661907691,1279.7446791953,1332.36393323918,1283.73569473711,1364.18506453759
"CO2","flk","ktCO2",0,0,0,0,0,0,0,0,0,0,0,0,0,0,0,0,0,0,0,0,0,0,0,0,0,0,0,0,0,0,0,0,0,0,0,0,0,0,0,0,0,0,0,0,0,0,0,0,0,0,0,0,0,0,0,0,0,0,0,0,0,0,0,0,0,0,0,0,0,0,0,0,0,0,0,0,0,0,0,0,0,0,0,0,0,0,0,0,0,0,0,0,0,0,0,0,0,0,0,0,0,7.05733772700309e-07,1.41615680634879e-06,2.13126910094545e-06,2.85107065649029e-06,3.57556147298329e-06,4.30474155042448e-06,5.03861088881384e-06,5.77716948815136e-06,6.52041734843708e-06,7.26835446967096e-06,8.02275953704023e-06,8.7821772626645e-06,9.54660764654367e-06,1.03160506886778e-05,1.10905063890669e-05,1.18699747477109e-05,1.26544557646099e-05,1.34439494397638e-05,1.42384557731727e-05,1.50379747648364e-05,1.5844321342744e-05,1.66558534291913e-05,1.74725710241781e-05,1.82944741277045e-05,1.91215627397705e-05,1.9953836860376e-05,2.07912964895212e-05,2.16339416272061e-05,2.24817722734304e-05,2.33347884281945e-05,2.41957616564072e-05,2.50620992037987e-05,2.59338010703692e-05,2.68108672561186e-05,2.76932977610468e-05,2.8581092585154e-05,2.94742517284402e-05,3.0372775190905e-05,3.1276662972549e-05,3.21859150733717e-05,3.31043235121032e-05,3.4028281246537e-05,3.49577882766733e-05,3.58928446025117e-05,3.68334502240524e-05,3.77796051412956e-05,3.8731309354241e-05,3.96885628628886e-05,4.06513656672387e-05,4.1619717767291e-05,4.2598498716163e-05,4.35830203157618e-05,4.4573282566087e-05,4.55692854671388e-05,4.65710290189169e-05,4.75785132214216e-05,4.85917380746531e-05,4.9610703578611e-05,5.0635409733295e-05,5.1665856538706e-05,5.25374805914016e-05,5.34094497733989e-05,5.42817640846989e-05,5.51544235253009e-05,5.60274280952048e-05,5.69007777944114e-05,5.77744726229199e-05,5.86485125807307e-05,5.95228976678436e-05,6.03976278842589e-05,6.12727277832632e-05,6.21481735032117e-05,6.30239650441043e-05,6.39001024059408e-05,6.47765855887216e-05,6.56534145924464e-05,6.65305894171155e-05,6.74081100627285e-05,6.82859765292856e-05,6.91641888167866e-05,7.00427749928635e-05,7.09217076829124e-05,7.18009868869336e-05,7.26806126049265e-05,7.35605848368916e-05,7.44409035828288e-05,7.53215688427378e-05,7.62025806166189e-05,7.70839389044722e-05,7.79656437062974e-05,7.95216941060641e-05,8.10929041864834e-05,8.26792739475551e-05,8.42808033892799e-05,8.58974925116571e-05,8.75293413146868e-05,8.91763497983696e-05,9.08385179627049e-05,9.25158458076926e-05,53.2058874904285,68.8129205394264,48.7273032231996,19.681551637211,55.9651962937963,57.0848259856233,58.8782030754828,58.5777491816936,68.5551945224587,19.0930171246173,35.9428884770831,28.3240003360723,8.71696609286505,8.66609111519088,1.98801374342443,1.97589472939204,1.96358629256227,3.25174772030853,9.95133333333334e-05,9.95633333333333e-05,10.754314171757,0.671877757233928,0.752177152981831,0.730219010353642,0.683078241443807,0.7872231389671,0.700443114675014,0.701838398010164,0.722481229470902,0.718310514769882,0.731476639026656,2.44902351156481,2.329169509409,2.24287701810028,2.27568015300303,3.02111457036235,3.99711757271854,5.00771645040447,6.93571803968196,7.38958468770368,14.477221091972,14.9792580083164,15.1643946447472,15.1600758794429,15.6029408177092,18.213369681219,18.13311363121,20.8958887084957,19.0558168581331,19.9491214077249,17.7918047570668,17.1625723294818,9.82796839563096,11.7076085921457,12.7352452765637,12.8199156937757,15.6663875678052,16.4178306593291,17.4560608197742,18.3836522768806,16.2992201860578,11.9154419537847,12.3633570382275,12.3814046417257,12.5054527423382,12.7639130411641,12.8027977380193,11.2589918839248,11.3425208009813,11.5980676431722,10.3474803863561,10.7612864652449,11.2770708482715,11.7177946931162
"CO2","fra","ktCO2",0,0,0,0,0,0,0,0,0,0,0,0,0,0,0,0,0,0,0,0,0,0,0,0,0,0,0,0,0,0,0,0,0,0,0,0,0,0,0,0,0,0,0,0,0,0,0,0,0,0,0,0,2043.50976095926,0,1986.65269723371,0,0,0,0,0,1936.48469982882,1872.93856978262,2023.4425619973,1869.5940366223,1909.72843454621,2137.15668944839,2280.97161534241,2428.13107439676,2173.94655421197,2334.48414590763,2648.87026297828,2749.20625778807,2893.02118368209,2893.02118368209,3210.75183391307,3612.0958131522,3732.49900692394,5394.73198760602,5699.08450519568,5545.2359798207,5980.02529066308,5525.16878085875,6097.0839512745,6615.48659112506,8143.93824539408,8451.63529614409,9709.17976442671,10361.3637306903,10832.9429062963,10562.0357203099,10769.3967762501,12615.5790807501,13261.073980693,13281.141179655,13929.9806127582,16281.1874244675,16913.3041917691,19023.7046159349,15234.3485452854,15869.8098457474,17906.630540386,18309.7558398903,19726.3617466783,23186.5644741305,26740.5011897766,30281.8557801704,31725.6356606422,32336.7135841687,31730.4682371608,32114.2211290658,34999.7718839441,37855.0889456576,39957.9331137515,40582.6105492924,43013.3826989302,45290.3531305619,49196.158018489,49871.1906806053,51031.1582513593,52341.6768815256,46515.0088147529,46284.6566024286,56037.9339890734,60553.801615858,57648.2793289361,60057.5542844375,60165.9533129126,58879.8106269998,60092.5023349186,62188.210330813,70106.9457645139,71804.1880864733,75772.4493899114,79456.573587003,76369.3332425687,73648.0345076594,73113.7669224882,77071.7688801883,80295.2255823834,82385.845981881,90829.6337434371,91045.3708764131,91366.6618840792,89807.0456549991,95024.6721239286,95898.1445788785,99165.4699802706,103660.587674465,106998.494506791,111655.712792458,119715.136385125,115408.183860299,108547.739245123,119171.031702024,116138.398084908,117465.710712941,125833.089737557,134096.87027474,135139.885759936,138249.904779989,138741.172684611,145613.171794102,150227.11687902,165134.578372529,116140.610354034,102301.40320449,107502.475739073,117335.680303781,103468.060392455,109673.663009252,140960.756913539,127462.388540604,150580.394660391,169829.163178102,190383.350746816,197127.336907249,196951.024249452,196260.698394101,195321.171264627,216159.141503501,219203.482409762,200826.48690901,177405.44496356,184418.582465149,186275.049380508,180842.683852986,183352.739656057,201246.407157239,186442.790121174,179874.789781836,127894.742965706,116662.152940313,114419.328899005,118363.092707146,76579.7395707825,100607.984189262,153282.861091215,170336.906347449,182316.929244608,212252.972309327,188293.657704632,211943.231501932,209955.067290973,200351.198128025,211644.483275292,221454.656476011,251923.297400268,261357.376946993,250664.42353251,247530.783546911,260673.424487662,273838.093121259,296528.179570994,319767.632061433,340179.74361878,343224.575962921,341939.79829212,363732.524026457,377974.314089681,402100.035622885,424456.278982223,442104.126175094,461372.990533234,496956.047598496,477257.063203877,447054.751006898,486654.398669474,470847.573959497,493802.968402878,502464.914436895,485327.452503564,439730.041713142,422028.103574858,405534.03067187,392016.973078448,384607.088077115,374226.906500632,368256.472608754,364253.606665162,378131.305549465,394982.036527139,419269.398640583,407380.353888375,387242.03797151,383382.163582715,391479.560304234,405453.55912454,396981.660304156,418346.488751852,413540.834145015,411784.149524718,417509.221680522,411399.012009489,415309.086822551,418125.746662614,421668.30790625,412692.792547714,404334.566401219,397878.253416132,374540.379625449,380498.948192946,366122.604501203,366621.265246662,369083.747966648,333029.986363552,338207.661804797,342372.810215061,348123.527251518,335487.065778634,327852.738155266,289458.538961149,322994.472040374,303182.056480383,282909.73085162
"CO2","fro","ktCO2",0,0,0,0,0,0,0,0,0,0,0,0,0,0,0,0,0,0,0,0,0,0,0,0,0,0,0,0,0,0,0,0,0,0,0,0,0,0,0,0,0,0,0,0,0,0,0,0,0,0,0,0,0,0,0,0,0,0,0,0,0,0,0,0,0,0,0,0,0,0,0,0,0,0,0,0,0,0,0,0,0,0,0,0,0,0,0,0,0,0,0,0,0,0,0,0,0,0,0,0,0,4.12202056579011e-06,8.33772341716633e-06,1.26471085541288e-05,1.70501759766774e-05,2.15469256848118e-05,2.61373576785328e-05,3.08214719578398e-05,3.55992685227326e-05,4.0470747373212e-05,4.54359085092775e-05,5.05348271308741e-05,5.5734714438047e-05,6.1035570430796e-05,6.64373951091211e-05,7.19401884730225e-05,7.75439505225e-05,8.32486812575536e-05,8.90543806781835e-05,9.49610487843895e-05,0.000100968685576172,0.000107195087853369,0.000113533677558985,0.000119984454693017,0.000126547419255469,0.000133222571246338,0.000291755274549992,0.000453561527029656,0.000618641328685324,0.000786994679517009,0.000958621579524694,0.00113476902763987,0.00131455375261727,0.00149797575445691,0.00168503503315876,0.00187573158872289,0.00207006542114921,0.00226803653043777,0.00246964491658856,0.0026748905796016,0.00288377351947687,0.00309969999995055,0.00331966789916008,0.00354367721710541,0.00377172795378654,0.00400382010920352,0.00423995368335629,0.00448012867624486,0.00472434508786925,0.00497260291822948,0.00522490216732549,0.00548727280527299,0.00575413390848253,0.00602548547695409,0.00630132751068767,0.00658166000968323,0.00686648297394083,0.00715579640346045,0.00744960029824209,0.00774789465828571,0.00805067948359137,0.00839341992878774,0.00874257532435841,0.00909814567030336,0.00946013096662262,0.00982853121331623,0.0102033464103841,0.0105845765578263,0.0109722216556428,0.0113662817038336,0.0117667567023987,0.0121951169276192,0.012630808524696,0.0130738314936292,0.0135241858344186,0.0139818715470644,0.0144468886315666,0.0149192370879252,0.0153989169161401,0.0158859281162114,0.0163802706881389,0.0169117187847129,0.0174515455919799,0.0179997511099397,0.0185563353385926,0.0191212982779384,0.0196946399279772,0.020276360288709,0.0208664593601337,0.0214649371422514,0.0220717936350622,0.0227270412351065,0.0233918645045142,0.0240662634432854,0.02475023805142,0.0254437883289178,0.0261469142757792,0.026859615892004,0.0275818931775921,0.0283137461325436,0.0315555808531086,0.0342362429731227,0.0420525353458557,0.0525046563256823,0.0493335312661553,0.058783456392633,0.0670845343850674,0.061710964186142,0.0713913127250718,0.0673372548669812,0.053271398183558,0.0716808357405184,0.0757216324900225,0.0759380525932626,0.0761217055283954,0.0812947912079362,0.0826964047922469,0.092872412073474,0.0994149181105233,0.109508474159618,0.12423038621146,0.128994276796732,0.132805254303452,0.136304987732532,0.140001807823263,0.143343498895572,0.146708748112986,0.150076572430162,0.150915778406128,0.1547802836847,0.156960573779181,0.159135852940418,0.160951151671548,0.162063870741461,0.164018487633049,0.165704853744458,0.17065940256883,0.175463406947515,0.179562143703139,0.182373438308097,0.184466585726945,0.188299321477094,0.189936702859307,0.190857124185872,0.19157304694807,0.195646034457333,0.203779622605606,0.22350088072188,0.225273599888184,0.23455205582648,0.245439310000236,0.250028986868333,0.25455525848939,0.258880359671968,0.266809675887031,0.264105125980663,0.269679281872942,0.266118029099046,0.265356880567443,0.264758024031799,0.263966188212838,0.263331688941595,0.262500162074311,0.262397443614641,0.261828476964077,0.263074637571418,0.264283951424231,0.265639359986229,0.267120176848408,0.268321440866282,0.269896573741868,0.271124296478931,0.274264981619033,0.275566429623072
"CO2","fsm","ktCO2",0,0,0,0,0,0,0,0,0,0,0,0,0,0,0,0,0,0,0,0,0,0,0,0,0,0,0,0,0,0,0,0,0,0,0,0,0,0,0,0,0,0,0,0,0,0,0,0,0,0,0,0,0,0,0,0,0,0,0,0,0,0,0,0,0,0,0,0,0,0,0,0,0,0,0,0,0,0,0,0,0,0,0,0,0,0,0,0,0,0,0,0,0,0,0,0,0,0,0,0,0,0,0,0,0,0,0,0,0,0,0,0,0,0,0,0,0,0,0,0,0,0,0,0,0,0,0,0,0,0,0,0,0,0,0,0,0,0,0,0,0,0,0,0,0,0,0,0,0,0,0,0,0,0,0,0,0,0,0,0,0,0,0,0,0,0,0,0,0,0,0,0,0,0,0,0,0,0,0,0,0,0,0,0,0,0,0,0,0,0,0,0,0,0,0,0,0,0,0,0,0,0,0,0,0,0,0,0,0,0,0,0,0,0,28.3006170670007,31.7343544285658,31.6288921603213,45.5314995714835,45.3744779720972,62.6055407539616,62.3816362459966,83.1361226388869,74.3699805856653,81.4686678024339,112.155076379678,97.8679506064331,98.4856620080746,109.659935212969,110.145318721775,110.558939581493,122.146299158075,119.703653908359,121.170732269116,121.015187066311,140.526061162717,121.229491527219,155.460922072455,153.412202889165,153.006680351926,151.728467593255,154.783204570711,155.200376648451,159.083847429459,160.716538919166,151.960621921894,138.84884457658,130.390961858339,204.813367583553,205.333039559973,242.140759021631,246.48821341407,292.925345233327,253.996402164381,248.36288195142,239.666806964426,212.171469618735,184.383683420757,184.734124061752,170.136041200169,212.174300105901,178.491486583183,176.847433906056,170.150718926884,168.130604910399,174.764847538289,190.572433466832,186.259446119365,187.33316356751,202.777071198466,204.697972427646,193.449044231383,201.464401409059,194.028584788951,206.297350956206
"CO2","gab","ktCO2",0,0,0,0,0,0,0,0,0,0,0,0,0,0,0,0,0,0,0,0,0,0,0,0,0,0,0,0,0,0,0,0,0,0,0,0,0,0,0,0,0,0,0,0,0,0,0,0,0,0,0,0,0,0,0,0,0,0,0,0,0,0,0,0,0,0,0,0,0,0,0,0,0,0,0,0,0,0,0,0,0,0,0,0,0,0,0,0,0,0,0,0,0,0,0,0,0,0,0,0,0,7.50496983558601e-05,0.00015022542475262,0.000225527179190279,0.000300954961668839,0.000376508772188297,0.000452188610748658,0.000527994477349918,0.000603926371992076,0.000679984294675133,0.000756168245399092,0.000835512624353925,0.00091553474047511,0.000996234593762639,0.00107761218421652,0.00115966751183676,0.00124240057662333,0.00132581137857627,0.00140989991769555,0.00149466619398118,0.00158011020743316,0.00166656809971989,0.0017537357426652,0.00184161313626909,0.00193020028053156,0.00201949717545261,0.00210950382103223,0.00220022021727044,0.00229164636416722,0.00238378226172258,0.00247662790993652,0.00257070352755617,0.00266552245833418,0.00276108470227062,0.00285739025936544,0.00295443912961863,0.00305223131303025,0.00315076680960025,0.00325004561932862,0.00335006774221541,0.00345083317826059,0.00355306326591538,0.00365607185397011,0.00375985894242474,0.00386442453127928,0.00396976862053376,0.00407589121018816,0.00418279230024245,0.00429047189069668,0.00439892998155083,0.00450816657280485,0.00462094989608794,0.00473462027787407,0.00484917771816318,0.00496462221695533,0.0050809537742505,0.00519817239004867,0.00531627806434988,0.00543527079715411,0.00555515058846133,0.0056759174382716,0.00588767505015432,0.00610327394032922,0.0063227141087963,0.00654599555555556,0.006773118280607,0.00700408228395062,0.00723888756558642,0.00747753412551438,0.00772002196373458,0.00796635108024692,0.00824328571759259,0.00852481555555557,0.0088109405941358,0.00910166083333333,0.00939697627314816,0.00969688691358027,0.0100013927546296,0.0103104937962963,0.0106241900385803,0.0109424814814815,0.01130200875,0.0116670359259259,0.0120375630092592,0.01241359,0.0127951168981482,0.0131821437037037,0.0135746704166667,0.0139726970370371,0.0143762235648148,0.01478525,0.0152491733333333,0.0157196822222222,0.0161967766666667,0.0166804566666667,0.0171707222222222,0.0176675733333333,0.01817101,0.0186810322222222,0.01919764,6.16103306603547,8.78400456340009,10.6330506040242,9.25303122566303,9.94255467434716,9.40494404827178,12.5860707623833,47.5769110174132,115.052752188752,162.805045171454,198.540988105662,199.740900498003,191.655255583905,198.89169324122,261.31965288171,307.040817373426,382.590699679721,932.597961044123,1401.40295142974,1343.54321352261,604.702764514618,1096.77422840324,1179.13628178821,3826.68148519598,3923.35054690641,5051.94461430139,5914.29734514673,5853.35171319715,6437.47847377942,6393.9772596534,6137.19365447639,6475.20074411683,6455.59042991989,5897.77140284906,6862.34772791999,7844.07562363388,5631.17774116847,4800.05301837584,4967.07159036584,6269.93825931908,6189.07945884918,4952.10763910484,4991.66081389425,5091.60346051826,5055.94588310292,5696.44208775064,6347.96933928508,6065.42125703813,6938.66584170176,6607.10746972227,6622.4930852186,6764.50689382389,6497.66763763898,7370.49316153914,6652.06146109792,6419.56353823091,5738.5130346388,5209.42497307764,5557.36966549821,5504.73727940735,6026.51177962696,5897.3783483848,5968.44970306234,6142.50362883807,6340.79700473763,6517.63677380268,6632.6283626178,5483.80522721278,5119.92856412873,5363.77869691204,5292.10742177279,5110.41335182381,5299.06775277314,5317.96072790891
"CO2","gbr","ktCO2",8734.58507897096,8734.58507897097,8738.007722027,8738.00772202701,8741.43036508305,8744.85300813905,9347.2381859991,9350.66082905513,9354.08347211117,9357.50611516717,9357.50611516717,10250.8159527892,10254.2385958452,10257.6612389013,10261.0838819573,10264.5065250133,11452.1636654533,11455.5863085093,11459.0089515654,11462.4315946214,11465.8542376774,12715.1189531258,12718.5415961819,12721.9642392379,12725.3868822939,12728.8095253499,14046.5271019188,14049.9497449749,14053.3723880309,14056.7950310869,14063.6403171989,15733.8901285382,15737.3127715942,15744.1580577063,15747.5807007623,15754.4259868744,17886.7326107768,17893.5778968888,17897.0005399448,17903.8458260569,17910.6911121689,20005.3486624551,20012.1939485671,20019.0392346792,20022.4618777352,20029.3071638473,20936.3075736934,21990.4816349485,22900.9046878506,24098.8297574587,24879.192374232,24951.0678784085,25081.1283145374,28202.5787816305,28332.6392177593,29390.2359220704,31060.4857334097,31067.3310195218,31077.5989486898,31087.8668778579,31098.134807026,33220.1735017603,34503.664647769,34914.3818144917,35578.3745673602,36358.7371841335,38706.6703205653,39161.8818470164,39254.2932095291,39548.640512347,39726.6179512602,40048.3463985264,41588.5357737368,43785.8726157036,45849.7263784856,46325.4737632728,46842.2928647323,48789.7767636094,49125.1957830997,49823.4149665284,63394.19468366,61433.0202125588,61268.7333458698,61179.744626413,61220.8163430853,60964.1181138836,71410.0247208662,68911.4952899692,70817.9074721742,72655.8667932585,75626.7209658866,76448.1552993321,79747.5832053384,83224.988550258,87315.0470022056,93400.5063558146,89389.1686941553,96727.3154062689,102087.174432001,108364.301796748,114528.481940645,108973.721367007,108590.641867869,107995.425916107,130140.317845411,121868.248352687,131150.982511155,128806.464339746,126243.263972956,140167.906017465,156926.263653636,163556.615214874,158350.443018389,168398.373315124,181186.236102601,192011.201482566,197844.910780714,203122.563167024,199246.640188611,209046.165481978,213526.686261795,226177.06468999,238284.215039405,247312.227532831,240334.421693978,253704.244830854,253263.324177908,257819.597002758,253229.613982246,254783.836883118,277661.408038512,291834.420778335,294318.463686812,306238.868050261,298196.276006619,294629.110177397,291965.909120066,299452.18504756,311328.834417167,322403.133685592,329876.624707197,336820.214723567,329856.635681272,295465.749682271,338331.006834195,341545.59842503,351285.098413593,360631.646187371,361457.526023119,387292.927065237,392132.764921433,383699.492359535,398564.857465982,401698.117980386,403566.328826256,408883.234369742,423539.07256466,442429.947410426,431559.149734055,435404.619467437,438833.446813552,450225.919412875,427869.277935449,465416.146616429,451115.594417013,457068.912142902,473654.334661463,467749.324771109,435174.48407927,425818.61310794,444251.604527121,299165.172511704,400389.059838003,425214.983722554,444825.495353218,420184.307970243,256691.640539383,435970.821450951,409610.22178317,431246.999347697,412986.724874966,386248.999299994,370756.88338941,367251.710107286,396304.237776255,401948.004073648,425054.906768295,438550.513357624,420593.127515188,422918.628079135,444652.381591923,441162.739581452,442371.464247623,430267.644164392,417299.786933703,393610.355241621,410332.594219273,433564.059226228,446134.954343315,454767.14355657,466248.868616901,505672.796736664,493583.332622486,502543.138445351,511529.343413543,533058.38811516,534032.266928867,532890.480263501,513644.47302158,502053.56118551,541731.370314667,540822.145240449,549454.928797403,570166.946777041,569216.082685383,583287.927310084,571775.393739792,570355.424268158,576122.304317802,600667.899519637,625021.068228725,631709.442562385,617157.81135264,648064.734035852,610252.239759645,591726.018483795,594428.907063574,607261.44257507,615230.012380271,649405.421406179,601437.695483018,585857.713392264,572363.426993994,565495.688097828,549941.978882104,576017.959043209,591944.535848776,595728.920145925,594847.577816785,577631.331198959,604924.91717177,613632.582375002,601490.762779688,586258.002069785,583199.765983853,583401.86087882,604957.668231375,579396.05211012,578366.352995652,577003.608465703,582435.535058351,591931.760309215,577734.130229503,591790.001690823,587792.230584862,585704.531707782,585517.328515993,577253.16021397,566480.327458556,509985.724705008,529393.713166932,483346.349396721,504157.74939404,495038.241088127,453841.414613956,437122.638198012,410306.299197902,397930.502211733,389898.666792834,375137.660232842,333734.095515022,351475.523862535,330225.719601482,312383.120330681
"CO2","geo","ktCO2",0,0,0,0,0,0,0,0,0,0,0,0,0,0,0,0,0,0,0,0,0,0,0,0,0,0,0,0,0,0,0,0,0,0,0,0,0,0,0,0,0,0,0,0,0,0,0,0,0,0,0,0,0,0,0,0,0,0,0,0,0,0,0,0,0,0,0,0,0,0,0,0,0,0,0,0,0,0,0,0,0.13499581749953,0.159979404610258,0.105345514830919,0.130091172806556,0,0,0,0,0,0,0,0,0,0,0,0,0,0,0,0,0.705245149094741,0.000834011571911572,0.00167013189621736,0.00250836097291737,0.00334869880201157,2.02049009730457,0.00503570071738263,0.0058823648036595,2.74519064487186,2.88072967981585,3.81567163634911,4.84431820625966,4.35186333579556,4.58208227060718,5.15479994445319,4.94350291035464,15.2934163417321,17.5494336633419,14.8239651304493,19.9145625313939,21.548171177039,28.6481453087653,29.2048360871741,27.6586979271255,33.6199060007711,38.9342045217896,48.7590540950881,50.6827112140943,65.3470646715459,67.8090241324515,78.7670694639321,84.8486384242495,89.0493858411237,100.267035849831,106.550719808511,118.511186822235,121.067865890699,132.172647815736,138.178293979054,145.831317252024,166.930588061821,187.336821289371,196.120863582418,228.864930045178,225.590349121757,269.214489518127,270.603171308937,309.790825095143,346.065896530331,390.929048166702,443.703119274602,459.706616815406,435.046404277827,410.941402817638,443.798203395361,374.007683136831,420.907515130999,459.948975910211,456.704729904667,477.658157302274,468.296275280771,477.737261712599,531.645835145932,567.851872957132,526.83085656563,502.045244467142,536.939143780848,491.778030396192,199.186636901941,185.820032196867,168.22334783316,176.248483305463,213.563991986938,235.04531313199,269.784903322674,269.792599858294,371.00182548891,454.367007396187,490.444091147262,537.787333526439,775.592154645376,936.489830856708,1015.4406242353,1113.30701590037,1333.14049516036,1492.99462814254,1701.53187801847,1749.30531216526,1849.19097018988,1872.14476707587,2199.74513830818,1953.21765487021,1427.78486253036,1702.44818781914,1709.85128517054,1642.90990320898,1852.6390232132,2234.90817182626,2394.53556694752,2726.75302380829,3051.34481152759,3311.63254402565,3567.13392055211,3794.27395111023,4148.09843479175,4719.05112437758,5228.72335308993,5788.35877086135,6276.83554340418,6673.44083424838,7049.39440251438,7398.03580850021,7905.94335625612,8548.11584414947,9144.62059613453,9721.71777468243,10271.3783820769,10792.0263074306,11138.9323382792,11604.1305947902,12154.542174056,12609.8309484108,13235.5023896314,14083.6589922569,14942.3058946654,15675.9631487848,16166.2978068894,16379.4316472373,16786.685189857,17029.809253623,17677.9566199836,17574.4384904026,17642.9558933411,17688.7448723115,17623.6201412896,17570.5617121433,17268.9608954512,17705.2958310664,18174.469596459,18010.6545660115,19972.8320638624,15790.5117559345,11678.4952401663,8119.9562486415,5673.39021586387,4782.95043643963,5282.89228078389,5305.07532302151,5221.70516915169,4795.52664913944,5265.5730550727,4013.17718698442,3484.94970071185,3794.23104441062,4038.57434309876,4970.04059487414,5657.14302718726,6767.53726459882,6074.77602208144,6398.87628488172,6189.88095176776,7400.7755571755,8143.74256349291,8976.80469460445,9810.676486095,10630.4111744833,10869.2670714488,10896.5697525972,10679.797412449,11457.751960881,11276.8233307097,11807.6907657571,13144.749662654,13848.0477310101
"CO2","gha","ktCO2",0,0,0,0,0,0,0,0,0,0,0,0,0,0,0,0,0,0,0,0,0,0,0,0,0,0,0,0,0,0,0,0,0,0,0,0,0,0,0,0,0,0,0,0,0,0,0,0,0,0,0,0,0,0,0,0,0,0,0,0,0,0,0,0,0,0,0,0,0,0,0,0,0,0,0,0,0,0,0,0,0,0,0,0,0,0,0,0,0,0,0,0,0,0,0,0,0,0,0,0,0,0.00094516235722754,0.00189191188885848,0.00284024859489283,0.00379017247533058,0.00474168353017175,0.00569478175941632,0.00664946716306427,0.00760573974111565,0.00856359949357044,0.0095230464204286,0.0104967293299459,0.0114742991971858,0.0124557560221483,0.0134410998048335,0.0144303305452413,0.0154234482433717,0.0164204528992248,0.0174213445128004,0.0184261230840986,0.0194347886131196,0.0204481740193752,0.0214655257090211,0.0224868436820575,0.0235121279384842,0.0245413784783015,0.0255745953015091,0.0266117784081074,0.0276529277980959,0.028698043471475,0.0297471254282443,0.0308014283090685,0.031859778417842,0.0329221757545649,0.0339886203192376,0.0350591121118595,0.0361336511324307,0.0372122373809514,0.0382948708574214,0.0393815515618409,0.0404722794942098,0.0415687478825478,0.0426693460953242,0.0437740741325386,0.0448829319941913,0.045995919680282,0.0471130371908109,0.048234284525778,0.0493596616851833,0.050489168669027,0.0516228054773087,0.0526513104905012,0.0536796605587384,0.0547078556820208,0.0557358958603482,0.0567637810937203,0.0577915113821376,0.0588190867256,0.0598465071241072,0.0608737725776591,0.0619008830862562,0.0640846109032468,0.0663061107344085,0.0685653825797414,0.070862426439246,0.0731972423129211,0.0755698302007674,0.0779801901027848,0.0804283220189734,0.0829142259493331,0.0854379018938642,0.088298551419006,0.0912054011714586,0.094158451151221,0.0971577013582939,0.100203151792677,0.10329480245437,0.106432653343374,0.109616704459688,0.112846955803313,0.116123407374247,0.119855670331055,0.12364424737094,0.127489138493902,0.131390343699941,0.135347862989058,0.139361696361252,0.143431843816524,0.147558305354872,0.151741080976298,0.155980170680802,0.160827790993259,0.165743862015714,0.170728383748167,0.175781356190618,0.180902779343067,0.186092653205513,0.191350977777956,0.196677753060397,0.202072979052836,442.736995327769,511.574010723633,538.152726649211,653.681319369584,633.579859700605,836.863280758431,748.420903721827,962.393634077529,1030.99674412956,1033.65042061544,1213.35764775083,1114.58480392112,1257.20088088337,1502.807807223,1435.41622289808,1524.29629548399,1216.61971312046,1328.87811741652,1490.1661289115,1356.05881691101,2156.15995823826,1936.54579364164,2029.05072027971,2102.2746054601,2205.70259736359,2331.17703178315,2374.61651284026,2532.89639671491,2552.90929435695,2239.43106074307,2217.50739617144,2703.09406876877,2301.93377532905,1519.08225164604,1814.89834255848,2095.73231828486,2233.32398391011,2329.64214858894,2398.40706205757,2650.97630966796,2556.16162245306,2299.23107349488,2702.03855202965,2743.4584768337,2962.52366333426,3234.25762506048,3536.21799807849,3658.56880725863,5497.36455732835,5878.66476833314,5013.03293584207,5511.8817923739,6744.36599856854,6454.96985098284,5997.00506810443,6407.80220459341,7884.70086701435,8508.15512445641,8055.62938300904,9424.22311889692,10586.5786923305,11388.962369963,13083.897321294,14088.2579761489,13624.9986813358,14704.0430139626,14582.3351241699,15885.7815505534,17183.3011011867,18238.4658028131,21001.2826979183,22511.4995596299,21978.1111800113,21588.4222184321
"CO2","gib","ktCO2",0,0,0,0,0,0,0,0,0,0,0,0,0,0,0,0,0,0,0,0,0,0,0,0,0,0,0,0,0,0,0,0,0,0,0,0,0,0,0,0,0,0,0,0,0,0,0,0,0,0,0,0,0,0,0,0,0,0,0,0,0,0,0,0,0,0,0,0,0,0,0,0,0,0,0,0,0,0,0,0,0,0,0,0,0,0,0,0,0,0,0,0,0,0,0,0,0,0,0,0,0,4.83456268545205e-06,9.77900179557341e-06,1.48333173303643e-05,1.99975092898244e-05,2.52715776739537e-05,3.06555224827528e-05,3.61493437162209e-05,4.17530413743583e-05,4.74666154571655e-05,5.32900659646417e-05,5.86782837455109e-05,6.4077267196272e-05,6.94870163169255e-05,7.49075311074702e-05,8.03388115679069e-05,8.57808576982354e-05,9.12336694984556e-05,9.66972469685677e-05,0.000102171590108573,0.000107656698918468,0.00011315371521173,0.000118661605919023,0.000124180371040348,0.000129710010575706,0.000135250524525096,0.000154743328900425,0.000174275002501058,0.000193845545326991,0.000213454957378223,0.000233103238654758,0.000252792940043982,0.000272521903276942,0.00029229012835364,0.00031209761527408,0.000331944364038255,0.000351830374646172,0.000371755647097826,0.000391720181393214,0.000411723977532345,0.000431767035515214,0.000451853914917148,0.000471980452747102,0.000492146649005074,0.000512352503691063,0.000532598016805072,0.000552883188347099,0.000573208018317145,0.00059357250671521,0.000613976653541293,0.000634420458795395,0.000654910531060069,0.000675440662342944,0.000696010852644019,0.000716621101963295,0.000737271410300772,0.000757961777656449,0.000778692204030328,0.000799462689422406,0.000820273233832685,0.000841123837261165,0.000870721716876611,0.000900764696694287,0.000931252776714192,0.000962185956936327,0.000993564237360691,0.00102538761798729,0.00105765609881611,0.00109036967984716,0.00112352836108044,0.00115713214251595,0.00119249145432328,0.00122834532191086,0.00126469374527869,0.00130153672442678,0.00133887425935512,0.00137670635006372,0.00141503299655258,0.00145385419882169,0.00149316995687105,0.00153298027070067,0.00157501592704356,0.00161760108980895,0.00166073575899685,0.00170441993460726,0.00174865361664016,0.00179343680509558,0.0018387694999735,0.00188465170127393,0.00193108340899686,0.00197806462314229,0.00202782372142609,0.00207819338240155,0.0021291736060687,0.00218076439242751,0.00223296574147799,0.00228577765322015,0.00233920012765398,0.00239323316477948,0.00244787676459666,56.347775034908,65.6044168180435,40.5301479080843,40.4470631805136,40.3639756949237,40.2808857327708,40.1977946417972,40.1147041003579,40.0316173385874,39.9485371875161,39.865466323302,39.7824064213472,42.7530292869733,39.6165496943377,45.6151767645648,39.4507309616643,45.4237896433482,51.3712773123837,54.2779914934789,54.1631131119028,57.0506137289875,69.5846779176221,60.1266792095918,59.9741377079962,59.9825743926811,63.0661736095915,63.0747026733921,59.935868963974,56.7486930730178,78.9591479209485,94.8986327532372,88.4751907450641,97.9906531536404,88.4276934340244,85.1918509133013,91.5113948908418,117.070794475197,129.500636130845,145.166600474229,138.695042804529,145.119998125154,205.544924271315,243.478618123597,246.620482761947,291.203674314275,284.83063496636,291.160345292729,300.669811473723,316.506429281259,329.155315681701,344.943785275854,354.451510077463,360.779427729891,367.107450283799,398.817085611873,411.472036202557,430.54966677871,427.456685270688,436.864983612395,478.028623861805,481.201021827838,465.36643851652,474.869372374183,506.427869193162,544.361444574453,594.941653454956,620.416413747938,658.443019666037,696.565140274204,731.781339937731,656.752287372877,661.524373713259,654.680188481675,654.117230295454
"CO2","gin","ktCO2",0,0,0,0,0,0,0,0,0,0,0,0,0,0,0,0,0,0,0,0,0,0,0,0,0,0,0,0,0,0,0,0,0,0,0,0,0,0,0,0,0,0,0,0,0,0,0,0,0,0,0,0,0,0,0,0,0,0,0,0,0,0,0,0,0,0,0,0,0,0,0,0,0,0,0,0,0,0,0,0,0,0,0,0,0,0,0,0,0,0,0,0,0,0,0,0,0,0,0,0,0,0.000497200230123188,0.000995235389264215,0.00149410547742308,0.00199381049459978,0.00249435044079434,0.00299572531600672,0.00349793512023693,0.004000979853485,0.00450485951575089,0.00500957410703462,0.00552177750042735,0.0060360256179454,0.00655231845958877,0.00707065602535747,0.00759103831525149,0.00811346532927075,0.00863793706741542,0.00916445352968539,0.00969301471608068,0.0102236206266013,0.0107567094164169,0.0112918846594217,0.0118291463556155,0.0123684945049985,0.0129099291075704,0.0134534501633317,0.0139990576722819,0.0145467516344213,0.0150965320497497,0.0156483989182673,0.0162030122404726,0.0167597545965442,0.0173186259864823,0.0178796264102869,0.018442755867958,0.0190080143594954,0.0195754018848992,0.0201449184441693,0.020716564037306,0.0212903386643093,0.0218671330434291,0.022446099906086,0.0230272392522802,0.0236105510820115,0.02419603539528,0.0247836921920856,0.0253735214724286,0.0259655232363086,0.0265596974837258,0.0271560442146802,0.0278983116146748,0.0286483886819515,0.0294062754165107,0.0301719718183522,0.0309454778874763,0.0317267936238826,0.0325159190275715,0.0333128540985426,0.0341175988367962,0.034930153242332,0.0363590343875528,0.0378156765794791,0.0393000798181107,0.0408122441034476,0.04235216943549,0.0439198558142378,0.0455153032396913,0.0471385117118497,0.0487894812307138,0.0504682117962832,0.0523320976240064,0.0542281781383071,0.0561564533391848,0.0581169232266396,0.0601095878006716,0.0621344470612808,0.0641915010084675,0.0662807496422311,0.068402192962572,0.07055583096949,0.0729571385607541,0.0753959612064416,0.0778722989065518,0.080386151661086,0.0829375194700435,0.085526402333424,0.0881528002512282,0.0908167132234557,0.0935181412501062,0.0962570843311805,0.0993240345510772,0.102434884266813,0.105589633478387,0.1087882821858,0.112030830389051,0.115317278088142,0.118647625283071,0.122021871973838,0.152841550185839,129.579873654301,82.3637204726588,98.9536474059715,109.12300451933,127.800291110866,134.673142848682,155.26947208183,170.577629498983,152.980782178043,146.562409622485,382.421232399667,575.048705418933,617.771121977547,653.908695963285,659.194530378073,657.621351191028,680.358478624236,689.339206451575,712.36659219289,714.55635865174,758.861173797542,819.12946371824,822.235058637761,830.727839936582,868.033910371902,887.637644910999,945.932048552221,898.178522913019,873.069428297443,937.813432452309,909.870193979519,954.374236823864,940.112027430351,904.01958054513,931.401442227975,959.097651419942,963.315923068142,974.584829792998,997.860451935777,1032.94462770175,957.152019082063,969.59287036572,970.365489778944,1004.88473887246,1023.31633820998,1049.8579424475,1087.80913569534,1075.0115520858,1258.02544083556,1278.11787909759,1245.8883033975,1324.21066358233,1291.33341464912,1224.5747343075,1295.97138463049,1392.64831786408,1392.18302277061,1460.45779485435,2157.79917437114,2307.83093278938,2701.61097238128,2479.81488730001,2645.67950226232,2681.37238784566,2805.77320305184,3082.32299612545,3278.10631631788,3687.99903816294,4002.00649203776,4319.03527616272,4447.07878596815,4631.81433487342,4925.26810583717,4862.42761338609
"CO2","global","ktCO2",0,0,0,0,0,0,0,0,0,0,0,0,0,0,0,0,0,0,0,0,0,0,0,0,0,0,0,0,0,0,0,0,0,0,0,0,0,0,0,0,0,0,0,0,0,0,0,0,0,0,0,0,0,0,0,0,0,0,0,0,0,0,0,0,0,0,0,0,0,0,0,48.4192592382501,96.961666532691,145.503916843442,194.057205044918,242.589160446501,291.13276960009,339.675432127393,388.218711595134,436.774236154744,485.310515498293,825.155290704414,1165.01452269515,1504.80723682702,1844.64702271853,2184.47577938575,2524.28245513729,2864.08074325475,3203.87921263431,3543.68144987867,3883.45619211689,4314.97082283713,4746.47130394433,5177.9991973263,5609.50928659446,6040.99969709751,6472.51778846982,6904.03392140175,7335.57951653027,7767.09184165745,8198.58979000577,8625.37330390719,9051.91266884122,9477.88218725065,9900.2589175282,10325.6885841858,10989.0283559938,11654.6888398482,12321.0061553584,12980.0008510035,13634.3333120527,14631.2553305768,15634.9778919238,16629.8048058092,17620.3325710875,18611.0396167143,19613.6385908455,20617.2281722166,21627.2460693309,22628.0110437922,23635.1029791926,25411.9986538244,27179.7963783778,28954.6236441691,30748.1466777103,32515.9308011337,34269.6818812291,36017.2144955817,37771.1824995199,39508.7618216889,41200.0035795769,43696.6780182428,46197.6112417134,48667.4608365311,51191.4009366873,53697.1056538173,56226.3061515169,58737.5212543063,61202.6006981122,63711.98581962,66232.1226404427,69614.3761512951,73110.9945473632,76629.678074042,79992.90142078,83445.4711538922,86875.7055266404,90314.5108150845,93804.1819292398,97201.8036641776,100625.670752164,106184.648112624,111708.467084988,117272.262614729,122749.21133061,128273.868010984,133691.088035448,138543.054857954,143740.102382346,149109.562807947,153954.280609195,159222.112605629,164583.956701722,169122.695091026,171281.749238244,173370.482810611,173854.771513792,175291.554135283,175798.360365087,177218.300387105,176698.700050993,179020.504877867,179821.323608019,178916.288450673,181576.942326379,183083.757185792,186862.387515101,188360.292047629,192463.4493092,194509.097951802,182976.860152382,172018.122986187,160842.426734534,147005.84831161,153953.298779809,160844.758550858,166856.020931958,171820.094884757,155315.522453833,161029.040434617,166224.232909223,170005.141678337,175905.931028457,179384.166357532,183819.931908841,190221.496225753,198767.63276512,205520.312599703,211855.526163655,222852.201733167,231470.846735313,219433.870629142,227837.181198513,232509.338130253,236017.54071569,263165.535892491,287972.311317393,308987.295621647,292377.251236105,290957.113487321,326507.97815476,358896.170014651,363934.956172083,384752.409952667,422195.665516516,440448.401329192,424341.608654627,462521.85890334,499932.873746716,462957.042570885,507371.549571287,525097.804142438,552478.459729862,581124.015274032,540774.581201999,511461.605109969,521646.728781603,534055.899225659,541564.774750243,558643.662655623,546471.16058595,514521.418488185,484250.520517363,465301.433768177,483843.937204647,517135.46039055,560538.583936796,588845.222656997,636620.094612594,685379.82671321,697947.636770983,724451.552406268,744721.776054714,776064.676366317,814809.025132906,843852.89955652,846949.329926576,913555.306627489,922277.371017206,938605.420617817,1002593.80396371,1003886.39562269,1034326.80511566,1073456.41387416,1168629.93111455,1241555.82655861,1330906.71730363,1410645.89900429,1469146.95533247,1286529.08321369,1244337.9958565,1352674.29061538,1271479.57739836,1269178.47745746,1290509.21679107,1343771.88229565,1403671.0189493,1457925.64054975,1472908.42600671,1475828.42135584,1074926.28450968,1134653.59066809,1273595.12826628,1375260.89527626
"CO2","glp","ktCO2",0,0,0,0,0,0,0,0,0,0,0,0,0,0,0,0,0,0,0,0,0,0,0,0,0,0,0,0,0,0,0,0,0,0,0,0,0,0,0,0,0,0,0,0,0,0,0,0,0,0,0,0,0,0,0,0,0,0,0,0,0,0,0,0,0,0,0,0,0,0,0,0,0,0,0,0,0,0,0,0,0,0,0,0,0,0,0,0,0,0,0,0,0,0,0,0,0,0,0,0,0,7.11404597889626e-05,0.000142753613662902,0.000214839461621817,0.000287398003665711,0.000360429239794579,0.000433933170008423,0.000507909794307245,0.000582359112691043,0.000657281125159819,0.000732675831713572,0.000808722530108666,0.00088527452218081,0.000962331807929993,0.00103989438735622,0.0011179622604595,0.00119653542723981,0.00127561388769718,0.00135519764183159,0.00143528668964303,0.00151588103113152,0.00159716361745599,0.00167896892137739,0.00176129694289575,0.00184414768201104,0.00192752113872328,0.00201141731303244,0.00209583620493857,0.00218077781444163,0.00226624214154162,0.00235222918623857,0.00243901833207565,0.00252634822025438,0.00261421885077479,0.00270263022363687,0.0027915823388406,0.002881075196386,0.00297110879627306,0.00306168313850178,0.00315279822307218,0.00324445404998424,0.00333703286813464,0.00343017107491436,0.00352386867032339,0.00361812565436173,0.00371294202702937,0.00380831778832633,0.00390425293825257,0.00400074747680814,0.00409780140399302,0.0041954147198072,0.00429407930045921,0.00439332255900363,0.0044931444954404,0.00459354510976959,0.00469452440199117,0.0047960823721051,0.00489821902011145,0.0050009343460102,0.00510422834980128,0.0052081010314848,0.00529596381809146,0.00538386139495213,0.0054717937620669,0.00555976091943569,0.00564776286705853,0.00573579960493545,0.0058238711330664,0.0059119774514514,0.00600011856009045,0.00608829445898357,0.00617650762318887,0.00626475564736818,0.00635303853152152,0.00644135627564881,0.00652970887975012,0.00661809634382544,0.00670651866787472,0.00679497585189806,0.00688346789589537,0.00697199479986666,0.0070605593931285,0.00714915891622401,0.00723779336915316,0.007326462751916,0.00741516706451251,0.00750390630694266,0.0075926804792065,0.00768148958130401,0.00777033361323516,0.007859212575,0.00794812965158334,0.00803708172799999,0.00812606880425,0.00821509088033334,0.00830414795624999,0.008393240032,0.00848236710758334,0.00857152918299999,0.00866072625825,9.23062728971799,9.75123847231773,9.78736642887196,9.82468138527369,10.9579878240995,12.1011995526462,13.8065160694868,16.6353647367036,16.7069646191578,21.8109302244458,24.1545139778742,27.0850054043259,28.9111610322137,31.8950563586891,33.7655362865002,32.2071969399706,39.8792887111745,45.8892636004519,44.3756772324762,49.8897068227528,52.501132409286,60.0780769847635,75.3334296769469,74.9228121947073,66.5556268589084,81.4386228913156,88.97823510071,94.5217443082217,99.08738992426,100.870405370164,102.577620318545,157.058714654463,146.620320349389,152.366636299481,167.646256058601,171.965301894025,193.845390830075,216.343541086347,247.319672235352,280.992659906552,675.464388869295,733.172186397983,783.68224491524,801.415937215384,840.403373361725,874.3827526744,875.845629938481,910.901176824635,919.925245385267,1004.83328638063,1174.78125706072,1144.46608666335,554.114306146241,566.754272196074,501.386996289405,468.08521747455,488.265809380609,522.374342634605,555.027031757708,579.183322391706,555.380169622578,400.211022690986,421.448885370667,422.961550195681,425.320721461985,439.233999008693,441.507662816476,447.042767198698,450.189259725267,459.830398207591,413.175423887712,428.786812618126,448.250154188067,464.88472777639
"CO2","gmb","ktCO2",0,0,0,0,0,0,0,0,0,0,0,0,0,0,0,0,0,0,0,0,0,0,0,0,0,0,0,0,0,0,0,0,0,0,0,0,0,0,0,0,0,0,0,0,0,0,0,0,0,0,0,0,0,0,0,0,0,0,0,0,0,0,0,0,0,0,0,0,0,0,0,0,0,0,0,0,0,0,0,0,0,0,0,0,0,0,0,0,0,0,0,0,0,0,0,0,0,0,0,0,0,5.29450858816846e-05,0.000105979080387856,0.000159101983518514,0.000212313795273657,0.000265614515653287,0.000319004144657405,0.00037248268228601,0.000426050128539096,0.000479706483416674,0.000533451746918738,0.000587994466348593,0.00064275492118535,0.000697733111429018,0.000752929037079589,0.000808342698137063,0.000863974094601447,0.000919823226472736,0.000975890093750932,0.00103217469643603,0.00108867703452803,0.00114544376561414,0.00120243267568688,0.00125964376474626,0.00131707703279228,0.00137473247982494,0.00143261010584423,0.00149070991085017,0.00154903189484276,0.00160757605782196,0.00166634239978781,0.00172540120184832,0.00178468671716049,0.00184419894572434,0.00190393788753987,0.00196390354260706,0.00202409591092593,0.00208451499249647,0.00214516078731867,0.00220603329539255,0.0022671325167181,0.00232855330071694,0.00239020542476852,0.00245208888887281,0.00251420369302983,0.00257654983723958,0.00263912732150206,0.00270193614581726,0.00276497631018518,0.00282824781460585,0.0028917506590792,0.00294611668485725,0.00300034667191359,0.00305444062024819,0.00310839852986111,0.00316222040075233,0.0032159062329218,0.0032694560263696,0.00332286978109567,0.00337614749710005,0.00342928917438273,0.00354709363383489,0.00366688660606995,0.00378866809108796,0.00391243808888888,0.00403819659947272,0.00416594362283952,0.00429567915898921,0.0044274032079218,0.00456111576963734,0.0046968168441358,0.00485126678217593,0.00500817735555555,0.00516754856427471,0.00532938040833333,0.00549367288773147,0.00566042600246915,0.00582963975254628,0.00600131413796297,0.00617544915871914,0.00635204481481479,0.00655404626249999,0.00675907489259259,0.00696713070509258,0.0071782137,0.00739232387731483,0.00760946123703704,0.00782962577916668,0.00805281750370369,0.00827903641064812,0.00850828249999999,0.00877148924166667,0.00903840302222223,0.00930902384166665,0.00958335170000001,0.00986138659722223,0.0101431285333333,0.0104285775083333,0.0107177335222222,0.011010596575,13.7406490077743,13.7253716759532,10.3179469017635,10.3402243148068,13.8131384290701,13.8446357581776,17.3435371812595,20.8587085174582,24.3916890063174,17.4702712079388,17.5148845038365,21.0698374684009,24.6432853035638,28.2368387938689,28.3144639337824,28.3938492831901,32.0316803154541,32.1248920533894,35.7975684780288,46.6710190284039,47.0184118715535,56.6313217436521,66.3370103386009,65.6813330416471,65.8295481963916,104.737553717637,106.20110807332,113.633944433982,134.829609206647,145.412079364685,148.662433170469,151.718561763009,153.831219971502,152.340707293187,163.162795192372,165.555961798166,155.257447193881,175.23829291663,177.239022915167,176.782407396855,171.678112389194,177.263943960821,177.174347694427,188.152305188996,191.344209426066,198.925045294442,202.874669344437,199.168658282206,263.258248570409,286.274926276298,297.189334645726,321.418206339598,343.734089206043,321.412332381494,348.179306174144,367.776204200067,383.783987175399,456.206088450076,436.026311771811,470.071850313724,507.949781863915,399.569419342886,426.32909451538,432.109355577406,452.171185782676,496.701365262173,528.21275624985,594.186504025172,644.710680260898,695.721482062746,716.623196767728,746.312564550953,793.513823345774,783.35234006936
"CO2","gnb","ktCO2",0,0,0,0,0,0,0,0,0,0,0,0,0,0,0,0,0,0,0,0,0,0,0,0,0,0,0,0,0,0,0,0,0,0,0,0,0,0,0,0,0,0,0,0,0,0,0,0,0,0,0,0,0,0,0,0,0,0,0,0,0,0,0,0,0,0,0,0,0,0,0,0,0,0,0,0,0,0,0,0,0,0,0,0,0,0,0,0,0,0,0,0,0,0,0,0,0,0,0,0,0,9.09964031627697e-05,0.000182145613047895,0.000273447629655376,0.000364902452985212,0.000456510083037403,0.000548270519811952,0.000640183763308857,0.000732249813528113,0.000824468670469729,0.000916840334133701,0.00101058258054206,0.00110469904749497,0.00119918973499243,0.00129405464303442,0.00138929377162096,0.00148490712075205,0.00158089469042768,0.00167725648064786,0.00177399249141257,0.00187110272272183,0.00196866736469233,0.00206661386436135,0.00216494222172887,0.00226365243679491,0.00236274450955947,0.00246221844002252,0.00256207422818412,0.00266231187404422,0.00276293137760282,0.00286393273885995,0.00296543674953656,0.00306733041092591,0.00316961372302806,0.00327228668584299,0.00337534929937066,0.00347880156361112,0.00358264347856434,0.00368687504423032,0.00379149626060909,0.00389650712770062,0.00400207066263984,0.00410803180034723,0.00421439054082273,0.00432114688406635,0.00442830083007812,0.00453585237885804,0.00464380153040605,0.00475214828472222,0.00486089264180652,0.00497003460165895,0.00509280818000579,0.00521649834212963,0.00534110508803047,0.00546662841770833,0.00559306833116321,0.00572042482839505,0.00584869790940392,0.00597788757418983,0.00610799382275268,0.0062390166550926,0.0064823254179977,0.00673020221867283,0.00698264705711806,0.00723965993333334,0.00750124084731866,0.00776738979907407,0.00803810678859954,0.00831339181589504,0.00859324488096064,0.00887766598379629,0.00919546103923609,0.00951863556666666,0.00984718956608797,0.0101811230375,0.0105204359809028,0.0108651283962963,0.0112152002836805,0.0115706516430555,0.0119314824744213,0.0122976927777778,0.01270871825625,0.0131260969277778,0.0135498287923611,0.01397991385,0.0144163521006945,0.0148591435444444,0.01530828818125,0.0157637860111111,0.0162256370340278,0.01669384125,0.0172215638291667,0.0177568080666667,0.0182995739625,0.0188498615166667,0.0194076707291666,0.0199730016,0.0205458541291667,0.0211262283166667,0.0217141241625,6.78934009322809,3.40255117126293,10.1836516563446,6.81206228736969,6.82764103944569,10.2529129994367,10.2773215622755,10.3027537644753,10.3284720645391,13.797099195357,17.2839364769381,27.7097646952075,38.1923427420509,45.2541676531406,55.8457369168035,63.0007410576813,63.1829249156273,45.7755933956678,60.0299467902282,56.6733043528494,67.58350189477,74.5646258078928,66.1837251839255,113.80503744134,106.405087446904,119.727566338798,102.208453997378,102.711935858788,99.8621695002064,109.491665968242,138.103817691678,137.99450965717,137.05749077419,135.786490461037,153.457571035958,166.156044170877,176.699336440479,189.951612413428,209.207063946744,226.910058467585,227.18378888383,229.240689044545,232.21569436478,249.929830152931,254.095306473017,258.67424157254,267.055387826738,242.554839367456,196.579260946581,219.94763884139,163.852800897299,176.715456191402,176.029898144367,205.58558972652,225.507950700965,250.400502811034,254.471778488175,277.605135343978,250.659894182382,262.344851057926,265.82358412721,241.624588641335,257.31835106692,260.657378040535,272.35153716453,298.658408151051,317.315647556673,356.228940893037,386.059208628363,416.170620218999,427.942729839738,445.503308658084,473.353609971026,467.481297039175
"CO2","gnq","ktCO2",0,0,0,0,0,0,0,0,0,0,0,0,0,0,0,0,0,0,0,0,0,0,0,0,0,0,0,0,0,0,0,0,0,0,0,0,0,0,0,0,0,0,0,0,0,0,0,0,0,0,0,0,0,0,0,0,0,0,0,0,0,0,0,0,0,0,0,0,0,0,0,0,0,0,0,0,0,0,0,0,0,0,0,0,0,0,0,0,0,0,0,0,0,0,0,0,0,0,0,0,0,6.84070310503301e-05,0.000136928935368587,0.00020556571295477,0.000274317363808881,0.000343183887930916,0.00041216528532088,0.00048126155597877,0.000550472699904586,0.00061979871709833,0.000689239607560001,0.000759710840904399,0.0008304633965376,0.000901497274459601,0.000972812474670399,0.00104440899717,0.0011162868419584,0.0011884460090356,0.0012608864984016,0.0013336083100564,0.001406611444,0.00147995618358,0.00155358798672,0.00162750685342,0.00170171278368,0.00177620577750001,0.00185098583487999,0.00192605295582,0.00200140714032001,0.00207704838837999,0.0021529767,0.00222928288100001,0.00230588198399999,0.002382774009,0.00245995895600001,0.00253743682499999,0.002615207616,0.00269327132900001,0.00277162796399999,0.002850277521,0.00292922000000001,0.00300857794999999,0.0030882348,0.00316819055000001,0.00324844519999999,0.00332899875,0.00340985120000001,0.00349100254999999,0.0035724528,0.00365420195000001,0.00373624999999999,0.0038187525,0.00390156000000001,0.00398467249999999,0.00406809,0.00415181250000001,0.00423583999999999,0.0043201725,0.00440481000000001,0.00448975249999999,0.004575,0.00467827808333334,0.00478244233333333,0.00488749275,0.00499342933333334,0.00510025208333333,0.005207961,0.00531655608333334,0.00542603733333333,0.00553640475,0.00564765833333334,0.00575979808333333,0.005872824,0.00598673608333334,0.00610153433333333,0.00621721875,0.00633378933333334,0.00645124608333333,0.006569589,0.00668881808333334,0.00680893333333333,0.00692993475,0.00705182233333334,0.00717459608333333,0.007298256,0.00742280208333334,0.00754823433333333,0.00767455275,0.00780175733333334,0.00792984808333333,0.008058825,0.00818868808333334,0.00831943733333333,0.00845107275,0.00858359433333334,0.00871700208333332,0.008851296,0.00898647608333334,0.00912254233333333,0.00925949475,177.131369692783,177.120068607563,177.141509000953,177.163554521497,472.479577566737,590.67428761765,590.753826674055,531.753063642712,768.191919238688,768.303684129686,354.660792713727,354.715077191779,354.770644257472,413.963380804972,414.031220121666,473.255994017621,414.171567853053,414.244079000659,473.504328738644,710.378353053416,792.371363210926,807.695624833268,801.671721598546,713.680992092739,702.521314316604,685.327632783306,660.818704410764,635.225973038795,627.213258671003,621.000428312953,629.158278877939,673.346536651041,724.365409437518,770.501832879948,844.915866036296,882.488838506873,937.708816125727,990.458099613403,1025.72974782113,1066.60990113983,1091.13646189605,1194.79517391094,1242.90000532659,1182.18071872858,1163.83839950934,1318.29329036497,1395.81727598508,2014.18329321744,2323.25122809827,2748.60435102531,2760.30282034046,3342.90321904713,3372.68545643366,4651.86939190883,4617.29417431049,4146.22461664096,4178.01153407878,4505.67727256439,4607.84753444052,4266.9963134934,4366.4426102842,4363.13513804648,3790.51009324642,3873.98106307687,3874.41169098479,3717.88225006178,3492.2548805794,3297.97002527494,3237.44678679417,3087.68840097881,3228.05414194597,3059.534059713,2920.25264437142,2956.92020514777
"CO2","grc","ktCO2",0,0,0,0,0,0,0,0,0,0,0,0,0,0,0,0,0,0,0,0,0,0,0,0,0,0,0,0,0,0,0,0,0,0,0,0,0,0,0,0,0,0,0,0,0,0,0,0,0,0,0,0,0,0,0,0,0,0,0,0,0,0,0,0,0,0,0,0,0,0,0,0,0,0,0,0,0,0,0,0,0,0,0,0,0,0,0,0,0,0,0,0,0,0,0,0,0,0,0,0,0,0.451790988964138,0.91216735921017,1.38112911073809,1.8586762435479,2.3448087576396,2.83952665301319,3.34282992966868,3.85471858760606,4.37519262682533,4.90425204732645,5.44658646662478,5.99835892493505,6.55956942225727,7.13021795859142,7.71030453393751,8.29982914829551,188.477528235373,99.2965607109014,217.03096668167,225.466014601368,327.625673535637,199.467609146154,219.668722173564,173.515306012345,189.83558462581,14.8787462664281,15.6083196086214,16.349453793328,21.0060343951941,17.8664046902819,18.6609174320164,19.4682001860171,24.1921385269297,21.1210757308168,21.9666685216159,22.8250313246811,23.6961641400125,28.4839525422559,25.4767398074737,26.3861826596034,27.3367581649211,422.593932843157,376.726193720104,385.527008775783,363.110895367986,430.498306310732,419.822161894253,526.276740850837,293.107430946925,481.571919238451,482.572444120165,393.794158913198,465.085740394884,419.27131276537,338.332473092217,319.86636074157,500.508970826035,821.702019725924,643.208273199321,812.170900944369,1012.39493577249,49.272276307128,1475.33879547598,63.2917088282785,76.1740638772745,124.202596049051,152.722907298566,189.062196648341,170.758294904043,780.991177628691,852.782480541001,784.053102034177,1043.26931106572,1446.94848562726,2208.384063221,2043.73979975509,2585.04612402773,2661.4823650006,3023.05174052907,3187.25163839283,3062.81450417416,3020.0360606474,2612.32178772705,3197.26619294674,3295.38665077791,3798.90186931617,4050.78422223541,3176.49906952293,388.109795767076,363.845087334938,247.073808686517,339.736901506477,327.004950019724,219.287163367575,177.713018819958,244.326197315369,297.541794446284,1605.75948390486,1919.08899871165,4774.99167812523,5307.60143389359,5551.84352659694,5537.34207229718,5625.62929463668,6608.90794755494,6967.49973290401,7445.68938095434,8056.54313386095,8618.35780905193,9120.72609011927,10258.2530523102,11066.8612923858,12170.275003242,14248.562436846,16287.6111636259,18059.6191818942,19081.9542587631,20941.1643194154,23368.4633077369,25832.1308785071,29602.9204571483,33932.6095786802,38907.3597623853,38234.9405477952,40202.6945202909,45210.5926559823,47480.267340168,50169.0462356611,52943.1086586782,53417.3744792603,52747.2890060769,53814.5315010427,57515.1795979978,59040.9124122828,62522.4126818874,62201.4599853244,67380.0583898092,71436.6964685957,76186.1808013184,78853.5259834801,79028.3877467971,80325.2548920216,79899.316509942,81472.0074706046,83085.1903805248,84551.7660366711,88444.0306669085,92796.0009182891,92127.1266315728,96906.9629656179,99349.1413248863,99631.4523584144,102719.453869583,102567.253083597,104736.247510296,104625.195034829,108088.736677175,102921.06798925,97231.0771211611,90116.0542796888,87813.0973342121,83944.5545459792,75424.6999159767,73183.8686103834,70493.3122919795,68130.9514093859,70830.9315403119,68772.2158648835,63389.2067882528,54476.2926954293,56241.9094198781,56101.4667701544,52151.9220845348
"CO2","grd","ktCO2",0,0,0,0,0,0,0,0,0,0,0,0,0,0,0,0,0,0,0,0,0,0,0,0,0,0,0,0,0,0,0,0,0,0,0,0,0,0,0,0,0,0,0,0,0,0,0,0,0,0,0,0,0,0,0,0,0,0,0,0,0,0,0,0,0,0,0,0,0,0,0,0,0,0,0,0,0,0,0,0,0,0,0,0,0,0,0,0,0,0,0,0,0,0,0,0,0,0,0,0,0,2.59751993808471e-05,5.21229914486101e-05,7.8443376203289e-05,0.000104936353644884,0.000131601923773394,0.000158440086588821,0.000185450842091164,0.000212634190280422,0.000239990131156597,0.000267518664719688,0.000295285257161282,0.000323236345233719,0.000351371928936997,0.000379692008271115,0.000408196583236074,0.000436885653831876,0.000465759220058517,0.000494817281916001,0.000524059839404325,0.000553486892523491,0.000583165241415699,0.000613034447857053,0.000643094511847553,0.000673345433387199,0.000703787212475993,0.000734419849113927,0.000765243343301013,0.000796257695037246,0.000827462904322617,0.000858858971157141,0.000890547905610183,0.000922434278907162,0.000954518091048092,0.000986799342032966,0.00101927803186178,0.00105195416053454,0.00108482772805125,0.00111789873441189,0.00115116717961648,0.00118463306366503,0.00121843595539546,0.00125244309420585,0.00128665448009618,0.00132107011306644,0.00135568999311665,0.00139051412024681,0.0014255424944569,0.00146077511574694,0.00149621198411692,0.00153185309956684,0.001567878058667,0.00160411430784986,0.00164056184711541,0.00167722067646367,0.00171409079589462,0.00175117220540827,0.00178846490500462,0.00182596889468368,0.00186368417444542,0.00190161074428987,0.00193369169241749,0.00196578534335568,0.00199789169710447,0.00203001075366383,0.00206214251303378,0.00209428697521431,0.00212644414020543,0.00215861400800712,0.0021907965786194,0.00222299185204227,0.00225520073198268,0.00228742234019021,0.00231965667666486,0.00235190374140662,0.0023841635344155,0.0024164360556915,0.00244872130523461,0.00248101928304485,0.0025133299891222,0.00254565342346666,0.002577990619134,0.002610340568576,0.00264270327179266,0.002675078728784,0.00270746693955,0.00273986790409066,0.002772281622406,0.002804708094496,0.00283714732036066,0.0028695993,0.00290206519633334,0.002934543872,0.002967035327,0.00299953956133334,0.003032056575,0.003064586368,0.00309712894033334,0.003129684292,0.003162252423,1.12455542894707,1.68154656238276,1.68764351125675,1.69395200260451,1.70046836350936,1.70718893272131,1.71410989232368,1.72122735689982,2.30341949859963,2.31337995129783,3.48332560677492,2.9165035311533,4.10007667565282,2.35569707368528,3.54810146639619,3.56522892804531,4.77544382730038,5.99791757656021,6.63067072435378,7.87571831551747,7.30823760010226,8.06787248851866,9.19110145621498,9.71981227158805,6.13607316120436,9.33943996938242,8.36927153099353,8.41925407516275,9.41660713880512,8.73535502735532,8.97800541683666,12.9564945516707,13.3729597182003,13.0274410801955,13.3677184321311,13.5447732938957,15.2304458801252,17.6339530490018,23.5592558452453,26.9205980559493,63.1239757276389,67.479136860582,72.7062345948792,74.9614415741078,87.1536792776617,96.0501241409369,97.9873903914231,109.806949057018,114.657152705839,132.305566017457,115.798227911447,113.889069836989,59.7639885297108,63.6481710462173,59.8913821356099,63.1688612321853,70.0886566695645,75.8251348638044,88.0111654493463,89.3431311425404,88.0551051961122,60.2308696350894,63.2893086213069,63.4642822675426,63.7677328090954,65.6569158482557,66.0056001699553,66.842681608961,67.3169216942023,68.7901240704259,61.6312427091089,64.0144912111308,66.9891128538481,69.5277063948603
"CO2","grl","ktCO2",0,0,0,0,0,0,0,0,0,0,0,0,0,0,0,0,0,0,0,0,0,0,0,0,0,0,0,0,0,0,0,0,0,0,0,0,0,0,0,0,0,0,0,0,0,0,0,0,0,0,0,0,0,0,0,0,0,0,0,0,0,0,0,0,0,0,0,0,0,0,0,0,0,0,0,0,0,0,0,0,0,0,0,0,0,0,0,0,0,0,0,0,0,0,0,0,0,0,0,0,0,3.39077578522183e-06,6.86527442933802e-06,1.04234959323486e-05,1.40654402942535e-05,1.77911075150528e-05,2.16004975947465e-05,2.54936105333345e-05,2.94704463308169e-05,3.35310049871937e-05,3.76752865024648e-05,4.19608503421201e-05,4.63406023980317e-05,5.08145426701994e-05,5.53826711586232e-05,6.00449878633032e-05,6.48014927842394e-05,6.96521859214317e-05,7.45970672748803e-05,7.9636136844585e-05,8.47693946305458e-05,9.01204626665989e-05,9.55774924459401e-05,0.000101140483968569,0.000106809437234488,0.000112584352243694,0.00012970704672284,0.000147197140566827,0.000165054633775651,0.000183279526349313,0.000201871818287814,0.000221134849576855,0.00024081120515134,0.000260900885011266,0.000281403889156638,0.000302320217587449,0.000323649870303704,0.000345392847305406,0.000367549148592546,0.000390118774165132,0.000413101724023161,0.00043709758332895,0.000461558432455861,0.000486484271403896,0.000511875100173053,0.000537730918763338,0.000564051727174742,0.000590837525407269,0.000618088313460925,0.0006458040913357,0.000673984859031597,0.000703595768494429,0.000733729791506025,0.000764386928066383,0.000795567178175506,0.000827270541833393,0.000859497019040043,0.000892246609795454,0.000925519314099632,0.000959315131952574,0.00099363406335428,0.00102988885021176,0.0010667321398116,0.0011041639321538,0.00114218422723836,0.00118079302506528,0.00121999032563456,0.0012597761289462,0.0013001504350002,0.00134111324379655,0.00138266455533527,0.0014267615184757,0.00147152054720129,0.00151694164151205,0.00156302480140795,0.001609770026889,0.00165717731795521,0.00170524667460657,0.00175397809684309,0.00180337158466477,0.0018534271380716,0.00190676034052107,0.00196083836675386,0.00201566121676995,0.00207122889056933,0.00212754138815201,0.00218459870951798,0.00224240085466726,0.00230094782359984,0.0023602396163157,0.00242027623281488,0.0024516568106184,0.00248297902248926,0.00251424286842743,0.00254544834843293,0.00257659546250577,0.00260768421064593,0.0026387145928534,0.00266968660912822,0.00270060025947034,0.024274417937066,0.0329815691267627,0.0330727774985485,0.0504067335855081,0.0375941490893417,0.145439834960791,0.0852694058530852,0.102672045210703,0.141633847041769,0.171991021155558,0.124801999478097,0.211185419599961,0.190026979716435,0.224909235787637,0.268445858446705,0.320641419853579,0.338419535834916,0.351938845149588,0.524894108003179,0.396237767788378,0.366619081959271,0.478331293412959,0.487047099219349,0.493836726740837,0.499116644526301,0.50309977907165,0.505758853372345,0.507241583303763,0.50839246769003,0.510259328489057,0.513642478976857,0.518860419286397,0.525727185942838,0.533722786152939,0.542121880753307,0.55013844502447,0.559078094229373,0.567954192166008,0.576306774089399,0.583855629309692,0.590511672065138,0.598530436918471,0.605627520703617,0.612131246930756,0.619527335538248,0.626757485305047,0.634881168315092,0.64308954776522,0.65235287299223,0.66362999076884,0.674617367569339,0.680573445832941,0.684128366435269,0.690516381008392,0.69602677379336,0.701916449796657,0.706200319273157,0.709117686395523,0.71639242070336,0.716981473045992,0.724104506824368,0.726692321350624,0.733581243271304,10.2701214819852,3.91402563344049,3.91355765293358,7.09972995496615,6.01753003476981,9.56534153376606,9.82066132029651,10.2672136957356,10.6992965491914,11.3891210464608,11.4021264333483
"CO2","gtm","ktCO2",0,0,0,0,0,0,0,0,0,0,0,0,0,0,0,0,0,0,0,0,0,0,0,0,0,0,0,0,0,0,0,0,0,0,0,0,0,0,0,0,0,0,0,0,0,0,0,0,0,0,0,0,0,0,0,0,0,0,0,0,0,0,0,0,0,0,0,0,0,0,0,0,0,0,0,0,0,0,0,0,0,0,0,0,0,0,0,0,0,0,0,0,0,0,0,0,0,0,0,0,0,0.000358958068584731,0.000727499463434638,0.00110562418454972,0.00149333223192998,0.00189062360557541,0.00229749830548602,0.00271395633166181,0.00313999768410277,0.0035756223628089,0.00402083036778022,0.0044756216990167,0.00493999635651836,0.0054139543402852,0.00589749565031722,0.00639062028661441,0.00689332824917677,0.00740561953800431,0.00792749415309702,0.00845895209445493,0.00899999336207799,0.00953158672000267,0.0100709509055293,0.010618085918658,0.0111729917593886,0.0117356684277212,0.0123061159236558,0.0128843342471924,0.0134703233983309,0.0140640833770714,0.0146656141834139,0.0152342283473673,0.0158079883408588,0.0163868941638883,0.0169709458164558,0.0175601432985614,0.0181544866102049,0.0187539757513866,0.0193586107221064,0.019968391522364,0.0205833181521598,0.0212089426907321,0.0218399838919759,0.0224764417558914,0.0231183162824784,0.0237656074717372,0.0244183153236676,0.0250764398382694,0.025739981015543,0.0264089388554883,0.027083313358105,0.02792460397928,0.0287776445751222,0.0296424351456313,0.0305189756908078,0.0314072662106513,0.0323073067051622,0.0332190971743402,0.0341426376181852,0.0350779280366975,0.036024968429877,0.0370218837696046,0.0380317990830775,0.0390547143702956,0.040090629631259,0.0411395448659676,0.0422014600744214,0.0432763752566205,0.0443642904125647,0.0454652055422543,0.0465791206456891,0.0477592856835947,0.0489539506941393,0.0501631156773228,0.0513867806331451,0.0526249455616065,0.0538776104627066,0.0551447753364458,0.0564264401828239,0.0577226050018407,0.0590332697934967,0.0612190589230402,0.0634405980095497,0.0656978870530253,0.0679909260534669,0.0703197150108746,0.0726842539252484,0.075084542796588,0.0775205816248939,0.0799923704101659,0.0824999091524037,13.1292527711239,13.1338354700522,13.1384970084058,13.1432373861845,17.5031732088936,17.5080712655227,17.513048161577,17.5181038970565,21.8668046704428,575.054154711742,593.158867548834,598.60469027862,631.747219961026,688.378317016078,848.483168357442,905.695153884472,914.404052305921,1047.79861132685,1148.55235913127,1244.90523912835,1304.95120551114,1281.13811881287,1414.17617706562,1646.33505624177,1841.76542369337,1624.10556889185,1849.35350688243,1988.90127927829,2124.4188679339,2147.45510585017,2420.82492713913,2671.2899780439,2833.55201625697,2945.68672261915,3272.05365839073,3186.89727936154,3653.68358032143,4076.71890114721,4565.00831227644,4552.07843058099,3941.21007031557,3495.73254709769,3032.2055989829,3391.70035408361,3545.68345351153,2719.88541176406,3455.21854578385,3415.66300491744,3593.07919253915,4107.49972485318,4213.69503795347,5019.22060268863,5359.08001865217,5685.89123446,6622.90750136037,6587.33736031479,6883.05703420583,8648.50532579318,8621.04626164299,9842.25540793207,10225.0963286918,10867.7049366207,10884.6338058645,10985.8774177279,11752.6492326966,11814.1506884082,12767.452655537,11603.6679394999,12208.0029320567,11773.5302915696,12097.117131558,12513.1512916902,13358.5983913022,14331.6133715028,16815.3003858873,17862.5577889015,16883.9186428113,18514.2342622078,19488.4196197098,17356.92317964,20075.1144351968,18899.5071406703,19546.6656570809
"CO2","guf","ktCO2",0,0,0,0,0,0,0,0,0,0,0,0,0,0,0,0,0,0,0,0,0,0,0,0,0,0,0,0,0,0,0,0,0,0,0,0,0,0,0,0,0,0,0,0,0,0,0,0,0,0,0,0,0,0,0,0,0,0,0,0,0,0,0,0,0,0,0,0,0,0,0,0,0,0,0,0,0,0,0,0,0,0,0,0,0,0,0,0,0,0,0,0,0,0,0,0,0,0,0,0,0,3.13538409762706e-06,6.35145378372443e-06,9.64820905829213e-06,1.30256499213302e-05,1.64837763728384e-05,2.00225884128171e-05,2.36420860412661e-05,2.73422692581853e-05,3.11231380635749e-05,3.49846924574349e-05,3.89854375414001e-05,4.30775055050421e-05,4.72608963483608e-05,5.1535610071356e-05,5.59016466740281e-05,6.03590061563769e-05,6.49076885184023e-05,6.95476937601044e-05,7.42790218814833e-05,7.91016728825388e-05,8.41422650527796e-05,8.92862389874123e-05,9.45335946864365e-05,9.98843321498528e-05,0.000105338451377661,0.00011089595236986,0.000116556835126452,0.000122321099647436,0.00012818874593281,0.000134159773982578,0.000140446123037909,0.00014684952735706,0.000153369986940035,0.000160007501786832,0.000166762071897451,0.000173633697271892,0.000180622377910155,0.00018772811381224,0.000194950904978147,0.000202290751407879,0.000210065563343222,0.000217972938359062,0.000226012876455397,0.000234185377632226,0.000242490441889551,0.000250928069227369,0.000259498259645682,0.000268201013144492,0.000277036329723797,0.000286004209383595,0.000295553255226645,0.000305252456428728,0.000315101812989845,0.000325101324909996,0.000335250992189184,0.000345550814827402,0.000356000792824658,0.000366600926180949,0.00037735121489627,0.00038825165897063,0.000399911088086582,0.000411740634190504,0.000423740297282397,0.000435910077362265,0.000448249974430098,0.000460759988485904,0.000473440119529684,0.00048629036756143,0.000499310732581148,0.000512501214588837,0.000526666085043732,0.000541023728020662,0.000555574143519626,0.000570317331540622,0.00058525329208365,0.000600382025148715,0.000615703530735812,0.000631217808844945,0.000646924859476108,0.000662824682629306,0.000679958909721608,0.000697311628630191,0.000714882839355055,0.000732672541896204,0.000750680736253635,0.000768907422427346,0.000787352600417342,0.000806016270223619,0.000824898431846177,0.00084399908528502,0.00086464704260937,0.000885542696410862,0.000906686046689496,0.000928077093445279,0.000949715836678204,0.000971602276388276,0.000993736412575492,0.00101611824523985,0.00103874777438135,1.08613026573561,1.62498847173224,1.63107037893957,1.63734077028732,2.19133052047846,2.2001880672055,2.20930228167533,2.21867470847129,2.78504264230422,3.35659394439571,3.37179933797389,3.38739552024958,3.40338282497281,3.98944013291748,4.58144751734909,5.7548990695738,6.94768869152167,11.0629148697992,13.4644308257069,13.5332081794598,16.5532014719789,16.8602360035627,19.2874665209023,20.2420877836431,16.4869631830489,22.4112466915386,46.7049546220114,58.2565614924735,58.8062392030747,96.9047842628745,68.3164277608271,70.1575517213652,75.3076208927947,77.052104215272,72.5259818768263,75.1456894556847,79.8535540866537,95.2030407352425,122.4638124522,169.030540818332,458.749404514651,489.584631974781,519.434264534736,517.194014927039,525.061825750592,539.864225708794,537.58753474619,547.337103792056,510.51191049629,421.995358469285,316.877024763193,347.922288848015,151.766861871468,202.720478704422,190.52713207894,181.105946275047,164.152217777402,204.172082071759,222.545890664431,234.971181686942,225.138796322645,162.049916070348,170.506711316298,171.139195201329,172.024139316774,177.17072998533,178.143943601592,180.470146560652,181.804561579543,185.833548969696,166.440924020567,172.942261081626,181.042430220769,187.957461945231
"CO2","gum","ktCO2",0,0,0,0,0,0,0,0,0,0,0,0,0,0,0,0,0,0,0,0,0,0,0,0,0,0,0,0,0,0,0,0,0,0,0,0,0,0,0,0,0,0,0,0,0,0,0,0,0,0,0,0,0,0,0,0,0,0,0,0,0,0,0,0,0,0,0,0,0,0,0,0,0,0,0,0,0,0,0,0,0,0,0,0,0,0,0,0,0,0,0,0,0,0,0,0,0,0,0,0,0,0,0,0,0,0,0,0,0,0,0,0,0,0,0,0,0,0,0,0,0,0,0,0,0,0,0,0,0,0,0,0,0,0,0,0,0,0,0,0,0,0,0,0,0,0,0,0,0,0,0,0,0,0,0,0,0,0,0,0,0,0,0,0,0,0,0,0,0,0,0,0,0,0,0,0,0,0,0,0,0,0,0,0,0,0,0,0,0,0,0,0,0,0,0,0,0,0,0,0,0,0,0,0,0,0,0,0,0,0,0,0,0,0,0,0,0,0,0,0,0,0,0,0,0,0,0,0,0,0,0,0,0,0,0,0,0,0,0,0,0,0,0,0,0,0,0,0,0,0,0,0,0,0,0,0,0,0,0,0,0,0,0,0,0,0,0,0,0,0,0,0,0,0
"CO2","guy","ktCO2",0,0,0,0,0,0,0,0,0,0,0,0,0,0,0,0,0,0,0,0,0,0,0,0,0,0,0,0,0,0,0,0,0,0,0,0,0,0,0,0,0,0,0,0,0,0,0,0,0,0,0,0,0,0,0,0,0,0,0,0,0,0,0,0,0,0,0,0,0,0,0,0,0,0,0,0,0,0,0,0,0,0,0,0,0,0,0,0,0,0,0,0,0,0,0,0,0,0,0,0,0,0.000250610519809271,0.000506728963130833,0.000768355329964688,0.00103548962031084,0.00130813183416927,0.00158628197154,0.00186994003242302,0.00215910601681833,0.00245377992472594,0.00275396175614584,0.00307263447364271,0.0033991756533,0.00373358529511771,0.00407586339909583,0.00442600996523437,0.00478402499353334,0.00514990848399271,0.0055236604366125,0.00590528085139271,0.00629476972833333,0.006703929760675,0.0071220823212,0.00754922740990833,0.0079853650268,0.00843049517187503,0.00888461784513331,0.009347733046575,0.00981984077620003,0.0103009410340083,0.01079103382,0.0113100311608667,0.0118393056768,0.0123788573678,0.0129286862338667,0.013488792275,0.0140591754912,0.0146398358824667,0.0152307734488,0.0158319881902,0.0164434801066667,0.0170953466394666,0.0177589585152,0.0184343157338667,0.0191214182954666,0.0198202662,0.0205308594474667,0.0212531980378666,0.0219872819712,0.0227331112474667,0.0234906858666666,0.0242958487852,0.0251141626528,0.0259456274694666,0.0267902432352,0.02764800995,0.0285189276138666,0.0294029962268,0.0303002157888,0.0312105862998666,0.03213410776,0.0334801892657334,0.0348528449695999,0.0362520748716,0.0376778789717334,0.03913025727,0.0406092097664,0.0421147364609334,0.0436468373536,0.0452055124444,0.0467907617333334,0.0486408478913333,0.050524219872,0.0524408776753334,0.0543908213013333,0.05637405075,0.0583905660213334,0.0604403671153333,0.062523454032,0.0646398267713334,0.0667894853333333,0.06931220571,0.0718766014400001,0.0744826725233333,0.07713041896,0.0798198407500001,0.0825509378933333,0.08532371039,0.0881381582400001,0.0909942814433333,0.09389208,0.0869833403833334,0.0798998318666666,0.07264155445,0.0652085081333334,0.0576006929166666,0.0498181088,0.0418607557833334,0.0337286338666667,0.02542174305,256.371479359631,274.36972584904,324.987217863352,437.030592278983,455.207088370397,509.532558373393,542.204485395571,527.896819400811,448.486076302997,546.300269673686,651.416509053357,727.644372693921,669.944309410479,608.589355751993,641.412135501735,1065.7525425078,1167.67160471503,1309.57778675251,1317.33087621284,1354.1434393447,1565.31647311874,1496.46786380719,1518.03561383865,1763.91007370621,1556.71964397326,1836.71452310995,1861.51924460011,1864.68070879624,1757.82508475465,1679.84221655953,1771.13397596555,1772.78922547338,1447.2665068935,1301.255853569,1408.62412049226,1447.89297499301,1374.13505788714,1356.25642784465,1408.11473705319,1248.50083014476,1189.36867209669,1162.14789286811,1099.50760408006,1107.44304658963,1439.70068832583,1558.91744906776,1612.29142593946,1756.52723530746,1781.99121414661,1776.38236574486,1700.7254716814,1684.91360628409,1661.7857698396,1657.41822104005,1710.68830964427,1520.49349966641,1370.72175594071,1641.95013562559,1640.66082465499,1666.21767086867,1798.33639807357,1873.74579363285,2044.64512790987,2019.66231920842,2109.46346052518,2086.79908585088,2359.5035325065,2369.26735838435,2480.46578598035,2685.0560077618,3225.79661747031,3184.61892296306,3527.31443794364,3643.10100486882
"CO2","hkg","ktCO2",0,0,0,0,0,0,0,0,0,0,0,0,0,0,0,0,0,0,0,0,0,0,0,0,0,0,0,0,0,0,0,0,0,0,0,0,0,0,0,0,0,0,0,0,0,0,0,0,0,0,0,0,0,0,0,0,0,0,0,0,0,0,0,0,0,0,0,0,0,0,0,0,0,0,0,0,0,0,0,0,0,0,0,0,0,0,0,0,0,0,0,0,0,0,0,0,0,0,0,0,0,1.56250118425131e-05,3.50000265272295e-05,5.81250440541488e-05,8.50000644232716e-05,0.000115625087634598,0.000150000113688127,0.000188125142583858,0.000230000174321794,0.000275625208901932,0.000325000246324274,0.000378125286588818,0.000435000329695566,0.000495625375644518,0.000560000424435672,0.000628125476069029,0.000700000530544589,0.000775625587862353,0.000855000648022319,0.00093812571102449,0.00102500077686886,0.00111606334588703,0.00121091758444565,0.00130956349254471,0.00141200107018423,0.00151823031736419,0.00164296196628958,0.00177237595450301,0.0019064722820045,0.00204525094879405,0.00218871195487164,0.00233685530023729,0.00248968098489102,0.00264718900883279,0.00280937937206261,0.00297625207458049,0.00314780711638642,0.00332404449748041,0.00350496421786247,0.00369056627753257,0.00388085067649073,0.00416253693419943,0.00445369077904002,0.00475431221101252,0.0050644012301169,0.00538395783635317,0.00571298202972133,0.00605147381022139,0.00639943317785333,0.0067568601326172,0.00712375467451295,0.00770713144881596,0.00830892885460385,0.00892914689187662,0.00956778556063428,0.0102248448608768,0.0109003247926042,0.0115942253558165,0.0123065465505137,0.0130372883766958,0.0137864508343627,0.0145077295801508,0.0152457824205312,0.0160006093555041,0.0167722103850692,0.0175605855092267,0.0183657347279768,0.0191876580413191,0.0200263554492538,0.0208818269517808,0.0217540725489003,0.0226771778830034,0.0236180863972569,0.0245767980916606,0.0255533129662143,0.0265476310209183,0.0275597522557725,0.0285896766707769,0.0296374042659315,0.0307029350412362,0.0317862689966911,0.0359945068905903,0.0403020515408184,0.0447089029473757,0.0492150611102623,0.0538205260294778,0.0585252977050224,0.063329376136896,54.5782327613251,54.5832354532696,0.0783374519704917,54.5900906946601,0.0818632839524741,0.0836552198474699,0.0854665023451356,0.0872971314454713,0.0891471071484765,18.2610164294542,25.5329050983624,29.1648131138736,1744.73856228085,1959.48762028231,1973.61240765608,2043.46809496122,2119.60886561452,2258.54830039518,2634.7553500681,2753.90405093817,2714.76342301131,3069.35124568279,3352.25228776175,3816.64201479205,4114.92794875475,4682.37880331811,4638.03504097202,5251.8226176199,5615.77350810971,6525.52175511885,6630.56770907297,8256.25858616789,8924.31560986071,9601.91682325021,9879.86055312342,9968.59488125571,11431.4313935368,11326.7972930784,13147.3324221009,15248.1547599799,16268.5971416209,15221.0323673003,15676.0189034294,16874.3589694615,19084.1884307025,22418.977862404,24702.103536032,25664.5568293137,29420.5674413606,29394.2388880179,32905.4478197045,33773.475346446,34477.0654405795,37885.247348026,42852.6332147142,43786.2130925752,37605.415430198,38109.3537707074,36147.3395427336,34796.6369706694,42805.0143828034,45794.6895539034,41549.9850545517,41615.2232288738,40691.0717833899,43913.8933440744,40450.0055362753,42671.4690758006,42539.2836874416,44395.5252665032,43262.6229896624,45178.1810322773,42547.9122897435,45233.7980449624,44694.4031642987,45987.6166689864,47292.0545806887,44207.244379236,45040.4663371518,44186.5776082764,44075.3211341149,43524.9091070795,35113.0017019955,35352.9657118341,32978.4062704078,33721.5889372394
"CO2","hnd","ktCO2",0,0,0,0,0,0,0,0,0,0,0,0,0,0,0,0,0,0,0,0,0,0,0,0,0,0,0,0,0,0,0,0,0,0,0,0,0,0,0,0,0,0,0,0,0,0,0,0,0,0,0,0,0,0,0,0,0,0,0,0,0,0,0,0,0,0,0,0,0,0,0,0,0,0,0,0,0,0,0,0,0,0,0,0,0,0,0,0,0,0,0,0,0,0,0,0,0,0,0,0,0,0.000147486379995792,0.000298278744942966,0.000452377094841521,0.00060978142969146,0.000770491749492781,0.000934508054245482,0.00110183034394957,0.00127245861860504,0.00144639287821189,0.00162363312277012,0.00179973486916288,0.0019783345126676,0.00215943205328426,0.00234302749101289,0.00252912082585346,0.00271771205780599,0.00290880118687047,0.00310238821304691,0.0032984731363353,0.00349705595673565,0.00370015420653068,0.00390594249936935,0.00411442083525168,0.00432558921417762,0.00453944763614722,0.00475599610116048,0.00497523460921736,0.00519716316031789,0.00542178175446206,0.00564909039164989,0.00588229643089492,0.00611839943957157,0.00635739941767983,0.00659929636521971,0.00684409028219121,0.00709178116859431,0.00734236902442904,0.00759585384969538,0.00785223564439333,0.0081115144085229,0.00837825844003395,0.00864812228477904,0.00892110594275818,0.00919720941397136,0.00947643269841859,0.00975877579609987,0.0100442387070152,0.0103328214311646,0.010624523968548,0.0109193463191655,0.0112690714086353,0.0116239470143046,0.0119839731361734,0.0123491497742417,0.0127194769285094,0.0130949545989767,0.0134755827856434,0.0138613614885095,0.0142522907075751,0.0146483704428403,0.0151770882726273,0.0157151365392146,0.0162625152426021,0.0168192243827897,0.0173852639597776,0.0179606339735657,0.018545334424154,0.0191393653115425,0.0197427266357312,0.0203554183967201,0.0213318040928454,0.0223275022961466,0.0233425130066237,0.0243768362242767,0.0254304719491055,0.0265034201811102,0.0275956809202908,0.0287072541666472,0.0298381399201796,0.0309883381808877,0.032311595780899,0.0336579621061633,0.0350274371566807,0.0364200209324511,0.0378357134334747,0.0392745146597514,0.0407364246112811,0.042221443288064,0.0437295706900999,0.0452608068173889,0.0468264356741238,0.0484154212562039,0.0500277635636292,0.0516634625963998,0.0533225183545156,0.0550049308379767,0.056710700046783,0.0584398259809345,0.0601923086404313,257.169948867976,297.864964095024,307.301598087939,285.38955780267,323.051527413136,373.269932584594,389.001009158099,492.572051301462,502.054074754478,502.797042460318,530.656856122868,634.992525570562,605.030961170683,614.550491207338,625.413271317226,652.65721418721,705.063025585417,765.725477811422,1069.19534902589,1024.03307016771,1215.64879336089,1210.22265443948,1259.62098406303,1388.24597020931,1360.77521533604,1477.87254522852,1552.87669275027,1704.96893536536,1720.53474183069,1798.09001423436,1911.65632265744,1762.45911937339,1735.47764527907,1996.86772308094,2123.67694421933,1848.32505846264,1884.78530795215,2124.07170402081,2369.42932299016,2632.23846222435,2494.3126547432,2500.29466627534,2784.18696173814,2954.62307081019,3315.07528024613,3946.27539716559,4034.86654662815,4175.31751992418,4807.92572789268,4880.15121015696,5120.78262727523,5943.95246603218,6224.15356509561,6891.52577442399,7741.38274023752,7179.07307499376,8165.55684871363,8725.9849425609,8756.39736361679,8238.37502439434,8099.09971399918,9631.52344243767,10145.4327246473,10264.1414159517,10071.6735222883,11003.7400325363,9959.03397521313,9590.3640961164,9229.69058334305,10383.5910133242,9434.30769282362,10579.7918513652,10798.0775068649,11298.5800244297
"CO2","hrv","ktCO2",0,0,0,0,0,0,0,0,0,0,0,0,0,0,0,0,0,0,0,0,0,0,0,0,0,0,0,0,0,0,0,0,0,0,0,0,0,0,0,0,0,0,0,0,0,0,0,0,0,0,0,0,0,0,0,0,0,0,0,0,0,0,0,0,0,0,0,0,0,0,0,0,0,0,0,0,0,0,0,0,0,0,0,0,0,0,0,0,0,0,0,0,0,0,0,0,0,0,0,0,0,0.0793795186458392,0.1597154170344,0.241007695165681,0.323256353039684,0.406461390656409,0.49062280801585,0.575740605118015,0.661814781962903,0.748845338550511,0.83683227488084,0.930467021313452,1.02591113482689,1.12316461542114,1.22222746309623,1.32309967785214,1.42578125968887,1.53027220860641,1.63657252460479,1.744682207684,1.85460125784403,1.96838355123066,2.08417081895012,2.20196306100237,2.32176027738742,2.4435624681053,2.56779202615878,2.69403513505274,2.82229179478717,2.95256200536209,3.08484576677746,3.22250554732322,3.3623965598814,3.50451880445199,3.64887228103501,10.2878694818761,3.94427293023827,4.09532010285855,4.24859850749123,4.40410814413634,24.0390864898148,27.4501968864828,30.0522281677977,49.6993146886417,90.4492142540778,90.624008189617,100.539893309951,79.6192915388986,117.944426204843,136.794795840051,183.240391014936,199.648643817555,187.658137386927,203.257782240666,216.423934296709,234.457821349877,279.257684579462,284.312846833621,305.58941579106,313.891517042965,310.844088580419,336.216849944813,344.565964144649,930.901179082569,9.48403672100429,9.76264017128784,10.0452553754781,10.3318823335749,10.6225210455784,671.323000658762,887.922698429827,944.912150758363,1385.76683462288,1507.80296506643,1545.86019015439,1700.28614867717,1660.26994395377,1874.84964146015,2473.18039053265,2319.04432439344,2198.72007695593,2406.1384291829,2114.36808823188,1968.3479099045,2056.58134918302,2187.95936628643,2094.30035001241,2318.22814490688,2368.34276784676,2446.33741406953,2295.6905798193,19.3228733706966,19.810608648287,100.901888070181,48.6875167715923,1276.60631388352,2705.53151762798,3934.56832670665,4351.84578901337,4914.19058769848,4490.48406222529,4224.1391947482,4221.87367049572,4047.64703299649,4684.0378160899,5313.63727678131,5995.52197301943,6559.25410504075,6448.73177022858,7356.86839993733,8000.65112315144,8360.63407020938,8573.17542436799,9513.82973157531,10712.3070871853,11005.3531538625,10902.8150844039,10779.7503806216,11386.3052292705,11748.769299177,15007.5249294618,16445.181170057,15915.0633032006,16909.8799972659,16929.8454608075,18587.2956360628,18626.1258010309,18813.6374022165,17123.9278406198,19710.011339933,18587.0737026045,30883.6130098124,29793.4648945577,32985.1182011012,33856.7155418654,35268.5287394949,38281.1782433164,32335.3761085128,32381.3962009648,33299.3168992286,23950.7932696724,17957.0659546003,17099.9377544545,17553.0416005892,16687.5170052599,17352.8727864802,17935.6302662975,18977.1196432913,19723.0350980084,20657.8702935127,20154.1172065703,21375.3468578893,22460.9307800087,23797.2197359075,23444.5114874274,23828.6878368981,24038.1323587846,25353.740478913,24045.7634111119,22264.1849532301,21444.8385749104,20968.7924285501,19069.8353240165,18597.1438095953,17782.0353571086,18009.6704681049,18264.6659067217,19008.3637359968,17869.5608082701,18017.2307506774,17016.972750287,17492.7615146469,17900.782979836,17867.2167519101
"CO2","hti","ktCO2",0,0,0,0,0,0,0,0,0,0,0,0,0,0,0,0,0,0,0,0,0,0,0,0,0,0,0,0,0,0,0,0,0,0,0,0,0,0,0,0,0,0,0,0,0,0,0,0,0,0,0,0,0,0,0,0,0,0,0,0,0,0,0,0,0,0,0,0,0,0,0,0,0,0,0,0,0,0,0,0,0,0,0,0,0,0,0,0,0,0,0,0,0,0,0,0,0,0,0,0,0,0.000407306594856816,0.000823715972563056,0.00124922813311872,0.00168384307652381,0.00212756080277833,0.00258038131188227,0.00304230460383563,0.00351333067863842,0.00399345953629063,0.00448269117679228,0.00498102560014334,0.00548846280634383,0.00600500279539375,0.00653064556729308,0.00706539112204185,0.00760923945964003,0.00816219058008765,0.00872424448338469,0.00929540116953116,0.00987566063852705,0.0104376107462532,0.0110060529564365,0.011580987269077,0.0121624136841746,0.0127503322017293,0.0133447428217411,0.0139456455442099,0.0145530403691361,0.0151669272965194,0.0157873063263597,0.0165226979458354,0.0172715829895216,0.0180339614574186,0.018809833349526,0.0195991986658441,0.0204020574063724,0.0212184095711116,0.0220482551600613,0.0228915941732216,0.0237484266105922,0.024654215958881,0.025575228657561,0.0265114647066324,0.0274629241060951,0.0284296068559495,0.0294115129561951,0.0304086424068322,0.0314209952078604,0.0324485713592805,0.0334913708610917,0.0346891552180641,0.0359076437687521,0.0371468365131559,0.0384067334512754,0.0396873345831107,0.0409886399086614,0.0423106494279281,0.0436533631409104,0.0450167810476085,0.0464009031480221,0.0479785964409808,0.0495826616981085,0.0512130989194054,0.0528699081048715,0.0545530892545064,0.0562626423683107,0.0579985674462841,0.0597608644884266,0.061549533494738,0.0633645744652188,0.0651541616503439,0.0669686609193698,0.0688080722722963,0.0706723957091239,0.0725616312298522,0.0744757788344814,0.0764148385230112,0.078378810295442,0.0803676941517737,0.0823814900920062,0.084528014567719,0.0867021132619397,0.0889037861746682,0.0911330333059044,0.0933898546556481,0.0956742502238998,0.0979862200106592,0.100325764015926,0.102692882239701,0.105087574681983,0.108216274270157,0.111388074075243,0.11460297409724,0.117860974336149,0.12116207479197,0.124506275464702,0.127893576354347,0.131323977460902,0.13479747878437,120.552572433646,139.909022292917,155.42020868363,167.046923202836,229.122568840787,321.66641229544,336.882239043957,306.097187327225,338.894029867615,315.749186323444,369.80847871261,371.766536096259,398.652396217393,330.896721167775,394.668882670526,379.433514937925,369.842586505127,323.441926500968,336.899117558879,400.817461265144,519.920243286642,538.405394851101,519.848271533823,544.010558210373,602.576786016723,613.654290133445,813.838387314076,838.395560123031,891.309571163927,890.053011199772,861.205086814061,758.371394609905,896.854241150221,990.190054958613,1024.58265871118,1048.84571922594,991.822087158862,1069.75574786949,1141.20505296912,1180.71817850745,1174.3635631193,1158.01327608444,1061.67015606054,861.747828219674,363.658410066254,1082.20799383868,1243.54857062968,1466.84323662323,1508.57787373417,1586.82142516881,1686.85080159459,1808.38945318111,2038.1937899364,2024.60183904056,1878.70087222299,1917.67157691153,1938.13224544184,2275.96769979947,2263.26132893456,2229.31037979311,2708.22784462636,2971.91445235201,2893.04981660486,3119.42021230377,3371.89576006798,3643.17612353207,3731.35592394597,3741.67375241733,3711.93064281692,3748.20212491342,3609.43256440704,3576.75712386179,3524.46092813046,3627.11696311831
"CO2","hun","ktCO2",0,0,0,0,0,0,0,0,0,0,0,0,0,0,0,0,0,0,0,0,0,0,0,0,0,0,0,0,0,0,0,0,0,0,0,0,0,0,0,0,0,0,0,0,0,0,0,0,0,0,0,0,0,0,0,0,0,0,0,0,0,0,0,0,0,0,0,0,0,0,0,0,0,0,0,0,0,0,0,0,100.38144572685,61.5241118971015,77.7146676594967,58.2860007446225,61.5241118971016,45.3335561347064,74.4765565070176,61.5241118971014,55.0478895921434,123.048223794203,119.810112641724,126.286334946682,74.4765565070176,77.7146676594967,165.143668776431,77.7146676594966,55.4267682543939,145.715001861556,16.869458775128,16.6559213222782,16.4423838694285,243.042544952933,304.752394068427,304.939659988204,386.081233421344,402.462112506289,422.082631445099,483.800124067523,338.280031632674,681.716251923545,801.724331394749,850.495494212799,1025.55452067892,1071.09062974726,1071.29471138229,1113.59576670092,1265.99412990523,1496.10868947042,1599.93844279032,1739.38894748887,1878.84098088881,2329.16202465263,2475.10298793001,2582.18898522422,2265.08478939025,2333.31818854786,2462.06068841645,2565.38020433538,2547.75167957961,2541.51961399398,2933.57760602823,3146.5850357927,3174.83867620651,3611.09677983906,3834.78253540428,3877.13645229566,3628.06275132889,3618.61166151054,3923.25973934763,4208.48153613481,4653.51347860638,4893.42751716946,5093.34739885287,5307.36342041666,5696.24086226201,6075.40738869761,6531.33408269996,6609.3630357273,7555.20919565456,7325.62442526752,8485.1927573295,8515.80568478954,7833.06819093796,8124.6646824945,8214.53245961083,8353.3271618399,9003.22471711434,9034.81709876093,9537.07883101578,10497.0573605839,10341.9894904079,10619.6490368023,10893.1135385223,11530.2076368346,10265.7438952785,10421.6831683262,10482.3996937007,10382.5320369364,9431.29266446384,4225.38514794526,4970.46393834057,8217.37019349676,9798.61731825586,10568.7073103006,10050.060782148,9036.30725031615,10532.7835635463,11722.6219052879,12475.3369218473,13685.2022987038,11397.2195034659,10142.3804068196,9236.19521176778,9076.31582381372,9637.23084323269,10054.0156685833,10823.8471029974,12424.0338286531,13433.4746574057,12942.5150366822,14290.7690439799,16475.4655155766,17608.6269438048,18108.7240066006,14964.5496082307,7980.75874007073,10361.427368369,12962.6542582069,15361.4519785327,19062.0030082098,17770.496899103,20977.3157370778,25455.2121058502,29798.6339854005,32025.3413991699,33819.9213972565,31446.8429675658,35721.1517395258,37176.5309536824,40143.6248613716,43696.0194008577,47524.7749726563,49072.1710152089,54322.9555868042,60302.4965871659,59931.4330077508,61175.6999036314,58614.5596055493,61626.0532960839,62847.2352026875,64993.6268078182,62839.0881385262,64413.3243594032,68808.9807883793,71204.0550732832,73249.2187178744,76746.5716164643,80431.2669833389,88421.5281256773,87187.6116914218,87033.9248590536,85756.4258296302,85872.4524549045,82219.5702283524,83629.2036978587,84126.4108484441,82533.9780216661,83345.4957698164,78938.54939045,77783.6044188995,76580.5837434187,73133.1201296562,66267.8296109854,65751.5743933929,65527.8461931746,64934.1032334592,66762.0061235068,64502.6973357691,63920.1490908925,63822.1667449098,60337.645042016,61886.09787034,61641.5587769933,64676.3976355467,62061.429342679,62580.6270576668,62144.4500052977,60508.5034194083,59515.446031585,52994.8322341556,53131.2196419026,52026.5328050141,47962.4132949382,45222.3982529936,45248.9179179958,48142.2673925834,48894.72111347,51384.3617103463,51194.509991252,51078.6765072094,49391.1834617174,50777.3136936134,47224.696056138,43605.5788954716
"CO2","idn","ktCO2",0,0,0,0,0,0,0,0,0,0,0,0,0,0,0,0,0,0,0,0,0,0,0,0,0,0,0,0,0,0,0,0,0,0,0,0,0,0,0,0,0,0,0,0,0,0,0,0,0,0,0,0,0,0,0,0,0,0,0,0,0,0,0,0,0,0,0,0,0,0,0,0,0,0,0,0,0,0,0,0,0,0,0,0,0,0,0,0,0,0,0,0,0,0,0,0,0,0,0,0,0,0.00969762266084842,0.0196429541274317,0.0298359943997498,0.0402767434778028,0.0509652013615907,0.0619013680511132,0.0730852435463708,0.0845168278473633,0.0961961209540906,0.108123122866553,0.12029783358475,0.132720253108681,0.145390381438348,0.15830821857375,0.171473764514886,0.184887019261757,0.198547982814363,0.212456655172704,0.22661303633678,0.241017126306591,0.256527739219967,0.272367852761728,0.288537466931875,0.305036581730407,0.321865197157326,0.339023313212628,0.356510929896318,0.374328047208391,0.392474665148852,0.410950783717695,0.430723863093289,0.450888859882965,0.47144577408673,0.492394605704578,0.513735354736516,0.535468021182537,0.557592605042647,0.580109106316839,3.92978531863253,13.9333890356171,20.6114095445667,264.240656253748,366.684418311764,432.934725331253,691.32164596662,778.159746270367,1011.2751985282,1177.40499613697,1015.21943424428,1096.82984278814,2023.69510517151,1385.66721514591,2712.06874067494,3043.37038405703,3733.68807381616,4018.67721208287,4781.72544509376,4959.53915108113,5404.12592745174,5513.90812017592,6068.58450779249,5280.66446307258,5330.5884561328,5439.59366327874,5455.95907406677,6112.94109960749,6447.57434269538,6438.13912598001,6933.62477041841,7505.11571646147,8022.8627546295,7622.33077797774,8909.13413922088,9843.88775214757,10394.6804561228,10371.5448317918,11995.2539462988,13864.2734270414,17288.8846014585,16863.1021733967,16016.8855006117,15798.1803101278,17061.8247970979,18373.2574645928,19055.9118986753,20575.541056271,23794.8638909156,25078.900556498,27376.496226273,26946.9113852527,23805.6316439311,8508.79696690957,17107.024376711,7883.22591880951,3408.7362007334,1203.90749242997,3663.38098094137,14284.1961412723,20247.7375072499,10119.8982038556,10126.0162542916,13255.7530093921,13910.8077268596,15386.5523089233,20671.4318468311,21407.6351937238,22069.2281435082,21655.7140695434,23092.90803108,20958.3315715317,24721.5393571277,21912.0241369284,21153.4259878255,20639.4521784612,22118.1546772153,20478.8150930613,21316.4878323404,23978.0350598474,30216.1978337892,30487.3932569294,30868.9873436603,36625.1692916172,41349.5915628758,46189.9154603548,48022.6833913747,51729.2458765938,70781.9114915612,83294.8059305359,89809.4371973669,89219.9995838831,94485.046431274,95292.3043492293,93455.9911140226,94935.0604956824,103491.252867852,114629.739162864,117637.998228242,125997.170693194,130792.694336115,157724.335852159,171785.875102021,180851.289801598,196734.313092565,209079.616041627,236703.377323898,249510.233669766,273650.585968388,275234.592080249,292840.31825348,293256.736457986,314997.930062249,319524.700335183,348081.345402452,355713.822705763,356754.836702802,380423.512265659,393750.071070673,391394.514713467,407990.477527772,433476.807667622,493100.141540395,501057.04849711,474737.346793203,506125.547299047,510968.083985813,505270.702084655,532000.875292713,588822.269591022,630759.15418341,594605.164242417,613958.819414577,712966.252434392,725831.662668133
"CO2","ind","ktCO2",0,0,0,0,0,0,0,0,0,0,0,0,0,0,0,0,0,0,0,0,0,0,0,0,0,0,0,0,0,0,0,0,0,0,0,0,0,0,0,0,0,0,0,0,0,0,0,0,0,0,0,0,0,0,0,0,0,0,0,0,0,0,0,0,0,0,0,0,0,0,0,0,0,0,0,0,0,0,0,0,0,0,0,0,0,0,0,0,0,0,0,0,0,0,0,0,0,0,0,0,0,1.23265165890588,2.47426199630968,3.7248310122114,4.98435870661105,6.25284507950861,7.53029013090412,8.81669386079753,413.347640670306,662.286346532995,670.861334580171,523.636751752868,579.746471263395,642.768893362544,611.024266409671,603.069303830578,679.954556137088,28.0299358844795,29.7809149158102,31.5408526256388,33.3097490139653,35.0394772265336,36.7735806076704,38.5120591573762,40.2549128756505,42.0021417624938,43.7537458179057,45.5097250418864,1855.88763433528,1775.09259678728,1986.75699198512,1941.28041903356,2313.48213173272,2573.07929810152,2873.83856322961,2608.00650621402,2933.39855760457,3247.89232313367,3608.36794606067,4239.13214465121,4672.06437166593,5034.4778043268,5537.79938567522,5852.33754890526,5952.94565863232,7419.15082805097,8031.52012186946,8717.5612431332,9647.11106159603,10629.1954889425,12590.5077121997,13901.0371768869,15316.6144898754,15646.7165162017,17485.5206692642,17915.6182547849,20645.8473221756,22990.1794111416,26265.6755572672,25537.6579030906,24966.7374402818,26227.5556600969,29950.457451056,32842.8576721641,32995.612057752,34357.5684494652,34842.0774827245,36433.3148209668,40832.5779068724,44523.3032435496,36662.9672428305,39091.5193808362,38349.3570181493,39198.9394218107,41519.4067160997,40821.7359954735,40727.5157827525,42579.6006571303,40822.917089029,42394.1054928152,43094.8051724803,39826.5940500515,37326.9775129232,36686.793117833,40329.4126272977,41875.5993547395,41389.8752941646,45532.8472519103,50463.3466967037,49659.4240646935,52574.7509501095,54066.0227603523,54472.1048803421,48845.4891699182,50248.1050566361,55453.6761214601,55250.1301249638,56489.9842100429,56940.5890408259,60166.7195450727,65248.2377539532,68284.5428768059,71636.7314214076,72900.2126806758,76553.8964860757,82616.992327638,85602.8256119162,95231.4043626553,99443.0647152693,104957.711596289,114391.167433336,123068.899221998,134717.766095065,144377.222719901,142439.906219287,155954.207353924,162199.964590212,162448.912687473,176316.744949054,179968.578308446,184924.674131013,197808.582486874,203349.699837461,203126.923007394,217365.336714076,231411.963383252,247509.078710902,251634.828702354,243359.205183746,262908.718438794,278456.523040334,306216.675971504,325611.090254778,346262.09267489,383110.803194953,402168.728823628,438057.063302342,471229.462725065,500815.387034724,539641.138609938,572841.557906427,616255.681292956,641887.923426252,671679.822974404,714971.754757333,770247.868379334,808837.556484522,848907.652537757,867449.642770365,927305.727330897,964037.624585013,978159.543710024,1015226.03100892,1048200.30650798,1139855.71623952,1188135.19140983,1265429.8214122,1367641.74796232,1481051.72241531,1576840.2648422,1685710.22247555,1793972.77272591,1946428.35923114,2006634.67398964,2197482.06822066,2247531.84975202,2270456.62676438,2391079.43867922,2493951.65720065,2489265.0330099,2307217.49515029,2563588.85634211,2776689.49444556,2993282.19790334
"CO2","irl","ktCO2",0,0,0,0,0,0,0,0,0,0,0,0,0,0,0,0,0,0,0,0,0,0,0,0,0,0,0,0,0,0,0,0,0,0,0,0,0,0,0,0,0,0,0,0,0,0,0,0,0,0,0,0,0,0,0,0,0,0,0,0,0,0,0,0,0,0,0,0,0,0,0,0,0,0,0,0,0,0,0,0,0,0,0,0,0,0,0,0,0,0,0,0,0,0,0,0,0,0,0,0,901.671739394534,0.156133844088136,0.307393909011109,0.453780194768919,0.595292701361567,0.731931428789051,0.863696377051371,0.990587546148534,1.11260493608053,1.22974854684736,1.34201837844903,1.46602539535338,1.58817880845034,1.70847861773993,1.82692482322215,1.94351742489698,2.05825642276445,2.17114181682454,2.28217360707726,2.3913517935226,2.49867637616056,2.61315254960758,2.72663275682974,2.83911699782704,2.95060527259948,3.06109758114706,3.17059513025232,3.27909670327659,3.38660230021988,3.49311192108217,805.084616138781,805.169908394851,3.76697374281894,3.84779332852389,3.926376579047,4.00272349438828,4.07683407454769,4.14870831952527,4.21834622932101,4.2857478039349,4.35091304336694,4.43614983282193,4.52023848318356,4.60317899445183,4.68497136662674,4.76561559970829,4.84511169369648,4.92345964859131,5.00065946439278,5.07671114110089,5.15161467871564,5.24345605887026,5.3348585575538,5.42582217476625,5.51634691050761,5.60643276477789,5.69607973757707,5.78528782890517,5.87405703876219,5.96238736714812,498.630210520337,6.14616947597022,6.24189791642885,515.615020645313,574.152111455485,524.15447882079,557.644807982658,591.13497492308,566.183292829443,574.626698121561,674.906877612046,549.538157212916,6.72215299174434,6.57229115567632,15242.9983988749,13756.7466020542,18456.9581312364,15342.6745886005,14783.1209771838,22789.4422262833,21770.6906053036,22430.3171946982,14649.2945372553,21119.6947410706,21612.3453565798,21729.2995053916,23123.6220430625,23599.5753079189,22649.9335433909,26128.640380996,26103.4175761721,19017.02819581,15754.6711420722,15890.7648305813,14154.7760483928,15190.8591904547,18178.6732750329,19568.6554438041,18682.1576800258,18439.8542438863,19194.2864724666,20318.2501632604,18617.1032987253,18165.6301372171,17189.2800210519,21040.1013364088,18662.8937471445,17155.9336854826,15745.7081187347,21793.6200060776,13614.9172720617,14324.2732326409,14619.2411552217,15127.0881189668,15815.6214087293,15465.2750396355,17078.4865232125,18570.8568477344,20241.9984560321,21026.8275189486,21038.3301713741,23550.7155391982,23249.0524057438,22906.3956460444,24643.2352315407,23209.3269958826,23967.8319577074,25578.3442696091,25454.7365788783,29562.1968024139,28395.8363645378,28218.9577324947,27715.0913134789,27620.3597611032,27358.1433426563,29260.7497220518,30114.091426354,31674.513539076,30698.2627289853,31855.6607170602,32292.109185363,33024.9042316701,33321.2328958508,33310.9756541012,34567.8796556305,34818.1302789562,36376.6710644152,38091.3701585753,40331.4088777824,41915.561665181,44465.1839604329,46960.8009559293,46072.3680089971,45178.8837304254,45859.9129293305,47941.1994601676,48629.2064281115,48136.4411828186,47511.706139008,42171.9670502899,41696.8330121466,37812.9357823322,38415.7529591524,36694.3634882027,36448.5699327851,37984.438398425,40023.5300033693,38774.0036431098,38421.4054991244,36860.836704803,35270.4949918879,37058.1769006725,36369.3571650747,33642.2334965865
"CO2","irn","ktCO2",0,0,0,0,0,0,0,0,0,0,0,0,0,0,0,0,0,0,0,0,0,0,0,0,0,0,0,0,0,0,0,0,0,0,0,0,0,0,0,0,0,0,0,0,0,0,0,0,0,0,0,0,0,0,0,0,0,0,0,0,0,0,0,0,0,0,0,0,0,0,0,0,0,0,0,0,0,0,0,0,0,0,0,0,0,0,0,0,0,0,0,0,0,0,0,0,0,0,0,0,0,0.00321254042734757,0.00645599750943492,0.00973037124626209,0.013035661637829,0.0163718686841356,0.0197389923851821,0.0231370327409684,0.0265659897514944,0.0300258634167602,0.0335166537367659,0.0370383607115112,0.0405909843409964,0.0441745246252214,0.0477889815641861,0.0514343551578906,0.0551106454063349,0.0588178523095189,0.0625559758674428,0.0663250160801064,0.0701249729475099,0.0747595336596103,0.0795015526635894,0.0843510299594469,0.0893079655471831,0.094372359426798,0.0995442115982915,0.104823522061663,0.110210290816913,0.115704517864043,0.121306203203049,0.127015346833936,0.132831948756701,0.138756008971344,0.144787527477865,0.150926504276266,0.157172939366545,0.163526832748703,0.169988184422738,0.176556994388653,0.183233262646447,0.189499361263863,0.195847668030118,0.202278182945218,0.208790906009159,0.21538583722194,0.222062976583564,0.22882232409403,0.235663879753336,0.242587643561486,0.249593615518478,0.256769462040488,0.264030954610017,0.271378093227062,0.27881087789162,0.286329308603694,0.490068811102625,0.301623108170388,0.309398477025009,0.317259491927146,0.325206152876796,92.8384519565016,184.14268730686,306.403825088248,410.587708276132,509.050564393299,631.408534661126,765.697046219321,890.929292739105,1030.2489347379,1185.22473189488,1385.08053484852,1594.511635035,1828.4239886803,2035.23363841871,2152.13424362755,2277.84262389409,2451.72514254382,2581.34522047935,2604.4711988676,2762.88139451828,2786.24459444916,2983.61370121327,3168.01519467875,3312.3259968321,3354.70713059767,3546.15569542357,3985.86004490444,4036.52008387538,4183.02077297846,4135.08811655942,3750.44960670009,4317.99340083043,4362.75284667259,5195.26468669469,6076.58181217303,6616.16363637146,6983.38067802973,7872.88366436483,8364.56699100862,9497.05481749814,6554.84504364441,3384.11627043535,3437.84050661383,4134.5426530727,7461.629361843,13952.6929112698,18303.6683453621,21114.6028337088,21654.0662436247,30971.0523297339,30299.5044816847,31397.4948709804,34465.4403724077,39477.6333560964,42569.4131776747,47390.6794164857,53881.6899049317,64084.2144359359,69759.8632701232,89220.0661340619,85922.44586589,95823.3242144536,114089.222553726,121001.91579716,122371.396263346,141639.117138105,148951.534732221,148236.555838636,134608.778273265,114685.611472451,113731.660409,139575.944117058,158098.526987884,156107.898492458,166691.450986876,155406.718470585,164509.791493552,166551.63730909,177987.851209609,207968.032966905,230385.666087535,245747.075824108,245525.420857788,281782.747486727,288954.380862481,298630.359288633,312866.218635137,312899.311740035,345767.242089536,364760.303927326,380206.10347424,397027.9457582,419245.130401483,450396.795611886,486729.752947258,525769.14406892,560754.366023413,573787.420261749,598137.687972891,603615.852016679,617198.798485231,623757.141582067,648831.477602152,675454.638800004,670735.993100818,683837.252996652,707967.475648956,701793.119559172,758096.874239375,784677.223453842,835957.381621981,845455.377122562,865758.385006154
"CO2","irq","ktCO2",0,0,0,0,0,0,0,0,0,0,0,0,0,0,0,0,0,0,0,0,0,0,0,0,0,0,0,0,0,0,0,0,0,0,0,0,0,0,0,0,0,0,0,0,0,0,0,0,0,0,0,0,0,0,0,0,0,0,0,0,0,0,0,0,0,0,0,0,0,0,0,0,0,0,0,0,0,0,0,0,0,0,0,0,0,0,0,0,0,0,0,0,0,0,0,0,0,0,0,0,0,0.000526991019166712,0.00106118543560197,0.00160258324930577,0.0021511844602781,0.002706989068519,0.00326999707402843,0.00384020847680638,0.00441762327685288,0.00500224147416796,0.00559406306875153,0.00624667428132325,0.00691623184038527,0.00760273574593756,0.00830618599798014,0.009026582596513,0.00976392554153615,0.0105182148330496,0.0112894504710533,0.0120776324555473,0.0128827607865316,0.0137273191929795,0.0145909652534388,0.0154736989679097,0.0163755203363922,0.0172964293588861,0.0182364260353917,0.0191955103659089,0.0201736823504375,0.0211709419889777,0.0221872892815294,0.0232606559613265,0.0243555575037309,0.0254719939087426,0.0266099651763615,0.0277694713065877,0.0289505122994212,0.0301530881548619,0.03137719887291,0.0326228444535653,0.0338900248968279,0.0352360748040833,0.0366064563837698,0.0380011696358873,0.0394202145604357,0.040863591157415,0.0423312994268252,0.0438233393686665,0.0453397109829389,0.046880414269642,0.0484454492287762,0.0502773213570228,0.0521430351771782,0.0540425906892422,0.0559759878932151,0.0579432267890964,0.0599443073768865,0.0619792296565852,0.0640479936281926,0.0661505992917086,0.0682870466471333,0.0703706789837389,0.0724853118086228,0.0746309451217852,0.0768075789232256,0.0790152132129445,0.0812538479909417,0.0835234832572169,0.0858241190117706,0.0881557552546022,0.0905183919857124,0.0924376686205481,0.0943745834736746,0.0963291365450917,0.0983013278347999,0.100291157342799,0.102298625069089,115.092644794971,239.122820849466,305.683137394834,305.532459091641,302.399399717866,308.224430941639,289.994110788672,2359.63923121901,5018.1938690674,5130.02460379636,5511.30251042078,5264.58595230402,9986.38551753083,6314.37661893691,3944.94502621422,6530.35160069518,8984.0616899699,10465.7474300573,11573.6946469221,11750.8394994269,11801.7485427107,6519.89413891716,6419.77491308741,6686.13387618904,6834.82417139044,8441.72393620782,10022.02450883,10263.9885969549,11456.9331104167,11086.7205922183,8950.85743144082,11939.8316105409,13692.2308390444,15745.258779767,16459.1156073801,16743.9185367454,18495.3564431557,19220.6313273652,20114.9521237551,26395.7507625686,18315.3273575313,22860.1999487576,24339.4906164145,24047.3346587756,27415.201622017,27285.5889406464,30015.9210679366,32276.4851061547,36963.8838915585,46514.6071186528,42528.1063463102,46836.0274979091,58122.9138736953,52115.1933060477,36070.9798127526,38312.2400507119,42189.9134188192,47481.5026132566,54786.6816142051,61514.9965657782,61332.9341521872,66903.2483296102,74044.8118615881,68324.9742178854,54738.0863604341,76025.5863401064,95729.9619212504,104333.240381394,102345.207968237,101155.84833192,121597.042006402,94741.9917450755,76238.1872259077,91234.0555188155,101277.625865205,95312.8542141342,83492.2011304625,90882.2572839233,87800.4034867346,85608.8641409144,79120.5985221397,91246.3804083419,97543.6285738847,112434.690458127,117303.426729177,134503.286745876,144792.970743391,139655.815872864,139073.790630529,156421.702379703,169267.667167223,183022.235427708,196216.898711294,186967.020173637,201801.146312846,224213.364702435,228498.860663896
"CO2","isl","ktCO2",0,0,0,0,0,0,0,0,0,0,0,0,0,0,0,0,0,0,0,0,0,0,0,0,0,0,0,0,0,0,0,0,0,0,0,0,0,0,0,0,0,0,0,0,0,0,0,0,0,0,0,0,0,0,0,0,0,0,0,0,0,0,0,0,0,0,0,0,0,0,0,0,0,0,0,0,0,0,0,0,0,0,0,0,0,0,0,0,0,0,0,0,0,0,0,0,0,0,0,0,0,0.00109822906892812,0.00222141788942279,0.003369566461484,0.00454267478511176,0.00574074286030606,0.00696377068706694,0.00821175826539432,0.0094847055952883,0.0107826126767488,0.0121054795097759,0.0133294779935421,0.0145559220287244,0.0157848116153229,0.0170161467533374,0.0182499274427681,0.0194861536836149,0.0207248254758779,0.0219659428195569,0.0232095057146521,0.0244555141611633,0.0257042275357561,0.0269554111643045,0.0282090650468086,0.0294651891832683,0.0307237835736838,0.0319879693936621,0.0332546317350168,0.0345237705977483,0.0357953859818563,0.0370694778873408,0.0383464332610563,0.0396258901715157,0.0409078486187191,0.0421923086026665,0.0434792701233581,0.0447687331807936,0.0460606977749731,0.0473551639058966,0.0486521315735642,0.0499516007779756,0.0512540887147791,0.0525591034563745,0.0538666450027619,0.0551767133539412,0.0564893085099124,0.0578044304706755,0.0591220792362306,0.0604422548065776,0.0617649571817166,0.0630901863616479,0.0644089464489652,0.0657298801225965,0.0670529873825418,0.068378268228801,0.0697057226613743,0.0710353506802614,0.0723671522854626,0.0737011274769777,0.0750372762548068,0.0763755986189497,0.0854148558411333,0.094708967128824,0.104257932482022,0.114061751900726,0.124120425384938,0.134433952934657,0.145002334549882,0.155825570230615,0.166903659976854,0.178236603788602,0.183559825845888,0.188961277653526,0.194440959211513,0.199998870519851,0.205635011578538,0.211349382387576,0.217141982946963,0.223012813256701,0.228961873316788,0.234989163127227,0.241437949719338,0.247973448416461,0.254595659218594,0.261304582125738,0.268100217137897,0.274982564255064,0.281951623477245,0.289007394804436,0.29614987823664,0.303379073773853,0.311992968500362,0.320722122368073,0.32956653537699,0.33852620752711,0.347601138818438,0.35679132925097,0.366096778824705,0.375517487539648,0.385053455395792,541.660299785422,510.481346256288,670.088761371308,853.037136282223,716.744654226976,810.141838390191,891.854118172834,934.638120233545,1072.9223983664,1233.19518453333,1152.08235976144,1129.33368973144,1271.08163840709,1305.8908958317,1341.54329713546,1458.91377028096,1567.48888997523,1489.05968913608,1552.94928822571,1387.15090901148,1378.04369560288,1479.67150746428,1581.15195698761,1751.57809230484,1758.63750513732,1714.2558135494,1683.66352147135,1724.52722366242,1846.41656346957,1890.99858344902,1806.42863539248,1767.15102507279,1589.84054269498,1588.86380285156,1644.93605618677,1539.70136103665,1598.88670462353,1685.31709036385,1751.55844640856,1732.35788094759,2150.16114363576,2102.16836790558,2164.09226345663,2251.53091877611,2317.26778594522,2257.45374964167,2521.49112541092,2483.5248244189,2470.37979501685,2601.3940339832,2706.49992254908,2700.46540251247,2819.14240557223,2845.37616426728,2883.00756778038,2772.53243795062,2950.52790089411,3177.94453398465,3452.67344125525,3458.05887558784,3309.68754100638,3227.90051905603,3255.08169383858,3392.74738831825,3360.8115864777,3449.76150095666,3334.77644765156,3448.41470751734,3491.2562089654,3366.46476224526,3150.61353526359,3317.69799815817,1620.18617208808,1596.78450139245
"CO2","isr","ktCO2",0,0,0,0,0,0,0,0,0,0,0,0,0,0,0,0,0,0,0,0,0,0,0,0,0,0,0,0,0,0,0,0,0,0,0,0,0,0,0,0,0,0,0,0,0,0,0,0,0,0,0,0,0,0,0,0,0,0,0,0,0,0,0,0,0,0,0,0,0,0,0,0,0,0,0,0,0,0,0,0,0,0,0,0,0,0,0,0,0,0,0,0,0,0,0,0,0,0,0,0,0,0.000491986198419097,0.000988992664168997,0.00149101939724971,0.00199806639766123,0.00251013366540356,0.00302722120047668,0.00354932900288063,0.00407645707261537,0.00460860540968093,0.00514577401407729,0.00566606894216732,0.00618740342056324,0.00670977744926503,0.00723319102827268,0.00775764415758622,0.00828313683720562,0.00880966906713092,0.00933724084736207,0.00986585217789912,0.010395503058742,0.0109263037452262,0.0114581544825245,0.0119910552706368,0.0125250061095631,0.0130600069993034,0.0136913463137276,0.014323927021082,0.0149577491213666,0.0155928126145814,0.0162291175007265,0.0168668339799429,0.017505804391412,0.0181460287351338,0.0187875070111084,0.0194302392193358,0.0200742253598158,0.0207194654325487,0.0213659594375342,0.0220137073747726,0.0226627092442636,0.0233132002952536,0.0239649579444787,0.0246179821919388,0.0252722730376341,0.0259278304815645,0.02658465452373,0.0272427451641305,0.0279021024027662,0.028562726239637,0.0292246166747429,0.0298880753031927,0.0305528133237993,0.0312188307365627,0.0318861275414826,0.0325547037385593,0.0332245593277925,0.0338956943091825,0.0345681086827291,0.0352418024484324,0.0359167756062923,0.0368420691196605,0.0377773578842525,0.0387226419000685,0.0396779211671084,0.0406431956853723,0.04161846545486,0.0426037304755718,0.0435989907475074,0.0446042462706671,0.0456194970450508,0.0466709597652797,0.0477331986157344,0.0488062135964154,0.0498900047073217,0.0509845719484538,0.0520899153198117,0.053206034821396,0.0543329304532055,0.0554706022152408,48.4946012783945,48.4957929767166,61.7030557682148,79.320232079131,83.7195374183783,110.144717653607,92.5300060654431,96.9293462587365,57.3124408576852,66.1098830738883,88.1370426123151,70.5224286638698,132.132360977536,101.347181948848,105.746645740863,88.1439050096333,158.550044999749,198.169646007385,96.9443303298562,145.348290848072,1516.41052656205,2649.20478482846,3306.10758729203,3637.29936588954,3910.02895840837,4359.41060075699,4371.35283515537,4786.26163394797,5160.14124130222,5292.90167009918,6051.17738797303,6553.5780168027,7346.42600240711,7653.15166520769,8596.80972216761,11988.3053553949,12539.8587831069,12341.7339190944,12631.3922852388,13487.5989274761,14883.5642415416,14876.9634509608,15676.2562690838,16789.6425511055,17211.1253636275,18075.5193755086,18023.3593710887,18842.4808876096,20058.8936349583,20438.5650344027,20140.963893238,20940.2645743216,22222.5550350296,22944.4983896949,23774.2980578743,25551.7389964574,27839.2936475027,30199.6521952823,32012.8781559793,33255.1692203161,35052.3253699198,35910.4700348338,38200.7627140269,41882.4779735965,44698.3963200778,48406.350876427,50188.3875423899,52521.606186304,52967.3979765819,54697.5735127925,58579.5946596616,58686.3461225188,62847.3939699317,64579.4570969928,64757.4279052313,63887.106936607,66205.2023866958,68609.6133910952,69031.3063377676,68449.0981436804,73476.5722066428,72304.1437291874,78288.9180620534,69693.3731475731,67726.7440114265,69550.7130915217,68851.0923813451,69750.7036005418,64993.3977428445,66737.7703354848,62932.8061630656,62674.6565023178,64940.6226959414,63706.9203062359
"CO2","ita","ktCO2",0,0,0,0,0,0,0,0,0,0,0,0,0,0,0,0,0,0,0,0,0,0,0,0,0,0,0,0,0,0,0,0,0,0,0,0,0,0,0,0,0,0,0,0,0,0,0,0,0,0,0,0,0,0,0,0,0,0,0,0,0,0,0,0,0,0,0,0,0,0,0,0,0,0,0,0,0,0,0,0,0,0,0,0,0,0,0,0,0,0,0,0,0,0,0,0,0,0,0,0,0,4.21932232870275,8.49420061319179,12.8246348534671,17.2106250495287,21.6521712013766,26.1492733090107,30.7019313724311,35.3101453916379,39.9739153666309,75.9881887456952,781.033944296594,1381.4066929593,1214.86259330258,1788.47692657169,1432.50271619195,1671.99599984589,1682.26963182202,1943.86609803897,2161.43717925177,3084.47090710087,2670.15569444585,3420.67573883549,3205.07943242345,3458.02005787172,3538.13203081609,4733.86973967909,4422.56346125325,4442.91475736127,5118.80918968228,5989.34734773364,7038.42121940253,7422.711645747,7871.87100921594,8712.87720521658,9903.48848181839,9867.92135372497,12015.3616584133,12904.1052919541,13340.6316832743,14470.6703597486,13058.3876007871,12946.2564507979,12520.1131997046,15511.9032212483,14308.6549022783,13592.4261755479,14174.3175849157,14735.8303928565,16126.1378622462,16495.1072290986,15973.3246378974,17648.7392598459,17939.912380499,18865.989629823,20708.79423856,24309.3149809664,26132.2209899969,26527.2769642132,29202.0394336244,29200.9564302208,30002.558388758,31447.9975935345,33761.2241435387,30661.4126167923,26790.2405563442,26770.8008412755,18700.992038831,21973.7144530388,21728.1497850051,20970.494838333,25419.5956629699,29574.4812436682,30645.95703088,36435.0440282339,34910.3742287514,40340.0411406475,45376.4142814946,43323.8357117192,50003.7202583135,44976.8155290946,38964.6766863893,32194.1411891142,34973.7246080595,45201.7506725687,51561.322271396,36593.4699792177,50639.9467340955,50101.5302539513,51082.1624815688,54193.5054710246,47704.5055405386,46433.6814591066,9044.0865414441,4943.73904510543,5630.03800569311,24078.1679142041,38139.7188873868,36199.9481608457,39804.8099992444,41125.3786588852,48847.2268139451,51428.8657479079,56717.2070322601,64994.6470959663,74396.5499465893,84991.3274022779,88525.5120166695,92447.4666753245,99726.5824890406,117533.142314778,134877.805234393,155044.832855089,171688.311524344,187285.902935831,196792.530937315,213059.165316534,236965.748862585,259115.508927945,280114.663264551,313407.48902761,327071.072534151,344143.839913583,366398.164816621,369299.825460366,353609.087204011,380040.717380678,371616.02181833,378322.731624608,394865.053181329,397156.141205745,386435.510807773,379566.548602642,374625.929563102,379484.123845512,378937.021343877,380000.663066727,401555.124634161,407553.553642152,425645.219163346,428665.092090123,427445.722340577,426944.924543661,421729.375948968,416108.439124039,441163.105171184,436818.784623991,439420.262575426,451005.057909197,457510.046064737,463012.444998762,462366.524621412,468917.659687946,488447.221338223,498725.01564605,500053.561464362,492768.233978087,484508.822923036,470180.905064967,419522.818931433,427277.106552868,416767.717591981,395642.182033989,364584.201159588,342360.614727685,355093.252743727,349729.228873821,347893.876932774,343301.725010985,336310.031521787,300280.248706117,334255.316062129,333672.640070382,307045.718037039
"CO2","jam","ktCO2",0,0,0,0,0,0,0,0,0,0,0,0,0,0,0,0,0,0,0,0,0,0,0,0,0,0,0,0,0,0,0,0,0,0,0,0,0,0,0,0,0,0,0,0,0,0,0,0,0,0,0,0,0,0,0,0,0,0,0,0,0,0,0,0,0,0,0,0,0,0,0,0,0,0,0,0,0,0,0,0,0,0,0,0,0,0,0,0,0,0,0,0,0,0,0,0,0,0,0,0,0,0.000181422069770806,0.000363822156090243,0.000547200258958311,0.000731556378375004,0.000916890514340329,0.00110320266685429,0.00129049283591687,0.00147876102152809,0.00166800722368793,0.0018582314423964,0.00207130864779119,0.00228934113703237,0.00251232891011994,0.00274027196705389,0.00297317030783425,0.00321102393246098,0.00345383284093411,0.00370159703325364,0.00395431650941954,0.00421199126943184,0.00448155871067549,0.00475674214027837,0.00503754155824049,0.00532395696456185,0.00561598835924245,0.00591363574228231,0.0062168991136814,0.00652577847343975,0.00684027382155734,0.00716038515803417,0.00749771885881261,0.00784141734639826,0.00819148062079105,0.00854790868199098,0.00891070152999805,0.00927985916481226,0.00965538158643355,0.0100372687948621,0.0104255207900977,0.0108201375721405,0.0112385162249299,0.0116641083027675,0.0120969138056531,0.0125369327335867,0.0129841650865685,0.0134386108645985,0.0139002700676765,0.0143691426958026,0.0148452287489768,0.015328528227199,0.0158435667756329,0.0163667805391213,0.0168981695176642,0.0174377337112616,0.0179854731199135,0.0185413877436199,0.0191054775823808,0.0196777426361962,0.0202581829050662,0.0208467983889907,0.0214886095430962,0.0221400719927521,0.0228011857379586,0.0234719507787154,0.0241523671150227,0.0248424347468805,0.0255421536742888,0.0262515238972475,0.0269705454157567,0.0276992182298163,0.0284851285883209,0.0292820307000915,0.0300899245651278,0.03090881018343,0.0317386875549978,0.0325795566798317,0.0334314175579311,0.0342942701892962,0.0351681145739275,0.0360529507118242,0.0370106072151073,0.0379807821040539,0.0389634753786642,0.0399586870389387,0.0409664170848767,0.0419866655164789,0.0430194323337446,0.0440647175366741,0.0451225211252679,0.046192843099525,0.0473547927021828,0.0485309993551801,0.0497214630585163,0.0509261838121923,0.0521451616162076,0.0533783964705623,0.0546258883752564,0.0558876373302892,0.057163643335662,273.038639283541,519.474047822297,610.055357793878,681.365879692178,852.923590486445,1055.01596659242,1342.92247200505,1705.64821191474,1472.38310115028,1970.01330289642,1609.80068704546,2271.45824842554,2249.7706121908,2528.04006075413,4261.19894478343,3195.23666225491,3750.93920168441,4090.0131746322,4147.73118706466,4541.91640905617,5180.08080712092,8082.33802361745,8050.84476023949,8604.6201493032,8907.21366158788,7484.52236226801,6658.26599465024,7290.97604234345,7462.84323282645,7185.05038198957,6924.13243697501,6852.7438873058,5826.52066744372,5912.15934267065,5516.06983535244,4912.5988190353,4693.2829557697,4885.86644330064,5119.34093745198,6563.07664513913,7592.85692585093,7542.84088770983,8352.69237563637,8511.02445233741,8580.21802911211,8884.50136749112,9267.90577717774,9442.25919910866,9987.84093238549,10257.7284482212,10358.8113146465,10386.4680947602,10336.4098703646,10680.5667671807,10654.6843311115,10648.4490564277,12377.6161958443,12318.4631076404,10009.3054227109,8175.51785896454,7767.1998736924,7650.43932476009,7079.52190143766,7543.95323293276,7330.72768800792,7228.12292271936,7702.67016935002,7417.84603349364,8791.68114900508,8562.72046526634,6071.72096921163,6657.62072466715,7699.22015227778,8289.18289026112
"CO2","jor","ktCO2",0,0,0,0,0,0,0,0,0,0,0,0,0,0,0,0,0,0,0,0,0,0,0,0,0,0,0,0,0,0,0,0,0,0,0,0,0,0,0,0,0,0,0,0,0,0,0,0,0,0,0,0,0,0,0,0,0,0,0,0,0,0,0,0,0,0,0,0,0,0,0,0,0,0,0,0,0,0,0,0,0,0,0,0,0,0,0,0,0,0,0,0,0,0,0,0,0,0,0,0,0,9.29924318459266e-05,0.000186022127739878,0.000279089087681854,0.000372193311671854,0.000465334799709881,0.000558513551795932,0.000651729567930009,0.000744982848112111,0.000838273392342231,0.000931601200620383,0.00102496668367254,0.00111836950545017,0.00121180966595327,0.00130528716518186,0.00139880200313592,0.00149235417981545,0.00158594369522046,0.00167957054935094,0.00177323474220691,0.00186693627378835,0.00199134083811607,0.00211870328345696,0.00224902360981103,0.00238230181717828,0.00251853790555868,0.00265773187495228,0.00279988372535903,0.00294499345677897,0.00309306106921205,0.00324408656265831,0.00335289456954615,0.00346174591760381,0.00357064060683133,0.00367957863722867,0.00378856000879587,0.00389758472153289,0.00400665277543978,0.0041157641705165,0.00422491890676307,0.00433411698417946,0.00444336018331477,0.00455264681047597,0.00466197686566307,0.00477135034887603,0.00488076726011494,0.00499022759937969,0.00509973136667037,0.00520927856198693,0.00531886918532939,0.00542850323669772,0.00552814102929138,0.00562742853670301,0.00572636575893272,0.00582495269598044,0.00592318934784618,0.00602107571452995,0.00611861179603177,0.00621579759235156,0.00631263310348941,0.00640911832944529,0.00653529267648189,0.00666210163690253,0.00678954521070716,0.00691762339789584,0.0070463361984685,0.00717568361242522,0.00730566563976592,0.00743628228049066,0.0075675335345994,0.00769941940209218,0.00795721138492411,0.00821916675584308,0.00848528551484897,0.00875556766194187,0.00903001319712172,0.00930862212038861,0.00959139443174242,0.00987833013118324,0.010169429218711,0.0104646916943258,0.0108010307834597,0.0111424446983456,0.0114889334389834,0.0118404970053733,0.012197135397515,0.0125588486154088,0.0129256366590546,0.0132974995284523,0.013674437223602,0.0140564497445036,0.0144933015876658,0.0149363219817779,0.01538551092684,0.0158408684228521,0.0163023944698141,0.016770089067726,0.017243952216588,0.0177239839163999,0.0182101841671618,243.669375176755,227.928922008166,274.872461667622,301.169900543219,347.167204395021,525.884917415547,626.8661974269,685.070381606026,727.772100266837,917.18485751538,1034.97337579442,1361.71486963902,1460.90844953846,1701.0691025186,1731.16334053666,1994.11633108006,2216.30397511103,1985.67417474297,2092.29963495842,2462.82446511547,2663.6765456818,2755.59132301234,2310.4416698904,2610.07691186375,2836.67115027179,3148.04463036359,3740.78138373116,3910.80137112224,4730.38215577783,5035.07275691528,6409.95898463224,7405.53253350399,7825.00182256859,9036.96205723932,9880.49053205302,10121.2293753155,10751.2214756252,11913.4717671029,11592.7040509101,9503.51837048084,10197.6853076466,10020.5539893722,12302.119708476,12620.7321998194,13492.2974009255,14088.0857560037,14359.4666089683,14907.8733713598,15117.2177240225,15161.1230277028,16808.004949718,16853.6421913589,17542.0990185068,18024.8829670178,19572.3233273699,20881.7082505837,21320.6396535422,22287.7162555886,21279.9841930755,22010.4326022785,21321.6152866657,21499.7153239461,24874.9217048172,24611.9219931517,26191.3925353971,26417.4102978903,26199.4967682185,27542.9490919339,26192.5713836525,24298.9815082352,21895.5695948194,22688.5943158122,24646.5682094843,25876.949483698
"CO2","jpn","ktCO2",0,0,0,0,0,0,0,0,0,0,0,0,0,0,0,0,0,0,0,0,0,0,0,0,0,0,0,0,0,0,0,0,0,0,0,0,0,0,0,0,0,0,0,0,0,0,0,0,0,0,0,0,0,0,0,0,0,0,0,0,0,0,0,0,0,0,0,0,0,0,0,0,0,0,0,0,0,0,0,0,0,0,0,0,0,0,0,0,0,0,0,0,0,0,0,0,0,0,0,0,0,9.76924168517442,19.6098728537125,29.5218935056142,39.5053036408797,49.5601032595087,59.6862923615017,69.8838709468581,80.1528390155782,90.4931965676619,100.90494360311,111.388080121921,121.942606124096,132.568521609634,143.265826578536,154.034521030802,164.874604966432,175.786078385425,198.948129229326,218.121840242742,225.187752797978,252.868164616346,269.096271360963,288.378838793273,905.746036222253,1861.44410431425,1833.61546961393,1720.68220279776,2350.39970353001,2865.894821118,2914.67915051799,3012.38599715871,3117.92436332146,3343.19137341101,3642.27488664032,4095.2728883464,4376.24662265053,5368.25189445257,6138.58503727108,7343.50477941883,7911.13021263666,9423.06329642641,9376.45649443726,9897.6038552465,12568.5139935457,13894.5796172253,14664.4298638036,15376.2410425234,19467.9727255728,19542.5905912324,21894.5814804377,26141.3516899287,27990.5369344506,28964.1836653751,32514.9725283861,33534.3034412651,36751.9707287557,39182.5250770215,42021.7179624158,42754.2862376095,44106.3111307887,49251.8278456773,54662.8517768545,59947.1882179774,63734.6662654908,57942.4771995266,64142.2248411422,73695.842869036,78065.6201040091,86270.9860379959,80976.5393089443,72923.2533773549,77842.0524559916,82592.1146971096,86220.2716622106,89004.8960322881,89278.4953807544,96178.4328687234,99299.5344099958,101546.722569755,92000.075993394,83156.1204759268,82976.2152712674,96574.6900078235,106297.580997216,111361.345259615,121640.905951827,129850.302640278,135633.080092632,131106.454700286,155809.472092305,158157.355546085,151683.473677383,154822.115380643,142927.578627707,80026.2797621288,55212.8577542242,71665.7032090732,88978.8707980868,99354.1373346857,103731.710390164,124063.724466132,130200.949940142,144593.882149602,141823.113800903,141148.424436463,159489.442183844,184794.506940549,178301.291106032,188920.691369347,257353.03363358,285510.200098977,307728.958089079,342374.243783652,381306.113251487,400340.789450424,455947.657480635,534019.211010949,590640.044136716,673311.495672507,748025.524293028,777544.41993242,794429.014195556,916844.916290945,913971.626419795,865685.043749073,893046.13015908,917888.94409279,921304.396443264,944851.01876047,930016.246453419,916461.121844262,887780.484303819,885285.801669062,954731.333630376,932315.277781522,928418.805484706,927197.993603141,1005878.9594544,1031777.72644834,1095192.18159914,1116689.4663879,1118050.39753517,1107291.93899499,1176533.73874597,1188597.19383496,1201449.84002878,1193817.57900755,1155431.43449016,1200876.47069792,1227590.87152214,1215502.90895943,1242665.46642076,1250329.06382829,1276771.32086273,1249970.85777991,1237996.00321454,1275393.29116525,1212848.39642462,1113507.56602389,1183865.58130182,1225102.67588666,1263834.36294101,1285934.14308567,1229527.22968229,1196258.50037862,1175349.46821447,1155903.90136837,1119313.64037756,1082267.72912528,1015147.19797186,1047100.82103812,1022582.8321233,959741.801121174
"CO2","kaz","ktCO2",0,0,0,0,0,0,0,0,0,0,0,0,0,0,0,0,0,0,0,0,0,0,0,0,0,0,0,0,0,0,5.1637128997573,4.97068449939012,5.10600947693387,5.24109139528186,5.09545016861777,5.41714065295172,5.6915647463152,5.7790557273839,5.81985457434549,5.7210755763785,5.94780175865088,6.35925389609218,5.61065962285121,6.20697689474392,6.01546544458959,6.2404216447604,5.67993337220302,5.99712473942739,6.35980804324835,7.09013297665423,7.35911999635989,7.67290141751845,7.3435197121616,7.01488715128095,7.32821173393151,6.81736909889289,6.67328397920909,6.57520210612498,6.6142116467426,6.65319075126261,6.55556555334673,6.56598325319773,6.03585431672785,5.82501875871435,5.48272821533218,5.58749508236367,5.69126049363112,5.79404345556605,5.54647805241763,5.7360080440495,5.83724741139035,6.83685738637867,6.54267417865463,6.33685442071475,5.92185768653691,6.64734314351643,6.57007160401643,7.65924255373921,7.37060978450092,7.74415991118056,8.75245224054036,9.1288288164871,7.78246839880476,7.29809454877963,6.47464675025891,6.69514408374748,6.83459548636508,7.11979504572937,6.66189290163161,6.61543050022506,6.78573071909899,6.38765596744595,6.66841553675476,6.69910890844335,6.48419072921184,6.51580284914499,7.44780693644871,6.71597730619981,6.78024194497986,6.46933190703551,13.4103380432783,8.10125569430254,9.46353718130117,11.3133345247546,12.1846748772293,30.1958907802812,15.2792116203891,14.956785314017,40.1454666318312,42.1601825787167,50.8711902255303,61.1072864046086,56.3659536215461,59.8742687749997,65.9547078242403,65.3513252930344,150.141504563704,168.262998644703,146.000060672957,188.905273780863,204.390668353851,269.620048046223,281.962613555287,268.396244640647,319.997116487059,364.619220821875,442.035303475163,445.614493170286,577.445989153162,590.133390828172,692.592010363283,712.407779952506,748.7725748731,850.25485551488,825.296876328649,872.197239765253,895.137689602899,911.659441325835,944.084183491333,1040.60749576741,1154.36131130983,1251.21573759583,1356.04246200643,1597.91241709588,1715.81523869228,1886.90986454453,1974.61911319421,2315.81108623836,2623.89868776341,3153.64550330872,3569.67478593188,3565.67568573685,3483.93095056629,3512.31648519916,3988.84771028941,3771.01929304276,4280.64730514798,4841.54710404166,4891.64363079294,5152.69198035509,5024.51112983886,5525.23441053413,6598.04452208832,7527.35998696824,6910.60690664166,6360.60688729751,6971.98484851984,6670.15610523551,2855.46283413788,2324.3854053971,2239.35620650416,2494.02229315397,2991.96825319892,3287.70519415224,4028.840163749,3962.25518343125,5902.78377261968,7359.96517032658,8373.53339385288,8839.72964491696,11020.8445151888,13264.4734506288,15934.7786936031,18476.7145260945,22990.5391243719,26718.6851220909,31233.1001205074,32165.7386953393,34258.4174218188,35081.6246479776,43260.8639396348,37037.9914891807,23835.2887296247,32033.2113591559,27286.9662572867,31949.8062634628,35269.1419285609,41701.0478136486,43586.5756045955,48747.0416579956,53462.0034027956,58265.2189880944,61647.4414005277,64823.5767063215,70835.1434435134,81296.1833493175,90412.684160999,100244.219790799,107708.557562035,114341.025689492,119423.765952918,122610.614493819,127450.999551415,136667.712202032,145075.841027967,153974.095143573,162788.569273678,168503.659471268,171095.365583654,177007.346975617,189844.901016409,198236.308494975,205506.659953767,212891.27406785,220498.934089384,229187.721721154,234168.72646059,238037.808910712,242014.393778805,243016.763728061,244116.114687907,244433.094785926,249380.372951823,254829.960482179,253297.456088721,255294.233758775,257360.93781933,260087.039496201,263217.070386442,257742.47479496,241603.861504246,245789.836791881,239665.209792227,211603.52524094,194424.989031854,178292.739442929,161754.514100037,140328.823148083,144210.053124032,134775.177559667,123620.548632026,122825.143112828,139292.665729618,154832.794634126,168255.913379579,177252.149506726,195011.452605822,205594.152757153,231985.58939489,214733.455293339,233425.290780958,257032.370712261,251590.529961481,270952.321447073,227722.868935849,201283.158507312,214024.180969352,224460.648698344,227363.568566175,224714.432090814,224292.706409284,250856.003602845,250753.354429289,239064.604032797
"CO2","ken","ktCO2",0,0,0,0,0,0,0,0,0,0,0,0,0,0,0,0,0,0,0,0,0,0,0,0,0,0,0,0,0,0,0,0,0,0,0,0,0,0,0,0,0,0,0,0,0,0,0,0,0,0,0,0,0,0,0,0,0,0,0,0,0,0,0,0,0,0,0,0,0,0,0,0,0,0,0,0,0,0,0,0,0,0,0,0,0,0,0,0,0,0,0,0,0,0,0,0,0,0,0,0,0,0.106745533880704,0.213670321386734,0.320774362518087,0.428057657274764,0.535520205656766,0.643162007664094,0.750983063296745,0.858983372554719,0.967162935438019,1.07552175194665,1.18548836372731,1.29589396397816,1.4067385526992,1.51802212989041,1.62974469555181,1.74190624968338,1.85450679228514,1.96754632335709,2.08102484289921,2.19494235091152,2.3093929163519,2.42429142921085,2.53963788948834,2.65543229718438,2.77167465229897,2.88836495483213,3.00550320478384,3.12308940215409,3.2411235469429,3.3596056391503,3.47867737642902,3.59820620291036,3.7181921185943,3.83863512348083,3.95953521756998,4.08089240086174,4.20270667335611,4.32497803505306,4.44770648595264,4.5708920260548,4.69472588655659,4.81902616461206,4.94379286022121,5.06902597338404,5.19472550410055,5.32089145237074,5.4475238181946,5.57462260157213,5.70218780250335,5.83021942098829,5.9589601845293,6.08817688434956,6.2178695204491,6.34803809282791,6.47868260148596,6.60980304642329,6.74139942763987,6.87347174513574,7.00601999891084,7.13904418896524,7.40318882395696,7.6720928217413,7.9457561823183,8.22417890568796,8.50736099185022,8.79530244080516,9.08800325255274,9.38546342709294,9.68768296442581,9.99466186455136,10.3401916032973,10.6914325773943,11.0483847868426,11.411048231642,11.7794229117927,12.1535088272944,12.5333059781474,12.9188143643515,13.3100339859068,13.7069648428133,14.1558679414154,14.6116245224389,15.0742345858839,15.5436981317502,16.020015160038,16.5031856707472,16.9932096638777,17.4900871394297,17.9938180974031,18.5044025377979,19.0842071506489,19.6722359424056,20.268488913068,20.872966062636,21.4856673911098,22.1065928984892,22.7357425847744,23.3731164499652,24.0187144940617,901.63116234541,1369.64274087644,1557.16504508862,1483.7457580009,1661.48061399994,1942.11651466066,2167.46221539559,2228.51796634606,2043.14986372801,2169.05616089958,2378.65439425159,2362.9621091077,2572.82431843595,2795.1449090119,2774.04624285523,2445.75693204063,2652.14680553457,2715.12259320774,2834.89778506435,3134.03773677101,3124.27601722006,3729.37047749842,3897.26969451943,4046.06833717768,4062.53140568088,4020.29380053645,4588.88928307588,4900.2753734985,4887.10813521701,4694.29190922925,5189.17770619353,5160.74516557408,4876.26230667933,4577.69015678876,5240.98493244139,5231.38123682256,6077.06876660367,6281.86348193561,6207.10434919699,6514.06680686467,6482.5127981628,6234.61858164075,6328.51387869187,6218.80244795057,6327.41191264182,6782.32413258321,7441.68395329293,7151.15714603696,7799.35580369023,7992.37197527008,8895.39596863634,8155.10973882584,7923.77218943653,7248.12856894501,8106.07743564427,9033.3267085226,10129.6777633777,10174.822253906,10712.4692366348,12756.0923154906,13595.0918997539,13358.9130181103,12302.5400007852,13348.9250897208,15375.8564387512,16187.4352802765,17317.8710795917,18354.6733329192,17995.5770400762,18462.1455057031,17980.6073948832,20913.2487633765,21638.787527117,21733.4164103801
"CO2","kgz","ktCO2",0,0,0,0,0,0,0,0,0,0,0,0,0,0,0,0,0,0,0,0,0,0,0,0,0,0,0,0,0,0,0,0,0,0,0,0,0,0,0,0,0,0,0,0,0,0,0,0,0,0,0,0,0,0,0,0,0,0,0,0,0,0,0,0,0,0,0,0,0,0,0,0,0,0,0,0,0,0,0,0,0.164020039538158,0.195342847268234,0.129267770023132,0.160415726155684,0,0,0,0,0,0,0,0,0,0,0,0,0,0,0,0,0.943306513145387,0.000311000780555617,0.000625864924844846,0.000944592432867686,0.00126718330462413,2.7653091381566,0.00192395513933786,0.00225813610229514,3.81005551999869,4.01641473447191,5.23167698581521,6.67445728153061,5.98250534405593,6.22848018800953,6.95523294011092,6.6198740740334,21.106207572197,24.1195668951305,19.8762860346961,27.0580849390207,29.3503311973973,39.4698279718981,40.1797837400391,37.0468301797962,44.4245377284373,50.2815147463678,61.3550632617989,61.1167662571232,79.7303729700052,80.3063916157352,93.8005112964196,96.1230694764885,100.218922487626,113.551036217632,110.227704163071,116.741757552582,118.714893712826,121.085069389331,124.547773675673,135.691068000128,150.592735922701,160.918165902247,169.795421412701,197.202964518291,203.907734623447,224.178050314386,228.003470735419,262.81079710399,292.419893003606,343.059852361173,383.849380595039,380.39432761885,363.909568010667,357.082033056373,396.879157126934,361.356081056266,406.896689003011,453.829410063544,451.256557132239,469.640660116463,451.545531189684,480.749494272194,559.478907459005,623.683265160394,561.020789131683,509.375112094245,549.597082812398,515.014591132375,206.217785662918,167.252060261417,155.709988937631,173.292249439768,212.097311216925,234.599852132233,287.387567999898,280.443578533274,421.846771779863,529.400245095292,605.752551565295,644.003366616027,832.816222569471,988.271738052473,1141.09256782446,1282.70698011033,1554.65741874457,1764.81424654981,2023.50174883472,2046.79692279319,2144.6562606333,2158.03566495334,2610.70823106069,2300.20942655835,1513.50837503249,2068.73920985682,1853.25661426971,2161.36135393179,2458.97320099435,2997.64102778669,3219.67864869454,3701.71063448533,4173.99343689132,4523.1397812571,4770.42958474897,5032.38594276214,5502.5872895632,6240.72262584296,6814.76629690164,7436.89630443045,7902.25324994836,8317.83111391257,8664.96611867126,8920.21651943442,9347.10241498248,10083.0052227347,10795.8683029125,11578.3881282685,12388.3727833197,13045.4814459649,13488.4063172524,14170.1218609043,15296.5357461271,16571.23588494,17227.1761404126,17928.5527346154,18696.1516598197,19508.9105713076,19964.1296995124,20415.87113605,20800.4588974499,20931.3242344451,21187.196827019,21383.8679045394,21942.8013218468,22155.7449961123,22157.7012614728,22410.059060659,22416.3685352645,23029.4075537049,24102.0414899737,23638.0895424847,22598.9691703311,19569.7175122901,12641.2192035456,9520.01911045413,6715.0014158486,5012.67970152718,6185.54638185506,5963.98008543746,6290.81712442317,5057.44202638816,4800.09682298511,4285.24193024807,5387.43057833997,5732.64352213895,6038.44818081382,5627.4802013201,5735.70522634584,6932.45054870279,7850.92023387105,6714.12320429647,6475.13434594471,7856.64295090769,10465.5615505182,10158.2428878295,10117.6417612355,10005.7442149391,9866.31569230548,9681.52063217179,11403.8688017535,10048.0477931661,9321.19151855293,10764.4277351672,12230.111262528,10760.5635564637
"CO2","khm","ktCO2",0,0,0,0,0,0,0,0,0,0,0,0,0,0,0,0,0,0,0,0,0,0,0,0,0,0,0,0,0,0,0,0,0,0,0,0,0,0,0,0,0,0,0,0,0,0,0,0,0,0,0,0,0,0,0,0,0,0,0,0,0,0,0,0,0,0,0,0,0,0,0,0,0,0,0,0,0,0,0,0,0,0,0,0,0,0,0,0,0,0,0,0,0,0,0,0,0,0,0,0,0,0.00093239384939675,0.00186921712325619,0.00281046982157833,0.00375615194436317,0.00470626349161066,0.00566080446332089,0.00661977485949379,0.00758317468012938,0.00855100392522769,0.00952326259478867,0.010500530732492,0.0114823337571452,0.0124686716687483,0.0134595444673013,0.0144549521528042,0.0154548947252571,0.0164593721846597,0.0174683845310123,0.0184819317643148,0.0195000138845672,0.0206115354167431,0.0217360589334854,0.0228735844347941,0.0240241119206692,0.0251876413911108,0.0263641728461187,0.0275537062856932,0.0287562417098339,0.0299717791185412,0.0312003185118148,0.0324706171940816,0.0337557731708776,0.0350557864422035,0.0363706570080584,0.037700384868443,0.0390449700233568,0.0404044124728003,0.0417787122167732,0.0431678692552753,0.044571883588307,0.0460125105400003,0.0474690560215471,0.0489415200329463,0.0504299025741988,0.0519342036453039,0.0534544232462624,0.0549905613770737,0.056542618037738,0.0581105932282553,0.0596944869486253,0.0613602329902399,0.0630444832005852,0.0647472375796616,0.066468496127469,0.0682082588440078,0.0699665257292771,0.071743296783278,0.0735385720060096,0.0753523513974724,0.0771846349576661,0.0790110155400699,0.0808551000568926,0.0827168885081336,0.0845963808937941,0.0864935772138732,0.0884084774683714,0.0903410816572879,0.0922913897806239,0.0942594018383785,0.0962451178305522,0.09863738883542,0.101058317326208,0.103507903302915,0.105986146765542,0.108493047714088,0.111028606148554,0.113592822068939,0.116185695475244,0.118807226367469,0.121457414745613,0.124246456593475,0.127066876815744,0.129918675412422,0.132801852383508,0.135716407729003,0.138662341448906,0.141639653543217,0.144648344011938,0.147688412855066,0.150759860072602,0.153998866133413,0.157272243545969,0.160579992310271,0.16392211242632,0.167298603894115,0.170709466713656,0.174154700884943,0.177634306407976,0.181148283282756,0.184696631509281,0.19104399269545,0.197992893476599,0.205347469546601,0.212959521633266,106.502824922261,136.854716347889,167.198014785043,205.121455381071,220.27477644259,243.011774796054,296.088302041803,318.817783701236,402.211208923439,319.58527166154,316.767813271373,355.286531929194,365.096764025913,381.681413660049,1323.74754940807,1160.71589290965,201.680083676534,90.5651134321004,100.131344447857,69.2353521346932,60.545222819252,60.5665008935181,60.4147966788314,60.1580493809887,42.138071542711,293.718261361699,302.607702068371,342.453874449293,371.389964170674,479.362159048399,424.047545887159,435.692963306994,444.63201200481,459.111737241936,457.178625475769,467.855598552417,492.974136081102,560.121600500563,582.44569398098,597.438772577901,1535.46093773607,1600.17090923539,1714.96564077148,1955.86712168821,1986.19588551973,2039.1273586313,2227.8542564357,2288.02437245598,2456.99750682706,2453.59121970265,2734.24782180922,3039.960064842,3754.86988305034,4155.99735533004,4832.04112362991,5176.96570662847,5393.72873708367,5663.55705666618,5659.60319598811,5848.57459466102,6381.17034011438,8135.20590953982,9211.12484116269,10347.8635391149,13711.5075203769,14554.795810383,15358.7880964595,15585.3884161797,16122.3283467032
"CO2","kir","ktCO2",0,0,0,0,0,0,0,0,0,0,0,0,0,0,0,0,0,0,0,0,0,0,0,0,0,0,0,0,0,0,0,0,0,0,0,0,0,0,0,0,0,0,0,0,0,0,0,0,0,0,0,0,0,0,0,0,0,0,0,0,0,0,0,0,0,0,0,0,0,0,0,0,0,0,0,0,0,0,0,0,0,0,0,0,0,0,0,0,0,0,0,0,0,0,0,0,0,0,0,0,0,7.90235286201084e-06,1.58920245401765e-05,2.3969015034497e-05,3.21333243449724e-05,4.03849524716024e-05,4.87238994143873e-05,5.71501651733271e-05,6.56637497484216e-05,7.42646531396711e-05,8.29528753470755e-05,9.15628117193061e-05,0.000100229956971086,0.000108954311102417,0.000117735874113297,0.000126574646003727,0.000135470626773706,0.000144423816423235,0.000153434214952314,0.000162501822360943,0.000171626638649121,0.000180829377376686,0.000190091297703786,0.000199412399630419,0.000208792683156586,0.000218232148282288,0.000227730795007522,0.000237288623332293,0.000246905633256599,0.000256581824780436,0.000266317197903809,0.000276143384171294,0.000286030792783125,0.000295979423739302,0.000305989277039825,0.000316060352684692,0.000326192650673907,0.000336386171007467,0.00034664091368537,0.000356956878707622,0.000367334066074219,0.000377815753649267,0.000388360774683985,0.00039896912917837,0.000409640817132422,0.000420375838546142,0.000431174193419532,0.000442035881752588,0.000452960903545312,0.000463949258797706,0.000475000947509766,0.000489125409447753,0.000503431222091147,0.000517918385439941,0.000532586899494142,0.000547436764253744,0.000562467979718749,0.000577680545889161,0.000593074462764976,0.00060864973034619,0.000624406348632812,0.000639883176121421,0.000655526234921874,0.000671335525034181,0.000687311046458334,0.000703452799194336,0.000719760783242188,0.00073623499860189,0.000752875445273437,0.000769682123256837,0.000786655032552084,0.000803840048242187,0.0008211925875,0.000838712650325522,0.000856400236718749,0.000874255346679688,0.000892277980208334,0.000910468137304686,0.00092882581796875,0.000947351022200522,0.000966043749999999,0.0009849576796875,0.00100404045833333,0.0010232920859375,0.0010427125625,0.00106230188802083,0.0010820600625,0.0011019870859375,0.00112208295833333,0.0011423476796875,0.00116278125,0.00118344552083333,0.00120428,0.0012252846875,0.00124645958333333,0.0012678046875,0.00128932,0.00131100552083333,0.00133286125,0.0013548871875,0.00137708333333333,0.00141513625,0.0014570275,0.001502255,0.00155038,0.00160111875,0.00165421833333333,0.00170968166666667,0.00176742,0.00182743041666667,0.00188989166666667,7.0761887417814,10.6116392339096,17.6820206168624,17.6794473357014,10.607088844903,10.6057199856472,21.2064880518072,31.8047522932663,10.6020543257861,21.1993985047625,27.8220415923999,24.9018447424195,35.5342525711524,37.5004848653511,31.5749587676431,31.7754695319066,21.3466643732312,21.4427632017408,25.0912187631005,28.86873667028,28.3037498207102,25.0968853416199,21.5196763452783,24.977475171469,21.5898201244358,17.892503932157,21.6571262256854,21.6330670392865,21.4928174411977,21.9615329140793,22.5805510483083,24.9293306300891,25.8816634140042,25.8861921130027,24.4182068276139,40.1076672383788,31.1525312346414,35.1209842637057,32.2897650542634,35.2861135212308,28.9645236224295,44.2071514478545,44.6193656606438,47.6545184171985,64.4796786016818,72.6467856872214,49.2167282901322,54.484867311032,40.3907419145672,64.5799671319331,62.7685060892313,60.4859694356086,59.8249028865173,62.1663364953122,67.6586376718933,66.1709460788363,66.5524609609814,71.9198905617418,72.5958964930013,68.6334639991505,71.4227949255732,68.8524774774448,73.1187072007403
"CO2","kna","ktCO2",0,0,0,0,0,0,0,0,0,0,0,0,0,0,0,0,0,0,0,0,0,0,0,0,0,0,0,0,0,0,0,0,0,0,0,0,0,0,0,0,0,0,0,0,0,0,0,0,0,0,0,0,0,0,0,0,0,0,0,0,0,0,0,0,0,0,0,0,0,0,0,0,0,0,0,0,0,0,0,0,0,0,0,0,0,0,0,0,0,0,0,0,0,0,0,0,0,0,0,0,0,1.39125e-05,2.78166666666667e-05,4.17125e-05,5.56000000000001e-05,6.94791666666666e-05,8.335e-05,9.72125000000001e-05,0.000111066666666667,0.0001249125,0.00013875,0.000155375,0.0001725,0.000190125,0.00020825,0.000226875,0.000246,0.000265625,0.00028575,0.000306375,0.0003275,0.00034526625,0.000363165,0.00038119625,0.00039936,0.000417656250000001,0.00130586702196993,0.00220108142930497,0.00310329947200509,0.00401252115007031,0.00492874646350062,0.00586936782137542,0.00682236667319732,0.00778774301896636,0.00876549685868253,0.0097556281923457,0.0107581370199561,0.0117730233415135,0.0128002871570181,0.0138399284664699,0.0148919472698686,0.0158543965323044,0.0168168457947401,0.0177792950571757,0.0187417443196115,0.0197041935820472,0.0206666428444828,0.0216290921069186,0.0225915413693542,0.0235539906317899,0.0245164398942257,0.0255354441280159,0.0265587210198592,0.0275862705697553,0.0286180927777043,0.0296541876437063,0.0306945551677612,0.0317391953498689,0.0327881081900297,0.0338412936882433,0.0348987518445098,0.035488956683876,0.0360575779928718,0.0366046157714973,0.0371300700197522,0.0376339407376368,0.038116227925151,0.0385769315822947,0.039016051709068,0.039433588305471,0.0398295413715035,0.0403809800667109,0.0409184555392093,0.0414419677889986,0.0419515168160789,0.0424471026204502,0.0429287252021125,0.0433963845610658,0.0438500806973101,0.0442898136108453,0.0447155833016716,0.0451609713237888,0.0455935854197684,0.0460134255896105,0.046420491833315,0.0468147841508819,0.0471963025423112,0.0475650470076029,0.047921017546757,0.0482642141597736,0.0485946368466525,0.0511454732896901,0.0537507266580738,0.0564103969518038,0.0591244841708799,0.0618929883153019,0.0647159093850703,0.0675932473801847,0.0705250023006453,0.073511174146452,0.779337906037824,0.589143019187404,0.920349621778152,1.08584968721646,0.922288121730355,1.43659716883825,1.45111909947233,1.79550885400435,1.80488746971062,2.38729394179268,1.82329747196835,3.56687484800529,2.45139317033887,3.07594271652701,3.11940884571242,3.75083504607427,3.79545313101465,3.84015196988408,5.6748340524349,4.5151100140704,4.54707153983535,5.27869565142477,6.00209207248671,5.58774470646701,6.42940279250931,6.89442078789257,6.89040331677996,6.97559946311491,6.63910778788696,7.31926689976226,10.2241287035364,12.7043313377131,14.5999898774737,11.2375085632276,11.4547520652107,11.5346780855326,13.8259278591443,13.6288601236281,16.7610598599766,17.802541483381,38.4164415370247,44.0625484525344,44.6877255334004,51.2706621830452,54.3596670475815,60.2456420738883,64.5830074948756,93.8356057677966,98.3378378459356,105.422866160316,100.628490145654,162.264213058523,84.3742508583398,93.812210473875,100.033893588119,104.532457577225,113.250463211162,125.751657042653,134.045734301327,142.492365207391,137.693333799804,96.4729830995047,101.464852611317,101.790953283158,102.266996432149,105.324302611708,105.896146483886,107.276565692519,108.066798430409,110.465674955352,99.0629519542881,102.942383073381,107.774989130282,111.904225714331
"CO2","kor","ktCO2",0,0,0,0,0,0,0,0,0,0,0,0,0,0,0,0,0,0,0,0,0,0,0,0,0,0,0,0,0,0,0,0,0,0,0,0,0,0,0,0,0,0,0,0,0,0,0,0,0,0,0,0,0,0,0,0,0,0,0,0,0,0,0,0,0,0,0,0,0,0,0,0,0,0,0,0,0,0,0,0,0,0,0,0,0,0,0,0,0,0,0,0,0,0,0,0,0,0,0,0,0,0.0635750235588464,0.127365191021446,0.191370502387797,0.255590957657901,0.320026556831758,0.384677299909367,0.449543186890728,0.514624217775841,0.579920392564707,0.645431711257324,0.711178229641336,0.777143538435939,0.84332763764114,0.909730527256934,0.976352207283329,1.04319267772032,1.1102519385679,1.17752998982607,1.24502683149485,1.31274246357422,1.37484629783758,1.43661362839471,1.49804445524562,1.5591387783903,1.61989659782876,1.68051697018498,1.74079980238492,1.80074509442858,1.86035284631599,1.9196230580471,1.98782316610515,2.05628511738103,2.12500891187475,2.19399454958633,2.26324203051574,2.33275135466298,2.40252252202808,2.47255553261102,2.54285038641181,2.61340708343043,2.68433496521334,2.75553003395323,2.82699228965011,2.89872173230397,2.97071836191481,3.04298217848264,3.11551318200745,3.18831137248923,3.261376749928,3.33470931432376,3.41369099060001,3.49315122787175,3.57309002613896,3.65350738540165,6.80789830258615,3.81577778691347,3.89763082916261,3.9799624324072,37.3005626350319,45.9479983733897,54.5663281216906,68.1305316029109,79.5666019762176,113.164450224947,141.68404260097,120.08142494247,5.76504245744016,121.087276592786,143.710805950833,186.468790624909,875.564118546945,1555.19642121355,2269.49442500248,2957.0230410357,3782.01957311856,4160.18861496314,4524.47504467522,4941.26360038738,5367.0175359237,5681.57403940792,6134.26781525805,6660.87081301005,7208.1371681364,7890.15544935077,8491.76341482368,9347.84114721094,10084.5055108141,11343.3173472611,12577.9732040722,14165.7843431932,13770.3623290326,13568.2584316524,12648.3425360641,12316.1107522221,4759.83651067561,4256.32262389139,3689.14616634271,3458.9994776747,2979.62336015964,3148.85741429932,3555.59397519479,4090.78004406215,5430.86466248214,5747.59167749809,6967.55673051499,8169.19489545435,8957.13836679011,9726.74032053974,12269.5395203696,13789.2629445159,15570.855519881,18547.0201223966,22525.9530555997,23496.3801961098,26385.8426792925,31561.552705939,36611.0968423888,38483.2590523745,43662.3588526903,53866.9574393433,60090.5659451593,61975.6961073534,76039.1089047317,79856.7944006032,86289.4305295108,97302.8414035785,110458.3341644,117387.097880427,135455.104516732,137404.791682678,144291.824193923,145223.873241429,157065.453073765,172193.523386754,180499.277920262,186861.42753213,192518.388018203,218093.258532874,231810.985726488,250822.925106805,277311.567142083,300685.229621841,329054.771363699,353678.882663055,385438.026369185,402791.236588853,416875.328944491,356658.850882562,386318.792912247,422658.125604362,432833.755647457,455234.629786456,461548.042282325,476028.333913515,477588.277952187,477961.317094336,508304.083663284,516220.285087159,519963.488050509,569479.111109959,596712.511240836,599530.28550536,601797.136525481,590957.194778527,600704.985198365,609226.204614721,623182.906841054,637124.796628203,613209.235653401,579425.808795297,602235.844066001,590482.819201202,577539.829387004
"CO2","kwt","ktCO2",0,0,0,0,0,0,0,0,0,0,0,0,0,0,0,0,0,0,0,0,0,0,0,0,0,0,0,0,0,0,0,0,0,0,0,0,0,0,0,0,0,0,0,0,0,0,0,0,0,0,0,0,0,0,0,0,0,0,0,0,0,0,0,0,0,0,0,0,0,0,0,0,0,0,0,0,0,0,0,0,0,0,0,0,0,0,0,0,0,0,0,0,0,0,0,0,0,0,0,0,0,4.26924057544475e-05,8.58204483023083e-05,0.000129384127643581,0.000173383443778267,0.000217818396706366,0.000262688986427878,0.000307995212942801,0.000353737076251136,0.000399914576352889,0.00044652771324805,0.000491676626476465,0.000536915747323715,0.000582245075789807,0.000627664611874731,0.0006731743555785,0.000718774306901107,0.000764464465842544,0.000810244832402828,0.000856115406581941,0.0009020761883799,0.000948136745271415,0.000994288420969846,0.00104053121547517,0.00108686512878742,0.00113329016090657,0.00119049365856205,0.00124780973556004,0.00130523839190055,0.00136277962758355,0.00142043344260907,0.00147821475337219,0.00153610978064288,0.00159411852442116,0.00165224098470705,0.00171047716150049,0.00176882705480152,0.00182729066461015,0.00188586799092633,0.00194455903375014,0.00200336379308151,0.00206230307924416,0.00212135723056601,0.00218052624704702,0.00223981012868721,0.00229920887548657,0.00235872248744513,0.00241835096456283,0.00247809430683974,0.0025379525142758,0.00259792558687104,0.00265803987039525,0.00271827015874071,0.00277861645190743,0.00283907874989543,0.00289965705270466,0.00296035136033519,0.00302116167278698,0.00308208799006005,0.00314313031215436,0.00320428863906997,0.00328778743746684,0.00337219266381315,0.00345750431810893,0.00354372240035411,0.00363084691054872,0.00371887784869277,0.00380781521478629,0.00389765900882919,0.00398840923082155,0.00408006588076334,0.00417497419431084,0.00427085975210006,0.00436772255413101,0.00446556260040369,0.00456437989091812,0.00466417442567429,0.00476494620467217,0.00486669522791185,0.00496942149539323,0.00507312500711632,0.00518071596434879,0.00528936051463808,0.00539905865798429,0.00550981039438737,0.00562161572384729,0.00573447464636412,0.00584838716193785,0.00596335327056839,0.00607937297225585,0.00619644626700019,0.00631812228337464,0.00644093420637226,0.0065648820359931,0.00668996577223714,0.00681618541510435,320.369224171312,728.388082194058,1546.63560026488,2625.26232446037,3733.95103251584,5534.68040071785,7113.08448236289,9119.49472339861,10959.6084647896,13195.3797109755,11230.6477661335,14875.9495458584,20697.0305347473,21014.3215284753,24279.6816720707,23993.8398128331,25665.1611286421,26388.674865489,27540.906833351,27439.7838729195,28886.9627875062,28686.0198790714,29911.3724497715,30941.6615160353,31266.4845385675,41889.0169475674,42567.8195414466,38192.3663306584,31339.2414865497,26866.1026818367,27552.129062023,27254.3357815308,31351.638468622,36210.1085056603,33716.801115908,31726.0894752824,33589.2678049846,36300.3018024781,37149.3226556308,41858.5518782047,45159.8059202265,48794.3918262763,58633.1417644551,68536.9401995829,33446.0052711835,38616.8780628967,27921.4056990632,35585.8530336187,42069.8916364836,41746.181193853,41155.5709461538,43220.3560485522,47894.3425365688,51263.6849623563,55986.5461160434,59105.1485481676,61522.8859479306,64774.3547048778,68856.7871603548,77448.5295951127,80135.516491913,78028.6085553023,83597.016198361,85415.1992076203,87320.9632369473,92855.7816227521,92849.9227656722,94948.3518056935,93432.6029594205,96992.670700709,100064.908294636,99352.0848128472,101357.255167571,100668.060749016,99006.604087427,106186.268238505,109890.443859898,112161.326668587
"CO2","lao","ktCO2",0,0,0,0,0,0,0,0,0,0,0,0,0,0,0,0,0,0,0,0,0,0,0,0,0,0,0,0,0,0,0,0,0,0,0,0,0,0,0,0,0,0,0,0,0,0,0,0,0,0,0,0,0,0,0,0,0,0,0,0,0,0,0,0,0,0,0,0,0,0,0,0,0,0,0,0,0,0,0,0,0,0,0,0,0,0,0,0,0,0,0,0,0,0,0,0,0,0,0,0,0,0.000257644229600432,0.000520950969741533,0.000789920220423301,0.00106455198164574,0.00134484625340885,0.00163080303571263,0.00192242232855707,0.00221970413194218,0.00252264844586797,0.00283125527033442,0.00314898502844973,0.00347300646494355,0.0038033195798159,0.00413992437306677,0.00448282084469616,0.00483200899470407,0.0051874888230905,0.00554926032985545,0.00591732351499893,0.00629167837852093,0.00682590520630858,0.00738105040636877,0.0079571139787015,0.00855409592330675,0.00917199624018458,0.00981081492933486,0.0104705519907578,0.0111512074244531,0.0118527812304211,0.0125752734086615,0.0131388319577164,0.0137117055241109,0.0142938941078453,0.0148853977089193,0.0154862163273332,0.0160963499630867,0.01671579861618,0.0173445622866132,0.0179826409743859,0.0186300346794986,0.0193079609414469,0.0199962372226618,0.0206948635231429,0.0214038398428905,0.0221231661819045,0.0228528425401849,0.0235928689177315,0.0243432453145447,0.0251039717306243,0.0258750481659702,0.026655165193145,0.0274455808894906,0.0282462952550071,0.0290573082896942,0.0298786199935523,0.0307102303665811,0.0315521394087808,0.0324043471201511,0.0332668535006924,0.0341396585504045,0.0348833576780151,0.0356327848324599,0.0363879400137383,0.0371488232218511,0.0379154344567977,0.0386877737185785,0.0394658410071932,0.0402496363226421,0.0410391596649245,0.0418344110340413,0.0426599287577785,0.0434918657288507,0.0443302219472581,0.0451749974130001,0.0460261921260773,0.0468838060864898,0.047747839294237,0.0486182917493192,0.0494951634517369,0.0503784544014891,0.0512874542412415,0.0522033496158019,0.0531261405251711,0.0540558269693481,0.0549924089483335,0.055935886462127,0.0568862595107287,0.0578435280941392,0.0588076922123573,0.0597787518653839,0.0607797325757517,0.0617881148763677,0.0628038987672326,0.0638270842483457,0.0648576713197075,0.0658956599813181,0.0669410502331768,0.0679938420752843,0.06905403550764,0.0701216305302445,0.072511822479547,0.0749612570391284,0.077473740049407,0.0800531523509399,25.1324734432867,57.3315572464856,57.3242933240697,71.6241360000677,75.191650695915,78.7586821797965,110.925309078021,128.785648686006,143.068165950955,168.068935487183,175.199185929559,228.832750067106,311.047091524751,164.516304370709,311.000498536226,557.427610964419,404.490480688362,477.274400156393,505.860394204943,338.896230990513,247.876020521734,221.363274416133,229.748823561052,230.787193501832,224.604777060271,190.432252494747,151.809522789396,160.99231520341,182.465751027905,215.09212532796,204.917978317861,210.726025625498,213.270439992967,213.346489347046,237.050175820537,242.327487125692,271.504918934032,325.352338256875,338.146195848611,361.699992677581,414.5942309099,546.86918334899,595.816754066322,634.981236609713,689.189150504857,938.278001061917,1034.28301626551,1142.56012992709,1189.46154636342,1250.35366522782,1298.13627528329,1685.66018472959,1778.56127516339,2091.26602845642,2581.31658318184,2908.23179376247,3072.28461803297,3303.92200239792,4196.62525168075,4381.3529285593,8856.81409048173,15575.916336601,18874.5769698416,19478.7212498323,19007.0896771399,19057.4960737405,23192.5990152905,23445.9804187481,24988.3800322742
"CO2","lbn","ktCO2",0,0,0,0,0,0,0,0,0,0,0,0,0,0,0,0,0,0,0,0,0,0,0,0,0,0,0,0,0,0,0,0,0,0,0,0,0,0,0,0,0,0,0,0,0,0,0,0,0,0,0,0,0,0,0,0,0,0,0,0,0,0,0,0,0,0,0,0,0,0,0,0,0,0,0,0,0,0,0,0,0,0,0,0,0,0,0,0,0,0,0,0,0,0,0,0,0,0,0,0,0,0.000174004217225566,0.000350476579376317,0.000529417086452252,0.000710825738453377,0.000894702535379683,0.00108104747723118,0.00126986056400785,0.00146114179570971,0.00165489117233677,0.001851108693889,0.00205076398872988,0.00225306372456204,0.00245800790138546,0.00266559651920016,0.00287582957800612,0.00308870707780336,0.00330422901859186,0.00352239540037163,0.00374320622314268,0.00396666148690499,0.00424572195583448,0.0045324707480577,0.00482690786357465,0.00512903330238534,0.0054388470644898,0.00575634914988793,0.00608153955857986,0.00641441829056547,0.00675498534584487,0.00710324072441795,0.00734742957221699,0.00759209675272469,0.00783724226594116,0.00808286611186629,0.00832896829050019,0.00857554880184274,0.00882260764589408,0.00907014482265412,0.00931816033212283,0.0095666541743003,0.00991609330132762,0.0102709115879974,0.0106311090343096,0.0109966856402643,0.0113676414058613,0.0117439763311008,0.0121256904159827,0.0125127836605071,0.0129052560646739,0.0133031076284831,0.0135369361231443,0.0137695005527894,0.0140008009174185,0.0142308372170316,0.0144596094516287,0.0146871176212097,0.0149133617257747,0.0151383417653237,0.0153620577398567,0.0155845096493736,0.0160273776703993,0.016476249828918,0.0169311261249296,0.0173920065584342,0.0178588911294318,0.0183317798379224,0.0188106726839059,0.0192955696673825,0.019786470788352,0.0202833760468146,0.0210554892592373,0.0218411898152507,0.0226404777148547,0.0234533529580494,0.0242798155448348,0.0251198654752107,0.0259735027491774,0.0268407273667347,0.0277215393278827,0.0286159386326212,4.42334579286233,13.2094607963222,17.6111205403808,0.0329757434194836,61.5500307299449,70.3408121521456,74.7310499333402,74.732235774675,70.34436967615,26.4089298377376,26.4103867938184,421.876286036938,43.9811366356605,79.1411821225819,87.9323585030868,87.933926677189,101.114216919333,123.130126659673,140.665055660017,1565.945417838,1559.02450463911,1264.07055070961,1336.21310861441,1405.68157451262,1729.90838937361,2010.44871395791,2192.23163545694,2089.16028246046,2596.83233818493,2728.8036550772,2842.54920697764,3019.13526740632,3192.48924958133,3440.3415916429,3524.34979397635,3876.67220875102,3806.55593409095,3955.88791066267,4589.69724833756,4214.82852578721,5393.08278965154,5860.55284963594,7238.80807766734,7350.7906829505,6507.16453087632,6037.57700334885,5243.30000082961,6368.89548257277,7105.03381617799,7182.25400916526,7071.06461658417,5204.4698616055,5627.62741474071,5780.0611083165,6868.52045083541,7270.89742577789,7419.72543807671,5659.44914938051,5712.17210297764,5696.01497048359,7106.99609579788,7104.41194295492,10324.6969265784,11261.1513948967,13254.7958256585,14097.1940064187,16040.0795811206,16153.3818618246,16896.2830594593,15606.9614800079,16799.8708709055,16730.0211037254,17272.7908365397,17767.667136459,17185.2249182508,16094.2381818601,14926.2060042937,18490.1286681121,21668.0190637369,20720.8303972924,20949.8748590504,23121.7016983115,22941.551999576,24827.1692768587,26628.6691857275,27366.3601686944,28785.1287649379,27062.1006547696,26528.1346329478,21457.446488549,16508.6982366128,10346.8386769867,10798.2495413934
"CO2","lbr","ktCO2",0,0,0,0,0,0,0,0,0,0,0,0,0,0,0,0,0,0,0,0,0,0,0,0,0,0,0,0,0,0,0,0,0,0,0,0,0,0,0,0,0,0,0,0,0,0,0,0,0,0,0,0,0,0,0,0,0,0,0,0,0,0,0,0,0,0,0,0,0,0,0,0,0,0,0,0,0,0,0,0,0,0,0,0,0,0,0,0,0,0,0,0,0,0,0,0,0,0,0,0,0,0.000148524895515806,0.000297299203114762,0.000446322922796867,0.000595596054562123,0.000745118598410528,0.000894890554342085,0.00104491192235679,0.00119518270245464,0.00134570289463565,0.00149647249889981,0.00164947917684854,0.00180309665989887,0.00195732494805079,0.0021121640413043,0.0022676139396594,0.00242367464311609,0.00258034615167438,0.00273762846533426,0.00289552158409573,0.00305402550795879,0.00321327112373093,0.00337314001001489,0.00353363216681068,0.00369474759411829,0.00385648629193775,0.00401884826026905,0.00418183349911214,0.00434544200846708,0.00450967378833382,0.00467452883871243,0.00484020431660151,0.00500651578480874,0.0051734632433342,0.00534104669217781,0.00550926613133965,0.00567812156081968,0.00584761298061787,0.00601774039073429,0.00618850379116886,0.00635990318192167,0.00653220464057477,0.00670515506894027,0.00687875446701826,0.00705300283480863,0.00722790017231149,0.0074034464795268,0.0075796417564545,0.0077564860030947,0.00793397921944728,0.00811212140551234,0.00833635432896482,0.00856301825223459,0.00879211317532173,0.0090236390982262,0.00925759602094803,0.0094939839434872,0.00973280286584368,0.00997405278801755,0.0102177337100087,0.0104638456318172,0.0108941662943258,0.0113328778825823,0.0117799803965867,0.0122354738363391,0.0126993582018393,0.0131716334930875,0.0136522997100836,0.0141413568528277,0.0146388049213196,0.0151446439155595,0.0157058910289996,0.0162768534961723,0.0168575313170774,0.017447924491715,0.0180480330200852,0.0186578569021878,0.0192773961380229,0.0199066507275906,0.0205456206708906,0.0211943059679233,0.0219170738187387,0.022651146336868,0.0233965235223114,0.0241532053750687,0.02492119189514,0.0257004830825253,0.0264910789372245,0.0272929794592378,0.028106184648565,0.0289306945052063,0.0298532855507108,0.030789088439827,0.031738103172555,0.0327003297488947,0.0336757681688463,0.0346644184324096,0.0356662805395847,0.0366813544903715,0.0377096402847701,42.6115121381876,39.3297934729923,49.2488927175827,52.6430616177938,92.349680715258,52.9615625277013,43.1637025620984,76.4305797527559,146.433134160262,130.21890126415,150.607522684547,147.658724774145,232.047473823528,327.244568367346,446.978651531492,516.063801302254,568.320007187343,570.13195535617,826.57285268145,1193.48744996856,1366.83440102133,1523.68987412696,1479.41674892058,1520.54789026471,1766.22388007624,1551.49617458573,1563.7324019555,1459.89300101172,1451.20385083494,1913.4214538869,1911.45789521728,1851.44424580609,572.183870629924,669.320209581677,660.99778330934,690.183301078604,697.039683738574,741.223003284328,783.177577167387,651.103625162012,438.115144501005,266.884085076345,268.594116058954,298.742277017929,301.021790468971,312.937597242793,329.592740248413,334.700742452799,444.998073117767,462.841134361197,473.690693898786,571.301886103142,560.476627217387,558.756467120613,679.281803989444,833.905752287117,853.779309054405,782.009651268138,621.109058702193,582.997390372617,872.314516795819,863.860657573691,934.426258153748,974.864500044422,1054.60596325728,1147.39659139341,1190.23861318029,1343.27447796381,1465.86895465051,1575.38890027636,1646.39868008399,1753.82507595066,1827.67092766738,1806.80844555841
"CO2","lby","ktCO2",0,0,0,0,0,0,0,0,0,0,0,0,0,0,0,0,0,0,0,0,0,0,0,0,0,0,0,0,0,0,0,0,0,0,0,0,0,0,0,0,0,0,0,0,0,0,0,0,0,0,0,0,0,0,0,0,0,0,0,0,0,0,0,0,0,0,0,0,0,0,0,0,0,0,0,0,0,0,0,0,0,0,0,0,0,0,0,0,0,0,0,0,0,0,0,0,0,0,0,0,0,0.000233532823175772,0.000467457808942939,0.000701774957301502,0.000936484268251458,0.00117158574179281,0.00140707937792556,0.0016429651766497,0.00187924313796524,0.00211591326187217,0.0023529755483705,0.00259355529321409,0.0028350954362407,0.00307759597745031,0.00332105691684293,0.00356547825441856,0.0038108599901772,0.00405720212411884,0.0043045046562435,0.00455276758655116,0.00480199091504183,0.00505238044132615,0.0053037499657564,0.00555609948833259,0.00580942900905469,0.00606373852792274,0.00631902804493665,0.00657529756009655,0.00683254707340237,0.00709077658485412,0.0073499860944518,0.00761048560160891,0.00787198510687405,0.00813448461024734,0.00839798411172871,0.00866248361131818,0.00892798310901574,0.00919448260482138,0.00946198209873505,0.00973048159075687,0.00999998108088678,0.0103944121528386,0.0107958886660065,0.0112044106203904,0.0116199780159904,0.0120425908528065,0.0124722491308388,0.012908952850087,0.0133527020105514,0.0138034966122318,0.0142613366551283,0.0146405497195076,0.0150234485223684,0.0154100330637106,0.0158003033435343,0.0161942593618394,0.0165919011186259,0.0169932286138939,0.0173982418476434,0.0178069408198743,0.0182193255305866,0.0185620574821668,0.0189060706313232,0.0192513649780557,0.0195979405223643,0.019945797264249,0.0202949352037096,0.0206453543407465,0.0209970546753594,0.0213500362075484,0.0217042989373134,0.0220524470453135,0.0224016680179504,0.0227519618552243,0.0231033285571351,0.0234557681236828,0.0238092805548674,0.0241638658506888,0.0245195240111471,0.0248762550362424,0.0252340589259746,0.0262609594164996,0.0273054271848999,0.0283674622311755,0.0294470645553264,0.0305442341573527,0.0316589710372543,0.0327912751950312,0.0339411466306834,0.0351085853442109,0.0362935913356137,0.0372487335452326,0.0382160049874596,0.0391954056622945,0.0401869355697378,0.0411905947097891,0.0422063830824481,0.0432343006877156,0.0442743475255912,0.0453265235960745,157.91365946071,187.774360933579,177.785355746917,268.525310583939,288.430123578714,308.584141145513,303.061225567358,295.285661019364,324.55773732387,432.430698292717,731.374012761607,1422.57757288263,2441.68790930019,4807.64870695563,6577.35218282095,9364.75746385473,13233.3186086379,16935.2715578894,25053.9363049965,32632.0403671902,40001.7308461133,27698.1418438661,20757.483510794,19406.0782602304,13026.6308620404,16289.6376322944,21393.039047734,23580.3347740017,25414.014308536,28017.1941958508,28808.3121296438,25391.0079795245,28629.8067044818,27486.1471573929,27096.2893031166,25295.0577249785,28748.3554349424,28178.0828746243,29639.3234427939,28920.3577706526,32752.4018396898,33019.8554058534,34451.7423174116,36630.8709343981,43281.1537451483,48907.2108525421,51035.1265810062,47314.0007793122,46837.9469114934,48186.4037978804,49761.4798802219,49229.6319937045,50349.971171442,54286.3188135991,53748.864130452,58411.5863346493,58346.3353854507,54732.2216101905,58237.675674958,61455.6935162116,64939.1978699957,45544.0824089132,64303.939434487,64275.4072090196,63491.1869908856,56208.2480123441,52871.483680322,57042.952339919,58922.7104064249,59387.2788877371,47442.896450439,60037.1817425074,59975.9947657013,61282.5445729491
"CO2","lca","ktCO2",0,0,0,0,0,0,0,0,0,0,0,0,0,0,0,0,0,0,0,0,0,0,0,0,0,0,0,0,0,0,0,0,0,0,0,0,0,0,0,0,0,0,0,0,0,0,0,0,0,0,0,0,0,0,0,0,0,0,0,0,0,0,0,0,0,0,0,0,0,0,0,0,0,0,0,0,0,0,0,0,0,0,0,0,0,0,0,0,0,0,0,0,0,0,0,0,0,0,0,0,0,1.27532738095238e-06,2.54178571428572e-06,3.799375e-06,5.04809523809524e-06,6.28794642857143e-06,7.51892857142858e-06,8.74104166666667e-06,9.95428571428572e-06,1.11586607142857e-05,1.23541666666667e-05,1.35208333333333e-05,1.4675e-05,1.58166666666667e-05,1.69458333333333e-05,1.80625e-05,1.91666666666667e-05,2.02583333333333e-05,2.13375e-05,2.24041666666667e-05,2.34583333333333e-05,2.4933125e-05,2.64366666666667e-05,2.79689583333333e-05,2.953e-05,3.11197916666668e-05,3.27383333333332e-05,3.4385625e-05,3.60616666666668e-05,3.77664583333332e-05,3.95e-05,4.14495833333334e-05,4.34399999999999e-05,4.547125e-05,4.75433333333334e-05,4.96562499999999e-05,5.181e-05,5.40045833333335e-05,5.62399999999999e-05,5.851625e-05,6.08333333333335e-05,6.29179166666665e-05,6.503e-05,6.71695833333335e-05,6.93366666666665e-05,7.153125e-05,7.37533333333335e-05,7.60029166666665e-05,7.828e-05,8.05845833333335e-05,8.29166666666665e-05,8.49575e-05,8.70133333333335e-05,8.90841666666665e-05,9.117e-05,9.32708333333335e-05,9.53866666666665e-05,9.75175e-05,9.96633333333335e-05,0.000101824166666667,0.000104,0.000105803229166667,0.00010760875,0.0001094165625,0.000111226666666667,0.0001130390625,0.00011485375,0.000116670729166667,0.00011849,0.0001203115625,0.000122135416666667,0.000126266452205882,0.000130464705882353,0.000134730177696079,0.000139062867647059,0.000143462775735294,0.000147929901960785,0.00015246424632353,0.00015706580882353,0.000161734589460785,0.000166470588235294,0.000170371323529412,0.000174316993464053,0.000178307598039216,0.000182343137254902,0.000186423611111112,0.000190549019607843,0.000194719362745098,0.000198934640522876,0.000203194852941177,0.0002075,0.000502710541666667,0.000804358555555556,0.00111244404166667,0.001426967,0.00174792743055556,0.00207532533333333,0.00240916070833334,0.00274943355555555,0.003096143875,0.561398252170255,1.67365761255625,1.12104993539794,1.68607514486134,1.12961954551079,1.69924110206147,1.70610937458051,1.71317043873998,1.72042630078988,1.72787894948021,2.31266643169239,2.9028307958869,2.91618605704514,3.51496190254158,3.53174892507651,4.1396416781938,4.75373808054082,5.37422921792468,6.00130321115247,10.2515389067453,10.911319680689,11.738431611365,14.751718705917,14.2133835501872,12.0700991927599,15.013398574113,14.6974160887567,12.3006308683124,18.0261925078127,27.0584561163871,21.1535128480448,21.0719259951385,24.3477269401824,21.548791717533,24.3814415786368,27.7241221805372,30.3972038465659,35.2820430176487,41.2097811837353,43.9843466473842,95.680482814942,103.419882347096,124.295837518537,137.462216520051,161.673183528323,194.861127875815,205.441528594604,199.598730907798,201.860459182054,218.711893012013,201.773904781038,213.686045101303,96.4600449580235,106.823110900207,104.484998683148,107.742388057802,112.021916259972,123.069905652549,134.533887873439,136.503480685352,136.761602774888,97.1484044490634,102.124715760263,102.476402186589,102.977755978597,106.006934849085,106.574232264267,107.943002535004,108.728170695753,111.106617714444,99.5092112245567,103.351391089601,108.143115392214,112.23627825005
"CO2","lie","ktCO2",0,0,0,0,0,0,0,0,0,0,0,0,0,0,0,0,0,0,0,0,0,0,0,0,0,0,0,0,0,0,0,0,0,0,0,0,0,0,0,0,0,0,0,0,0,0,0,0,0,0,0,0,0,0,0,0,0,0,0,0,0,0,0,0,0,0,0,0,0,0,0,0,0,0,0,0,0,0,0,0,0,0,0,0,0,0,0,0,0,0,0,0,0,0,0,0,0,0,0,0,0,0,0,0,0,0,0,0,0,0,0,0,0,0,0,0,0,0,0,0,0,0,0,0,0,0,3.06954389133699e-06,6.1545905295999e-06,9.2551399147888e-06,1.23711920469036e-05,1.55027469259443e-05,1.86509970709054e-05,2.18151474691238e-05,2.49951981205995e-05,2.81911490253327e-05,3.14030001833232e-05,3.4630751594571e-05,3.78744032590766e-05,4.11339551768392e-05,4.44094073478592e-05,4.77007597721366e-05,5.10112740400833e-05,5.43380962600882e-05,5.76812264321527e-05,6.10406645562755e-05,6.44164106324577e-05,6.78084646606988e-05,7.12168266409981e-05,7.4641496573357e-05,7.80824744577746e-05,8.15397602942505e-05,8.5018790066805e-05,8.85145459440356e-05,9.20270279259418e-05,9.55562360125235e-05,9.9102170203781e-05,0.000102664830499714,0.000106244216900324,0.000109840329405609,0.00011345316801557,0.000117082732730206,0.000120736743290138,0.000124407908829224,0.000128096229347465,0.00013180170484486,0.000135524335321411,0.000139264120777114,0.000143021061211974,0.000146795156625988,0.000150586407019157,0.00015439481239148,0.000158230489781947,0.000162083762022828,0.000165954629114124,0.000169843091055835,0.000173749147847962,0.000177672799490503,0.00018161404598346,0.000185572887326831,0.000189549323520617,0.000193543354564819,0.000197567612659733,0.000201609916755073,0.000205670266850838,0.000209748662947029,0.000213845105043645,0.000217959593140688,0.000222092127238156,0.000226242707336049,0.000230411333434369,0.000234598005533113,0.000238817993324952,0.000243056489835175,0.000247313495063784,0.000251589009010778,0.000255883031676157,0.000260195563059922,0.000264526603162071,0.000268876151982606,0.000273244209521527,0.000277630775778833,0.000285115794595764,0.000292866127017811,0.000301014160766796,0.000309762513636484,0.000319215858032947,0.000329439580574894,0.000340435026665999,0.000352135464283882,0.000364537664459717,0.000377477218864168,0.000390943095187083,0.000427317419634862,0.000466179293762249,0.000507779344114255,0.000552201323516425,0.000600309419960129,0.000652365476421189,0.000705845623951485,0.000759636197991295,0.000809673399651426,0.000920291066476447,0.00102920014054376,0.00113147735350659,0.00124189273631307,0.00135658532834902,0.00148564852258773,0.00162165329643051,0.00177201017787961,0.00193738887803298,0.0021036681581412,0.00227051881503497,0.00243054205497659,0.00259951269039489,0.00277459635396051,0.00297120575403972,0.00332658960073381,0.00368909763749385,0.0040492143391192,0.00439848810031691,0.00476140605151672,0.00532044562630424,0.005882870963574,0.00646855204208323,0.00707789540065257,0.00772576000572562,0.00834952157945603,0.00892703797819075,0.00948782051008999,0.010036580166457,0.0105655798337603,0.0106256277100905,0.0107286387915193,0.0108172553627805,0.0108693584887912,0.0108803282373893,0.0108189434986763,0.0106680572380751,0.0105071044773042,0.0103176540950447,0.0101313399523122,0.00993056998454169,0.00973160240064459,0.00953741935214329,0.00935101589140569,0.00934055687328177,0.0093366347414853,0.00933859580738354,0.00934709375960922,0.00936212859816233,0.00938304663441014,0.00941050155698541,0.00944449336588809,0.00948436837248551
"CO2","lka","ktCO2",0,0,0,0,0,0,0,0,0,0,0,0,0,0,0,0,0,0,0,0,0,0,0,0,0,0,0,0,0,0,0,0,0,0,0,0,0,0,0,0,0,0,0,0,0,0,0,0,0,0,0,0,0,0,0,0,0,0,0,0,0,0,0,0,0,0,0,0,0,0,0,0,0,0,0,0,0,0,0,0,0,0,0,0,0,0,0,0,0,0,0,0,0,0,0,0,0,0,0,0,0,0.000935604691129757,0.00189491772888281,0.00287793911325915,0.00388466884425881,0.00491510692188176,0.00596925334612801,0.00704710811699753,0.00814867123449037,0.00927394269860652,0.0104229225093459,0.0115956106667087,0.0127920071706947,0.014012112021304,0.0152559252185367,0.0165234467623926,0.0178146766528718,0.0191296148899743,0.0204682614737001,0.0218306164040492,0.0232166796810216,0.0243093755134854,0.0253955819981788,0.0264752991351021,0.027548526924255,0.0286152653656378,0.0296755144592503,0.0307292742050926,0.0317765446031648,0.0328173256534667,0.0338516173559984,0.0353126913028639,0.0367952289079013,0.0382992301711107,0.0398246950924921,0.0413716236720454,0.0429400159097708,0.0445298718056681,0.0461411913597373,0.0477739745719786,0.0494282214423917,0.0515595968339225,0.0537346634379154,0.0559534212543703,0.058215870283287,0.0605220105246659,0.0628718419785068,0.0652653646448097,0.0677025785235744,0.0701834836148013,0.0727080799184902,0.0754322180248289,0.0782061591314804,0.0810299032384443,0.0839034503457206,0.0868268004533095,0.0897999535612108,0.0928229096694248,0.0958956687779511,0.0990182308867901,0.102190595995941,0.105625398289213,0.109116975195382,0.112665326714446,0.116270452846407,0.119932353591265,0.123651028949019,0.127426478919669,0.131258703503216,0.135147702699659,0.139093476508998,0.142951542269852,0.146862312709479,0.150825787827879,0.154841967625052,0.158910852100998,0.163032441255717,0.167206735089209,0.171433733601474,0.175713436792511,0.180045844662322,0.184924286386531,0.189867613756813,0.194875826773167,0.199948925435594,0.205086909744092,0.210289779698664,0.215557535299307,0.220890176546023,0.226287703438811,0.231750115977672,0.241513402287825,0.251434672884166,0.261513927766695,0.27175116693541,0.282146390390312,0.292699598131402,0.303410790158678,0.314279966472141,0.325307127071791,1765.86315265685,1673.488661062,2085.90114711757,2209.80411441414,1904.43974477115,1764.31322633154,1523.4124333181,2461.61519862453,2053.87802966466,2160.70715682847,2385.039786432,2434.57616380073,2656.56358384193,2613.62412178621,2357.93746069521,2749.73956759496,2735.21895056352,3073.43602482582,3368.07792335457,4429.974596607,3704.9724724348,2969.24173096328,3602.95002936263,3765.49824676909,3143.74849404625,2854.92009473142,2918.65852275867,3098.89754033736,3635.34667814998,3928.15141277274,3913.35939393741,4083.20771334446,4784.95155208523,4833.72644259539,4222.82573504597,3882.8445649554,3764.40897311265,4305.68735610606,4039.86392189956,3882.87592577215,3992.33285919892,4162.32184203977,5450.0964002427,5323.00811568509,5974.71909096302,6057.76569849633,8586.16286079427,8606.47274859281,8909.58778013384,9820.0622467843,11240.6150961717,11169.2698027983,11704.3059319727,12720.4115653147,13187.6333554409,14296.4733895371,12760.9569949369,13933.8450168219,13165.3651055977,12667.3463758654,13451.1978099691,15765.8429422038,17763.1862203964,14813.7412283841,17759.2836918652,19525.4069640784,23416.9755148809,23417.7381973943,22009.6235002887,24070.4431457488,23271.8371756052,23778.367896813,20951.4910454813,22172.6318711219
"CO2","lso","ktCO2",0,0,0,0,0,0,0,0,0,0,0,0,0,0,0,0,0,0,0,0,0,0,0,0,0,0,0,0,0,0,0,0,0,0,0,0,0,0,0,0,0,0,0,0,0,0,0,0,0,0,0,0,0,0,0,0,0,0,0,0,0,0,0,0,0,0,0,0,0,0,0,0,0,0,0,0,0,0,0,0,0,0,0,0,0,0,0,0,0,0,0,0,0,0,0,0,0,0,0,0,0,1.63787132620168e-05,3.33997290048969e-05,5.10630472286405e-05,6.93686679332476e-05,8.83165911187178e-05,0.000107906816785052,0.000128139344932249,0.00014901417556031,0.000170531308669233,0.000192690744259021,0.00021902514597442,0.000246644152651546,0.0002755477642904,0.00030573598089098,0.000337208802453287,0.00036996622897732,0.00040400826046308,0.000439334896910568,0.000475946138319782,0.000513841984690722,0.000557518553389434,0.000602907928703781,0.000650010110633763,0.000698825099179382,0.000749352894340639,0.000801593496117524,0.000855546904510053,0.000911213119518217,0.000968592141142008,0.00102768396938145,0.00109733810508397,0.00116927598294066,0.00124349760295155,0.00132000296511661,0.00139879206943585,0.00147986491590928,0.00156322150453689,0.00164886183531867,0.00173678590825464,0.00182699372334479,0.00193509085197602,0.00204623297014617,0.00216042007785522,0.00227765217510317,0.00239792926189003,0.00252125133821582,0.00264761840408048,0.00277703045948408,0.00290948750442659,0.00304498953890797,0.00320941897400902,0.00337790839516193,0.00355045780236671,0.00372706719562337,0.00390773657493192,0.00409246594029233,0.00428125529170463,0.00447410462916879,0.00467101395268484,0.00487198326225277,0.00520084213245483,0.00553782097476064,0.00588291978917024,0.00623613857568355,0.00659747733430063,0.00696693606502146,0.00734451476784607,0.00773021344277438,0.0081240320898065,0.00852597070894235,0.0090801588050236,0.00964652685926049,0.010225074871653,0.0108158028422012,0.0114187107709049,0.0120337986577644,0.0126610665027794,0.0133005143059501,0.0139521420672764,0.0146159497867583,0.0155385816170474,0.01647948338457,0.017438655089326,0.0184160967313155,0.0194118083105384,0.0204257898269947,0.0214580412806846,0.0225085626716078,0.0235773539997645,0.0246644152651546,0.0252274813079574,0.0257968993723931,0.0263726694584619,0.0269547915661636,0.0275432656954983,0.028138091846466,0.0287392700190667,0.0293468002133003,0.029960682429167,0.0305809166666667,0.0313234666666666,0.0320810825,0.032855455,0.03364894,0.0344645,0.0353058175,0.0361772795833333,0.03708387,0.03803078125,0.03902305,0.04006420125,0.0411558,0.0422969358333333,0.0434849675,0.0447182770833334,0.0460005733333333,0.047334885,0.0487177258333334,0.0501440216666666,1.34317386303656,3.84800554785424,3.94121427633861,4.00036690096816,4.21812068407796,4.07934627841266,4.13264205997088,4.24565171337062,4.36868789103847,4.65180919513659,4.9314669170826,3.93756606229688,3.54342543190765,3.73565976253266,3.92375840520309,4.11502276822671,4.31244646342492,4.5271854847157,4.76576860757315,5.00560265786705,5.26916582963019,5.42272214427128,5.75223347486109,6.09457923457584,6.44501269697293,6.81006771895145,7.12312885863371,7.37141538258004,7.60579024302655,7.86177736079298,8.15588256823013,8.3170741581672,8.52784420079388,8.7946946716291,9.10275535518062,1361.47345931016,1382.20255547355,1404.44067170401,2037.69102197729,2082.16332890804,2238.62912568313,1684.46172283434,1713.07949696823,1421.59220064936,1505.24435792729,1471.93154121428,1499.80429096835,1703.53559635926,1722.17294603505,1809.67590054046,1772.36206265346,2239.30715747056,1971.08849521744,1965.12132148493
"CO2","ltu","ktCO2",0,0,0,0,0,0,0,0,0,0,0,0,0,0,0,0,0,0,0,0,0,0,0,0,0,0,0,0,0,0,0,0,0,0,0,0,0,0,0,0,0,0,0,0,0,0,0,0,0,0,0,0,0,0,0,0,0,0,0,0,0,0,0,0,0,0,0,0,0,0,0,0,0,0,0,0,0,0,0,0,0.116880240641223,0.139174739422291,0.0920816009822643,0.114248422688815,0,0,0,0,0,0,0,0,0,0,0,0,0,0,0,0,0.669812049898196,0.090955758001337,0.183007368508715,0.276154831522132,0.370398147041589,2.42637305867502,0.562172335598625,0.659703208636203,3.45800838600596,3.70332363617523,4.97559180635857,6.0793130897781,5.67463741112411,6.13642877228243,6.93211795881971,6.88277117058082,17.1186036406013,19.6544465072022,17.8740999901957,22.7570812280284,24.3620577162384,30.8817651256657,31.5510976222955,31.9240895392884,39.4534318950886,47.4850792695587,61.834879580817,69.1060485997814,86.4057324451109,93.9435623758495,107.461968940857,124.388100291438,131.291034601646,145.720808498859,173.43741718964,202.711663938072,207.441816801794,240.993602654014,254.77519279954,260.243160302965,304.953895066059,355.099234427753,367.968214357698,428.896159475185,404.582731384473,514.213903294679,510.516647507347,578.678261576187,645.806841454342,704.296363326456,805.707563491094,861.672440153722,806.252282791443,736.463741221273,772.905821477171,604.347171567535,676.698039959939,720.875717944194,712.558091280416,746.523515545494,744.761779480355,738.41302323141,794.021988824527,819.338603183693,803.613560724375,820.488350357078,882.677363486903,802.781318211319,339.529361357319,362.327992498453,326.193912517126,329.098453739955,399.328402530649,443.201888731817,482.441218708712,497.792964629705,636.16532074473,771.203432742437,811.982194241655,936.251909294438,1510.51948286745,1813.75966947826,1830.02550162448,1915.73332618044,2230.39845538592,2427.25032448412,2709.0157814072,2792.07155413996,2945.33012501226,2965.54435841086,3284.86954273085,3102.49244844247,2534.20467790678,2641.69284555876,3051.64065357604,2290.80662544459,2609.66111384044,3161.1625929884,3446.06687214342,3962.22560314593,4443.03117886722,4751.58115855244,5107.49558483097,5416.26941907214,5866.49615840075,6642.58546478656,7408.63820368471,8214.89668338311,9001.38813403916,9672.85119060862,10402.9329499529,11143.5594135769,12244.4485432187,13385.296025037,14479.4835486013,15589.1250562409,16716.0813970693,17915.7912620308,18870.8885443778,19983.182324672,21155.2827612516,22551.9984837587,23907.4693503314,25543.3848337776,27237.882969508,28936.1182282114,30035.6281761933,30936.1046970636,32013.2045446085,32932.4383750486,34314.7050065388,35052.3884074906,35440.0520563242,35968.3777163707,36275.5011440768,36537.8555238042,33644.8038571247,35692.4801314068,35338.1770240612,35775.1394562806,38926.0958436894,41658.5297179003,22592.3672693396,17291.3879724862,16359.9530238607,15657.4032607082,16177.9621467361,15746.2182561427,16581.0519431233,13968.7970171745,12283.9275098558,13061.2244136918,13155.6963837363,13136.3944879717,13825.2819999908,14569.5734226019,14846.3073038518,16029.4284085531,15511.5340481466,13412.0354584582,14464.3941104839,14535.6994710156,14631.1671280264,13565.2496560497,13163.7570934051,13441.6891775262,13305.2749189573,13581.3305235347,13721.6594714184,13918.5110601731,13629.2887286928,13763.6914622532,13279.4849707278,12835.4335111681
"CO2","lux","ktCO2",0,0,0,0,0,0,0,0,0,0,0,0,0,0,0,0,0,0,0,0,0,0,0,0,0,0,0,0,0,0,0,0,0,0,0,0,0,0,0,0,0,0,0,0,0,0,0,0,0,0,0,0,0,0,0,0,0,0,0,0,0,0,0,0,0,0,0,0,0,0,0,0,0,0,0,0,0,0,0,0,0,0,0,0,0,0,0,0,0,0,0,0,1.36152887411716,1.39934912062041,1.43716936712367,1.47498961362692,1.58845035313668,2.72305774823431,2.04229331117573,2.1557540506855,1.47498961362692,1.44278518379738,1.8121187297336,2.18587766315141,2.56406198405081,2.9466716924318,2.93659420001021,3.38478505310927,3.35708416309859,3.33380866056949,3.31495854552199,3.15755419013977,3.94230757126002,4.72749455095168,5.51311512921479,6.29916930604931,10.0356363087091,12.7513902543525,12.9714415293525,15.4611411931192,19.0858818505549,20.4667860313668,22.9851068929907,33.4484888060122,32.5686060537717,36.229962167636,32.065336541041,30.5131172088847,34.5232833984212,36.2670440834767,36.5386244406195,40.5572184872989,50.2516587951807,45.7663159500563,49.566416374859,55.9789230941005,42.7655311638673,64.7277777673748,68.6525760745444,73.2609481044868,73.333699839753,71.9342712471065,77.0049140922309,74.0226537178764,88.1757742952102,90.1914050307139,113.653924819277,110.682901587779,120.64921194611,124.151069438097,123.117306635409,117.207543461514,136.148491609973,152.142269900891,150.212060718982,169.842201413642,180.625213796254,183.809166001427,163.169172279264,192.227791832091,207.333549794931,212.911415008666,272.612862338272,306.561531168876,225.123437287766,198.716611438604,239.935195706977,192.430291048428,163.081914081156,89.7135795538095,98.7205512802658,130.535941017899,211.369179593463,180.900242079666,266.390989714559,290.161904425856,312.80102111177,332.833350158672,337.551288741473,353.391189165942,304.674738179073,257.436086175543,247.301905361421,239.553209446719,247.578365693587,238.587220383705,252.064110866471,312.176174657463,203.461467427642,236.46203321523,148.516260055125,181.014879308612,220.88758164709,286.515006871142,182.404300805447,91.1392218370968,221.217792945789,280.156268467875,379.145520053765,358.092444255183,10698.7181091984,13526.6411119145,14214.4434894581,11029.629389307,11511.3963504191,12003.4228374638,13591.5534363808,12711.1760613264,11112.0971190113,10334.11150648,16807.1682387722,18421.3529309548,18159.0622618995,17429.1444870268,18750.1272358961,18899.8652830549,17827.8045484907,17441.5257722091,18701.3691142375,20074.5710994311,20530.2173105321,19207.1261387642,19219.3986040425,20106.4747393861,19834.5627342184,15835.4758727192,15807.8033520112,14538.9714419727,16086.1512029416,15462.2398382856,14185.937505025,11995.5533609152,11266.5952668641,10437.3947444122,11493.8496415474,11579.7381301251,11331.9590274025,10665.4465113329,11072.9765563284,11885.2216656547,12270.7837898307,12794.625733293,12672.1402520939,12778.8312278103,11890.7824801156,9339.2355162147,9482.56327755037,8710.95846316908,7804.24806703469,8163.36757005313,8763.25314224575,9310.05523386964,10071.1277585445,10522.0197132649,11963.5712732392,12210.557241073,12007.7687064536,11403.9856822245,11286.4362862727,10743.7427644891,11341.671052632,11180.3702995213,10965.8426934634,10373.3740905283,9835.9769600847,9312.23229471763,9005.54505920435,9154.50407053186,9452.81590901668,9641.55389020144,7918.3984763322,8283.77734063163,7158.20568309359,7110.47890696569
"CO2","lva","ktCO2",0,0,0,0,0,0,0,0,0,0,0,0,0,0,0,0,0,0,0,0,0,0,0,0,0,0,0,0,0,0,0,0,0,0,0,0,0,0,0,0,0,0,0,0,0,0,0,0,0,0,0,0,0,0,0,0,0,0,0,0,0,0,0,0,0,0,0,0,0,0,0,0,0,0,0,0,0,0,0,0,0.12791005095905,0.152309021442058,0.100771951658086,0.125031252106315,0,0,0,0,0,0,0,0,0,0,0,0,0,0,0,0,0.733054279664024,0.929916307950918,1.871036426841,2.82336035667026,3.7868880974387,6.90741664590291,5.74755501179306,6.74469418537897,10.7077034977533,11.8866050928583,14.0464681584328,16.169111986646,16.6477530120278,17.9811634560672,19.6878881745334,20.5274640853685,32.6311748656105,36.1666053405461,34.6420655771263,41.0101999192775,43.7483614190214,52.0758287897431,53.7161943532496,53.9038447749518,61.907940944559,69.7023635982533,83.0393400793003,88.3788336208408,105.94307683166,111.707126499959,125.284648250017,137.263340505964,143.783409129879,157.808067563265,174.47061166479,195.233072973095,199.764135768869,221.783131298713,232.241144351735,240.12093560521,272.80356774128,307.290113474621,318.866953652345,365.13706180628,353.618206399984,426.934243535635,426.920789475669,479.683644527857,530.173064032288,581.811623388873,656.223820436974,689.772051103026,652.348476763946,609.215846798699,644.038948954456,532.921387942115,591.026480422265,632.490289246359,627.652499928233,654.462442494347,649.040244487133,654.482838644981,711.520538007291,745.901042819886,719.043658053769,715.18637977264,764.842644280929,707.746822931559,342.984312350645,347.150323550452,323.573368148826,331.569358906633,385.912870134587,419.835456114154,459.055108569553,467.614972625841,590.185584805074,701.313174561599,739.89804521808,823.993253188582,1217.64328929054,1423.62204459645,1456.17338624003,1528.73831819792,1757.68171202745,1899.39832945416,2095.75331950528,2126.54386589331,2211.05600275999,2203.14042501618,2459.03302949734,2286.12101255151,1813.17885557067,2000.11294095058,2163.40645918939,1825.4528761008,2054.90176911476,2461.54243415572,2653.42659263114,3026.53838030566,3373.56919926479,3605.15669358254,3826.0793099709,4039.59692299557,4388.08490206085,4968.21446560706,5510.78359882798,6076.99725900704,6591.25447512699,7024.32563635317,7458.31988436875,7866.52624708325,8488.10021437741,9192.33096256962,9839.17341674201,10492.6815456729,11158.6682939194,11887.9845190958,12438.7819349175,13119.870380315,13950.3820500137,14901.521071231,15854.0095020811,16819.7920184101,17462.0702216796,18793.4101570614,18971.4754410844,19694.8011552547,19994.7151518548,20772.6245497556,21053.603348334,21878.7284085072,21913.6915077009,22242.0568539197,22212.861651242,22359.6816792698,20408.9448531227,18256.9385438718,17693.0977994126,17334.0449237294,17820.7622278949,17477.5470391468,12807.0078024357,10942.9494314046,9860.79462487197,9146.3778975321,9250.59058148796,8908.48559030818,8461.01276966349,7845.58468151877,7300.00034516338,7792.08280375189,7797.68080021327,8036.92118437777,8032.68930091492,8159.60953149339,8652.29043618138,8987.47797978216,8527.72765950026,7767.02653743488,8872.1777743648,8057.59333495398,7719.01107786274,7607.25815170243,7362.08448108376,7460.65424313252,7384.8067009927,7362.81120364263,8003.32578199611,7760.85303376751,7033.77884013329,7270.25086033848,6594.95100793102,6560.55681571205
"CO2","mac","ktCO2",0,0,0,0,0,0,0,0,0,0,0,0,0,0,0,0,0,0,0,0,0,0,0,0,0,0,0,0,0,0,0,0,0,0,0,0,0,0,0,0,0,0,0,0,0,0,0,0,0,0,0,0,0,0,0,0,0,0,0,0,0,0,0,0,0,0,0,0,0,0,0,0,0,0,0,0,0,0,0,0,0,0,0,0,0,0,0,0,0,0,0,0,0,0,0,0,0,0,0,0,0,2.65275330186701e-05,5.38525412858565e-05,8.19750248015593e-05,0.000110894983565779,0.000140612417578514,0.000171127326839766,0.000202439711349534,0.000234549571107818,0.000267456906114619,0.000301161716369937,0.000335664001873769,0.00037096376262612,0.000407060998626986,0.000443955709876368,0.000481647896374268,0.000520137558120683,0.000559424695115614,0.000599509307359062,0.000640391394851027,0.000682070957591507,0.000724547995580504,0.000767822508818018,0.000811894497304047,0.000856763961038594,0.000902430900021659,0.000959747016172258,0.00101809772862407,0.00107748303737707,0.00113790294243128,0.00119935744378668,0.00126184654144329,0.00132537023540109,0.00138992852566009,0.0014555214122203,0.0015221488950817,0.0015898109742443,0.00165850764970811,0.00172823892147311,0.00179900478953932,0.00187080525390672,0.00194364031457532,0.00201750997154512,0.00209241422481613,0.00216835307438834,0.00224532652026173,0.00232333456243635,0.00240237720091215,0.00248245443568914,0.00256356626676736,0.00264571269414674,0.00273184592099512,0.0028191441700294,0.00290760744124954,0.00299723573465562,0.0030880290502476,0.00317998738802544,0.00327311074798922,0.00336739913013888,0.00346285253447444,0.00355947096099592,0.00365725440970327,0.00375620288059654,0.00385631637367569,0.00395759488894077,0.00406003842639173,0.00416364698602858,0.00426842056785136,0.00437435917186003,0.00448146279805457,0.00458973144643506,0.00469916511700138,0.00480976380975367,0.00492152752469184,0.00503445626181588,0.00514855002112584,0.00526380880262173,0.00538023260630345,0.00549782143217114,0.00561657528022468,0.00573649415046414,0.00593039025299772,0.00612738606652553,0.00632748159104761,0.0065306768265639,0.00673697177307444,0.0069463664305792,0.00715886079907825,0.0073744548785715,0.00759314866905897,0.00781494217054068,0.00802256547362359,0.00823288342453222,0.00844589602326663,0.0086616032698268,0.00888000516421273,0.00910110170642443,0.00932489289646189,0.0095513787343251,0.00978055922001409,0.0100124343535288,0.0100912467953975,0.010082317671642,0.0100053824256414,21.1810536171945,19.5718263187102,28.357562385224,33.5524471873496,35.1583493821845,45.9219642146819,56.6825624568932,76.2258349956185,103.304958959404,112.079648750254,131.974814087373,133.936303911224,152.042000487343,166.518771427528,170.145487772744,168.486785859491,211.040068801334,217.81502044484,228.549920148669,217.854979307752,303.745468258841,289.993321037724,248.011842736249,306.005894380603,406.724956205484,406.785498055004,525.331098090174,522.824208311611,475.864648611918,667.231286260504,686.32662923164,716.373635061362,847.595330122122,948.302716899163,938.463225526877,993.763744483586,1016.9577332186,1102.07273888413,1208.82719603551,1370.22518093421,1475.6727739833,1340.88452280898,1519.02448973148,1547.49663748597,1618.91859066878,1628.34265441053,1686.77326853275,1816.88921718351,1621.33908387304,1647.27557840338,1815.27970510528,1858.26531722146,1667.63307578849,1434.62764971172,1314.06523047759,1425.9004928359,1251.38558991485,1169.69228633601,1088.42238076677,1075.93226906407,1211.64686522694,1230.02180297657,1256.01016842036,1575.99731056754,1433.89131842849,1521.6299080835,1605.4126045116,1454.00513295449,1396.71405041346,1470.25981111194
"CO2","mar","ktCO2",0,0,0,0,0,0,0,0,0,0,0,0,0,0,0,0,0,0,0,0,0,0,0,0,0,0,0,0,0,0,0,0,0,0,0,0,0,0,0,0,0,0,0,0,0,0,0,0,0,0,0,0,0,0,0,0,0,0,0,0,0,0,0,0,0,0,0,0,0,0,0,0,0,0,0,0,0,0,0,0,0,0,0,0,0,0,0,0,0,0,0,0,0,0,0,0,0,0,0,0,0,0.00174280128205128,0.00352575641025641,0.00534886538461539,0.00721212820512821,0.00911554487179486,0.0110591153846154,0.0130428397435898,0.0150667179487179,0.01713075,0.0192349358974359,0.0213792756410256,0.0235637692307692,0.0257884166666667,0.0280532179487179,0.0303581730769231,0.0327032820512821,0.0350885448717948,0.0375139615384615,0.039979532051282,0.0424852564102564,0.0450311346153846,0.0476171666666667,0.0502433525641026,0.0529096923076923,0.0556161858974361,0.0583628333333331,0.0611496346153847,0.0639765897435899,0.0668436987179486,0.0697509615384615,0.0726983782051284,0.0756859487179485,0.0787136730769231,0.0817815512820514,0.0848895833333331,0.0880377692307693,0.0912261089743592,0.0944546025641024,0.09772325,0.101032051282052,0.104381006410256,0.107770115384615,0.111199378205128,0.114668794871795,0.118178365384615,0.12172808974359,0.125317967948718,0.128948,0.132618185897436,0.136328525641025,0.140093039980769,0.143898258,0.147744179698718,0.151630805076923,0.155558134134616,0.159526166871795,0.163534903288462,0.167584343384616,0.171674487160256,0.175805334615385,0.17997688575,0.184189140564102,0.188442099057692,0.19273576123077,0.197070127083333,0.201445196615385,0.205860969826923,0.210317446717949,0.214814627288461,0.219352511538462,0.223931099467949,0.228550391076923,0.233210386365385,0.237911085333333,0.242652487980769,0.247434594307693,0.252257404314102,29.6892027627469,33.3793672107057,40.3730350487668,90.1410110386936,147.082878477991,169.522612277566,182.045259532524,221.870653296325,200.527876144227,343.535072090301,430.04402161748,289.746443645737,359.323647465836,352.975341691681,296.356953345272,329.813417692149,387.707263015685,478.648848725322,632.417692208412,767.184891134917,867.995597507041,1001.30410394697,2452.13308322632,2798.92265238499,3413.26537595747,3989.00719944115,3439.79766574826,3406.8570165696,3386.34761448777,2927.73070377466,3122.73096383642,3224.566556416,3489.8795626945,3629.7584954637,2952.00930691862,3809.66479855345,4242.42474656996,4108.16840635745,5252.2443209461,5204.19518792317,5416.46819776499,5615.5052764751,7034.1804390009,7319.52133851248,8001.88324197283,9135.52358428269,10047.1259703259,10642.2627460781,11722.0233674703,13038.4727502205,13849.4566483847,14956.2002096133,15444.8902058107,15598.0499378285,16360.9688737222,17173.2705386529,17423.4865801622,18089.9800386203,18726.2387801111,19228.1364316371,20246.2946940763,21776.1993911234,22001.7578522676,23693.9666572251,25431.9735512755,26137.3640818268,28341.9925623781,28968.7168993823,28887.4603656125,30335.6899695891,31051.4202443174,32750.001397082,33218.1851117691,36552.444687389,37776.2309574575,37570.2848515873,42000.3468545291,43912.4623460291,44931.6921007613,46301.0832396652,49216.6200188668,48989.6513758591,51985.1068264917,56145.6001502428,58400.0495511836,57918.9375587814,58891.9096249532,60782.0072045598,60684.1825584566,63419.3799346478,64609.7774797291,71161.4106611585,66841.8814330881,72659.290669283,71772.9606511659,68729.8720988508
"CO2","mda","ktCO2",0,0,0,0,0,0,0,0,0,0,0,0,0,0,0,0,0,0,0,0,0,0,0,0,0,0,0,0,0,0,0,0,0,0,0,0,0,0,0,0,0,0,0,0,0,0,0,0,0,0,0,0,0,0,0,0,0,0,0,0,0,0,0,0,0,0,0,0,0,0,0,0,0,0,0,0,0,0,0,0,0.177309567352772,0.210124104019353,0.138365491868603,0.170867519444727,0,0,0,0,0,0,0,0,0,0,0,0,0,0,0,0,0.926299146900664,0.000436841382300661,0.000874787294012958,0.00131383773513688,0.00175399270567244,2.65048668541262,0.00263761623497845,0.00308108479374893,3.60033160286891,3.77768180565734,4.91559700497488,6.26602011578153,5.61855445906669,5.86082111763975,6.55302832784654,6.2452379998274,19.8090064520813,22.6530812604708,18.7472337850791,25.4627581782212,27.6081129729614,37.0545718021285,37.7301339759281,34.9486126567838,42.007878625707,47.7397404421398,58.5278834285055,58.7642902072403,76.4920443363677,77.4813438453055,90.4049783409109,93.5501164236675,97.664725695848,110.519008909067,109.307552189801,117.010213894327,119.109317787111,123.394042168697,127.411212384839,137.776903214476,154.023377168614,166.550527216311,175.39800001912,203.948314846507,208.455708982778,233.830532750135,237.116974438564,272.849399695623,303.890581645804,353.209777228712,396.586980852402,397.405895897547,379.143588483907,368.530745024358,406.762742308998,363.755435369857,409.546470149309,454.697766800723,451.979877100412,470.908280539686,454.748542130851,480.728049376206,555.328598115033,614.85229157993,557.970684429493,513.237236627351,553.947898478981,517.606336900295,208.268060630622,175.149451479444,162.313362868012,178.490923319054,218.481480524438,241.973278812081,292.807862333955,288.329818789634,425.633045886506,532.367783447846,601.358915377683,644.849097447985,856.952348968679,1019.34006804236,1157.18806828547,1291.58897313102,1557.79867455722,1759.27436088347,2010.36907169552,2037.17342103459,2134.45201207442,2146.67988811318,2578.49018787098,2277.16748729859,1541.26095646397,2048.5547195424,1889.59371229816,2123.05307660935,2417.89051508703,2949.70589403944,3176.41435462231,3654.14957353628,4128.65162168207,4491.62467300245,4751.93641722166,5052.98602095469,5562.92350955414,6358.45571726141,7015.53027226615,7734.12158370936,8302.69562494615,8784.10171607684,9185.31728759029,9481.5499279556,9937.75126232607,10645.9895803018,11302.9353247296,11995.3258860268,12681.9046577312,13229.4185346106,13554.54905241,14086.372114357,14977.8457950126,15731.4958332125,16402.5534390126,17157.3677689009,17928.9111649341,18766.7329160717,19230.1758643894,19610.0224300789,19987.5810941839,20098.936735244,20348.3470932796,20553.4710313781,21017.158328976,21255.9016387013,21199.1634247324,21353.7469210344,21172.446386638,21687.2188941671,22531.3461239428,22055.3507385201,20764.5472986379,17332.8042735622,12340.1853981079,10869.0404534473,9886.39561963383,9367.31327850767,9183.82788904582,9350.76263325746,9330.16370047283,8007.36438526243,7336.61445266675,7680.98127705054,7828.9938840071,8431.77437278639,8465.19437043597,8873.58154438943,8648.04148429864,8812.99581059906,8791.84882331819,8276.39084224405,8978.88618696276,9016.792789705,8796.47101125091,7702.18950443414,8329.25994444648,8657.74713389551,8794.61570418594,8664.29897207941,9204.32067598321,9583.54119782464,9296.6295384152,10185.7168183708,8723.37261780223,8999.16128140876
"CO2","mdg","ktCO2",0,0,0,0,0,0,0,0,0,0,0,0,0,0,0,0,0,0,0,0,0,0,0,0,0,0,0,0,0,0,0,0,0,0,0,0,0,0,0,0,0,0,0,0,0,0,0,0,0,0,0,0,0,0,0,0,0,0,0,0,0,0,0,0,0,0,0,0,0,0,0,0,0,0,0,0,0,0,0,0,0,0,0,0,0,0,0,0,0,0,0,0,0,0,0,0,0,0,0,0,0,0.000770577255587482,0.00154754934317154,0.00233091626275217,0.00312067801432939,0.00391683459790317,0.00471938601347354,0.00552833226104046,0.00634367334060399,0.00716540925216409,0.00799353999572077,0.00883917238474176,0.00969321902638979,0.0105556799206649,0.0114265550675672,0.0123058444670964,0.0131935481192528,0.0140896660240362,0.0149941981814467,0.0159071445914843,0.016828505254149,0.0177629301511556,0.0187062121561908,0.0196583512692546,0.0206193474903467,0.0215892008194675,0.0225679112566165,0.0235554788017943,0.0245519034550005,0.0255571852162352,0.0265713240854983,0.0276015455982871,0.0286410903826845,0.0296899584386912,0.0307481497663065,0.0318156643655311,0.0328925022363642,0.0339786633788067,0.0350741477928578,0.0361789554785182,0.0372930864357871,0.0384265999840327,0.0395699275023932,0.040723068990868,0.0418860244494579,0.043058793878162,0.0442413772769813,0.0454337746459149,0.0466359859849634,0.0478480112941264,0.0490698505734042,0.0502526018381788,0.0514432493481814,0.0526417931034117,0.0538482331038697,0.0550625693495552,0.0562848018404687,0.0575149305766096,0.0587529555579785,0.0599988767845748,0.0612526942563993,0.0630995567178829,0.0649735006293295,0.0668745259907396,0.0688026328021127,0.0707578210634491,0.0727400907747485,0.0747494419360114,0.0767858745472371,0.0788493886084263,0.0809399841195784,0.083207347842916,0.0855060095447295,0.0878359692250197,0.0901972268837864,0.0925897825210295,0.0950136361367489,0.097468787730945,0.0999552373036176,0.102472984854767,0.105022030384392,0.107797538926538,0.110609164336889,3.74745690661543,7.3853407657622,3.75326074177717,0.122216834660355,0.125209044411736,0.128237371031323,0.131301814519116,0.134402374875115,0.137789634365253,0.141218518026144,0.14468902585779,0.148201157860189,6.87009319519294,0.15535029437725,3.79298729889191,3.79666592757733,3.80038618043349,257.276054918424,195.576764195487,247.880246504573,193.565905633233,224.112480181443,228.605843621673,238.273128723885,235.537418500613,282.628449463733,284.814633226034,305.24927322951,267.801470278522,296.774049211472,354.913778227493,369.133528264181,424.523053868265,442.624682122877,641.12453840973,695.274213373397,647.811458902584,739.519453365274,770.675705735977,793.011814740385,733.506433801156,723.582591250537,806.856589384387,753.912580329962,774.378564545917,843.017637606844,913.009925564449,1003.73723909575,804.192984718619,746.024571053638,676.311371142188,876.409201132068,807.238095694329,763.454131145207,832.910705080856,777.605480012621,816.753345212609,951.7507040354,1020.2706128831,1037.95873352872,1076.96414553447,1301.26049842929,1459.78727182181,1401.4692496416,1518.4957270524,1731.46043356655,1780.72777693536,1772.56763967512,1787.59297644669,1243.67971316083,1683.89802212983,1781.88704987654,1854.8097984205,1791.08263372647,1884.0566939492,1944.84883509445,1853.66775510186,2034.96160027118,2461.54559542224,2895.3947912779,3079.8998570029,3166.86436222999,3432.15904710252,3362.23058678716,3716.87612468799,3426.87884501023,4238.06179993397,3232.00433579726,4188.80260628392,4467.9860193787,4543.28009303423
"CO2","mdv","ktCO2",0,0,0,0,0,0,0,0,0,0,0,0,0,0,0,0,0,0,0,0,0,0,0,0,0,0,0,0,0,0,0,0,0,0,0,0,0,0,0,0,0,0,0,0,0,0,0,0,0,0,0,0,0,0,0,0,0,0,0,0,0,0,0,0,0,0,0,0,0,0,0,0,0,0,0,0,0,0,0,0,0,0,0,0,0,0,0,0,0,0,0,0,0,0,0,0,0,0,0,0,0,7.05075063918751e-06,1.4175331128e-05,2.13737414664375e-05,2.86459816545001e-05,3.59920516921874e-05,4.34119515795e-05,5.09056813164376e-05,5.84732409029999e-05,6.61146303391875e-05,7.38298496250001e-05,8.21151994162499e-05,9.056461554e-05,9.91780979962501e-05,0.000107955646785,0.00011689726190625,0.00012600294336,0.00013527269114625,0.000144706505265,0.00015430438571625,0.0001640663325,0.0001741837563375,0.0001844834761,0.0001949654917875,0.0002056298034,0.000216476410937501,0.000227505314399999,0.0002387165137875,0.000250110009100001,0.000261685800337499,0.0002734438875,0.000285698224680556,0.000298155112888889,0.000310814552125,0.000323676542388889,0.000336741083680555,0.000350008176,0.000363477819347223,0.000377150013722222,0.000391024759125,0.000405102055555556,0.000419843269243827,0.000434809539629629,0.000450000866712963,0.000465417250493827,0.000481058690972222,0.00049692518814815,0.000513016742021604,0.000529333352592592,0.000545875019861113,0.000562641743827159,0.000576750485133744,0.000590971222770919,0.000605303956738683,0.000619748687037038,0.000634305413665982,0.000648974136625513,0.000663754855915637,0.000678647571536353,0.000693652283487654,0.000708768991769548,0.000738161979012346,0.000768131365294925,0.000798677150617285,0.000829799334979425,0.000861497918381343,0.000893772900823047,0.000926624282304529,0.000960052062825788,0.000994056242386831,0.00102863682098766,0.00107104052222222,0.00111422475555556,0.00115818952098766,0.00120293481851852,0.00124846064814815,0.00129476700987655,0.0013418539037037,0.00138972132962963,0.00143836928765432,0.00148779777777778,0.0015486363,0.00161051781111111,0.00167344231111111,0.0017374098,0.00180242027777778,0.00186847374444444,0.0019355702,0.00200370964444445,0.00207289207777777,0.0021431175,0.00222973963333334,0.0023177422,0.0024071252,0.00249788863333334,0.0025900325,0.0026835568,0.00277846153333334,0.0028747467,0.0029724123,0.00307145833333334,0.00312359333333333,0.0031955325,0.00328239541666667,0.00338056333333333,0.00348705,0.0036001575,0.00371927541666666,0.003844665,0.00397759166666667,0.00411927083333333,0.00427012375,0.00442908666666667,0.00459326166666666,0.0047584075,0.00492214375,0.00508200833333333,0.00524004,0.00540346583333334,0.00558263708333333,0.00578518477482679,3.73042651109131,3.81602387002506,3.82548865893272,4.44626182302024,7.29172637845255,10.861852762406,14.4682555227829,21.6457994782914,28.8680621396515,43.4572012357378,46.2848365845909,47.0251527167022,50.7132386796294,67.2085370772161,65.4544192163737,79.1948917169901,80.1353935513571,94.3186335026881,121.887056066028,153.179015518964,175.719063853734,283.276581750983,251.497231280873,255.185145400687,299.14743147006,345.053229257873,381.324257486385,348.376008599429,498.222673904958,518.144074790122,624.05289126378,736.663031994411,645.150021604163,821.50752963826,713.292832794415,911.65993979272,856.860500553371,975.513661327043,1030.96977526384,1090.48740908611,1087.5186715425,1046.63511477694,1034.46580519598,1075.44879486405,1172.72946250809,1146.64201671399,1153.15593339825,1248.17561504637,1260.10871314302,1190.87872004602,1240.22633677465,1194.65053017748,1270.10461062135
"CO2","mex","ktCO2",0,0,0,0,0,0,0,0,0,0,0,0,0,0,0,0,0,0,0,0,0,0,0,0,0,0,0,0,0,0,0,0,0,0,0,0,0,0,0,0,0,0,0,0,0,0,0,0,0,0,0,0,0,0,0,0,0,0,0,0,0,0,0,0,0,0,0,0,0,0,0,0,0,0,0,0,0,0,0,0,0,0,0,0,0,0,0,0,0,0,0,0,0,0,0,0,0,0,0,0,0,3.58161801456362,7.23986296949577,10.9747348647965,14.7862337004656,18.6743594765034,22.6391121929096,26.6804918496844,30.7984984468277,34.9931319843395,39.2643924622199,43.5687346930548,47.9417865574558,52.3835480554229,56.8940191869558,61.4731999520548,66.1210903507198,70.8376903829508,75.6230000487478,80.4770193481107,85.3997482810397,90.4552921688564,95.5856509589364,100.79082465128,106.070813245887,111.425616742756,116.855235141889,122.359668443285,127.938916646945,133.592979752868,139.321857761055,146.556360130409,153.957987689697,161.526740438921,169.262618378079,177.165621507171,185.2357498262,193.473003335161,201.877382034057,210.448885922888,219.187515001653,1017.96597095718,1115.96597982152,1052.80145812481,1073.24572882918,1015.97091998232,1153.56550488296,1330.26464164611,1412.55560865606,1450.50567651871,1833.52694994652,2313.06856570496,2492.79124149375,2697.09079655883,2939.26974194963,2910.84827112209,3169.98545540686,3575.36940794165,5294.75094161686,5359.69966378627,5875.69338177187,10437.8852522956,10957.3820395872,11883.820098847,12078.9593564831,13154.2554512496,14124.3675266592,15928.381870721,17074.5695310116,19113.6028496664,24659.9048281696,27196.4302708078,27036.1545043449,25610.4878999639,25556.2910566482,24483.2411927175,23265.8604867958,21954.5834648649,21502.9119283164,21670.5836324943,21699.3293558456,21732.5387363558,22178.434836892,22743.4048536011,23522.3026110273,24437.9169058627,25012.8208520397,25918.3757433343,25898.0101722134,26670.9495691567,27303.5225803864,26529.3071155059,22780.1299114057,22839.4135518283,23920.1717334633,26667.2794248355,30040.1473166828,34265.4445859533,35553.7593295409,33975.6105286175,33933.0085697237,37669.0546356628,40081.7113856354,39513.1650946687,39764.4984692747,42569.8067260244,45486.3343465684,50971.031186571,55448.7998839511,58769.04582252,64137.1019978202,68406.8611858993,70982.0744278107,72202.2889423001,78515.1186619329,81404.4735170819,86667.2626904498,97282.9720131696,101260.942961353,108832.462985333,118317.704464614,122682.194043703,134917.233169522,145321.710671128,160047.492594375,168679.571872341,179238.912712915,185423.422514341,208315.153242518,220422.291376244,243896.226357499,261780.713610804,280440.05474637,265186.651353447,268121.362721932,277629.018556712,272957.957460336,284103.59712452,282783.148462998,296014.082188601,293419.224254587,310149.691962783,313390.30717725,321106.204451712,347672.429501289,328500.848780214,346051.279456909,365067.966007405,389525.478148013,379084.844894184,403365.71157168,400936.896210468,408298.331185892,428072.972185226,438626.938358274,456874.31929891,473821.421023466,483188.76702658,485946.187655717,475423.322328759,489095.237828419,501338.677184677,520316.816349773,509307.143845256,496559.940305661,507526.25302252,513431.156736924,515756.890286019,488789.226885714,505428.851892612,450090.347327734,463977.446196369,463874.326396094,483609.586229678
"CO2","mhl","ktCO2",0,0,0,0,0,0,0,0,0,0,0,0,0,0,0,0,0,0,0,0,0,0,0,0,0,0,0,0,0,0,0,0,0,0,0,0,0,0,0,0,0,0,0,0,0,0,0,0,0,0,0,0,0,0,0,0,0,0,0,0,0,0,0,0,0,0,0,0,0,0,0,0,0,0,0,0,0,0,0,0,0,0,0,0,0,0,0,0,0,0,0,0,0,0,0,0,0,0,0,0,0,0,0,0,0,0,0,0,0,0,0,0,0,0,0,0,0,0,0,0,0,0,0,0,0,0,0,0,0,0,0,0,0,0,0,0,0,0,0,0,0,0,0,0,0,0,0,0,0,0,0,0,0,0,0,0,0,0,0,0,0,0,0,0,0,0,0,0,0,0,0,0,0,0,0,0,0,0,0,0,0,0,0,0,0,0,0,0,0,0,0,0,0,0,0,0,0,0,0,0,0,0,0,0,0,0,0,0,0,0,0,0,0,0,0,0,0,0,0,0,0,0.0018849996747232,0.0019751825859905,0.0020724386667689,0.0021688106013584,0.0022616459511923,0.002348292277704,0.0024287495808934,0.0025118593226495,0.0026011580877278,0.0027037190456396,0.0553318220184697,0.110425431111164,0.168265132691377,0.229093436257112,0.293032532043925,0.360476609063496,0.430437792873791,0.50158483453937,0.568365892340695,47.3275398575833,52.2889471936616,61.743758269536,72.4405247030346,76.4937665755503,71.9124904976699,71.6102728704481,68.956174930911,72.9523588876862,71.1002801608177,80.4477299890993,87.9191727192221,90.6508140147819,91.4362739127264,93.5192645687084,86.3430009499372,94.699542648124,93.1220064890792,96.6166746437691,100.221102069535,105.122558202618,101.981990958803,98.0662497441477,96.8098339631025,100.503616077695,109.452855893245,106.990782508598,107.606475802215,116.433404764055,117.532520156233,111.105684101987,115.686689323899,111.438077692951,118.448871171495
"CO2","mkd","ktCO2",0,0,0,0,0,0,0,0,0,0,0,0,0,0,0,0,0,0,0,0,0,0,0,0,0,0,0,0,0,0,0,0,0,0,0,0,0,0,0,0,0,0,0,0,0,0,0,0,0,0,0,0,0,0,0,0,0,0,0,0,0,0,0,0,0,0,0,0,0,0,0,0,0,0,0,0,0,0,0,0,0,0,0,0,0,0,0,0,0,0,0,0,0,0,0,0,0,0,0,0,0,0.000170521706846558,0.000343097892088858,0.000517728555726902,0.000694413697760683,0.000873153318190208,0.00105394741701547,0.00123679599423648,0.00142169904985323,0.00160865658386572,0.00179766859627395,0.00199881313650569,0.0022038445277564,0.00241276277002607,0.00262556786331471,0.00284225980762233,0.00306283860294892,0.00328730424929448,0.00351565674665901,0.00374789609504251,0.00398402229444498,0.00422844744602309,0.00447717964873033,0.00473021890256671,0.00498756520753222,0.00524921856362683,0.00551517897085059,0.00578544642920347,0.00606002093868549,0.00633890249929663,0.00662209111103691,0.00691680399471733,0.00721628955667593,0.00752054779691276,0.0078295787154278,1.58892518895297,0.00846195858729258,0.0087853075406423,0.00911342917227025,0.00944632348217649,4.75212941039319,5.54287333066702,6.13602481375425,10.8787338279176,20.7589890023074,20.7593631738347,23.1309153439668,17.9937592211982,27.28124237267,31.8263853928647,43.0898563799297,47.0727781994948,44.1353255120954,47.9246931781985,51.1237821223305,55.5153217022009,66.4561514890408,67.6851528633424,72.8857702931274,74.912720598142,74.1582824278336,80.3605236125894,82.3894970468913,226.345587833857,0.0205052422397722,0.0211179319211804,0.0217396153032474,0.0223702923859732,0.0230099631693578,162.669294288152,216.037753007808,230.096265523808,337.20854389836,367.419780038651,376.820607040607,414.440928370592,404.377132972885,457.023486222469,496.958506006151,565.944960841446,534.616325240301,466.882118152149,431.838505681612,398.818076656007,415.018826695258,431.625863942145,430.416330700375,481.610710165427,448.123284918532,472.297127385173,564.524445806589,0.0421500645670425,0.0432214547341409,0.285721536027135,6.08062370081899,282.412999925659,548.460767741607,751.489987445492,853.001529328363,977.617210281037,950.99685028415,910.881693743855,913.107513619277,917.298116427882,1101.45163203793,1263.30160319136,1456.35747448307,1580.33061538759,1563.71186816676,1803.37352777284,1982.30257831057,2087.32342577742,2151.73305437005,2404.74409291669,2745.87806264347,2854.27636059796,2864.89882845367,2954.89288018372,3198.46182379929,3342.47481733269,4455.59709171863,4588.6335078134,4593.35369099681,4926.08430573759,5159.65096133473,5379.32157035068,5480.41198415796,5598.78829405934,4647.54116038554,5506.28995920391,5451.88992804494,8433.04177378894,8240.00925159665,8363.07536231224,8992.23219763323,9385.64018666752,9791.54764315562,9518.28432193007,8062.37145320181,8988.248177739,8596.35792126475,8348.89872221056,8278.33124991647,8601.70539457437,8302.07264543489,8242.23691931535,9833.54575810033,8755.59839183432,9614.82174810232,8880.72517825266,8521.64470871956,8632.85746366391,8147.57278022116,8811.61863558037,8474.55872260143,8862.91164108576,8819.86794413656,9278.5449789965,9083.79099365861,8500.20192813653,8348.85921350971,9131.00566141828,8771.1036549202,7840.49716333845,7451.16592101407,7075.3525141463,6972.87734627995,7475.44598835767,6957.41976482311,7991.23894599141,6829.11333402419,6910.28095894235,7672.87940275251,7048.55833466326
"CO2","mli","ktCO2",0,0,0,0,0,0,0,0,0,0,0,0,0,0,0,0,0,0,0,0,0,0,0,0,0,0,0,0,0,0,0,0,0,0,0,0,0,0,0,0,0,0,0,0,0,0,0,0,0,0,0,0,0,0,0,0,0,0,0,0,0,0,0,0,0,0,0,0,0,0,0,0,0,0,0,0,0,0,0,0,0,0,0,0,0,0,0,0,0,0,0,0,0,0,0,0,0,0,0,0,0,0.000898978646640227,0.00179946691317406,0.00270146479960149,0.00360497230592252,0.00450998943213716,0.00541651617824542,0.00632455254424723,0.0072340985301427,0.00814515413593174,0.00905771936161436,0.0100159307256589,0.0109836765311366,0.0119609567780476,0.0129477714663919,0.0139441205961695,0.0149500041673804,0.0159654221800245,0.0169903746341019,0.0180248615296126,0.0190688828665566,0.0201277076783576,0.0211965687442987,0.0222754660643802,0.023364399638602,0.0244633694669639,0.0255723755494665,0.0266914178861091,0.027820496476892,0.0289596113218153,0.0301087624208788,0.0312761372445657,0.0324540765462947,0.0336425803260661,0.0348416485838802,0.0360512813197365,0.0372714785336351,0.0385022402255764,0.0397435663955601,0.0409954570435863,0.0422579121696546,0.0435423302895478,0.044837868912644,0.0461445280389425,0.0474623076684434,0.0487912078011472,0.0501312284370532,0.0514823695761621,0.0528446312184733,0.0542180133639868,0.0556025160127034,0.0575482361056212,0.0595266491308,0.0615377550882405,0.0635815539779422,0.0656580457999053,0.0677672305541297,0.0699091082406151,0.0720836788593624,0.0742909424103705,0.0765308988936402,0.078822339187159,0.0811470885072991,0.0835051468540611,0.0858965142274443,0.0883211906274491,0.0907791760540758,0.0932704705073238,0.0957950739871933,0.0983529864936847,0.100944208026797,0.103591761059994,0.106273271640191,0.108988739767389,0.111738165441588,0.114521548662787,0.117338889430987,0.120190187746189,0.123075443608391,0.125994657017593,0.128947827973797,0.131962603924746,0.135012020075728,0.13809607642674,0.141214772977784,0.14436810972886,0.147556086679967,0.150778703831106,0.154035961182277,0.157327858733478,0.160654396484712,0.164048269923239,0.167477502143935,0.170942093146801,0.174442042931835,0.17797735149904,0.181548018848412,0.185154044979954,0.188795429893666,0.262885343193278,213.704568413749,137.776416179523,164.27506342053,180.05203263996,209.812148668468,220.089579506699,253.05266937391,277.784111429218,0.231630363192735,47.5821530177548,120.63331253472,117.338393930371,139.630282099222,176.79714503892,177.269361272834,199.916676385547,193.06247344735,227.039565888574,201.61528084463,164.73282946078,207.17313124541,242.044945256379,255.844848819014,288.981397210684,326.740551957828,370.12677614179,374.806086959258,424.374934840296,396.157658669061,437.732908669354,384.194590135208,396.113018192151,365.425988259211,411.239538774194,430.763025845014,410.020141743033,387.329732764827,372.815164909038,395.871737956313,435.236621842192,405.906194224783,418.370912301459,426.672598985394,441.023231035866,457.953429154577,468.710802863247,495.670595376833,522.797771285747,891.945466566271,926.612704967871,929.131146799973,988.347092067602,983.135471418925,922.314602265998,1011.96277934372,1093.96679636497,1145.05289025491,1250.08087223306,1215.79659042368,1317.70165308795,1410.24784504933,1264.61875533901,1345.39409637926,1534.44795816077,1679.51511084358,1802.92951003201,1907.34763247265,2114.10846494512,2395.27886978433,2550.28775562645,2799.37757805108,2969.60074969119,3150.68165744513,3122.18244198479
"CO2","mlt","ktCO2",0,0,0,0,0,0,0,0,0,0,0,0,0,0,0,0,0,0,0,0,0,0,0,0,0,0,0,0,0,0,0,0,0,0,0,0,0,0,0,0,0,0,0,0,0,0,0,0,0,0,0,0,0,0,0,0,0,0,0,0,0,0,0,0,0,0,0,0,0,0,0,0,0,0,0,0,0,0,0,0,0,0,0,0,0,0,0,0,0,0,0,0,0,0,0,0,0,0,0,0,0,6.21673466167913e-05,0.00012476196022064,0.000187783840811545,0.000251232988389507,0.000315109402954527,0.000379413084506604,0.000444144033045738,0.000509302248571926,0.000574887731085174,0.000640900480585479,0.000707927989180044,0.000775489581508429,0.000843585257570635,0.000912215017366663,0.000981378860896517,0.00105107678816019,0.00112130879915768,0.00119207489388899,0.00126337507235412,0.00133520933455308,0.0014078113421194,0.00148096968690846,0.00155468436892025,0.00162895538815476,0.001703782744612,0.00179741810725634,0.00189175819467597,0.00198680300687088,0.00208255254384107,0.00217900680558655,0.0022765436416744,0.00237481456606984,0.00247381957877287,0.00257355867978348,0.00267403186910169,0.00277523914672751,0.00287718051266088,0.00297985596690186,0.00308326550945044,0.00318740914030659,0.00329283338783346,0.00339902231068076,0.00350597590884844,0.00361369418233653,0.00372217713114502,0.00383142475527394,0.00394143705472324,0.00405221402949295,0.00416375567958309,0.00427606200499361,0.00438986161346122,0.00450445775872092,0.0046198504407727,0.00473603965961658,0.00485302541525255,0.0049708077076806,0.00508938653690074,0.00520876190291298,0.00532893380571734,0.00544990224531375,0.00557867707771613,0.00570849998484496,0.00583937096670021,0.00597129002328188,0.00610425715459001,0.00623827236062458,0.00637333564138556,0.00650944699687298,0.00664660642708687,0.00678481393202715,0.00692588256995826,0.00706805444444353,0.00721132955548292,0.00735570790307645,0.00750118948722415,0.00764777430792596,0.00779546236518191,0.007944253658992,0.00809414818935626,0.00824514595627463,0.00839944576753969,0.00855490688044071,0.00871152929497766,0.00886931301115053,0.00902825802895937,0.00918836434840413,0.00934963196948483,0.00951206089220145,0.00967565111655403,0.00984040264254254,0.0101165930249089,0.0103965172009066,0.0106801751705356,0.0109675669337959,0.0112586924906876,0.0115535518412107,0.0118521449853651,0.0121544719231508,0.0124605326545679,195.002204534529,208.870352002173,209.045887983029,202.021561572273,245.549355690223,289.182219657151,278.649572259482,289.84912201461,308.350476284176,374.139912088706,327.375203053007,284.141249986269,321.057531725072,401.958354085384,486.808741698154,469.31799168692,407.719155405425,518.841248871107,634.10268971771,653.831517019226,685.801747995182,688.989012466775,864.817825541263,830.433140768205,759.867200067166,684.367163530905,773.540436506191,820.264327432557,956.556178743761,929.534168577056,1031.78599175352,1167.4922727602,1335.08671830484,989.430772456782,1346.94770717503,1164.58634032303,1898.20405013775,1985.40252281955,2157.07135143147,2333.10266177107,2327.23996801821,2227.47040936603,2189.2898641766,2826.80726364689,2532.83783406065,2418.95048354505,2368.54663525737,2515.13253268115,2418.73687380996,2452.85449139576,2167.03407782879,2531.91299340007,2359.88666150579,2652.23134293274,2641.74345403255,2666.08516367278,2691.59665361248,2756.65855339683,2764.93895040735,2548.16173755509,2624.02480250148,2611.17567819862,2757.05276371108,2414.37403886177,2398.6733611272,1689.6731333597,1379.11048478804,1624.970342992,1639.16323197999,1752.10690282163,1705.02343350094,1711.418728168,1880.48859839263,1909.07323577972
"CO2","mmr","ktCO2",0,0,0,0,0,0,0,0,0,0,0,0,0,0,0,0,0,0,0,0,0,0,0,0,0,0,0,0,0,0,0,0,0,0,0,0,0,0,0,0,0,0,0,0,0,0,0,0,0,0,0,0,0,0,0,0,0,0,0,0,0,0,0,0,0,0,0,0,0,0,0,0,0,0,0,0,0,0,0,0,0,0,0,0,0,0,0,0,0,0,0,0,0,0,0,0,0,0,0,0,0,0.00164485144199925,0.00330274452906192,0.004973679261188,0.00665765563837748,0.0083546736606304,0.0100647333279467,0.0117878346403264,0.0135239775977696,0.0152731622002761,0.0170353884478461,0.0188106563404795,0.0205989658781762,0.0224003170609364,0.02421470988876,0.026042144361647,0.0278826204795975,0.0297361382426113,0.0316026976506886,0.0334822987038292,0.0353749414020333,0.0385633736204515,0.0418870139482333,0.0453458623853785,0.0489399189318872,0.0526691835877595,0.056533656352995,0.060533337227594,0.0646682262115571,0.0689383233048831,0.0733436285075726,0.0778841418196255,0.0825598632410419,0.0873707927718225,0.0923169304119659,0.0973982761614728,0.102614830020343,0.107966591988578,0.113453562066175,0.119075740253136,0.12483312654946,0.132539113784629,0.140468767315964,0.148622087143466,0.156999073267136,0.165599725686975,0.174424044402979,0.183472029415152,0.192743680723491,0.202238998327998,0.211957982228673,0.22022123853768,0.228638177082147,0.237209024632019,0.24593415869265,0.254813730636252,0.263848457636425,0.273038529245287,0.282383996736576,0.291885100861702,0.301542460365987,0.309794463877635,0.31811984547337,0.326544722479644,0.335069207961149,0.343693414976954,0.352417456587997,0.361241445860852,0.370165495849579,0.379128641452984,0.388321736622699,0.398453960222904,0.408741041475967,0.419166816140885,0.429732605279345,0.440437994701754,0.451283997841153,0.462270450536761,3171.02198305302,3060.25384503614,3096.60020276544,2945.43389244846,2989.14051033428,3007.10637060877,3072.84228241021,3035.67374798465,3119.75673524641,3225.85623573995,3096.86020995077,3239.65606557458,3180.4602334183,3191.03339237645,1028.49150389176,411.752392931282,308.953509734348,297.915294771759,8.05851895179904,26.4117896491017,154.789600514637,103.441870185818,766.129212695707,885.688688639033,1087.39872967612,1253.74002865023,1396.42760561002,1369.617439189,1586.77185155784,2022.17159867875,2344.03995669142,2679.29293657564,2634.14032596589,2533.8219347497,2799.32596432491,2593.47625078013,2818.96368420415,2703.35588854482,2782.42389678426,3584.65346706151,2862.87109765453,3129.47390835731,4260.66774352878,4695.60808874126,4600.8961016146,3644.95327347513,4216.96146661096,4126.73197929456,4432.46637706711,4740.40532881032,4906.27351330099,5092.33433476743,5401.57114683604,5316.43013326484,5465.29102531623,5321.177579769,5832.80646887375,6204.64262006734,6518.19970449461,4969.96076424846,4712.87182235068,4714.3351809433,4423.97198016124,4278.56326033424,4543.98925679673,5124.46007398799,6104.29461467742,7444.56341104628,7859.47702331666,7839.64294266028,8522.73790139371,9334.60080686405,10022.196933843,8856.25220575808,8853.29711873634,11015.3101488756,10843.3784441613,11442.3107389859,10615.7339029097,11065.3726168612,8538.93582121706,7918.22769189941,8842.15328801389,9408.67102764477,12761.4499608668,14460.4028958984,18052.2118795447,20128.2162428178,23109.4739282945,33681.7610137061,33019.7756596685,34282.2540609819,34240.8553283806,31380.874086321,29422.4749121294,23122.0524394831
"CO2","mne","ktCO2",0,0,0,0,0,0,0,0,0,0,0,0,0,0,0,0,0,0,0,0,0,0,0,0,0,0,0,0,0,0,0,0,0,0,0,0,0,0,0,0,0,0,0,0,0,0,0,0,0,0,0,0,0,0,0,0,0,0,0,0,0,0,0,0,0,0,0,0,0,0,0,0,0,0,0,0,0,0,0,0,0,0,0,0,0,0,0,0,0,0,0,0,0,0,0,0,0,0,0,0,0,0,0,0,0,0,0,0,0,0,0,0,0,0,0,0,0,0,0,0,0,0,0,0,0,0,0,0,0,0,0,0,0,0,0,0,0,0,0,0,0,0,0,0,0,0,0,0,0,0,0,0,0,0,0,0,0,0,0,0,0,0,0,0,0,0,0,0,0,0,0,0,0,0,0,0,0,0,0,0,0,0,0,0,0,0,0,0,0,0,0,0,0,0,0,0,0,0,0,0,0,0,0,0,0,0,0,0,0,0,0,0,0,0,0,0,0,0,0,0,0,0,0,0,0,0,0,0,0,0,0,0.0272321471987557,0.057875817242859,0.0924251274475824,0.130927195874338,0.174024603986425,0.221580037360649,0.272312807633487,0.325302466801717,0.379775265747183,0.438068032423419,0.49844657952247,0.55958044550011,0.624221427307505,0.691724847443855,0.762743196692082,0.836024686327303,0.910556156459089,0.985192872073911,1.06209701105435,1.14210575061311,1.1676516873706,1.19228675477851,1.21758216267661,1.22904393675409,1992.24570174919,2153.04191599012,2098.23300723141,2680.95672339414,1750.17864871862,2558.6925495111,2514.83009707048,2313.03297757112,2251.87747034297,2204.08684024311,2343.46488931342,2141.87495230851,2261.31684411372,2484.76835324389,2588.32971037592,2519.01352916502,2562.80322261405,2641.70397593493,2621.60061750172
"CO2","mng","ktCO2",0,0,0,0,0,0,0,0,0,0,0,0,0,0,0,0,0,0,0,0,0,0,0,0,0,0,0,0,0,0,0,0,0,0,0,0,0,0,0,0,0,0,0,0,0,0,0,0,0,0,0,0,0,0,0,0,0,0,0,0,0,0,0,0,0,0,0,0,0,0,0,0,0,0,0,0,0,0,0,0,0,0,0,0,0,0,0,0,0,0,0,0,0,0,0,0,0,0,0,0,0,0.000269590081827502,0.000540092482036823,0.000811507200627965,0.00108383423760092,0.0013570735929557,0.0016312252666923,0.00190628925881071,0.00218226556931095,0.002459154198193,0.00273695514545687,0.00301575345773138,0.00329547955141112,0.00357613342649611,0.00385771508298633,0.0041402245208818,0.0044236617401825,0.00470802674088845,0.00499331952299962,0.00527954008651605,0.00556668843143771,0.00586072952599017,0.00615626649415983,0.00645329933594667,0.00675182805135073,0.00705185264037198,0.00735337310301042,0.00765638943926608,0.00796090164913892,0.00826690973262896,0.00857441368973618,0.00894882975418801,0.00932896209443297,0.00971481071047111,0.0101063756023024,0.0105036567699268,0.0109066542133444,0.0113153679325551,0.0117297979275591,0.0121499441983561,0.0125758067449464,0.0130191039327057,0.0134686890238376,0.0139245620183419,0.0143867229162187,0.0148551717174679,0.0153299084220896,0.0158109330300838,0.0162982455414505,0.0167918459561897,0.0172917342743013,0.0178219763307876,0.0183594500488819,0.0189041554285839,0.0194560924698939,0.0200152611728117,0.0205816615373373,0.0211552935634708,0.0217361572512122,0.0223242526005614,0.0229195796115183,0.0232147873115618,0.0235071495921468,0.0237966664532734,0.0240833378949415,0.0243671639171513,0.0246481445199026,0.0249262797031955,0.02520156946703,0.0254740138114061,0.0257436127363237,0.0260103662417829,0.0262742743277837,0.0265353369943261,0.02679355424141,0.0270489260690355,0.0273014524772026,0.0275511334659113,0.0277979690351616,0.0280419591849534,0.0282831039152868,0.0285214032261618,0.0287568571175784,0.0289894655895365,0.0292192286420362,0.0294461462750775,0.0296702184886604,0.0298914452827849,0.0301098266574509,0.0303253626126585,0.0305380531484077,0.0307478982646985,0.0309548979615308,0.0311590522389047,0.0313603610968202,0.0315588245352773,0.031754442554276,0.0319472151538162,0.032137142333898,0.0323242240945214,410.09594526952,417.693387885732,426.396545605294,435.501351146871,618.195902909032,719.118956969881,843.598004951569,936.688825506651,1334.38882125531,1598.15470476737,1557.89981674231,1715.95647447602,2332.70537519065,1951.77579215689,2286.75012617071,2359.66271528981,2430.15336080388,2679.36019260532,3105.68901700432,3380.81509679635,4005.92205359416,3753.69724898446,4257.26801421681,4447.02783500909,4944.04627392613,5183.76209508761,5609.6075006188,6446.24619625552,7359.00065740517,8013.50665804527,8810.65052796151,8473.86846132024,8842.532469108,9130.2327125634,8833.96570311699,11725.228728194,12821.3100751892,13603.1126383185,14423.7186933021,13696.1295803326,12875.2452695952,14584.1900851212,12708.2194122223,11714.0821291144,10219.1614625633,10161.4251088112,8615.61852901367,8443.89100899069,8473.58479843793,8526.78165227628,8910.97205502984,8882.04206391439,9516.49989210123,9231.69483867404,9478.04456883746,10960.2012013833,12438.9623713024,13008.915794668,12979.0996425055,13633.3793272003,14423.9295138178,15860.2974261361,17244.0898419783,18437.6367145519,18717.1645530897,17376.2819638357,18451.2735499767,20324.5422037431,22133.344678805,24475.1350440411,21838.5987932313,24113.272101482,24234.9463197077,26137.7025817069
"CO2","moz","ktCO2",0,0,0,0,0,0,0,0,0,0,0,0,0,0,0,0,0,0,0,0,0,0,0,0,0,0,0,0,0,0,0,0,0,0,0,0,0,0,0,0,0,0,0,0,0,0,0,0,0,0,0,0,0,0,0,0,0,0,0,0,0,0,0,0,0,0,0,0,0,0,0,0,0,0,0,0,0,0,0,0,0,0,0,0,0,0,0,0,0,0,0,0,0,0,0,0,0,0,0,0,0,0.00111665672385205,0.00225785535372282,0.00342359588961232,0.00461387833152057,0.00582870267944749,0.00706806893339318,0.00833197709335761,0.00962042715934073,0.0109334191313426,0.0122709530093632,0.0135824111122389,0.0149092079063762,0.0162513433917754,0.0176088175684362,0.0189816304363586,0.0203697819955429,0.0217732722459888,0.0231921011876964,0.0246262688206657,0.0260757751448968,0.02755068617653,0.0290418945676287,0.0305494003181931,0.0320732034282228,0.0336133038977184,0.0351697017266795,0.0367423969151061,0.038331389462998,0.0399366793703559,0.0415582666371792,0.0432119393304504,0.0448829279681537,0.0465712325502888,0.0482768530768565,0.0499997895478562,0.0517400419632883,0.053497610323152,0.0552724946274482,0.0570646948761768,0.0588742110693373,0.0607232292607334,0.0625906456430891,0.0644764602164039,0.0663806729806778,0.0683032839359108,0.0702442930821029,0.0722037004192543,0.0741815059473649,0.0761777096664347,0.0781923115764634,0.0875047437782802,0.0966058933157558,0.105501220641856,0.114196073841273,0.122695691039221,0.131005202739802,0.13912963423762,0.147073907733579,0.154842844766214,0.162438674895635,0.1707220360957,0.17887166172344,0.186891954637457,0.194787225232352,0.208350807957081,0.222777803822129,0.238123879566269,0.254448210151161,0.271813689495885,0.290600737808079,0.316641154303626,0.345274530550774,0.376170124670063,0.409456008152049,0.437114904656797,0.466150806279607,39.617908562041,21.1687479143159,11.9551589820353,11.9888434574201,12.0271451371264,57.708801926299,50.4931626142676,60.5204618257337,44.2692070759595,47.5807592966524,54.1545869420355,36.3001083781649,61.870296456918,61.9364990701672,55.459144130853,28.8803732492655,46.9195919601074,54.6745676884402,48.3415876644606,54.7770403892925,58.4614854630612,43.3085441416602,55.1713540489805,798.252813332187,821.928875846245,948.747216768055,954.555808941876,1010.26638041686,1213.84055042041,1371.5501437643,1566.92087531982,1606.2352097089,1589.51469732247,1662.7891635618,2286.66913984902,1759.92428652066,1484.64205727697,1879.97379075768,1767.66870188967,1859.81888357463,1654.48782245046,2426.38616667396,2822.34488047723,2634.3377574912,3139.33274618493,2892.29294367567,3078.76561760846,2908.03828485874,2520.33210423401,2545.81407920643,2489.09168060681,2170.69408962661,2052.38776145575,2479.81997583818,2168.2505618208,2049.81688936342,1942.06447275484,1705.01809591442,1628.30848079598,1542.26826961097,1542.06859189489,1550.49598761322,1529.73184303,1153.95241959279,975.349671761248,1137.67206980442,1330.13284619476,1141.89430846292,1220.55985251184,1213.94875721337,1341.9195081545,1298.25930161813,1292.25485798003,1487.58106855594,1474.26609469949,1635.68293162345,1970.1639022883,1977.93774619239,1785.5160618208,1941.20120634117,2311.43634653676,2326.75577684035,2586.47475143102,2778.23115259398,3416.23961651501,3874.56642733998,4324.60415707897,5012.31815621308,5729.10534176061,7575.87553098916,7534.70763307547,7289.10260843304,7909.774418094,7206.080027731,8419.43729504238,10130.8889463184,10231.7247539863
"CO2","mrt","ktCO2",0,0,0,0,0,0,0,0,0,0,0,0,0,0,0,0,0,0,0,0,0,0,0,0,0,0,0,0,0,0,0,0,0,0,0,0,0,0,0,0,0,0,0,0,0,0,0,0,0,0,0,0,0,0,0,0,0,0,0,0,0,0,0,0,0,0,0,0,0,0,0,0,0,0,0,0,0,0,0,0,0,0,0,0,0,0,0,0,0,0,0,0,0,0,0,0,0,0,0,0,0,0.000206652936841525,0.000413652897926278,0.000620999883254258,0.000828693892825463,0.00103673492663989,0.00124512298469755,0.00145385806699844,0.00166294017354255,0.00187236930432989,0.00208214545936046,0.00229503420938895,0.00250877281470697,0.00272336127531452,0.00293879959121161,0.00315508776239824,0.0033722257888744,0.0035902136706401,0.00380905140769533,0.0040287390000401,0.0042492764476744,0.004470845862446,0.00469328247649262,0.0049165862898143,0.00514075730241098,0.00536579551428273,0.0055917009254295,0.00581847353585131,0.00604611334554815,0.00627462035452004,0.00650399456276695,0.00673451028842693,0.00696591091130633,0.00719819643140516,0.00743136684872336,0.00766542216326101,0.00790036237501811,0.00813618748399464,0.00837289749019058,0.00861049239360595,0.00884897219424073,0.00908870710419695,0.00932934497049953,0.00957088579314845,0.00981332957214373,0.0100566763074854,0.0103009259991733,0.0105460786472076,0.0107921342515883,0.0110390928123153,0.0112869543293887,0.0114662722619529,0.0116437697571045,0.0118194468148434,0.0119933034351696,0.0121653396180831,0.012335555363584,0.0125039506716721,0.0126705255423476,0.0128352799756103,0.0129982139714604,0.0132791317003414,0.0135621569973981,0.0138472898626303,0.0141345302960382,0.0144238782976218,0.014715333867381,0.0150088970053158,0.0153045677114262,0.0156023459857123,0.015902231828174,0.0162223466421102,0.0165450794862868,0.0168704303607038,0.0171983992653612,0.0175289862002589,0.0178621911653971,0.0181980141607757,0.0185364551863946,0.018877514242254,0.0192211913283537,0.0195903363386979,0.0199626635741961,0.0203381730348484,0.0207168647206548,0.0210987386316152,0.0214837947677297,0.0218720331289982,0.0222634537154208,0.0226580565269975,0.0230558415637283,0.0234851818908774,0.0239183280270326,0.0243552799721938,0.024796037726361,0.0252406012895343,0.0256889706617136,0.0261411458428989,0.0265971268330903,0.0350098848789336,34.4441184413944,29.5740264242506,32.8844716669294,27.9411768145972,32.8868840791024,32.4276733900101,38.1527489192117,39.8753215969982,0.0364858835139106,30.5543390613497,34.0340639217234,44.3505260656066,58.1423546283427,82.2932090647198,110.018527059415,151.692490295203,169.573562321149,187.416662239704,222.841033414299,260.901894612545,404.946422149753,399.269996064399,435.39201237869,480.941850618712,496.248000655628,531.772041788379,546.449998148482,546.994570153815,559.308862553054,593.24898092353,587.684141764955,602.50713113578,836.877882857474,879.319590719287,819.965332737912,626.222662326722,362.600037297831,3118.01723045431,3029.36525884186,2709.58758733816,2523.08695449359,2659.72713274494,2829.3351589762,2841.22064683993,2895.38433785834,2827.38818895511,2834.61638339317,2707.55039523827,1252.84778780936,1191.03989138286,1189.7171807482,1331.54693007231,1367.087958516,1312.87492276023,1491.16846147926,1632.08055978098,1745.00912652238,2022.462520509,1936.2295538489,2153.93975457866,2144.72238050582,2028.42322133679,2220.92880887421,2253.71900687408,2315.24844858923,2551.13339137716,2723.19417200666,3038.26920107088,3294.75003937108,3553.80350225948,3663.39408502808,3814.7835819209,4054.66484862999,4004.67372456006
"CO2","msr","ktCO2",0,0,0,0,0,0,0,0,0,0,0,0,0,0,0,0,0,0,0,0,0,0,0,0,0,0,0,0,0,0,0,0,0,0,0,0,0,0,0,0,0,0,0,0,0,0,0,0,0,0,0,0,0,0,0,0,0,0,0,0,0,0,0,0,0,0,0,0,0,0,0,0,0,0,0,0,0,0,0,0,0,0,0,0,0,0,0,0,0,0,0,0,0,0,0,0,0,0,0,0,0,0,0,0,0,0,0,0,0,0,0,0,0,0,0,0,0,0,0,0,0,0,0,0,0,0,0,0,0,0,0,0,0,0,0,0,0,0,0,0,0,0,0,0,0,0,0,0,0,0,0,0,0,0,0,0,0,0,0,0,0,0,0,0,0,0,0,0,0,0,0,0,0,0,0,0,0,0,0,0,0,0,0,0,0,0,0,0,0,0,0,0,0,0,0,0,0,0,0,0,0,0,0,0,0,0,0,0,0,0,0,0,0.507234280100034,0.509666087811046,1.02431003704396,0.514701072232837,1.03460849788724,1.03992909730864,1.0453639427299,1.050913034151,2.11315263226598,2.40197368740796,2.7480186912302,2.52528251683317,2.34670208069547,2.10093194372701,1.87777239656442,4.38726811123346,4.57515501595443,4.55983975882611,2.68756454279427,3.9455748649505,3.8086158145516,4.40394572697588,4.48206400892083,5.24678602940503,6.36106657174412,6.65477011100451,7.79000329745438,8.29688870664398,22.7095750635025,21.3619703105736,23.783063279361,23.7745419982236,28.5068833022213,29.1793025610924,29.042414194482,32.0903882096497,32.759877604773,31.8538562769092,32.6694353933327,33.6281834977918,18.4146873331119,19.7164403321075,19.5181752881403,19.6062333660516,22.6091572030706,23.7747164507853,25.3720383805467,26.501782408021,25.3490935045535,18.4405706109816,19.4009188104298,19.4436405542727,19.5129556457055,20.1115202637504,20.2216940572936,20.4902563069923,20.6428293769391,21.1108282231914,18.8865029599384,19.6442012084441,20.5894437145019,21.396142295599
"CO2","mtq","ktCO2",0,0,0,0,0,0,0,0,0,0,0,0,0,0,0,0,0,0,0,0,0,0,0,0,0,0,0,0,0,0,0,0,0,0,0,0,0,0,0,0,0,0,0,0,0,0,0,0,0,0,0,0,0,0,0,0,0,0,0,0,0,0,0,0,0,0,0,0,0,0,0,0,0,0,0,0,0,0,0,0,0,0,0,0,0,0,0,0,0,0,0,0,0,0,0,0,0,0,0,0,0,7.52063258092159e-05,0.000150912361424472,0.000227118106845771,0.000303823562073112,0.000381028727106491,0.000458733601945915,0.000536938186591378,0.000615642481042883,0.000694846485300427,0.000774550199364017,0.00085494316833249,0.000935870309852245,0.00101733162392329,0.00109932711054562,0.00118185676971923,0.00126492060144413,0.00134851860572031,0.00143265078254779,0.00151731713192655,0.00160251765385658,0.00168844575564096,0.00177492644971978,0.00186195973609302,0.0019495456147607,0.00203768408572282,0.00212637514897935,0.00221561880453034,0.00230541505237576,0.00239576389251559,0.00248666532494988,0.00257841470073251,0.00267073572371627,0.00276362839390118,0.00285709271128724,0.00295112867587441,0.00304573628766275,0.00314091554665221,0.0032366664528428,0.00333298900623453,0.00342988320682742,0.00352775315005671,0.0036262144524596,0.00372526711403609,0.00382491113478614,0.00392514651470981,0.00402597325380709,0.00412739135207792,0.00422940080952236,0.00433200162614039,0.00443519380193199,0.00453949732513605,0.00464441259920936,0.00474993962415185,0.00485607839996363,0.00496282892664461,0.0050701912041948,0.00517816523261427,0.00528675101190295,0.00539594854206086,0.005505757823088,0.00559864220105867,0.00569156335763869,0.00578452129282813,0.00587751600662691,0.00597054749903505,0.00606361577005258,0.00615672081967949,0.00624986264791577,0.00634304125476142,0.00643625664021644,0.00652951142079512,0.00662280305368782,0.00671613153889449,0.00680949687641517,0.00690289906624988,0.00699633810839858,0.00708981400286126,0.00718332674963793,0.00727687634872864,0.00737046280013333,0.0074640890948715,0.00755775231577601,0.00765145246284683,0.007745189536084,0.00783896353548751,0.00793277446105733,0.0080266223127935,0.00812050709069601,0.00821442879476483,0.008308387425,0.00840238634841668,0.00849642227199999,0.00859049519575,0.00868460511966667,0.00877875204374999,0.008872935968,0.00896715689241667,0.00906141481699999,0.00915570974175,7.58226851144207,11.0913421697845,12.6492936147578,12.6976032837153,12.7474291542032,15.8678853140149,16.446915289173,22.7056064782527,20.2135534762775,23.4242393743638,24.0522433908923,24.6876766198885,24.803274251091,30.2210833496077,34.0954660425447,35.8693986117958,39.8145031281331,43.8019592134706,45.6594975409996,49.1776870602361,54.3834158327055,88.1907155268832,147.256428832528,163.565850165658,166.550086862079,172.018055219587,145.028722906008,146.598781568331,130.706089597695,127.023984764878,127.305618829347,156.03099627732,172.761588339086,191.671459627108,289.138625745507,235.134574386946,284.589443681215,359.170280512904,394.86035903664,368.206703405585,1104.69864712762,1012.85945804447,1146.41563194855,1135.5656507467,1165.82364962582,1193.40948993083,1179.51944727479,1215.4234093859,1268.41668278481,1335.49876130682,1200.51224506382,1154.55370897175,563.982188230149,628.912290057479,657.679087869802,684.268555440368,680.782826556858,648.045694362438,683.199503250498,761.930454750023,728.402403822932,552.733021392782,581.483819909764,582.760841067304,585.047518492486,603.987414812172,607.181911862745,614.971348292122,619.398030349571,632.973293445191,567.708956210439,589.697671476838,617.110737905131,640.503096410909
"CO2","mus","ktCO2",0,0,0,0,0,0,0,0,0,0,0,0,0,0,0,0,0,0,0,0,0,0,0,0,0,0,0,0,0,0,0,0,0,0,0,0,0,0,0,0,0,0,0,0,0,0,0,0,0,0,0,0,0,0,0,0,0,0,0,0,0,0,0,0,0,0,0,0,0,0,0,0,0,0,0,0,0,0,0,0,0,0,0,0,0,0,0,0,0,0,0,0,0,0,0,0,0,0,0,0,0,8.07274583333334e-05,0.000172224,0.000274489625,0.000387524333333334,0.000511328124999999,0.000645901,0.000791242958333334,0.000947353999999999,0.001114234125,0.00129188333333333,0.00142494366666667,0.001558708,0.00169317633333333,0.00182834866666667,0.001964225,0.00210080533333333,0.00223808966666667,0.002376078,0.00251477033333333,0.00265416666666667,0.00282272725,0.00299470233333333,0.00317009191666667,0.003348896,0.00353111458333334,0.00371674766666666,0.00390579525,0.00409825733333335,0.00429413391666665,0.004493425,0.00465755754166668,0.00482261599999999,0.004988600375,0.00515551066666668,0.00532334687499999,0.005492109,0.00566179704166668,0.00583241099999999,0.006003950875,0.00617641666666668,0.00633157533333332,0.0064867705,0.00664200216666668,0.00679727033333332,0.006952575,0.00710791616666668,0.00726329383333332,0.007418708,0.00757415866666668,0.00772964583333332,0.007879496175,0.00802916053333335,0.00817863890833332,0.0083279313,0.00847703770833335,0.00862595813333332,0.008774692575,0.00892324103333334,0.00907160350833332,0.00921978,0.00939299909166668,0.00956685936666665,0.009741360825,0.00991650346666668,0.0100922872916667,0.0102687123,0.0104457784916667,0.0106234858666667,0.010801834425,0.0109808241666667,0.011215829175,0.0114530352,0.0116924422416667,0.0119340503,0.012177859375,0.0124238694666667,0.012672080575,0.0129224927,0.0131751058416667,0.01342992,0.013750270425,0.0140743857,0.014402265825,0.0147339108,0.015069320625,0.0154084953,0.015751434825,0.0160981392,0.016448608425,0.0168028425,0.017160841425,0.0175226052,0.017888133825,0.0182574273,0.018630485625,0.0190073088,0.019387896825,0.0197722497,0.020160367425,156.860902268013,99.661836811888,123.494183257483,132.273885269425,129.953533503423,83.2191912635277,143.195659327445,142.570007386076,138.947744592723,142.12440159884,107.579387577774,114.862037103147,150.738457065011,122.835014544193,183.227697794453,181.384002543022,165.18698585685,295.566652975497,379.338456668447,342.763864057595,301.27016819762,268.251542029331,296.947798318987,335.045086814998,401.545594936132,429.444366846824,495.363799032797,570.940667053918,612.438170411968,615.649056105665,580.539160697853,587.900375137779,541.909002207692,618.486478280711,659.997347998186,622.852538167378,773.343433417957,819.736922797259,916.450375385454,1029.80906140635,1183.03518826519,1272.52604261491,1345.22273463485,1494.67857791342,1541.46690701014,1579.98316892359,1645.34666986007,1657.37689070999,1824.3470897206,2230.32931669882,2459.04539353402,2590.50006848221,2637.5428546001,2775.20924043621,2801.50318779187,2992.616005094,3329.27363544697,3415.91722004204,3482.90244672538,3436.90665121856,3669.15615560919,3647.17184653844,3731.42331912316,3821.81888141037,3951.25604126087,3966.54640017627,4037.94982165726,4198.43277321817,4158.57273668938,4217.53412153139,3744.44793014561,3995.67407722132,4072.89301196154,4155.49110369108
"CO2","mwi","ktCO2",0,0,0,0,0,0,0,0,0,0,0,0,0,0,0,0,0,0,0,0,0,0,0,0,0,0,0,0,0,0,0,0,0,0,0,0,0,0,0,0,0,0,0,0,0,0,0,0,0,0,0,0,0,0,0,0,0,0,0,0,0,0,0,0,0,0,0,0,0,0,0,0,0,0,0,0,0,0,0,0,0,0,0,0,0,0,0,0,0,0,0,0,0,0,0,0,0,0,0,0,0,0.000519305347767859,0.00103948274481829,0.00156053219115128,0.00208245368676683,0.00260524723166495,0.00312891282584566,0.00365345046930891,0.00417886016205472,0.0047051419040831,0.00523229569539408,0.00576727123486189,0.00630438240522583,0.00684362920648584,0.00738501163864188,0.00792852970169406,0.00847418339564226,0.0090219727204866,0.00957189767622701,0.0101239582628634,0.010678154480396,0.0112349439640167,0.0117939126628374,0.0123550605768583,0.0129183877060791,0.0134838940505001,0.0140515796101212,0.0146214443849423,0.0151934883749634,0.0157677115801848,0.0163441140006061,0.0169233849798113,0.0175048796479962,0.0180885980051607,0.0186745400513049,0.0192627057864288,0.0198530952105323,0.0204457083236154,0.0210405451256783,0.0216376056167209,0.0222368897967431,0.0228393279846037,0.0234440352428521,0.0240510115714877,0.0246602569705106,0.0252717714399211,0.025885554979719,0.0265016075899041,0.0271199292704768,0.027740520021437,0.0283633798427846,0.029020787259027,0.0296817295701474,0.0303462067761458,0.031014218877022,0.0316857658727762,0.0323608477634082,0.0330394645489182,0.0337216162293061,0.0344073028045717,0.0350965242747154,0.0364248518860102,0.0377775527936999,0.0391546269977847,0.0405560744982643,0.0419818952951392,0.0434320893884092,0.0449066567780743,0.0464055974641341,0.0479289114465892,0.0494765987254396,0.0512130511348755,0.0529785075965995,0.0547729681106109,0.0565964326769104,0.0584489012954973,0.0603303739663723,0.0622408506895351,0.0641803314649853,0.0661488162927238,0.0681463051727496,0.0703978528414483,0.0726839614695065,0.0750046310569232,0.077359861603699,0.0797496531098338,0.0821740055753276,0.0846329190001807,0.0871263933843925,0.0896544287279635,0.0922170250308933,0.0951175894192719,0.0980593830554951,0.101042405939562,0.104066658071474,0.107132139451231,0.110238850078832,0.113386789954277,0.116575959077568,0.119806357448702,101.038889203091,150.29886731071,173.297511130506,198.17804852495,220.562181754032,251.603374491891,312.240247528579,323.332968825484,362.121086623138,347.107301506901,355.3651603583,354.786769628419,371.017020004038,372.884114779415,302.521101711196,320.627055897252,396.026731193906,340.724805868642,365.308666279878,356.665166588972,427.139571216301,495.479157312505,529.740486746074,573.597549694672,553.777581964491,585.047010350689,594.109511617049,626.374359258595,639.30984643334,629.379343550942,667.256021041478,586.589425645934,568.125314538936,548.7233660144,534.152996059465,544.909573253224,540.016338995777,541.823308084711,536.903993699966,570.756396515771,1278.64514067059,1208.14827243824,1326.12112726353,1449.99984853571,1530.88680431269,1587.88088716465,1738.12922727111,1923.56200639795,2104.97041890695,2880.6835021185,1161.83834692593,1134.55034141594,1179.53632012532,1208.33185144013,1280.81520259936,984.748460823634,1016.34583166195,1052.64611502353,1145.84454126452,1070.40923600309,1264.55063074129,1074.96284203137,1153.49504966955,1181.37343466703,1286.50694449194,1317.92756151606,1385.02787528715,1572.69921669051,1690.05094060308,1811.41742390938,1977.44800987063,2081.08098370882,2156.21593907285,2136.27973462637
"CO2","mys","ktCO2",0,0,0,0,0,0,0,0,0,0,0,0,0,0,0,0,0,0,0,0,0,0,0,0,0,0,0,0,0,0,0,0,0,0,0,0,0,0,0,0,0,0,0,0,0,0,0,0,0,0,0,0,0,0,0,0,0,0,0,0,0,0,0,0,0,0,0,0,0,0,0,0,0,0,0,0,0,0,0,0,0,0,0,0,0,0,0,0,0,0,0,0,0,0,0,0,0,0,0,0,0,0.000226457627508632,0.000464165219953296,0.000713122777333991,0.000973330299650716,0.00124478778690348,0.00152749523909226,0.00182145265621708,0.00212666003827794,0.00244311738527482,0.00277082469720773,0.00310978197407668,0.00345998921588166,0.00382144642262267,0.00419415359429971,0.00457811073091278,0.00497331783246188,0.00537977489894702,0.00579748193036819,0.00622643892672538,0.00666664588801862,0.00757593026228811,0.00854006721559271,0.00955905674793243,0.0106328988593072,0.0117615935497172,0.0129451408191621,0.0141835406676422,0.0154767930951575,0.0168248981017077,0.0182278556872932,0.0189991910748565,0.0197810903461606,0.020573553501206,0.0213765805399925,0.02219017146252,0.0230143262687886,0.0238490449587982,0.024694327532549,0.0255501739900409,0.0991420623212759,0.21037659761662,0.503497310994386,0.14216120556955,0.508152363152154,1.12875517680718,1.27671486663461,0.952031432634448,1.31831252264672,1.2483132278264,0.63294533118848,0.525762177849093,0.564064577881878,0.566038836311831,0.386233997158944,0.461002928363228,0.426718239974677,0.93790923390331,0.976419218289095,1.74221857996707,2.3989643220522,0.0747303291997844,18.0892640448591,61.2498145268668,140.465598694685,169.640646362335,276.492946866733,238.285035685911,224.204696428141,264.367856552598,449.535951274778,620.072484971777,1242.51756126609,1718.55943929442,1518.83658938452,1856.15457438274,2157.59708581047,2151.85122559904,2271.14906972736,2296.92326089349,2109.46408394386,1595.07725307635,1029.13606737363,980.174831092387,850.015824766602,779.298397857772,685.82096545419,649.330815447633,616.117586789713,511.542472401716,467.12171891984,336.768067388672,6.76295651301845,13.3127065342687,11.1718069054902,6.30374682186306,6.23561325535265,80.0854517303773,134.115204655484,182.597425089834,384.736781729073,379.842714381031,459.443924251042,527.318698815458,556.594782082515,518.721554532087,555.791345746643,3201.79695140818,3472.23736269078,2884.6878456837,3801.15153029669,4228.50867101812,4296.24783047566,5237.28595826496,6647.91362947406,7526.82312067218,8825.325304432,9055.70892496467,9441.7575220629,8198.73489294549,13008.1226879968,27079.9197634096,13848.9859285635,14367.8195481656,17229.7445357722,18490.8368592526,20377.9961379522,20302.8881020645,22255.6812165668,25050.3014712636,26940.3543056408,28484.8758912923,30052.3948430191,33683.9299988633,34877.4899172627,36950.8982017774,36994.9809774422,38126.3615481109,40724.7799759764,47732.7333935503,55948.5037770316,67005.8228657425,70175.9845342461,77488.5233307185,83502.5746539616,90436.8486285669,103391.873534957,110729.756544475,112814.286206411,122607.240839345,133271.777382096,139112.108151766,148573.233233881,156204.744874421,169892.209637357,181369.87834159,189470.985780569,205878.94219957,218872.001081244,196949.304344867,215709.736904799,216328.829697863,219766.822692516,238256.097773517,251663.949558991,251020.119432596,246455.509912492,239613.74500603,256876.811628635,257760.84433825,253035.397830577,252973.775220052,266146.787932629,270160.843258023
"CO2","nam","ktCO2",0,0,0,0,0,0,0,0,0,0,0,0,0,0,0,0,0,0,0,0,0,0,0,0,0,0,0,0,0,0,0,0,0,0,0,0,0,0,0,0,0,0,0,0,0,0,0,0,0,0,0,0,0,0,0,0,0,0,0,0,0,0,0,0,0,0,0,0,0,0,0,0,0,0,0,0,0,0,0,0,0,0,0,0,0,0,0,0,0,0,0,0,0,0,0,0,0,0,0,0,0,4.68371326799638e-05,9.49100066821616e-05,0.000144218622006595,0.000194762978653262,0.000246543076622164,0.0002995589159133,0.00035381049652667,0.000409297818462276,0.000466020881720115,0.000523979686300188,0.00058435612034392,0.00064618318446287,0.000709460878657045,0.000774189202926434,0.00084036815727105,0.00090799774169088,0.000977077956185936,0.00104760880075621,0.00111959027540171,0.00119302238012242,0.00127065483411079,0.0013499997961927,0.00143105726636816,0.00151382724463717,0.00159830973099973,0.00168450472545583,0.00177241222800549,0.00186203223864869,0.00195336475738542,0.00204640978421573,0.00214613881600248,0.00224790109761587,0.00235169662905591,0.00245752541032258,0.00256538744141589,0.00267528272233584,0.00278721125308243,0.00290117303365565,0.00301716806405552,0.00313519634428204,0.00326334928332827,0.00339393017507889,0.00352693901953386,0.00366237581669316,0.00380024056655683,0.00394053326912486,0.00408325392439721,0.00422840253237394,0.00437597909305502,0.00452598360644043,0.00469085760492148,0.00485864745933793,0.00502935316968972,0.00520297473597692,0.00537951215819951,0.00555896543635745,0.00574133457045079,0.00592661956047954,0.00611482040644361,0.0063059371083431,0.00651843972552077,0.00673446377434993,0.00695400925483068,0.00717707616696294,0.00740366451074674,0.00763377428618208,0.00786740549326899,0.00810455813200738,0.00834523220239733,0.00858942770443885,0.00886393079278278,0.00914270985234591,0.00942576488312818,0.00971309588512961,0.0100047028583502,0.0103005858027901,0.010600744718449,0.0109051796053271,0.0112138904634244,0.0115268772927409,0.0118823500518428,0.012243042237931,0.0126089538510054,0.0129800848910661,0.013356435358113,0.0137380052521462,0.0141247945731656,0.0145168033211712,0.014914031496163,0.0153164790981411,0.0157779932293084,0.0162459102402576,0.0167202301309888,0.0172009529015018,0.0176880785517967,0.0181816070818736,0.0186815384917323,0.0191878727813729,0.0197006099507955,0.02021975,0.0208148795833333,0.02144346,0.0221038,0.0227948933333333,0.02351645625,0.0242687883333333,0.02505298,0.025870815,0.0267245291666667,0.0276166458333333,0.0285492925,0.02952404,0.0305414516666666,0.0316016075,0.0327056645833334,0.0338486066666666,0.0350328225,0.036275265,0.0375992895833333,14.4546379174495,16.5127406608124,16.9660083754228,17.0292462046988,18.6576910821253,16.6510803470135,16.7578413346823,17.2337995247118,17.6889366038243,19.7393802014239,21.7939290902526,10.1260402388699,4.40069965495324,3.87505281081085,4.12793244226964,4.39976627674139,4.73172843881679,5.07511969789493,5.49677176250614,5.94789549395757,28.9367940573381,1083.9680402997,1182.61032209602,1371.4823282824,1585.99517624698,1714.9864923179,1862.26341612278,1909.80366846486,1951.45989459355,1916.07069495366,1835.29674757415,2345.58148521338,2042.75662381351,2161.87567311713,2249.04673115205,2408.79482885295,2374.24345732261,2427.1109681644,2774.6899493946,2855.48422559255,2503.17257522167,2675.46224085267,2847.97501433878,2963.12722996098,3085.41333727458,3438.38985695592,3657.01083169487,3655.68800731207,3697.73455242341,3811.64236192087,3513.20483216135,3678.78095190958,3549.30468714596,3531.9080370446
"CO2","ncl","ktCO2",0,0,0,0,0,0,0,0,0,0,0,0,0,0,0,0,0,0,0,0,0,0,0,0,0,0,0,0,0,0,0,0,0,0,0,0,0,0,0,0,0,0,0,0,0,0,0,0,0,0,0,0,0,0,0,0,0,0,0,0,0,0,0,0,0,0,0,0,0,0,0,0,0,0,0,0,0,0,0,0,0,0,0,0,0,0,0,0,0,0,0,0,0,0,0,0,0,0,0,0,0,1.96269012232564e-05,3.94706742832338e-05,5.95313191799323e-05,7.9808835913352e-05,0.000100303224483492,0.000121014484890354,0.000141942617133937,0.00016308762121424,0.000184449497131266,0.000206028244885012,0.000227412555819628,0.000248938955198994,0.000270607443023107,0.000292418019291968,0.000314370684005578,0.000336465437163936,0.000358702278767043,0.000381081208814897,0.000403602227307501,0.000426265334244852,0.000449121975443153,0.000472125604687746,0.00049527622197863,0.000518573827315806,0.000542018420699275,0.000676724672496878,0.000812328687140562,0.000948830464630318,0.00108623000496614,0.00122452730814805,0.00136387860311109,0.00150415861825972,0.00164536735359395,0.00178750480911378,0.0019305709848192,0.00207456588071021,0.00221948949678681,0.00236534183304901,0.00251212288949681,0.0026598326661302,0.00280879290325882,0.00295871388540704,0.00310959561257484,0.00326143808476219,0.00341424130196915,0.00356800526419568,0.00372272997144179,0.00387841542370748,0.00403506162099275,0.0041926685632976,0.00435173473111816,0.0045117947730969,0.00467284868923381,0.00483489647952892,0.00499793814398223,0.00516197368259369,0.00532700309536337,0.00549302638229122,0.00566004354337725,0.00582805457862147,0.00599246169132978,0.00615763332262127,0.00632356947249605,0.006490270140954,0.00665773532799516,0.00682596503361955,0.00699495925782716,0.00716471800061802,0.00733524126199208,0.00750652904194934,0.00767907232976922,0.00785239973921293,0.0080265112702805,0.00820140692297182,0.00837708669728696,0.00855355059322592,0.00873079861078869,0.00890883074997535,0.00908764701078576,0.00926724739321998,0.00944823600443943,0.00963002884296534,0.0098126259087978,0.00999602720193668,0.010180232722382,0.0103652424701339,0.0105510564451922,0.010737674647557,0.0109250970772283,0.011113323734206,0.0113030773216438,0.0114936557576011,0.0116850590420778,0.011877287175074,0.0120703401565896,0.0122642179866247,0.0124589206651793,0.0126544481922533,0.0128508005678468,202.266396894854,261.224030286592,430.305874278449,367.352607452736,478.319703440156,482.715722669364,757.508438467027,597.197079557852,532.241064665886,472.268223618106,509.721653739229,378.364141371844,300.502579153507,373.099889252974,799.427525927702,1029.61460092134,1103.66011496581,1191.39019423074,1372.1430072291,1265.02621277549,1913.89452128145,2626.22682607482,1791.67719833152,2627.62905304541,3228.48987487509,2528.08523611172,2377.26547128628,2171.78855165994,1543.11206433704,1688.14171264234,2083.97692588627,1430.21843707419,1311.92303033354,1237.95824901158,1420.60599288527,1422.63439230661,1368.16774591357,1429.49386353367,1507.00217140572,1639.06200873495,1589.09012044254,1788.14804746458,1779.89229269367,1901.43489870837,1939.08231589436,1788.60438100828,1895.347782307,1799.92070186188,1759.85860559229,1989.55117302967,2276.42172156339,1927.40554694763,2448.53314214457,2811.37813470706,2556.48766200098,2771.9248936292,2767.94895928563,2671.0887552757,2790.60501241953,2574.92369389892,3373.5284431091,3402.50709211301,3079.02196343802,3093.26673978287,3370.57297380014,3415.344517202,3492.76759796013,3715.95906899292,4018.53407067361,4089.31612833512,3935.8365779556,4028.48992789162,3880.70254132686,4161.71341071245
"CO2","ner","ktCO2",0,0,0,0,0,0,0,0,0,0,0,0,0,0,0,0,0,0,0,0,0,0,0,0,0,0,0,0,0,0,0,0,0,0,0,0,0,0,0,0,0,0,0,0,0,0,0,0,0,0,0,0,0,0,0,0,0,0,0,0,0,0,0,0,0,0,0,0,0,0,0,0,0,0,0,0,0,0,0,0,0,0,0,0,0,0,0,0,0,0,0,0,0,0,0,0,0,0,0,0,0,0.00043762699203874,0.000875988874072504,0.0013150856461013,0.00175491730812513,0.00219548386014396,0.00263678530215786,0.00307882163416675,0.00352159285617067,0.00396509896816965,0.00440933997016362,0.00486017248548034,0.00531280473139715,0.00576723670791398,0.00622346841503095,0.00668149985274791,0.00714133102106501,0.0076029619199821,0.00806639254949934,0.00853162290961657,0.00899865300033393,0.0094678684782085,0.00993892041587904,0.0104118088133456,0.0108865336706081,0.0113630949876666,0.0118414927645211,0.0123217270011716,0.0128037976976181,0.0132877048538605,0.0137734484698989,0.0142616094666892,0.0147516444020468,0.0152435532759718,0.015737336088464,0.0162329928395236,0.0167305235291507,0.0172299281573449,0.0177312067241065,0.0182343592294355,0.0187393856733318,0.0192470700505022,0.0197566666098841,0.0202681753514775,0.0207815962752827,0.0212969293812992,0.0218141746695274,0.0223333321399673,0.0228544017926185,0.0233773836274815,0.0239022776445558,0.024407641959019,0.0249140775974656,0.0254215845598953,0.0259301628463082,0.0264398124567043,0.0269505333910836,0.0274623256494462,0.027975189231792,0.028489124138121,0.0290041303684333,0.0301219382773995,0.0312605463744368,0.0324199546595445,0.0336001631327234,0.0348011717939728,0.0360229806432932,0.0372655896806842,0.0385289989061462,0.0398132083196788,0.0411182179212824,0.0426150593776496,0.0441375188155158,0.045685596234881,0.0472592916357448,0.0488586050181074,0.0504835363819684,0.0521340857273287,0.0538102530541875,0.0555120383625452,0.0572394416524016,0.0592309436984417,0.0612539521401701,0.0633084669775873,0.0653944882106928,0.0675120158394873,0.0696610498639697,0.0718415902841407,0.0740536371000006,0.0762971903115488,0.0785722499187857,0.0812062771774851,0.0838790077825498,0.0865904417339796,0.089340579031774,0.092129419675933,0.0949569636664572,0.0978232110033463,0.1007281616866,0.103671815716219,111.246350213163,69.3262228870119,85.1709995180147,95.9121332560328,114.417938420043,122.500866237305,142.703992116681,157.486060714428,25.0173536128248,21.4694951335202,28.5816814000694,53.4604574036268,64.1264940553189,85.4525599449655,92.5657809078644,89.0193704111166,131.82793607595,128.359560598074,156.792968747989,185.226632943035,212.438537402905,228.539854885816,244.964302609481,306.67624497553,271.265429940516,309.654777265864,310.732892352528,346.278930474175,375.724652809378,404.998592851155,500.644771724492,577.800283798049,599.860338019336,664.238128706244,660.55505681531,676.011022036044,756.101212740332,758.819274027449,767.176370062996,794.682829467808,562.358042879956,536.502646697788,505.07862720632,627.511186535129,603.988179916546,578.078946836681,665.648677477327,672.144464790847,721.715150402472,706.286843889959,791.265457017004,787.133955501615,816.768968217543,874.171170705457,940.785792885117,846.008095448269,861.789052810472,926.6132271139,973.177215356689,1182.82993781263,1488.36326656496,1479.82315971195,2073.15800004369,2071.64092566461,2250.20390655166,2203.1188302375,2197.41235947269,2018.14090458476,2076.39822385149,2336.281020621,2349.51945164148,2779.52209377771,3130.34041889439,3187.73415054855
"CO2","nga","ktCO2",0,0,0,0,0,0,0,0,0,0,0,0,0,0,0,0,0,0,0,0,0,0,0,0,0,0,0,0,0,0,0,0,0,0,0,0,0,0,0,0,0,0,0,0,0,0,0,0,0,0,0,0,0,0,0,0,0,0,0,0,0,0,0,0,0,0,0,0,0,0,0,0,0,0,0,0,0,0,0,0,0,0,0,0,0,0,0,0,0,0,0,0,0,0,0,0,0,0,0,0,0,0.00590722374431962,0.0118243672598303,0.0177514305465322,0.0236884136044252,0.0296353164335094,0.0355921390337847,0.0415588814052509,0.0475355435479087,0.0535221254617572,0.059518627146797,0.065604103106092,0.0717138723825899,0.0778479349762901,0.0840062908871934,0.0901889401152997,0.0963958826606086,0.10262711852312,0.108882647702834,0.115162470199752,0.121466586013872,0.127800200856024,0.134158604797362,0.140541797837887,0.146949779977598,0.153382551216496,0.159840111554581,0.166322460991851,0.172829599528308,0.179361527163953,0.185918243898783,0.192507591182544,0.199122233465471,0.205762170747572,0.212427403028841,0.219117930309281,0.225833752588888,0.232574869867668,0.239341282145617,0.246132989422737,0.252949991699023,0.259802871576176,0.266681562676972,0.273586065001409,0.280516378549489,0.287472503321213,0.294454439316578,0.301462186535588,0.308495744978239,0.315555114644533,0.322640295534471,0.334006155212343,0.345514042205655,0.357164427574987,0.36895781888976,0.380894760332586,0.392975832746002,0.40520165358418,0.417572876794549,0.430090192610659,0.442754327330988,0.464578710517473,0.485927331492924,0.506093472381689,0.527633141580684,17.1834527201275,60.4538713335772,203.527884578737,363.236183313677,336.645650526496,443.126442753822,519.671578400623,276.847469029981,429.910211061431,493.151049198503,586.333812750502,795.954606656959,879.159102823383,879.195331333695,845.964900810061,852.656827046138,802.79745897325,616.541648356725,576.665085671087,636.592981773005,633.313512089997,716.531461713273,889.573766452032,886.298859119575,746.62753235586,759.989186805657,899.773620986735,1129.38255841344,1239.2293636478,1505.43617791701,1255.99499636288,1488.9375803543,1419.14586416563,1489.08043646519,1349.43022213062,2025.76665441921,1506.00033969428,1956.12327913566,2182.96516948803,2298.02238696179,2407.73552639206,2686.63636394274,2836.2036592,3459.28436739402,3454.05346975287,3463.68091084481,4830.24573727932,5453.69889968121,5720.1069175147,7963.9751558564,13230.4216334485,17803.6764998716,15936.4276190232,7321.10924618273,17885.8089402835,28275.8184910344,42338.077410313,55150.3393520446,66385.2099251225,83971.582058939,64057.8332528584,75195.3538766299,66561.4775361708,69735.6181904157,99513.0900586049,89820.491914015,73428.8702692591,70507.5972084393,70787.7066202946,71093.7743864869,73609.8738379516,72099.6071288798,68568.637444678,77371.5736095472,78952.6052830142,75242.096563076,80996.7203812405,88832.0352759679,86356.3687155166,81098.8444354701,88963.2531780782,103297.212101823,101902.884188373,92212.3618887738,90847.0030451872,101348.366934145,106573.469870612,96417.6748236665,108080.769772604,104511.191391946,102654.164932897,92911.2933800533,85804.1581623034,91681.3222010126,82037.3055014523,95822.299812089,106787.926714109,105053.951268956,117043.667940978,125550.807921285,120734.528204884,124322.696871905,116301.696539508,123383.808376605,128198.292872449,121125.991164482,131494.848561685,130305.050711257,128338.246326349
"CO2","nic","ktCO2",0,0,0,0,0,0,0,0,0,0,0,0,0,0,0,0,0,0,0,0,0,0,0,0,0,0,0,0,0,0,0,0,0,0,0,0,0,0,0,0,0,0,0,0,0,0,0,0,0,0,0,0,0,0,0,0,0,0,0,0,0,0,0,0,0,0,0,0,0,0,0,0,0,0,0,0,0,0,0,0,0,0,0,0,0,0,0,0,0,0,0,0,0,0,0,0,0,0,0,0,0,0.000125770571102618,0.000253082805657546,0.000381936703664786,0.000512332265124332,0.00064426949003619,0.000777748378400356,0.000912768930216834,0.00104933114548562,0.00118743502420671,0.00132708056638012,0.00146826777200583,0.00161099664108386,0.0017552671736142,0.00190107936959684,0.0020484332290318,0.00219732875191906,0.00234776593825863,0.00249974478805052,0.00265326530129471,0.00280832747799121,0.00298998413783215,0.00317556844395323,0.00336508039635444,0.00355851999503577,0.00375588723999724,0.00395718213123886,0.00416240466876057,0.00437155485256247,0.00458463268264444,0.00480163815900659,0.00503257408951118,0.00526808300873862,0.00550816491668898,0.00575281981336215,0.00600204769875823,0.00625584857287713,0.00651422243571894,0.00677716928728356,0.0070446891275711,0.00731678195658144,0.00760684009843162,0.00790212451310797,0.0082026352006104,0.00850837216093901,0.0088193353940937,0.00913552490007456,0.00945694067888151,0.00978358273051464,0.0101154510549738,0.0104525456522592,0.010858405894882,0.0112719841504294,0.0116932804189015,0.0121222947002981,0.0125590269946194,0.0130034773018653,0.0134556456220358,0.0139155319551309,0.0143831363011507,0.014858458660095,0.0153675237374655,0.0158851600967934,0.0164113677380788,0.0169461466613217,0.017489496866522,0.0180414183536798,0.0186019111227949,0.0191709751738676,0.0197486105068977,0.0203348171218853,0.0211878518082844,0.0220567326157805,0.0229414595443736,0.0238420325940637,0.0247584517648509,0.025690717056735,0.0266388284697162,0.0276027860037943,0.0285825896589695,0.0295782394352416,0.0305619725811282,0.0315608663480754,0.0325749207360829,0.0336041357451508,0.0346485113752791,0.0357080476264679,0.0367827444987169,0.0378726019920265,0.0389776201063964,0.0400977988418267,0.0413991685000574,0.0427193477969691,13.0508789651195,6.54795333702662,13.0536133719067,6.55072536309121,13.0564230172486,13.0578560543776,13.0593079011453,196.165984702121,209.900706884618,282.921673852449,293.871508333594,323.079450492744,402.613431282035,393.722577788972,433.892521554767,613.602885848456,493.127507671378,541.576155943179,573.649939736462,675.12927315937,860.592143028259,969.384993379262,804.298463587761,989.019934983388,1115.32645938662,1268.01911968592,1325.5995559262,1449.83722942944,1614.65972524356,1659.59660242566,1844.83760361037,1999.08091531133,1991.02845139322,2274.50819131177,2770.1041425807,2501.21809599119,1653.80256518445,1916.73276333733,2000.1857456864,1945.96390260181,2032.5509929583,1863.90549880857,1878.71889270868,2211.14588419437,2298.66482142244,2004.87023427091,1663.74098519567,1973.67468442295,1962.6101737812,2283.02282327272,2250.31696913965,2576.64613811794,2710.51435218924,2885.48401544761,3087.19880822924,3596.48562340336,3630.02482049074,3858.90190489609,4020.99837261867,4160.30078487186,4653.26725711401,4629.86076697033,4438.38836375496,4660.52920241677,4812.84482415208,4619.48987521778,4509.90837714725,4632.77596859077,4880.03249617921,4819.94059638961,4614.90614000851,4907.42197569242,5432.29826791494,5559.99930374148,5593.15595500081,5183.08792748728,5302.48661826044,4661.30914525378,5132.61870225972,5214.30175091686,5382.46876013649
"CO2","niu","ktCO2",0,0,0,0,0,0,0,0,0,0,0,0,0,0,0,0,0,0,0,0,0,0,0,0,0,0,0,0,0,0,0,0,0,0,0,0,0,0,0,0,0,0,0,0,0,0,0,0,0,0,0,0,0,0,0,0,0,0,0,0,0,0,0,0,0,0,0,0,0,0,0,0,0,0,0,0,0,0,0,0,0,0,0,0,0,0,0,0,0,0,0,0,0,0,0,0,0,0,0,0,0,0,0,0,0,0,0,0,0,0,0,0,0,0,0,0,0,0,0,0,0,0,0,0,0,0,0,0,0,0,0,0,0,0,0,0,0,0,0,0,0,0,0,0,0,0,0,0,0,0,0,0,0,0,0,0,0,0,0,0,0,0,0,0,0,0,0,0,0,0,0,0,0,0,0,0,0,0,0,0,0,0,0,0,0,0,0,0,0,0,0,0,0,0,0,0,0,0,0,0,0,0,0,0,0,0,0,0,0,0,0,0,0,0,0,0,0,0,0,0,3.53208616693876,3.46428798679751,3.54166440138108,3.5424019866116,4.15419400978782,3.49557393387069,3.51763374094477,3.537750979427,3.55337177090138,3.56661397660682,3.59290481686114,3.52406242604982,3.56960048018441,3.56725260633665,4.14267809929078,3.57649149437401,3.54611082453546,3.58105952549341,3.57163904667092,3.54152399148758,3.61185385571533,3.7062188042833,4.08817553335999,4.23694217715909,4.22628847986521,7.91720215484,7.87960075150833,7.57956997957372,7.5977322692124,7.80729820488514,7.58134384198021,7.91656446007386,11.7030153406684,11.8081012958723,11.5736446830827,11.1392192832933,11.252393303378,10.2323080089653,10.5959377586828,10.5838458172195,11.1248841022503,10.7915939667928,10.3824392001012,10.2577710017877,10.6649389058233,11.6319080301759,11.3702950897354,11.434150661467,12.3799244717065,12.4977143922526,11.8091479210353,12.2999886954779,11.8447970203107,12.5959633130112
"CO2","nld","ktCO2",0,0,0,0,0,0,0,0,0,0,0,0,0,0,0,0,0,0,0,0,0,0,0,0,0,0,0,0,0,0,0,0,0,0,0,0,0,0,0,0,0,0,0,0,0,0,0,0,0,0,0,0,0,0,0,0,0,0,0,0,0,0,0,0,0,0,0,0,0,0,0,0,0,0,0,0,0,0,0,0,0,0,0,0,0,0,0,0,0,0,0,0,0,0,0,0,3166.60294410286,4270.6675721234,4028.01600552549,3676.1712339585,3461.82901679701,3443.13554050269,4156.46610696222,4606.94929312411,6569.98572792982,5139.96957332474,5222.50666736348,4666.08645287779,4105.64719579895,3905.16624602381,5310.254978755,4879.32238163127,6280.43736078756,4529.14116679119,3776.11541677629,4268.71292945053,4677.09574441638,4483.5924953312,4701.95106210788,4849.55966414674,5481.15279480818,5522.47807633946,5912.3199248773,5696.92188325596,5257.78799213828,6005.66402308671,6885.69654869798,6993.32100913936,7411.72388489159,7991.26057527469,8832.35809607492,8893.07167590884,9005.72957830042,9974.44734401765,9981.37061765238,10428.5050370609,10645.1410422304,10831.5062169135,12015.5080749445,11742.2559963704,11393.6150124201,13179.4300444846,12534.7395845893,12684.8088681566,12859.8362008521,12866.4241858784,13824.4002086761,14499.2906665344,14312.8230814429,14704.8406611311,16198.1943858556,15840.6775917871,15828.3529762796,16931.673069764,17906.4671305649,18376.9857661628,19989.6644910832,20573.2716909426,20956.1160124728,22061.5729482671,23077.4447087357,24455.7958026169,27596.8141468171,30495.8710429173,28507.9873596352,27199.5500454683,24857.1084054372,9724.64342922783,16266.4751317654,24263.5200128909,24447.1344496749,25581.0802076195,29896.0271441361,29667.5201566537,33245.1657274747,36419.9999867715,37083.0240291975,40848.1696710839,40811.3916376778,44252.9990576188,43564.8059010891,47961.9047631732,44255.6939094645,41181.2767931792,41271.5279836508,39741.1408978523,42580.2977260371,46954.4231176542,46174.2145418578,44384.616579047,36543.9542374621,40201.6330246459,37097.5922112659,37048.7630990335,24630.54000674,15466.7315300969,31323.0426997494,42929.1172720356,44488.3375780715,46487.0394612929,46381.9126465388,49198.820591688,49219.1029356451,48845.2255446627,51714.14034877,54610.1692491329,58302.5823637367,57909.6288667002,59609.3176596076,60077.1229015985,70888.2891275979,73687.5803235376,83129.2712416105,92310.3222509023,93995.1241454548,98894.4681587238,102274.590752054,104452.502637009,114933.744943993,124534.240772276,134722.343925986,136861.926092539,152848.342186266,158118.23919392,150045.600125455,142377.611521526,153216.197248418,151982.273379373,156668.939248148,165473.886305908,157554.439184711,155030.098718175,147206.517185893,142660.161907092,146457.486823826,149772.716460519,152603.174995961,156875.584178336,153111.213363516,156370.714390803,162594.927169218,169292.223346236,167611.527662923,170975.469850978,170478.57832829,175770.435372133,185715.534272464,177923.34579304,177720.597785434,171689.762539919,172881.530374686,177200.096723364,177865.512092208,180287.770463431,182402.954699112,177867.290437446,174502.440221787,173479.80323433,174454.472517736,170809.558021063,181780.481603354,167579.057037095,165469.747019249,164659.747550081,155527.473476432,162949.761388178,164422.070765235,162021.818633559,158059.238887233,153687.634308714,137014.478191263,140085.42319573,127341.438094634,119075.177132487
"CO2","nor","ktCO2",0,0,0,0,0,0,0,0,0,0,0,0,0,0,0,0,0,0,0,0,0,0,0,0,0,0,0,0,0,0,0,0,0,0,0,0,0,0,0,0,0,0,0,0,0,0,0,0,0,0,0,0,0,0,0,0,0,0,0,0,0,0,0,0,0,0,0,0,0,0,0,0,0,0,0,0,0,0,0,10.1432101166316,6.76214007775442,3.38107003887721,0,0,0,13.5242801555088,16.905350194386,23.6674902721404,47.3349805442809,37.1917704276493,40.5728404665265,54.0971206220352,67.6214007775441,57.4781906609124,60.8592606997896,91.2888910496847,91.2888910496846,94.6699610885617,121.718521399579,98.0510311274389,128.480661477334,138.765542756837,138.910916910862,152.584274211549,216.977385086547,237.420288447294,281.534385071336,281.698274181126,248.055165893298,302.32358160743,309.260719768434,397.344174879997,343.425833718298,336.845618460459,441.84385984515,438.651005345352,610.16783812111,726.061000191218,694.344013960741,599.132269498614,671.536393721318,634.998127518832,654.742517372584,635.113800267059,785.283034551435,994.661786174908,866.845202399474,1160.22253994252,1039.70558017753,1088.4534369808,1186.72303993393,1229.91278685258,1335.94182048096,1443.37640991101,1475.23369871935,1683.89885513512,1644.75849335541,1589.705628353,1836.97013551965,2096.56562610175,1960.37461971451,2269.54050951282,2327.72179910326,2325.83732023454,2736.64918080052,2881.15218900657,2950.68415829009,3194.64068012287,3192.57743371255,3809.65339775993,3905.65097334309,3669.66601235604,3993.35171158598,4000.00863393442,3933.62129995056,3931.4791965365,4008.4945615178,4536.58320100223,5427.42244503435,5485.35043675001,5660.62137287752,5808.10600665157,6567.76036246537,6614.43287652225,7367.33133302969,8068.7591162063,7536.2152035634,3427.14918106421,4358.83235875759,5061.30571620225,5058.390592464,3262.85594964365,6192.238203158,6985.87616093269,8680.8161560934,9042.3907675587,8109.43747761992,10825.681263518,11031.5771579572,12335.8927019923,11413.490047917,10302.2794715792,10543.5582312445,11283.0905276177,11929.0421942651,12242.399402775,13661.1836733963,15221.9612805266,13918.3867014575,16251.6257958037,9376.09370772429,7252.16207863386,6806.61516920682,8267.86959163485,7314.11117016287,4969.35175480624,9815.27462683951,13432.6771109652,15170.1163603895,15270.9921950252,13378.6829454079,15024.4867280976,15825.1053257153,16456.1264001813,15860.020702551,19888.613525761,22508.1356756695,24298.4138868703,23357.2629055564,26189.1953595948,30805.6510181055,31464.0163094454,31224.9380460017,33390.4143691106,37195.8918428966,42482.677563583,46451.3673118947,48687.2389473632,54231.5167992268,57962.1582623644,55681.090507533,53112.8402084976,56087.5818837103,57827.879665213,54895.5297224267,53005.8567355828,54358.1021123862,53881.6546858021,53229.5490106653,56637.3891768201,51842.6360519259,48156.4070522439,40227.9833209574,39444.7807416801,43868.0045977528,44121.6610678019,45817.3604684412,43719.9579767941,47063.4958381169,44723.6803729366,36686.7368090248,33963.1041920369,37028.6277259499,39296.0701001468,41356.4743380963,40675.0883990591,42116.5386401513,44048.7935714161,46040.6339716227,47888.6728081449,43134.7542113291,43474.1117251543,42058.4195820463,44684.9772400857,45640.8266868458,44100.3913186307,44726.0584524643,46688.1745244618,47409.1534214838,45351.3745454499,48345.0852075266,47045.1172507768,46613.893803012,47092.1321684107,46771.8261939813,48065.175406113,47395.9704210654,47026.1519943024,46406.3443244194,44934.822239319,43490.8506511625,43981.6746691412,51307.1145330571,51099.2591896637
"CO2","npl","ktCO2",0,0,0,0,0,0,0,0,0,0,0,0,0,0,0,0,0,0,0,0,0,0,0,0,0,0,0,0,0,0,0,0,0,0,0,0,0,0,0,0,0,0,0,0,0,0,0,0,0,0,0,0,0,0,0,0,0,0,0,0,0,0,0,0,0,0,0,0,0,0,0,0,0,0,0,0,0,0,0,0,0,0,0,0,0,0,0,0,0,0,0,0,0,0,0,0,0,0,0,0,0,0.00182054561546003,0.00365550792885678,0.00550488694019027,0.00736868264946044,0.00924689505666733,0.011139524161811,0.0130465699648913,0.0149680324659084,0.0169039116648622,0.0188542075617527,0.02081892015658,0.022798049449344,0.0247915954400447,0.026799558128682,0.0288219375152562,0.030858733599767,0.0329099463822146,0.0349755758625989,0.0370556220409199,0.0391500849171776,0.0413237146318162,0.0435179277244338,0.0457327241950304,0.047968104043606,0.0502240672701608,0.0525006138746946,0.0547977438572069,0.0571154572176988,0.0594537539561696,0.0618126340726195,0.0641920975670479,0.0665921444394557,0.0690127746898427,0.0714539883182086,0.0739157853245531,0.0763981657088771,0.0789011294711801,0.0814246766114621,0.0839688071297226,0.0865335210259626,0.0888523177221376,0.0911786977680938,0.0935126611638322,0.0958542079093523,0.0982033380046543,0.100560051449738,0.102924348244603,0.10529622838925,0.107675691883679,0.110062738727889,0.112933543779712,0.115830605705154,0.118753924504214,0.121703500176892,0.124679332723188,0.127681422143103,0.130709768436636,0.133764371603787,0.136845231644556,0.139952348558944,0.144814677008347,0.149759949369446,0.154788165642242,0.159899325826735,0.165093429922925,0.170370477930812,0.175730469850395,0.181173405681675,0.186699285424652,0.192308109079326,0.196751341676801,0.20124234818685,0.205781128609471,0.210367682944666,0.215002011192433,0.219684113352774,0.224413989425687,0.229191639411173,0.234017063309233,0.238890261119866,0.243996920808331,0.249155939297402,0.254367316587075,0.259631052677354,0.264947147568236,0.270315601259723,0.275736413751813,0.281209585044508,0.286735115137807,0.29231300403171,0.298170828895762,0.304086014256452,0.31005856011378,0.316088466467746,0.322175733318349,0.328320360665592,0.334522348509472,0.34078169684999,0.347098405687147,27.9304460331322,31.8473830080843,31.9187814606625,39.8935002425988,43.9433931237241,48.012201764587,52.1006779133305,60.1939739862999,64.332963946129,72.4966356771846,88.7260858038542,88.950425538035,97.2434149251071,109.624198764202,157.387549967832,190.821337611589,206.228771342157,224.974439529818,271.869641966002,431.41039496891,287.923436532269,253.898664723553,326.523043127265,462.094308436117,460.952974095675,391.717690343478,324.58569611187,371.691619238017,358.316310858409,515.671098466047,563.406781732651,485.957283707539,541.069465893949,756.122859122896,815.410268653718,576.284937574558,803.780459007812,815.599102603106,853.54432476744,707.351428234943,987.055052772924,1201.92857624072,1271.34720331942,1407.5286021005,1725.70636273117,1871.12791088331,1929.18209604268,2146.4793538021,2262.75473487898,3048.72143607849,3145.79686285995,3381.29922380087,2729.86930132307,3135.29815064708,2748.10553925129,3127.87536881716,2613.80103846911,2662.64070759529,2950.50119055495,3834.22103414362,4562.95871133767,5111.91140711878,6060.05307351373,6519.23888531738,7367.13771973023,7127.12689508885,10395.6430977938,12774.8054154769,14423.0296850152,13185.3744210405,16023.4648727839,16891.3667296785,14618.2440948009,15441.5170749727
"CO2","nzl","ktCO2",0,0,0,0,0,0,0,0,0,0,0,0,0,0,0,0,0,0,0,0,0,0,0,0,0,0,0,0,0,0,0,0,0,0,0,0,0,0,0,0,0,0,0,0,0,0,0,0,0,0,0,0,0,0,0,0,0,0,0,0,0,0,0,0,0,0,0,0,0,0,0,0,0,0,0,0,0,0,0,0,0,0,0,0,0,0,0,0,0,0,0,0,0,0,0,0,0,0,0,0,0,0.00951444822741435,0.0193408455770391,0.0294791920488741,0.0399294876429194,0.0506917323591752,0.0617659261976411,0.073152069158317,0.0848501612412036,0.0968602024463007,0.109182192773607,0.122102085585151,0.135385919039273,0.149033693135975,0.163045407875254,0.177421063257113,0.192160659281549,0.207264195948565,0.222731673258159,0.238563091210333,0.254758449805084,0.271954645166928,0.289575437945112,0.30762082813964,0.326090815750508,0.344985400777719,0.36451629443461,0.384478200999156,348.990868487668,496.352165534017,643.713893593275,722.798961424951,812.665642902551,909.720267950121,1039.11852709932,1107.42499837542,1157.76372268985,1215.29039057425,1337.50372324382,1287.22149568585,1395.06135488777,1463.37389823217,1474.18844446305,1513.75307540322,1578.47412097673,1592.88450958861,1736.6677450364,1840.92133375041,1984.70601740157,2135.67876530632,2394.46233959125,2689.1870047396,2983.9125388111,3109.73644823608,3368.52701939439,3472.79064620998,3789.0816764298,4008.34448352213,4073.08034627172,4184.53478893185,4809.88492137604,4522.4489915422,4770.47094573255,4134.45110394665,4986.21171631181,4838.93309027029,4943.21241225286,4530.00428600614,4458.19585968225,4052.17715900254,3491.63168776452,3434.20843428185,3495.37754455441,3764.98077048091,3915.99413514992,4013.1036999285,4192.86892770279,4412.16577756138,4654.14396460169,4825.98960989113,4796.50761798106,4182.14407673351,3491.53423227859,3505.55017209082,3913.90807549832,4093.07078763085,4118.05087972706,4321.8370709909,4193.82389083064,4407.02101660133,4700.03191448313,4914.76611822612,4984.9957559511,5225.2339153722,5296.3226628462,5413.09545303317,5302.74412772509,5197.25813592468,5225.63006882583,5300.04948387631,8509.08246884147,8155.76668054938,9255.9520324505,8473.42692028189,8988.15689903427,9349.32601457279,9636.12891007439,10314.3183380324,10153.1976083843,10268.4578625386,10934.2635819676,11280.1974537883,10709.5882655863,11546.8444520177,12314.2417393314,12729.9380066697,13161.8231729652,13089.5159036322,13257.8619319172,13955.0726099402,14697.9830387864,14354.6318671893,16395.6479212318,17610.6357172633,18139.6953981745,17204.4479246385,18963.264262378,19713.5538912778,19726.5975550024,17808.3544253818,17823.3343052949,17751.3499819359,19536.403148804,19630.0648941858,20022.6472277436,20700.8050134173,19611.2521668442,20845.1406634554,22565.915537228,22589.7827066691,25427.0592453824,26153.1469035669,28107.4680000948,27776.9832977792,27843.6048823079,27971.4635462608,29331.0236057953,31508.852668497,30169.9674691718,31707.9568664854,32503.8385492829,34541.2523227862,34600.0088854701,35928.3185761597,36002.0786540864,37323.0892411973,37247.5768770313,36578.552021696,37350.1125273034,34443.0278663378,34755.8735954242,34027.6630494319,35438.8507823057,35054.1724139937,35345.7853608278,35717.4402071893,34405.9144947125,36136.3204768676,35301.8251014574,36675.9388347286,34164.7569404063,34062.7630548558,30497.6939448169,31959.3405820826
"CO2","omn","ktCO2",0,0,0,0,0,0,0,0,0,0,0,0,0,0,0,0,0,0,0,0,0,0,0,0,0,0,0,0,0,0,0,0,0,0,0,0,0,0,0,0,0,0,0,0,0,0,0,0,0,0,0,0,0,0,0,0,0,0,0,0,0,0,0,0,0,0,0,0,0,0,0,0,0,0,0,0,0,0,0,0,0,0,0,0,0,0,0,0,0,0,0,0,0,0,0,0,0,0,0,0,0,0.000144727823129252,0.000290304489795918,0.00043673,0.000584004353741498,0.000732127551020407,0.000881099591836735,0.00103092047619048,0.00118159020408163,0.00133310877551021,0.00148547619047619,0.00163882976190476,0.00179305714285714,0.00194815833333333,0.00210413333333334,0.00226098214285714,0.00241870476190476,0.00257730119047619,0.00273677142857143,0.00289711547619048,0.00305833333333333,0.003220214375,0.00338294916666667,0.00354653770833333,0.00371098,0.00387627604166668,0.00406585368855644,0.00425641373092738,0.00444795616877947,0.00464048100211266,0.00483398823092703,0.00504125278743059,0.00525042124459571,0.00546149360242246,0.00567446986091083,0.00588935002006075,0.0061061340798723,0.00632482204034547,0.00654541390148019,0.00676790966327655,0.00699230932573451,0.00722050307290453,0.00745070092603417,0.0076829028851234,0.00791710895017216,0.00815331912118054,0.0083915333981485,0.008631751781076,0.00887397426996312,0.00911820086480982,0.00936443156561606,0.0096151829784607,0.00986804395734791,0.0101230145022776,0.01038009461325,0.0106392842902649,0.0109005835333222,0.0111639923424223,0.0114295107175648,0.0116971386587499,0.0119668761659777,0.0121857576590069,0.0124049136569495,0.0126243441598056,0.0128440491675749,0.0130640286802576,0.0132842826978538,0.0135048112203633,0.0137256142477861,0.0139466917801224,0.014168043817372,0.0143948997628799,0.0146221846410128,0.0148498984517708,0.0150780411951538,0.0153066128711617,0.0155356134797947,0.0157650430210527,0.0159949014949358,0.0162251889014439,0.0164559052405769,0.0166872189002463,0.0169189658253871,0.0171511460159996,0.0173837594720835,0.0176168061936388,0.0178502861806658,0.0180841994331642,0.0183185459511342,0.0185533257345756,0.0187885387834886,0.0190243770697356,0.0192606529980665,0.0194973665684816,0.0197345177809809,0.0199721066355643,0.0202101331322318,0.0204485972709836,0.0206874990518193,0.0209268384747393,0.0211666155397434,0.0216590317843781,0.0222164044076351,0.0228281055014823,0.0234855197807948,0.02418270574104,0.0249161526677003,0.0256850616803398,0.0264912839289895,0.027338791068604,0.028232391956082,0.029176526624601,0.0311512742978698,0.0333401493145988,11.9823580588762,27.9131824778729,31.8977569180814,1497.46966610616,5851.58743842534,7989.68429693219,7344.63635881686,7351.7651315388,7359.05996306351,7392.78743583957,7761.48184090595,25862.6694245672,28792.1301078649,28743.1657876246,23796.7592219601,21501.8524020336,12983.2510884659,14535.0716533854,12698.2069408838,14466.8246901361,12436.2246079168,10082.1509161354,11980.0950782475,11753.029821067,13038.1184555738,12990.0839967433,16493.9123439427,19952.3767919809,19088.0220176382,18174.4166934893,17195.104333467,19910.9054342952,20470.930486494,21169.3450637716,20681.3427615279,23246.0359956813,26179.5472358635,29408.8252011998,31437.3887439049,33422.8363432082,32872.6971592239,34133.7255567776,44019.013211394,47588.8220495025,46599.8007845228,48857.0154331208,53593.570191981,62326.2025188747,70492.12919711,73912.9168822654,78493.4126006935,83058.3306410221,84131.697853458,85044.7192252081,88254.436314299,89233.2228354544,85784.2204300131,91695.6866158393,96212.969951249,98798.9912831308
"CO2","pak","ktCO2",0,0,0,0,0,0,0,0,0,0,0,0,0,0,0,0,0,0,0,0,0,0,0,0,0,0,0,0,0,0,0,0,0,0,0,0,0,0,0,0,0,0,0,0,0,0,0,0,0,0,0,0,0,0,0,0,0,0,0,0,0,0,0,0,0,0,0,0,0,0,0,0,0,0,0,0,0,0,0,0,0,0,0,0,0,0,0,0,0,0,0,0,0,0,0,0,0,0,0,0,0,0.12532896977898,0.252818783864493,0.382469442256542,0.514280944955125,0.648253291960238,0.78438648327189,0.922680518890076,1.06313539881479,1.20575112304604,1.35052769158383,1.4920395062237,1.6347256927693,1.77858625122062,1.92362118157766,2.06983048384044,2.21721415800894,2.36577220408315,2.51550462206311,2.66641141194879,2.81849257374016,2.97228423374209,3.1273013252978,3.2835438484073,3.44101180307061,3.59970518928774,3.75962400705862,3.92076825638335,4.08313793726186,4.24673304969414,4.41155359368027,4.57842540352819,4.74657592456266,4.9160051567837,5.08671310019133,5.25869975478552,5.43196512056631,5.60650919753367,5.78233198568758,5.95943348502809,6.13781369555517,6.31861233810901,6.50074528798798,6.68421254519207,6.8690141097213,7.05514998157564,7.24262016075509,7.43142464725965,7.62156344108938,7.8130365422442,8.00584395072412,8.2064220322467,8.40858682759313,8.61233833676339,8.81767655975751,9.02460149657549,9.23311314721728,9.44321151168295,9.65489658997251,9.86816838208585,10.0830268880231,10.3282190760697,10.5759405014905,10.8261911642856,11.0789710644549,11.3342802019983,11.5921185769159,11.8524861892078,12.1153830388738,12.380809125914,12.6487644503285,12.9906824634508,13.337141923844,13.6881428315082,14.0436851864433,14.4037689886493,14.7683942381262,15.137560934874,15.5112690788928,15.8895186701825,16.2723097087431,16.7255394879329,17.1849378080568,17.6505046691148,18.1222400711069,18.6001440140331,19.0842164978934,19.5744575226877,20.0708670884162,20.5734451950786,21.0821918426753,21.9583572621267,22.8486307880268,23.7530124203758,24.6715021591736,25.6041000044203,534.068237085086,561.244548911644,666.282367688515,935.288096270232,4553.86953667312,5598.80277923544,5850.68972528335,6004.84592253982,6143.27737965779,6352.26710990398,7741.8101519893,8073.92699461603,9122.75234401704,8992.83762323908,10936.9144906448,11482.5574502867,12745.4596244491,14751.6672981825,15515.8323790801,16494.9910093867,17096.5410796574,18488.8207264791,21151.5166332428,21373.1051551799,20227.0181354172,18179.6997650131,18433.3917485864,19696.7587617058,21099.4907860826,23009.1218804579,22135.9481668724,23367.4388557753,24349.0333821123,26399.3442167507,27715.6091018802,30221.2702163874,34019.9050137048,36253.8958050292,38680.7994285202,42349.4619898305,44459.8455574949,52347.6847245187,56242.7297376077,60618.3947968661,63689.572760209,64987.6504162789,71797.4474447925,79546.5127811467,81857.014786204,88496.6958443647,91874.9499624304,95340.1017886059,96880.0179322082,106211.805932979,107482.329610036,110312.290840307,111001.89143295,115720.183586277,128155.752849824,131960.622473637,142856.882020338,156512.27648101,151085.368467713,156150.387206501,151175.24970635,153813.887066666,156035.20387276,157799.674364354,166142.019461028,177262.579371718,195421.517816053,214906.571493252,202601.658150662,199735.263953038,224888.025238843,229530.442241863,234546.345022146,236209.755227348
"CO2","pan","ktCO2",0,0,0,0,0,0,0,0,0,0,0,0,0,0,0,0,0,0,0,0,0,0,0,0,0,0,0,0,0,0,0,0,0,0,0,0,0,0,0,0,0,0,0,0,0,0,0,0,0,0,0,0,0,0,0,0,0,0,0,0,0,0,0,0,0,0,0,0,0,0,0,0,0,0,0,0,0,0,0,0,0,0,0,0,0,0,0,0,0,0,0,0,0,0,0,0,0,0,0,0,0,5.71040539086272e-05,0.000115916437777308,0.000176437151606044,0.000238666195394831,0.000302603569143674,0.00036824927285257,0.000435603306521521,0.000504665670150525,0.000575436363739581,0.000647915387288693,0.000722102740797858,0.000797998424267077,0.00087560243769635,0.000954914781085677,0.00103593545443506,0.00111866445774449,0.00120310179101398,0.00128924745424352,0.00137710144743312,0.00146666377058277,0.00155506835792325,0.0016449083165791,0.00173618364655031,0.00182889434783689,0.00192304042043885,0.00201862186435616,0.00211563867958885,0.00221409086613689,0.0023139784240003,0.00241530135317907,0.00253740825492314,0.0026621988248374,0.00278967306292183,0.0029198309691765,0.00305267254360134,0.00318819778619639,0.00332640669696166,0.00346729927589709,0.00361087552300274,0.00375713543827856,0.00391524822130613,0.00407649195053224,0.00424086662595694,0.00440837224758021,0.00457900881540202,0.00475277632942241,0.00492967478964133,0.00510970419605886,0.00529286454867495,0.00547915584748959,0.00574649866463155,0.00602002813668296,0.00629974426364392,0.00658564704551435,0.00687773648229427,0.00717601257398369,0.0074804753205826,0.00779112472209102,0.00810796077850892,0.00843098348983633,0.00876278185373452,0.00910085175771137,0.00944519320176701,0.0097958061859013,0.0101526907101144,0.0105158467744061,0.0108852743787766,0.0112609735232258,0.0116429442077537,0.0120311864323603,0.0123955880687472,0.0127654130162466,0.0131406612748586,0.0135213328445831,0.0139074277254202,0.0142989459173698,0.0146958874204321,0.0150982522346068,0.0155060403598942,0.0159192517962941,0.0166857725631237,0.0174663064193206,0.0182608533648848,0.0190694133998163,0.0198919865241152,0.0207285727377812,0.0215791720408147,0.0224437844332154,0.0233224099149834,0.0242150484861187,0.0252952318527302,0.0263932421923597,0.0275090795050071,0.0286427437906727,0.0297942350493562,0.0309635532810579,0.0321506984857776,22.4424446312246,26.1734654528509,490.9217389426,520.728657403104,624.391392218732,566.660512197763,495.269646765466,538.438327682796,510.442807230076,618.656703383689,744.041614588599,863.755554103891,849.505031542211,908.714736515262,1003.05389374321,1242.10165166131,1435.32606916297,1525.40812530493,1542.31161807652,1632.91128895841,1929.65812378497,1815.26536372257,2034.83337771049,2659.32773190244,2812.53894878289,3136.30436925545,3197.89448641155,3272.3442118652,3262.00202720602,3234.10672296073,3072.66933130048,3324.85602308976,3194.85827866528,2774.87702251371,3137.99722997376,3594.03802244065,3002.12375670265,2744.03968903259,2842.64111727781,3147.04987640164,2458.46168378897,2543.10075917507,2636.63317083766,3034.55839938839,3539.71209743455,3672.4331169679,3910.46453176756,4238.54531238186,4151.27871597207,4498.39750469993,5573.2088701255,4863.56840521939,5116.68488407004,6098.16018142545,5265.60172599052,5453.54137067578,5481.36115027209,6980.05917097137,7347.83229726187,7352.4450373811,6857.97289708265,8378.93663376969,9277.85643050554,9523.63838867972,9644.85083660954,9383.6791976215,9936.10728101956,9833.3468722058,10000.9376402516,10062.5461406096,9556.2561671174,11285.8729900968,7527.72906554629,8957.01707976352,9596.02377274455,9958.5894483241
"CO2","per","ktCO2",0,0,0,0,0,0,0,0,0,0,0,0,0,0,0,0,0,0,0,0,0,0,0,0,0,0,0,0,0,0,0,0,0,0,0,0,0,0,0,0,0,0,0,0,0,0,0,0,0,0,0,0,0,0,0,0,0,0,0,0,0,0,0,0,0,0,0,0,0,0,0,0,0,0,0,0,0,0,0,0,0,0,0,0,0,0,0,0,0,0,0,0,0,0,0,0,0,0,0,0,0,0.000846227060031523,0.0017174046154171,0.00261353266615673,0.0035346112122504,0.00448064025369812,0.00545161979049992,0.00644754982265575,0.00746843035016562,0.00851426137302956,0.00958504289124756,0.0106807749048196,0.0118014574137457,0.0129470904180258,0.01411767391766,0.0153132079126483,0.0165336924029906,0.0177791273886869,0.0190495128697373,0.0203448488461418,0.0216651353179003,0.0231637550243244,0.0247019331060371,0.0262796695630382,0.0278969643953279,0.0295538176029058,0.0312502291857726,0.0329861991439274,0.0347617274773711,0.0365768141861031,0.0384314592701237,0.0409743970353012,0.0435987470019526,0.0463045091700771,3.7514655303101,3.7542116411863,7.45916781532488,7.46195378590389,7.92914424563803,7.93209255014897,12.1010824996202,51.6726589774882,71.8062340753886,51.6757035892551,43.8107110915515,43.8126402380698,43.8146334000472,43.8166905754316,129.848541311541,283.751819899467,449.075785126412,434.049196988587,107.814821301277,370.321371485238,527.824310045164,665.007701328677,766.842579038113,1583.08460398057,2506.54785403749,2984.09408972973,2614.02248701408,2941.02100535906,2634.05879234296,2728.64423525073,2743.29293413764,3125.90653420837,3317.15564285247,3498.67918002781,3410.52014354616,3436.92851164186,3746.81819842438,3972.07943331448,4268.25836431099,4092.70976669582,4354.78753673747,5592.17383432309,5556.71267074248,5454.85636937619,6236.68362770634,8491.14355072394,6563.81493501944,5161.0650635386,4427.37791522773,7563.76497789574,7239.45892999462,7702.53626868101,7946.57072217557,9935.94330560102,9025.89886864611,6322.73046981038,5783.90989313697,5744.80218730945,6657.60509898482,7330.68849101255,7142.02086817663,7072.06400467421,6688.67816893748,6765.18382926082,7123.1146300904,7287.05730110924,5255.40607952693,5515.06423166923,6068.81039216193,6289.1061807872,7037.20554530874,6733.61923735027,6952.5067579044,7214.02122461466,8217.64601680077,7671.2420254258,8689.13230439147,9147.38125342266,10470.2923730851,10756.4201158769,12667.851499719,12322.4342442521,13599.8657670733,14105.7832909079,14912.1423794338,15383.1307634384,16388.5246094388,16933.3225943811,17118.9729845328,18324.9093014543,19446.6947725035,19937.041153776,20427.43712081,20100.0899575583,20219.2234516454,21150.9778797613,21940.3759993737,23300.5190806502,22826.7861185271,19321.7439853235,20206.5464791578,19433.7941265228,20978.3273209953,22735.1158135026,23051.8292765185,20796.2196653106,20839.511266147,20248.9565362604,21134.5726813484,22133.9629817931,22721.2548557149,25863.0202999649,28425.8714326916,28379.4928133236,27327.4288639938,29480.7413976183,28986.430961852,26944.563966539,28160.8263114079,27643.8891847096,32016.6397006103,32111.3389946448,31738.5749813746,34484.8483723896,39383.3088746326,42809.5244912987,46876.421951592,50411.3349469777,50262.3505160111,51973.7573205906,55555.658785762,56961.666703557,59364.6979171953,56684.0234198948,57120.4203235479,59523.3443718465,48800.9291339871,61156.1672060942,65818.5313554943,65711.9560100288
"CO2","phl","ktCO2",0,0,0,0,0,0,0,0,0,0,0,0,0,0,0,0,0,0,0,0,0,0,0,0,0,0,0,0,0,0,0,0,0,0,0,0,0,0,0,0,0,0,0,0,0,0,0,0,0,0,0,0,0,0,0,0,0,0,0,0,0,0,0,0,0,0,0,0,0,0,0,0,0,0,0,0,0,0,0,0,0,0,0,0,0,0,0,0,0,0,0,0,0,0,0,0,0,0,0,0,0,0.00153522783745394,0.00313091395589594,0.00478705835532602,0.00650366103574412,0.00828072199715033,0.0101182412395446,0.0120162187629269,0.0139746545672973,0.0159935486526557,0.0180729010190022,0.0202127116663368,0.0224129805946594,0.0246737078039701,0.0269948932942689,0.0293765370655557,0.0318186391178305,0.0343211994510935,0.0368842180653445,0.0395076949605836,0.0421916301368107,0.0449193986084199,0.0477060420290548,0.0505515603987152,0.0534559537174012,0.0564192219851129,0.0594413652018501,0.0625223833676129,0.0656622764824013,0.0688610445462152,0.0721186875590549,0.0754352055209201,0.0788105984318108,0.0822448662917272,0.0857380091006691,0.0892900268586367,0.0929009195656292,0.0965706872216479,0.100299329826692,0.104086847380762,0.107933239883857,0.112080236293354,0.116297899308334,0.120586228928797,0.124945225154743,0.129374887986171,0.133875217423083,0.138446213465478,0.143087876113355,0.147800205366715,0.152583201225559,0.158238413624238,0.163995722908391,0.1698551574827,0.17581677187524,0.181880579086678,0.188046637070199,8.17478403855214,20.1518583008736,60.060676617265,56.0770175778967,40.1238173137778,4.21958168093724,8.21782866010222,20.1966820402465,60.1073144891542,56.1255046725464,12.2414870912847,32.2013595261558,64.1320733690768,112.02386305964,76.1225295145378,84.1139612549694,84.1251095473812,92.1169125849463,92.1284323593788,56.2280271632747,44.2692213527655,89.2747587362641,75.6337162246564,97.8891564624226,89.8069437225911,99.6307926830472,85.8490174443089,97.8362721598864,110.058793748797,134.391469502346,134.654661605165,174.937965318033,92.3401971604137,124.280203357427,103.41406113149,0.620131568635935,0.639147057439053,0.658418543231113,17.1305840411654,125.367612044553,218.392348867272,238.118068709638,351.212019467274,3536.84140666759,3485.32073284399,3965.34284343063,3950.19373011002,5200.62670731904,6449.04741972335,6098.78845890473,6581.68597071073,7371.91166256895,7059.50389582603,8128.46500638597,8526.92195783304,10082.7465559799,11189.1781031034,12535.3525491549,13659.6975189602,15782.6085522372,17901.0605488228,21797.4147213902,22423.438583654,24254.1288037382,26288.1220187401,27050.9069015765,30578.8801304152,29049.4952257304,32061.7051025855,32010.8458989776,34755.9576279867,35840.4613373202,36802.6179852789,34508.7484793385,32859.4268739965,33006.398235096,35311.7174642847,31304.0609807963,31032.6788311455,29060.8749007207,35150.6254586734,36929.9198430272,38407.1590829844,40385.6879423524,39986.6604934089,43569.8332537467,47309.4912256934,50893.1597964492,61074.9600923511,66586.8482617427,73980.6367481059,73732.742553316,71487.0105131039,71625.3481079997,70145.6570349699,71489.5000149634,73388.5911437505,74653.8487441904,76183.0218487612,69310.0366613136,73428.5833659995,75318.2369545863,76758.5120575632,82458.6854973533,82964.6301619001,86289.8677435909,95231.5856301279,101289.357865914,110382.601730699,120205.714866073,132511.698313177,138086.597670335,144844.973764248,133029.558606852,142015.280622829,147152.624804843,158386.79400479
"CO2","plw","ktCO2",0,0,0,0,0,0,0,0,0,0,0,0,0,0,0,0,0,0,0,0,0,0,0,0,0,0,0,0,0,0,0,0,0,0,0,0,0,0,0,0,0,0,0,0,0,0,0,0,0,0,0,0,0,0,0,0,0,0,0,0,0,0,0,0,0,0,0,0,0,0,0,0,0,0,0,0,0,0,0,0,0,0,0,0,0,0,0,0,0,0,0,0,0,0,0,0,0,0,0,0,0,2.25292749602386e-06,4.53074921852311e-06,6.83346516749778e-06,9.16107534294787e-06,1.15135797448733e-05,1.38909783732742e-05,1.62932712281505e-05,1.87204583095021e-05,2.11725396173292e-05,2.36495151516317e-05,2.61041717242665e-05,2.85751383073508e-05,3.10624149008845e-05,3.35660015048676e-05,3.60858981193001e-05,3.8622104744182e-05,4.11746213795132e-05,4.37434480252939e-05,4.6328584681524e-05,4.89300313482034e-05,5.15536933739433e-05,5.4194227824286e-05,5.68516346992316e-05,5.95259139987799e-05,6.22170657229313e-05,6.49250898716849e-05,6.76499864450419e-05,7.03917554430019e-05,7.31503968655639e-05,7.59259107127295e-05,7.87273150045441e-05,8.15461735287061e-05,8.43824862852162e-05,8.72362532740743e-05,9.01074744952793e-05,9.29961499488329e-05,9.5902279634734e-05,9.88258635529824e-05,0.000101766901703579,0.000104725394086524,0.000107713679038475,0.000110720020092855,0.000113744417249665,0.000116786870508902,0.000119847379870569,0.000122925945334664,0.000126022566901188,0.000129137244570141,0.000132269978341522,0.000135420768215332,0.000138605491109223,0.000141808892729766,0.000145030973076958,0.000148271732150801,0.000151531169951294,0.000154809286478437,0.000158106081732231,0.000161421555712676,0.00016475570841977,0.000168108539853515,0.000171348580514795,0.000174602989427344,0.000177871766591162,0.00018115491200625,0.000184452425672607,0.000187764307590234,0.000191090557759131,0.000194431176179297,0.000197786162850732,0.000201155517773438,0.000204552319740234,0.000207963858375,0.000211390133677735,0.000214831145648437,0.000218286894287109,0.00022175737959375,0.000225242601568359,0.000228742560210937,0.000232257255521485,0.0002357866875,0.000239346159609375,0.00024292074625,0.000246510447421875,0.000250115263125,0.000253735193359375,0.000257370238125,0.000261020397421875,0.00026468567125,0.000268366059609375,0.0002720615625,0.000275789813541667,0.000279533566666666,0.000283292821875,0.000287067579166667,0.000290857838541666,0.0002946636,0.000298484863541667,0.000302321629166666,0.000306173896875,0.000310041666666667,0.00031549875,0.00032385,0.00033462125,0.00034723,11.565546770768,11.5347127622502,15.337627287573,15.2950156622423,15.2516563217303,15.2075490802038,53.0682831430696,52.9086309177082,56.5139228140965,60.0930389233081,67.389235870587,67.1704993821575,74.3870470293009,77.8433236081189,132.987625214368,136.964981441195,160.014636936677,170.579785380805,174.155392087018,224.290973957201,189.385162929885,113.177088162001,181.007034569947,110.731892710821,125.39679113261,158.616534075367,155.573730860167,157.381191370667,157.322683543801,182.432459022697,160.651984083688,159.582490825876,161.271611114117,181.952550151746,222.873938493083,234.438169941824,240.423939324286,130.240020867824,130.721679395741,132.455609978958,127.238093553417,130.268158305165,124.708756049918,124.504442185874,128.439739432203,123.438564736193,199.739387738318,195.976299388002,205.664816001725,197.867734547144,195.067223760482,208.185943106649,195.799632983557,202.741961226876,202.955125175065,220.064547520394,220.592938590408,212.225032080342,209.031315771709,217.424470673735,237.25916799833,231.843088753875,233.22978070356,252.367119217052,254.789646222087,240.803802954224,250.769165126328,241.577773555219,256.854808666457
"CO2","png","ktCO2",0,0,0,0,0,0,0,0,0,0,0,0,0,0,0,0,0,0,0,0,0,0,0,0,0,0,0,0,0,0,0,0,0,0,0,0,0,0,0,0,0,0,0,0,0,0,0,0,0,0,0,0,0,0,0,0,0,0,0,0,0,0,0,0,0,0,0,0,0,0,0,0,0,0,0,0,0,0,0,0,0,0,0,0,0,0,0,0,0,0,0,0,0,0,0,0,0,0,0,0,0,0.000477330969582285,0.000962891783467716,0.00145668244165628,0.001958702944148,0.00246895329094284,0.00298743348204086,0.00351414351744199,0.00404908339714629,0.00459225312115373,0.00514365268946428,0.00568261803649074,0.00622605612498634,0.00677396695495099,0.0073263505263848,0.00788320683928765,0.00844453589365959,0.0090103376895007,0.00958061222681084,0.0101553595055902,0.0107345795258385,0.0113203141912701,0.0119107160651912,0.0125057851476019,0.0131055214385019,0.0137099249378916,0.0143189956457706,0.0149327335621392,0.0155511386869974,0.016174211020345,0.016801950562182,0.0174375026051864,0.0180779247787883,0.018723217082988,0.0193733795177854,0.0200284120831807,0.0206883147791737,0.0213530876057643,0.0220227305629528,0.0226972436507388,0.0233766268691227,0.0240652209866807,0.0247588969796449,0.0254576548480152,0.0261614945917922,0.0268704162109754,0.0275844197055649,0.0283035050755609,0.0290276723209629,0.0297569214417713,0.0304912524379862,0.0311980881593047,0.0319087282207236,0.0326231726222426,0.0333414213638624,0.0340634744455821,0.0347893318674021,0.0355189936293229,0.0362524597313437,0.036989730173465,0.0377308049556866,0.0384756840780083,0.0392243675404307,0.0399768553429532,0.0407331474855764,0.0414932439682995,0.042257144791123,0.0430248499540472,0.0437963594570714,0.0445716733001961,0.0453507914834211,0.0461415577709606,0.0469363493497049,0.0477351662196545,0.0485380083808088,0.0493448758331681,0.0501557685767323,0.0509706866115017,0.0517896299374759,0.052612598554655,0.0534395924630393,0.0542799330373547,0.0551245290602756,0.0559733805318024,0.0568264874519346,0.0576838498206724,0.0585454676380161,0.0594113409039651,0.0602814696185198,0.0611558537816801,0.0620344933934461,0.0629282969556193,0.0638265957136903,0.0647293896676595,0.0656366788175265,0.0665484631632915,0.0674647427049545,0.0683855174425154,0.0693107873759742,0.0702405525053312,54.9674902796947,62.2360988606201,84.0985744239856,94.9730694389595,94.8906708913186,127.602825024541,127.495027972753,145.578754482389,145.466018098718,159.88601911041,177.920301895622,199.584244918893,195.852560592978,253.724528492797,264.464778733822,300.539016759328,336.604703122963,430.513200812208,495.42757548243,549.45302379556,682.920703253186,784.941458707609,1230.97796920501,1305.75255311033,1804.58285612355,1467.14053509448,1515.21346031705,1531.07754826062,1630.36879267791,1754.33196322907,1799.67276355609,1862.70683660108,1900.04042347431,1958.46576714135,2314.64685085112,2076.93399648924,1999.19711649009,2283.02174273734,2146.27279980934,1970.91331765911,2165.40103778835,2143.22250135479,2329.45720155854,2341.80621153536,2557.3429498991,2323.03057564351,2458.92120644791,2820.63000230032,3813.52708120644,2856.00175873716,3154.84286681556,3693.20156329032,4000.10189690569,4494.10566382313,5049.28591378208,5192.64352269354,5316.51950645922,6322.67626980259,5550.52546328393,5232.81002155852,4898.03645554505,5320.99217909082,5104.17090252406,5053.18014572653,5896.09891004634,6005.35662003906,5984.40647705147,5993.21630159918,6374.04836197461,6500.09445427927,6618.63608121445,6373.86633006718,6178.07547068644,6527.70618918384
"CO2","pol","ktCO2",0,0,0,0,0,0,0,0,0,0,0,0,0,0,0,0,0,0,0,0,0,0,0,0,0,0,0,0,0,0,0,0,0,0,0,0,0,0,0,0,0,0,0,0,0,0,0,0,0,0,478.11967358922,521.193518056716,529.808286950215,542.730440290463,538.423055843716,671.951973692957,611.648591438461,443.66059801522,590.111669204711,555.652593630713,667.644589246207,693.488895926705,534.115671396965,447.967982461972,590.111669204713,693.488895926704,796.866122648698,874.399042690195,1085.46088058093,891.628580477192,878.706427136944,973.468884965436,1068.23134279393,1434.35902076766,1498.9697874689,1559.2731697234,1434.35902076766,1537.73624748965,1421.43686742741,1253.44887400417,1162.99380062242,951.931962731689,1214.68241398342,1262.06364289767,1326.67440959891,1421.4368674274,1610.96178308439,1731.56854759339,1865.09746544263,1977.08946105812,2313.0654479046,2515.51251690184,2683.50051032507,2640.42666585757,2812.72204372757,3282.22694842329,3467.44447963353,3553.59216856852,3579.43647524901,3532.05524633477,3764.65400645925,4069.73229061307,4861.64934867805,5085.09599120056,5631.70079865774,6626.37792000538,7448.8639949115,7922.55626105934,9089.8417545624,8396.44149849801,8840.29506780401,9060.2689773075,10400.2671743944,11873.898620759,13248.5645562768,14666.4086676906,14357.0959473862,15701.9231860622,17852.3356477088,18439.2718866138,19681.0348928532,22400.9371137426,24358.5939540322,26385.3306119446,28911.8718372474,28397.5747526946,29028.7922449062,27325.5711888389,28741.5397093076,31279.5022744741,31122.6442150656,30989.8764279328,32188.2541157007,35348.0938647909,36853.102753496,38499.4600120234,39495.1114287214,39785.9293409922,44285.2169544079,47837.0521862234,49473.3349113304,53572.3672341139,50945.2782061959,53580.4777839879,54467.9140476407,57857.5354362911,62203.7398181643,65010.5457206728,70597.108749609,73055.2048099698,74689.2248299471,78895.7593811937,77203.6160121437,80674.6566980086,81673.3587852924,88163.7791990801,92674.558043336,102528.055460812,109151.857131175,111971.125045595,110953.817091023,117016.859310984,130465.018739923,136674.407696958,114189.521466518,111582.461473406,127438.440887783,140985.948961892,117921.990295284,3649.00849630948,88311.6878720429,86679.573037224,83008.0056459116,60994.0755245329,55435.7174452191,55645.8405139125,55656.3229572421,70026.051656939,72707.5362146796,83727.855066827,65151.8899946962,63014.3526816877,48331.3139996684,49807.3235697016,52189.5397084635,53263.541256569,57876.5890054435,65543.2097948406,70062.3944739014,60499.3138169693,193176.236271325,189744.696175959,207973.165235166,225278.381469704,214259.791437417,67510.3867131855,116222.675717127,100150.929869396,95971.6451709901,112029.20585472,117720.93510502,127760.229342805,133863.593667612,145405.319975364,154130.078270258,161741.789270621,174110.899836992,185467.86308722,184004.575412376,197133.124498769,214388.2519806,223431.490072734,236057.873554403,240714.037253592,251434.677235801,261122.017897096,268767.827456321,278278.206072223,290096.426506644,309861.140815153,321993.645247026,329243.824788325,343939.100560253,360266.235078862,375223.990162671,396146.588351379,422811.799723854,441147.240105503,459733.900807649,462962.199698764,469942.579725879,429114.060577504,438701.645223983,442250.818743473,458013.836455573,470825.851174481,474120.883504972,488841.238790164,478381.087378275,457819.826389344,378097.169274293,373432.510716688,368714.489986758,360441.112385725,351646.263703451,354902.419149274,367944.056827224,363703.541504281,338488.483259195,330059.47557956,316582.610847602,314789.148970229,308131.964962538,317414.802019108,320496.471940718,318621.651022085,332819.72953587,332332.048709711,326633.249924693,312626.726111205,328541.131705461,327338.488275354,318044.679731106,316467.290300447,301189.593472491,304625.310476492,315387.882089225,329026.002013719,327996.325913754,309550.56674284,294592.289716089,322700.971790513,307037.987447268,280967.625528566
"CO2","pri","ktCO2",0,0,0,0,0,0,0,0,0,0,0,0,0,0,0,0,0,0,0,0,0,0,0,0,0,0,0,0,0,0,0,0,0,0,0,0,0,0,0,0,0,0,0,0,0,0,0,0,0,0,0.0571597459037592,0.0589904517900136,0.0623350811228908,0.0624651914687045,0.0686464026657902,0.0686807937491348,0.0658417327063524,0.0730662459818184,0.0744693423900679,0.0751586069129925,0.0765149396304179,0.0799937456322669,0.0846281124201076,0.0890920471911322,0.094014539193528,0.0987695855930292,0.106914818622447,0.113627214731215,0.121267405211131,0.116365078479362,0.118809485175489,0.122859863872864,0.126875095358314,0.13085832694029,0.145871165896104,0.161689015215252,0.185538382599516,0.202364923760895,0.221000212602465,0.246956496127755,0.285079458363918,0.304653287459177,0.401135391772489,0.462120934576515,0.437398580582533,0.551574618172624,0.597571762421037,0.662894826139195,0.621946917403782,0.675300523662332,0.711814275725887,0.747108575362751,0.825428960278136,0.919830003795253,1.09515086972627,1.31006610191988,1.47712025672845,1.74122955136909,1.92869666310281,2.08276593085138,2.25112332366917,2.76754280879375,2.97534098132174,3.31308696426098,3.60449204257491,4.10714029258783,4.26856398906421,4.33799561242861,4.3631607930099,4.70893720129682,5.4701718307154,7.1671328867541,8.43907744309772,8.64676972619285,8.44518006870007,8.88710674311186,10.1679045742451,11.2377490186649,12.5221651605154,14.2962095115309,15.6603918997529,15.8144834888232,18.9721710193838,23.8836477850826,24.356095750088,21.8881033088226,21.5285029185441,26.9778632976303,28.6358102032171,35.7762435278835,43.8002752732243,45.6546909000763,49.9456704838227,43.962683372105,44.9307631913611,42.4093107399579,49.0506031935593,50.1043368166689,54.3641345032848,57.8402591907944,72.4143489735131,81.89074203524,79.7148058641414,77.4822123425041,75.2610487543757,82.5291165464811,89.1723874888372,89.4983247601572,88.1802288953875,95.2336836051622,102.731951590072,112.669770318426,132.43681058017,153.317197337951,167.007333130124,190.263909361187,186.830380825428,235.008462439474,233.517206195039,246.12122620008,277.362773966938,285.866258904213,295.575603672011,341.670599533613,348.128192655717,366.024273106788,406.224134293792,448.836000203458,480.011121958757,501.110828102964,632.431900985537,639.560252193688,715.892939892457,861.950807869997,825.097196645259,858.563190895958,875.386878640216,974.20836046305,984.194597753869,1074.94946200271,945.118870642778,871.773656271044,795.687212287627,879.361180951621,889.639903435572,957.509290579965,1065.46331934647,1207.41034624293,1119.9517032647,1186.80919079527,1306.48244767197,1374.7760902417,1330.42864641603,1421.86349645724,1600.74238892709,1635.2770499178,1638.30910340629,1756.92259552628,1919.27338309438,1756.69910058216,1936.20031184957,2024.54651963567,2072.77402256856,2151.21226036729,2148.15043589811,2305.25860959887,2399.75945921077,2362.3386615683,2391.38633187447,2461.91266714546,2511.48882302138,2553.8901010723,2652.51363290846,2734.57722189479,2836.31794885361,3004.31217021373,3156.20965234853,3292.06038775734,3505.02346772104,3711.08885286722,4262.12349688031,4506.94314617643,5576.07965231731,5477.89877593186,4928.08822999807,5719.79473997619,5309.88349981316,5709.85152417138,6120.92981912151,5971.81124384439,5661.35375306418,6171.25929671347,5628.73204524545,5401.70049559366,5591.33639922511,5612.72597220706,6173.83578376764,6596.98737716299,7133.52201352818,7571.81282818772,15461.4143964928,15728.8614148899,16285.3410757454,16609.9632333362,17445.8914559877,17818.868708858,18161.3406563869,18996.865541615,19923.7530069392,20983.9586922487,19786.837188516,19575.8684668858,11091.5171506594,13297.5830290445,13463.3833627195,13516.7518825542,14096.0193960576,14461.4252489939,14565.4740252683,14362.6374717972,13733.8122143073,10796.9259953191,12217.8962192163,12734.9714255517,13042.8628481303,12889.6267599803,13234.9823764501,6390.07280080129,6441.24079031337,6581.86334508113,5861.30619698724,6093.72920620411,6383.73619844678,6637.53016978176
"CO2","prk","ktCO2",0,0,0,0,0,0,0,0,0,0,0,0,0,0,0,0,0,0,0,0,0,0,0,0,0,0,0,0,0,0,0,0,0,0,0,0,0,0,0,0,0,0,0,0,0,0,0,0,0,0,0,0,0,0,0,0,0,0,0,0,0,0,0,0,0,0,0,0,0,0,0,0,0,0,0,0,0,0,0,0,0,0,0,0,0,0,0,0,0,0,0,0,0,0,0,0,0,0,0,0,0,0.00398141666666667,0.0079715,0.01197025,0.0159776666666667,0.01999375,0.0240185,0.0280519166666667,0.032094,0.03614475,0.0402041666666667,0.04427225,0.048349,0.0524344166666667,0.0565285,0.06063125,0.0647426666666667,0.06886275,0.0729915,0.0771289166666667,0.081275,0.0853803125,0.0894895833333334,0.0936028125,0.09772,0.101841145833334,0.10596625,0.1100953125,0.114228333333334,0.1183653125,0.12250625,0.126651145833334,0.1308,0.1349528125,0.139109583333334,0.1432703125,0.147435,0.151603645833334,0.15577625,0.1599528125,0.164133333333334,0.168318666666666,0.172508,0.176701333333334,0.180898666666666,0.1851,0.189305333333334,0.193514666666666,0.197728,0.201945333333334,0.206166666666666,0.210601949575,0.2150494658,0.219509215341666,0.2239811982,5.35399538910015,0.232961863866666,0.237470546675,0.2419914628,55.2282142379769,69.2612406578264,81.6559230482391,101.542027754306,117.481597171107,167.17836063116,207.729580651628,172.055970840669,0.312699040508334,168.293146583584,198.455951243049,256.627339390145,276.002789667419,281.887582999439,336.689063952955,353.527002939158,563.257915143109,604.310172928443,625.808939327497,720.381583211037,827.007199177394,779.007929036434,823.246829527786,967.807611765712,1138.32281265513,1577.74043601378,1914.21102906059,2248.20426673672,2418.12513150887,2959.52746421349,4222.35079464247,4949.03301486465,5692.68071500252,5954.12612955068,5616.00712586551,5533.40740316037,65.9338642664583,108.186024570686,143.167779480731,797.485713309553,1018.57302344751,1066.3532739139,1203.94020516165,1012.46349983774,1546.03656710234,3600.20413348729,5364.0197215257,6627.77807282894,8229.03671595786,11553.1919083676,14398.6226559371,17161.0655939067,19191.7188454186,23107.3182147889,24846.3890464695,28015.4901598362,35069.5952620369,37237.8079440175,40799.2450809685,46700.271299783,50448.6386715607,55104.7428581602,56609.7569546278,58649.8081015506,59854.8154572547,61443.7483500944,62785.0048929265,67403.5305215766,72086.4183270438,98194.3323179682,106140.155858367,112008.637171792,115000.776236296,120487.589380493,124856.209693479,129107.302770189,133259.959209072,131678.715099549,126563.927814919,127990.989013399,126364.793711346,120656.742389019,116378.76822642,100371.59968555,91938.7507504501,84419.5009874895,79028.4537859058,69356.8283809581,66629.9364427219,60243.3035962733,65978.8342337669,71244.4245269603,73691.412816229,70613.7799249304,72134.4951119747,73696.6765250449,76948.5850115295,78145.6550313261,65253.3421950339,71758.8782183556,69032.1561339403,66616.5106436527,48988.0350303929,47344.8802896366,36728.9833061377,40352.6901099723,31790.7831913088,34746.0054622301,70168.6800421385,63226.1782638042,70113.211944902,66105.1824193925,54830.6641346835,57342.4900584226,62220.6968420288
"CO2","prt","ktCO2",0,0,0,0,0,0,0,0,0,0,0,0,0,0,0,0,0,0,0,0,0,0,0,0,0,0,0,0,0,0,0,0,0,0,0,0,0,0,0,0,0,0,0,0,0,0,0,0,0,0,0,0,0,0,0,0,0,0,0,0,0,0,0,0,0,0,0,0,0,0,0,0,0,0,0,0,0,0,0,0,0,0,0,0,0,0,0,0,0,0,0,0,0,0,0,0,0,0,0,0,0,0.90815388632607,1.82998094223924,2.76548116773951,3.71465456282687,4.67750112750132,5.65402086176292,6.64421376561158,7.64807983904734,8.66561908207018,9.69683149468015,10.7574072193251,11.8345088667295,12.9281364368933,14.0382899298166,15.1649693454994,16.3081746839415,17.4679059451431,18.6441631291042,19.8369462358248,41.8452080924173,56.9031408500731,515.685367390223,711.027491591043,528.535272903409,1132.95006964563,1113.40962944976,664.037464878967,637.590641844875,701.285915113678,865.522761098936,877.396843487682,1067.61661961637,1117.22968429513,1178.35833939642,1096.727783541,1209.24373857047,1245.51981773146,1340.74921439928,1536.74762584195,1639.173410024,1699.7043930406,1656.69329494222,1491.9379427172,1743.39668314883,1665.12251519501,1697.79435983499,1782.91510271024,2034.22866858127,2098.5859646338,2401.71652386526,2331.90977061608,2551.79867862759,2464.27215201715,2517.60036492712,2464.35305965351,2823.42576240315,3075.49057057491,3063.69440755436,3110.85165442819,3161.49843698863,3062.63459616443,3549.61541236191,3747.34683756082,3290.59892943875,3018.43968439934,2926.759345224,1670.1311551114,1138.2708055624,2148.90671384787,2098.42670985799,2140.67267823101,2916.02602041857,2655.13823487967,2991.20571266543,3079.76671903852,3098.05173399116,3574.08501211268,3927.47737719446,3906.4687425615,4244.65288946681,3869.72620947226,3372.15138696877,3957.19528872625,4055.83364584092,4337.1460778296,4103.88280325095,4873.283402197,4104.19946910057,4711.94320644879,3906.51361625372,3791.86511271892,3058.32488987965,2990.80292671499,3275.62621606011,3379.86077084944,3921.81009540176,5501.4121357412,5234.35496377372,5466.84679486967,5631.98738903661,5434.18913756295,5441.93936322579,6014.44206553045,5917.29942994515,6520.03939369397,7158.8658616471,7762.52981877589,7541.40310618296,7918.94321553878,8040.78904927023,8915.88454106732,9106.94536251688,9871.32830605375,10595.124307323,11260.8312824115,11210.5838575901,11993.1483616454,12563.3848825327,13062.1995586648,15616.0519012621,17267.4938582969,17779.1149378026,19796.1246549624,20282.3226864189,21884.0523825331,23708.7153829962,23385.5555279079,24871.6947525798,27100.2237873332,29192.1321523417,30399.6579778745,31061.2567333151,31502.0938708505,30298.4038739909,28992.2383678535,32287.7644205828,32875.5990875242,33906.512499828,42219.8851228758,43865.5983391569,45432.8377624682,49111.7601260267,48064.3121314131,49001.7944098353,53789.1200742519,51947.1561370983,54617.9383159156,59124.5951941304,66238.8089505499,65569.4818875992,64998.5927974554,69122.2616839739,64241.9180727313,66150.2098729846,69098.8766305888,63561.3338399591,62598.6571381331,60454.0859934419,58850.5595615792,53793.1502583493,52469.3861205467,50657.6304545034,49382.4905271552,48611.7874909524,52937.6922284805,51557.1208343135,56505.7650688921,52417.2226168436,48040.0006706687,42051.7358404419,40293.679945162,40733.5137597657,37941.3175866548
"CO2","pry","ktCO2",0,0,0,0,0,0,0,0,0,0,0,0,0,0,0,0,0,0,0,0,0,0,0,0,0,0,0,0,0,0,0,0,0,0,0,0,0,0,0,0,0,0,0,0,0,0,0,0,0,0,0,0,0,0,0,0,0,0,0,0,0,0,0,0,0,0,0,0,0,0,0,0,0,0,0,0,0,0,0,0,0,0,0,0,0,0,0,0,0,0,0,0,0,0,0,0,0,0,0,0,0,0.000146541548206177,0.000294499761933825,0.000443874641182941,0.000594666185953528,0.000746874396245585,0.000900499272059112,0.00105554081339411,0.00121199902025058,0.00136987389262852,0.00152916543052792,0.0016898736339488,0.00185199850289115,0.00201554003735497,0.00218049823734025,0.00234687310284701,0.00251466463387524,0.00268387283042493,0.0028544976924961,0.00302653922008874,0.00319999741320285,0.00335937506214376,0.00351869345187331,0.00367795258239151,0.00383715245369835,0.00399629306579382,0.00415537441867795,0.00431439651235075,0.00447335934681216,0.00463226292206222,0.00479110723810092,0.00498617374708074,0.00518352173569778,0.00538315120395198,0.00558506215184337,0.00578925457937195,0.00599572848653771,0.00620448387334071,0.00641552073978087,0.00662883908585821,0.00684443891157275,0.00706566095496468,0.00728932744082499,0.00751543836915374,0.00774399373995088,0.00797499355321645,0.0082084378089505,0.0084443265071529,0.00868265964782372,0.00892343723096298,0.00916665925657064,0.00958593312597359,0.0100144595712303,0.0104522385923408,0.010899270189305,0.0113555543621231,0.011821091110795,0.0122958804353206,0.0127799223357,0.0132732168119332,0.0137757638640201,0.0143663550949344,0.0149687822329475,0.0155830452780595,0.0162091442302702,0.0168470790895798,0.0174968498559882,0.0181584565294953,0.0188318991101013,0.0195171775978061,0.0202142919926099,0.0210297422084205,0.0218600283289048,0.0227051503540628,0.0235651082838945,0.0244399021183999,0.025329531857579,0.0262339975014318,0.0271532990499583,0.0280874365031585,0.0290364098610324,0.0301689689871668,0.0313205306812734,0.0324910949433521,0.033680661773403,0.034889231171426,0.0361168031374212,0.0373633776713884,0.0386289547733278,0.0399135344432394,0.0412171166811231,0.0430936256225339,0.0450013112887423,0.0469401736797482,0.0489102127955517,0.0509114286361526,0.0529438212015511,0.055007390491747,0.0571021365067405,0.0592280592465317,53.2025830793155,40.7068033475601,89.8624404945228,103.022490662078,158.392165388176,167.022434394415,173.239489449204,185.686263590282,208.053769988661,263.398495999043,263.384908256216,313.197685500983,338.097041075674,353.656145230685,374.741427911649,476.791502749661,445.655819832756,419.031168241814,508.622104405354,454.304671870525,652.821634758628,632.672535071672,700.930570184423,774.557065752073,753.269576990468,809.092363227401,895.142157429472,1271.32297925089,1530.90835893993,1466.84190369836,1494.99475980612,1450.26059583711,1436.09280846586,1403.7158889369,1543.12532978327,1539.85904706175,1646.0482257552,1831.48137384863,2097.35886059346,2100.45091838214,2200.36686272659,2147.43058259495,2602.81518524448,2954.22903202638,3472.24294019945,3925.970514645,3864.37000891948,4229.60186753622,4414.92617043152,4419.41294329957,3674.6777330077,3768.56755804979,3931.65313575328,4091.23126954465,4129.79141371498,3858.07940533498,4138.07333535993,3910.33159517993,4515.09126803127,4750.58985971611,5246.75225065687,5412.65599457999,5372.2946919306,5524.01260597183,5867.67075267391,6593.83628674578,7421.17288381721,8175.43721376432,8727.68400077512,8508.45208919781,7777.45447956483,8704.87336737062,7935.03546758268,8079.37308433881
"CO2","pyf","ktCO2",0,0,0,0,0,0,0,0,0,0,0,0,0,0,0,0,0,0,0,0,0,0,0,0,0,0,0,0,0,0,0,0,0,0,0,0,0,0,0,0,0,0,0,0,0,0,0,0,0,0,0,0,0,0,0,0,0,0,0,0,0,0,0,0,0,0,0,0,0,0,0,0,0,0,0,0,0,0,0,0,0,0,0,0,0,0,0,0,0,0,0,0,0,0,0,0,0,0,0,0,0,9.54865732767488e-06,1.92028246810699e-05,2.89625020601851e-05,3.88276894650206e-05,4.8798386895576e-05,5.88745943518518e-05,6.90563118338477e-05,7.93435393415636e-05,8.97362768749999e-05,0.000100234524434156,0.00011063817679784,0.000121110956419753,0.000131652863299897,0.000142263897438271,0.000152944058834877,0.000163693347489712,0.000174511763402777,0.000185399306574074,0.000196355977003601,0.000207381774691358,0.000218501728472222,0.000229693193209877,0.000240956168904321,0.000252290655555556,0.000263696653163581,0.00318020954055369,0.0061164225563251,0.00907233570047774,0.0120479489730118,0.015043262373927,0.0180603446712272,0.0210978064116803,0.0241556475952865,0.0272338682220458,0.0303324682919581,0.0334514478050236,0.036590806761242,0.0397505451606134,0.0429306630031379,0.0461311602888156,0.0493576908195728,0.0526053035329025,0.0558739984288039,0.0591637755072773,0.0624746347683233,0.0658065762119412,0.0691595998381314,0.0725337056468933,0.0759288936382279,0.079345163812134,0.0827663640668878,0.0862074083564308,0.0896682966807637,0.093149029039887,0.0966496054337996,0.100170025862502,0.103710290325995,0.107270398824277,0.110850351357349,0.114450147925211,0.117489813678214,0.120517183659543,0.1235322578692,0.126535036307186,0.129525518973499,0.132503705868139,0.135469596991109,0.138423192342404,0.141364491922028,0.144293495729981,0.151283910117042,0.158438797667973,0.165758158382772,0.173241992261441,0.180890299303978,0.188703079510386,0.196680332880661,0.204822059414805,0.213128259112819,0.221598931974702,0.231764609208885,0.24214933299831,0.252753103342976,0.263575920242883,0.274617783698034,0.285878693708424,0.297358650274056,0.309057653394931,0.320975703071046,0.333112799302404,0.350128099994088,0.367503439980563,0.385238819261826,0.403334237837881,0.421789695708723,0.440605192874355,0.459780729334779,0.479316305089991,0.499211920139992,0.519467574484782,0.542237790589169,0.565168059287466,0.58796155753172,0.610515573761306,43.9648766086165,43.979282641448,51.2141325085972,51.2303774024204,29.5990480112747,36.8411543409368,58.5386723781143,47.7467945264355,65.8291111761745,65.8589536643922,83.9335745651152,120.016424609283,138.038374764855,152.447789883448,159.636251658406,192.04614463133,216.968151219368,211.280865766296,204.380811822093,247.706268858742,205.496947940043,256.162674972523,268.368874858346,305.205653444326,277.946930485213,290.870435415323,320.421410478921,331.515063857521,412.993775733705,520.344280602019,574.111469406702,586.816912139367,596.147141257641,559.097737452959,589.687738648327,622.97851563464,646.761650851076,721.475875427448,714.035260181921,624.083430208098,622.108950383643,627.268230504566,622.742825383806,620.737001348671,626.362541449195,657.843173299983,801.227357769939,790.72081287285,864.42946485383,836.242150691567,868.225545268241,877.099033280652,791.514287247641,844.07352659427,846.661524929147,900.207113107641,848.837485927811,816.903610266645,807.240437785007,838.933199868941,914.42411883806,893.839393393665,898.97927918221,972.744735948805,981.92251548369,925.774744891316,964.032802551795,928.500183602883,987.067585906087
"CO2","qat","ktCO2",0,0,0,0,0,0,0,0,0,0,0,0,0,0,0,0,0,0,0,0,0,0,0,0,0,0,0,0,0,0,0,0,0,0,0,0,0,0,0,0,0,0,0,0,0,0,0,0,0,0,0,0,0,0,0,0,0,0,0,0,0,0,0,0,0,0,0,0,0,0,0,0,0,0,0,0,0,0,0,0,0,0,0,0,0,0,0,0,0,0,0,0,0,0,0,0,0,0,0,0,0,7.01020120630534e-06,1.40919350779811e-05,2.12452016150274e-05,2.84700008174442e-05,3.57663326852312e-05,4.3134197218389e-05,5.0573594416917e-05,5.80845242808156e-05,6.56669868100845e-05,7.33209820047242e-05,8.07345479629796e-05,8.8162926240832e-05,9.56061168382813e-05,0.000103064119755327,0.000110536934991971,0.000118024562548211,0.000125527002424048,0.000133044254619482,0.000140576319134512,0.00014812319596914,0.000155686456126958,0.000163264678223763,0.000170857862259555,0.000178466008234333,0.0001860891161481,0.000194056255734906,0.0002020390180433,0.00021003740307328,0.000218051410824842,0.000226081041297991,0.000234128657042244,0.000242192053313346,0.000250271230111306,0.000258366187436118,0.000266476925287781,0.000274603443666303,0.000282745742571677,0.000290903822003904,0.000299077681962984,0.000307267322448922,0.000315475926871666,0.000323700471220529,0.000331940955495507,0.000340197379696598,0.000348469743823806,0.000356758047877128,0.000365062291856564,0.000373382475762117,0.000381718599593786,0.000390070663351567,0.000398442253078933,0.000406829926339034,0.000415233683131864,0.000423653523457429,0.000432089447315728,0.000440541454706754,0.000449009545630518,0.000457493720087014,0.000465993978076237,0.000474510319598197,0.000486330224956629,0.000498275901470679,0.000510347349140351,0.000522544567965641,0.000534867557946551,0.00054731631908308,0.00055989085137523,0.000572591154823,0.000585417229426386,0.000598369075185396,0.000611790363116558,0.000625347249434466,0.000639039734139112,0.000652867817230497,0.000666831498708628,0.000680930778573498,0.000695165656825107,0.000709536133463462,0.000724042208488555,0.000738683881900387,0.000753884648931434,0.000769231609332771,0.000784724763104405,0.00080036411024633,0.000816149650758555,0.000832081384641071,0.000848159311893878,0.000864383432516985,0.00088075374651038,0.000897270253874074,0.000914446648988781,0.000931780660190425,0.000949272287479005,0.000966921530854527,0.000984728390316979,0.00100269286586638,0.0010208149575027,0.00103909466522597,630.358675007421,1978.98405602033,2608.21750158125,2889.61688792118,3831.49887584167,4885.19422285364,4973.97450145388,5490.49037564209,5655.52992189916,6532.13576130114,6391.50621644523,6540.27065607652,6636.60829201807,7018.98022711313,7476.3353706553,8139.84272541847,8804.12139643608,10940.3927421389,12338.5108559037,14040.5936863981,15600.3641199977,15555.1935273742,18603.5378847991,22258.5449436115,25011.0580441371,21082.8023392272,20385.8979532898,18864.7097166898,16968.1984234216,19047.0362245516,18139.277989941,15138.8474676785,12555.1272097317,13368.0343924049,12183.2187035157,17287.6537089915,16295.1968127549,17172.094299529,17334.4678139829,17692.8367974269,18495.0232249101,17888.079794003,19041.8123708649,20010.7462271391,20554.8333934051,21588.5567325745,22079.6611177927,23972.2852572768,29109.9024974121,31283.7187435026,33804.9758571521,33187.4475527956,33865.6098337693,37888.8314516262,39973.3122893615,42961.2250428506,45311.0575347721,50982.3257186868,57326.543056823,61905.9020064501,63381.6668206543,71473.1082103109,79990.6693820966,83980.3042860651,91076.9382557898,97938.1322130127,101754.755086233,103191.944842326,105715.585945781,104363.656124993,107383.040336158,104937.780508888,107144.775034348,111175.108905724,116495.942602098
"CO2","reu","ktCO2",0,0,0,0,0,0,0,0,0,0,0,0,0,0,0,0,0,0,0,0,0,0,0,0,0,0,0,0,0,0,0,0,0,0,0,0,0,0,0,0,0,0,0,0,0,0,0,0,0,0,0,0,0,0,0,0,0,0,0,0,0,0,0,0,0,0,0,0,0,0,0,0,0,0,0,0,0,0,0,0,0,0,0,0,0,0,0,0,0,0,0,0,0,0,0,0,0,0,0,0,0,4.774375e-05,0.000100058333333333,0.00015694375,0.0002184,0.000284427083333333,0.000355025,0.000430193750000001,0.000509933333333333,0.00059424375,0.000683125000000001,0.000760031249999999,0.0008385,0.000918531250000001,0.001000125,0.00108328125,0.001168,0.00125428125,0.001342125,0.00143153125,0.0015225,0.0015969625,0.00167126666666667,0.0017454125,0.0018194,0.00189322916666667,0.00196689999999999,0.0020404125,0.00211376666666667,0.00218696249999999,0.00226,0.00231759875000001,0.00237405333333333,0.00242936375,0.00248353000000001,0.00253655208333333,0.00258843,0.00263916375000001,0.00268875333333333,0.00273719875,0.00278450000000001,0.00286355958333333,0.00294308,0.00302306125000001,0.00310350333333333,0.00318440625,0.00326577000000001,0.00334759458333333,0.00342988,0.00351262625000001,0.00359583333333333,0.0036701725,0.00374460666666667,0.00381913583333333,0.00389376,0.00396847916666667,0.00404329333333333,0.0041182025,0.00419320666666667,0.00426830583333333,0.0043435,0.00441467166666667,0.00448580333333333,0.004556895,0.00462794666666667,0.00469895833333333,0.00476993,0.00484086166666667,0.00491175333333333,0.004982605,0.00505341666666667,0.00519119458333333,0.00533082,0.00547229291666667,0.00561561333333333,0.00576078125,0.00590779666666667,0.00605665958333333,0.00620737,0.00635992791666667,0.00651433333333333,0.006674265,0.00683613500000001,0.00699994333333333,0.00716569,0.00733337500000001,0.00750299833333333,0.00767456,0.00784806000000001,0.00802349833333332,0.008200875,0.00840355045833334,0.00860867766666666,0.008816256625,0.00902628733333334,0.00923876979166666,0.009453704,0.00967108995833334,0.00989092766666666,0.010113217125,23.4587075956277,26.7779017962894,30.1877425062429,20.1731686094151,33.6899272456276,37.1428231656901,43.9969346128572,54.2779487302762,57.8119859395001,64.7754957000925,68.3601874070566,78.8197144341095,85.9030005519836,106.808500056139,117.472091649595,142.059150698563,170.327225053962,202.248788591575,206.371653132249,214.00737764573,306.515846116655,332.376721814575,344.245075948246,397.353581468922,438.488489093461,506.726790268888,667.185981489588,640.913052621588,688.806612753561,898.45200311489,759.949250749754,749.06374645307,818.711457522972,844.419995197101,935.843367926261,945.402325792414,1024.87368983976,1130.94138413423,1283.16160996439,1346.02559727337,1284.12596959638,1508.67220680952,1511.14690766025,1545.4540641734,1598.52568642169,1780.34418613228,1902.87976351039,1961.35401246233,2541.48772807689,2374.7971428525,3966.03314132414,4363.07310883536,4154.60710660515,4013.19703941973,4195.415929009,3604.782468792,3748.85215341014,4010.80477011897,3890.60346153811,4125.26005749691,4242.54073500383,3607.57245539149,3754.53686991733,3441.73448226707,3624.11768469098,3775.15978063892,3941.3609026696,4458.42362289126,4695.32724151745,5013.9379495022,5063.19440904876,5729.4346229912,5620.40049269472,5663.43062583066
"CO2","rou","ktCO2",0,0,0,0,0,0,0,0,0,0,0,0,0,0,0,0,0,0,0,0,0,0,0,0,0,0,0,0,0,0,0,0,0,0,0,0,0,0,0,0,0,0,0,0,0,0,0,0,0,0,0,0,0,0,0,0,0,0,0,0,0,0,0,0,0,0,0,0,0,0,0,0,0,0,0,0,0,0,0,0,0,0,0,0,0,0,0,0,0,0,0,0,0,0,0,0,0,0,0,0,0,0.997254393918366,2.00909831786769,3.03553177184797,4.07655475585919,5.13216726990139,6.20236931397453,7.28716088807864,12.2730395183068,13.3869973549397,14.5906243010604,19.6952999077205,24.8145394441206,26.0619093770574,31.2102895674839,32.411746173788,37.5892670122672,42.7813517707795,47.9880004470842,49.322856326769,62.4814926109374,67.7337692036982,69.0393974490741,74.3211858986,75.6563516137258,80.9676519140368,82.4074346761237,83.7869129957522,85.1060868729217,89.2179803553518,88.0139987810992,93.4138602258017,236.308696933895,387.475980279008,447.139654279906,435.69457510181,458.484002896605,496.830526084469,585.845312490898,604.558011456761,750.815653651472,1026.17210700179,976.402077621573,1041.39641473331,960.667781317569,1000.44409290912,1039.83326866898,1202.4762766276,1599.56708285808,1556.84639230305,1286.34588374844,1617.56818307544,1636.05359887318,1920.32849080672,2302.17728508246,2810.70575013609,3815.92441619177,4734.89101102472,4599.22375581266,5164.63367668365,5112.41055985446,6142.17687924541,6574.68340588688,7304.86424615954,6313.65041530636,5614.09417910429,3292.97429600013,2751.63541628016,3511.04583664647,4707.76798584881,5598.75777340048,6009.83273253725,7237.94609088056,8475.73554529612,10061.3517768968,11814.3204483437,14812.0214042771,16522.5174242979,18958.7809580584,21389.7417971985,24791.8274599822,27876.9515696547,29708.4558079104,29747.4180431085,34481.4245062606,34277.666142016,36248.9380172284,31062.68135327,29054.1694889615,27437.3876663635,26034.7744267492,24612.7694778607,25932.9521701778,24025.0020824802,16336.1275071362,20733.9018797008,19234.5528089954,17900.2292935894,24829.7796368546,28057.4856810685,21177.112790429,24437.0468071003,28728.223547825,33228.8885942481,35816.0325513025,39035.8147446695,43513.3716391159,49514.3222583724,54264.9899525131,55320.9343433766,58586.998480134,61642.6827847304,70257.6839536849,76261.5090490514,79375.5906752845,87047.3014287756,93062.6451098721,101921.075800262,109509.302892289,120596.299886261,134549.466625512,130362.571352851,135290.244814393,147812.742072688,148178.461088517,160931.385535413,173882.1001971,182178.8033841,195611.079017597,200168.128883963,199781.771056344,200108.514430866,198476.201035849,199951.850769093,197125.181732694,197602.130060152,203774.630276882,212483.670671876,215643.642744121,207854.262014892,196289.760707097,159697.467188366,138075.560698855,131923.705825956,130602.448406529,134687.372595622,139393.983745157,129282.529173015,114731.748252132,97333.0223040462,101010.450161606,104987.63585649,108848.137467739,113265.450923597,111586.870048089,108637.921114903,113942.173256426,110553.428019977,107694.684469523,89451.626910782,87343.5583090164,93861.8892038776,90087.7031043834,79159.3779709667,79044.6074692157,79824.2384493469,78375.8424911547,81649.5780811251,82308.0193654865,80675.7274102358,74637.9562222458,79427.5062567635,72149.5786793496,66766.7980858198
"CO2","rus","ktCO2",0,0,0,0,0,0,0,0,0,0,0,0,0,0,0,0,0,0,0,0,0,0,0,0,0,0,0,0,0,0,37.8273468719096,36.46711792908,37.5148018108792,38.5631935964036,37.5455555277608,39.9728738604534,42.0572495423229,42.7636439098931,43.1254231181324,42.4519048126539,44.194594635075,47.3216940607828,41.8122788442443,46.3233825171186,44.9587354953796,46.7065803456498,42.5717304358122,45.0121523326463,47.8006849335319,53.3633091376367,55.4635201582358,57.9138734362503,55.5089555891507,53.1018558778198,55.5535396863686,51.7547029323017,50.7325327416604,50.0569840776929,50.4239745951456,50.7910537569585,50.1141750381791,50.4669504937351,46.6427649564873,45.2546010740206,42.8216977258419,43.8700559739508,44.9185500147163,45.9671772709564,44.2298057351663,45.9750465977831,47.0238831581365,55.388062236589,53.3021021931632,51.9125757356794,48.7806181756464,55.0565338841065,54.7121167734747,64.1258820791466,62.0392846824041,65.5292916822869,76.6570217222858,81.6452418139017,70.2512563328067,67.5050677141158,58.8434462486237,61.8153685873253,64.0885630764862,67.7871148494321,64.3833968242773,64.8812600998163,67.5203339912873,64.0125661027483,67.298076787248,68.0807497942922,66.3531986411012,67.1343482236089,77.258885577065,70.1366976529747,71.2804880317858,68.4617550632612,157.294246197982,111.23296112677,151.771122234739,198.799893865466,236.066713524405,513.32282490138,328.99399454266,355.361655761082,745.570091964159,808.518922871289,974.724608129232,1152.304720444,1114.00312018659,1194.29076188988,1314.25825139575,1334.64228435254,2727.51413345542,3071.0619609865,2724.63859084939,3466.20044163711,3739.87483354708,4796.89881313074,4955.9316450018,4760.04801380301,5601.93973568724,6317.98714496389,7592.81338249588,7747.07233722172,9794.18494578409,10044.5188577824,11601.1911685232,12141.4908962857,12763.7951608793,14382.6036272213,14502.7788650276,15623.0033450531,16050.8835842088,16819.1033660329,17517.1701406835,18913.9647807455,21119.8490393712,22914.6473030564,24172.760050552,27896.0335199671,28542.2061788019,32110.8371038029,32708.6605531406,37398.6527295043,41568.8321678592,47943.3486811411,53780.3126694577,55073.9956728621,53599.1122671075,52970.7869796708,58905.2680793375,53608.229890774,60763.1499859674,67921.453720336,68558.7509996821,72304.492773953,71102.2308090989,73420.5702909883,82366.8386770968,88874.0912541583,79942.0323495004,72969.1810923316,77015.3771615719,71016.3165670412,31288.538337961,27041.3095805297,25072.8540500396,27098.0024740925,32091.4171718283,35099.4626807028,41324.3319116034,41101.3866918043,57579.628225412,70568.9450574165,78733.2370086168,84381.7912085049,110834.044222339,132454.687102498,150504.238544236,168857.744922694,204178.442513534,231770.482009031,266282.880653561,272878.652284713,288502.950749683,293026.853940234,352792.037684075,306456.826769516,208958.774580723,266931.424422455,244617.318868912,265225.183711497,294817.066825196,350620.406794605,369655.298043813,415500.386798065,459295.529747507,497524.083111138,531227.906365522,560667.521819933,610810.256011693,690206.191704117,754197.481568725,824460.963225312,879426.257604994,923758.246719266,961132.063285002,991429.776764523,1038878.47378585,1113231.88654992,1184071.50673298,1255720.41885177,1324037.58385663,1377336.37321803,1410697.43607082,1461892.69214048,1523431.58791904,1584083.58410451,1648853.85971254,1716134.95054075,1788472.11831748,1877381.34154061,1919855.74641399,1971143.27761722,2015070.47564823,2051565.66456971,2095056.70265095,2136506.32756161,2190924.78092384,2227618.98882939,2249854.5856249,2291210.47635084,2346525.50954545,2409079.80014728,2440323.97073732,2427191.09933758,2582635.78714524,2548835.66227256,2359543.42136868,2124630.19962082,1869503.00748297,1786577.26436317,1725091.98712807,1635674.63673292,1616358.72649941,1667897.26026722,1700739.42001428,1705482.71799274,1703623.04772182,1751851.55253457,1757362.5444483,1747961.27764082,1806505.49184731,1806300.26914146,1825655.08929092,1696198.66721123,1796112.23235358,1875448.14859141,1939039.59949533,1861754.88290702,1853944.87567455,1848924.69608533,1825702.34315396,1866488.45891946,1918323.36232521,1953385.23931745,1863538.86049961,2021493.89664195,1902949.19066599,1919543.02130359
"CO2","rwa","ktCO2",0,0,0,0,0,0,0,0,0,0,0,0,0,0,0,0,0,0,0,0,0,0,0,0,0,0,0,0,0,0,0,0,0,0,0,0,0,0,0,0,0,0,0,0,0,0,0,0,0,0,0,0,0,0,0,0,0,0,0,0,0,0,0,0,0,0,0,0,0,0,0,0,0,0,0,0,0,0,0,0,0,0,0,0,0,0,0,0,0,0,0,0,0,0,0,0,0,0,0,0,0,0.0002104055222613,0.000421164370336642,0.000632276544226027,0.000843742043929446,0.00105556086944691,0.00126773302077842,0.00148025849792396,0.00169313730088355,0.00190636942965718,0.00211995488424484,0.00233670945506253,0.00255432931358807,0.00277281445982147,0.00299216489376272,0.00321238061541183,0.00343346162476879,0.00365540792183361,0.00387821950660628,0.00410189637908681,0.00432643853927519,0.00455203140596597,0.00477850721929741,0.00500586597926953,0.00523410768588232,0.00546323233913578,0.00569323993902986,0.00592413048556466,0.00615590397874013,0.00638856041855627,0.00662209980501307,0.00685680143755805,0.00709240403606295,0.00732890760052771,0.00756631213095234,0.00780461762733678,0.00804382408968114,0.00828393151798537,0.00852493991224946,0.00876684927247341,0.00900965959865718,0.00925374782553919,0.00949875540544145,0.009744682338364,0.00999152862430675,0.0102392942632698,0.0104879792552532,0.0107375836002568,0.0109881072982807,0.0112395503493249,0.0114919127533893,0.0117558181350991,0.0120210594825596,0.0122876367957707,0.0125555500747324,0.0128247993194449,0.013095384529908,0.0133673057061218,0.0136405628480863,0.0139151559558014,0.0141910850292672,0.0150119879003685,0.0158520509284298,0.016711274113451,0.0175896574554323,0.0184872009543736,0.019403904610275,0.0203397684231363,0.0212947923929576,0.0222689765197389,0.0232623208034802,0.0245412499969949,0.0258468442700839,0.0271791036227474,0.0285380280549854,0.0299236175667979,0.0313358721581848,0.0327747918291461,0.0342403765796821,0.0357326264097925,0.0372515413194771,0.0392226504209763,0.0412309314937099,0.0432763845376782,0.0453590095528816,0.0474788065393194,0.0496357754969917,0.0518299164258992,0.054061229326041,0.0563297141974176,0.0586353710400292,0.0616474888526327,0.064711488284795,0.0678273693365167,0.0709951320077974,0.0742147762986367,0.0774863022090355,0.0808097097389934,0.0841849988885103,0.0876121696575859,16.6132542625107,16.6546582477876,30.9667834824804,28.7197599253151,12.0892102911033,14.5679024783468,17.0760630627384,19.6079430083553,19.705837073785,71.3799593880774,71.5690069446303,88.9350484226982,87.6711714679011,87.7318237036,38.2564056179189,49.7270645196387,48.4791928494898,44.7144688594844,56.2370574746612,60.1067874310541,64.0530474866694,74.4951131535757,81.1602970943953,84.6499699506537,85.0268850628686,101.28530270989,133.255209229616,133.54386437713,149.656052242639,150.20433625514,344.032800915236,417.6590334212,427.99651296981,479.626496432367,445.912070079051,456.337584547623,454.179435055258,484.58077599022,560.854368890631,558.641854091305,565.561665846343,508.708561000707,511.168469370684,513.512951988964,489.402351791741,483.911532868729,495.722947767877,515.463987776965,517.159259994154,535.541922399314,706.179059956587,721.976817188767,847.407256121797,736.552906339625,715.563694340728,773.039100651727,778.471634280785,712.737865940665,714.6005832949,733.676885240002,767.380064628813,801.693195439035,881.185674531605,972.902299295594,993.609087217221,1154.56812578038,1229.22586807248,1331.53050524354,1487.60060526714,1552.42744429446,1489.10133453851,1725.86116421011,2177.24181492318,2266.53709699403
"CO2","sau","ktCO2",0,0,0,0,0,0,0,0,0,0,0,0,0,0,0,0,0,0,0,0,0,0,0,0,0,0,0,0,0,0,0,0,0,0,0,0,0,0,0,0,0,0,0,0,0,0,0,0,0,0,0,0,0,0,0,0,0,0,0,0,0,0,0,0,0,0,0,0,0,0,0,0,0,0,0,0,0,0,0,0,0,0,0,0,0,0,0,0,0,0,0,0,0,0,0,0,0,0,0,0,0,0.000937498390813973,0.00187881551234409,0.00282395136459037,0.00377290594755278,0.00472567926123133,0.00568227130562605,0.0066426820807369,0.0076069115865639,0.00857495982310704,0.00954682679036632,0.0105229411213813,0.0115029521163924,0.0124868597753996,0.0134746640984028,0.0144663650854021,0.0154619627363974,0.0164614570513888,0.0174648480303763,0.0184721356733598,0.0194833199803395,0.0205220619073212,0.0215669539226805,0.0226179960264175,0.023675188218532,0.0247385304990242,0.0261101165683668,0.0274897244493535,0.0288773541419843,0.030273005646259,0.0316766789621777,0.0331011823175025,0.0345347253527438,0.035977308067902,0.0374289304629766,0.0388895925379679,0.040359294292876,0.0418380357277006,0.0433258168424418,0.0448226376370996,0.0463284981116741,0.0478488792374408,0.0493786117562247,0.0509176956680261,0.0524661309728444,0.0540239176706802,0.0555910557615332,0.0571675452454031,0.0587533861222902,0.0603485783921948,0.0619531220551163,0.0635350079745724,0.065124827911515,0.0667225818659435,0.068328269837858,0.0699418918272589,0.071563447834146,0.0731929378585192,0.0748303619003786,0.0764757199597242,0.078129012036556,0.0797475853198029,0.0813725462979226,0.0830038949709154,0.0846416313387814,0.0862857554015205,0.0879362671591327,0.0895931666116182,0.0912564537589767,0.0929261286012085,0.0946021911383133,0.0965314520444663,0.0984746753857651,0.10043186116221,0.1024030093738,0.104388120020536,0.106387193102418,0.108400228619445,0.110427226571618,0.112468186958937,0.114523109781402,0.11662305527816,0.118737789645459,0.120867312883298,0.123011624991678,0.125170725970599,6.334814599896,22.0458881859937,175.98739601635,1415.69228998359,1838.5853466481,1549.29040323347,1627.04003919789,1704.72424836542,2787.6418958977,7529.40705892437,21483.5998353787,19448.3154094401,17949.5247382668,19122.2612244368,9527.63234293021,10396.852928076,9828.89033411931,8804.22789285491,10545.3609294749,11408.9173528857,11325.9510236332,11916.2130094337,12240.9549850378,13083.295043545,15391.9801086663,17884.5435761539,21697.4219278231,23859.0980665127,24991.7006511827,25619.8578712973,31251.9242710017,34529.9538750502,38161.0890244804,41639.9641456447,49029.1244978286,58298.7963268197,76130.5064219376,103496.461856549,108791.733392841,89232.5250072125,111054.284558768,119916.79457072,128062.12931016,152425.78094065,189272.770867817,175898.275538862,180063.888397624,179107.019333516,138009.227963651,137314.279011916,138166.503565012,149581.386234251,162506.209349538,164205.65271377,178081.462552536,181977.173188472,196038.488557685,206503.615309758,224855.889938086,223425.846725484,237152.997728262,240016.230657262,256902.574284873,261813.045216992,273540.736873851,284429.322774679,304316.900622834,319082.879504771,337683.343745648,357435.637797504,379088.637469041,400730.432862982,437473.531611396,456324.734402848,503332.102916833,525818.211298198,557714.187677984,568830.784534792,608908.989956478,632293.749735376,630401.050859049,624142.749563163,604373.07472816,602963.591917221,597074.632799659,613727.591664249,646493.494472794,646198.061349736
"CO2","sdn","ktCO2",0,0,0,0,0,0,0,0,0,0,0,0,0,0,0,0,0,0,0,0,0,0,0,0,0,0,0,0,0,0,0,0,0,0,0,0,0,0,0,0,0,0,0,0,0,0,0,0,0,0,0,0,0,0,0,0,0,0,0,0,0,0,0,0,0,0,0,0,0,0,0,0,0,0,0,0,0,0,0,0,0,0,0,0,0,0,0,0,0,0,0,0,0,0,0,0,0,0,0,0,0,0.00234415706414445,0.00470206285007273,0.00707371735778487,0.00945912058728082,0.0118582725385606,0.0142711732116243,0.0166978226064717,0.0191382207231031,0.0215923675615182,0.0240602631217172,0.0265680828547885,0.0290944104825688,0.0316392460050581,0.0342025894222564,0.0367844407341638,0.0393847999407801,0.0420036670421055,0.0446410420381399,0.0472969249288833,0.0499713157143356,0.0526716887365911,0.0553912814956598,0.0581300939915416,0.0608881262242368,0.0636653781937448,0.0664618499000662,0.0692775413432013,0.0721124525231489,0.0749665834399098,0.0778399340934846,0.0807439624038952,0.0836679496717656,0.0866118958970966,0.0895758010798868,0.0925596652201368,0.0955634883178472,0.098587270373017,0.101631011385647,0.104694711355737,0.107778370283286,0.1108977250386,0.114037806403585,0.117198614378239,0.120380148962562,0.123582410156557,0.12680539796022,0.130049112373553,0.133313553396557,0.13659872102923,0.139904615271573,0.141782738557532,0.14362478462704,0.145430753480099,0.147200645116708,0.148934459536866,0.150632196740575,0.152293856727834,0.153919439498643,0.155508945053002,0.157062373390911,0.159189308907482,0.161300153581213,0.163394907412105,0.165473570400157,0.167536142545369,0.169582623847741,0.171613014307275,0.173627313923967,0.175625522697821,0.177607640628835,0.179678925624181,0.181737084788158,0.183782118120765,0.185814025622001,0.187832807291867,0.189838463130364,0.19183099313749,0.193810397313246,0.195776675657632,0.197729828170648,0.199798515171424,0.201857253138833,0.203906042072874,0.205944881973549,0.207973772840857,0.209992714674798,0.212001707475372,0.21400075124258,0.215989845976421,0.217968991676894,0.220093057246657,0.222210577495199,0.224321552422521,0.226425982028622,0.228523866313502,0.230615205277162,0.232699998919601,0.23477824724082,0.236849950240818,272.231824499603,376.821610688441,426.116185348083,441.093411981146,508.303379658318,556.524888100786,579.159832250262,748.148076266994,824.501668013586,912.028516709403,951.033620830531,957.269142025991,1047.17747571248,1173.14576132649,1337.99749908509,1735.71825762074,1914.1066326948,2314.46142397935,2267.07505655918,3062.63290820777,3561.49340054163,3332.26934589548,3513.93280171759,4679.41344027984,4449.02984026161,3346.26522386941,3289.03940726179,3504.21695502754,3205.64466170781,3264.70693347555,3792.47101724144,3691.58145659806,3812.89693981036,3896.35563607336,3469.15100542235,4129.41798480737,4055.86244117883,3138.23250813171,4530.37430992608,4117.63746457053,5477.13531389056,4936.38491219183,4682.63303291815,3364.534886829,4910.12961871478,4715.14064988362,4528.70202346109,5489.23919677691,5009.67378385675,5509.88761298873,6012.1587356705,6532.34727742723,7984.42712668718,8219.39988454997,9185.61152729549,10802.3827308558,13213.4517217531,14279.2419257968,15289.4921124912,15837.9105848491,16800.5662606342,16167.8296141468,16128.7740401379,16206.455309139,17013.2931480915,19680.7722364039,21951.4273168376,22066.5882304497,21898.6252283756,22241.5051902745,19187.2699905286,21029.4273122524,18877.8816389935,18644.2768627503
"CO2","sen","ktCO2",0,0,0,0,0,0,0,0,0,0,0,0,0,0,0,0,0,0,0,0,0,0,0,0,0,0,0,0,0,0,0,0,0,0,0,0,0,0,0,0,0,0,0,0,0,0,0,0,0,0,0,0,0,0,0,0,0,0,0,0,0,0,0,0,0,0,0,0,0,0,0,0,0,0,0,0,0,0,0,0,0,0,0,0,0,0,0,0,0,0,0,0,0,0,0,0,0,0,0,0,0,0.00049568229857041,0.000992196977155211,0.00148954403575441,0.00198772347436798,0.00248673529299595,0.00298657949163833,0.0034872560702951,0.00398876502896625,0.0044911063676518,0.00499428008635171,0.00550491974416033,0.00601759788363686,0.00653231450478129,0.00704906960759355,0.00756786319207378,0.00808869525822191,0.00861156580603793,0.00913647483552178,0.00966342234667361,0.0101924083394933,0.0107238696314812,0.0112574110068036,0.0117930324654607,0.0123307340074523,0.0128705156327786,0.0134123773414393,0.0139563191334348,0.0145023410087648,0.0150504429674294,0.0156006250094285,0.0161535451203068,0.0167085877652002,0.0172657529441083,0.0178250406570314,0.0183864509039693,0.0189499836849221,0.0195156389998899,0.0200834168488726,0.02065331723187,0.0212253401488825,0.0218003735988343,0.0223775728998218,0.0229569380518447,0.0235384690549034,0.0241221659089978,0.0247080286141276,0.0252960571702931,0.025886251577494,0.0264786118357307,0.0270731379450029,0.0275549223669144,0.0280343664618851,0.0285114702299149,0.028986233671004,0.0294586567851524,0.0299287395723601,0.0303964820326272,0.0308618841659532,0.0313249459723388,0.0317856674517834,0.0328507078994631,0.0339332984888967,0.0350334392200836,0.0361511300930241,0.037286371107718,0.0384391622641656,0.0396095035623667,0.0407973950023214,0.0420028365840295,0.0432258283074914,0.0446232838701837,0.0460427096787841,0.0474841057332924,0.0489474720337084,0.0504328085800321,0.051940115372264,0.0534693924104035,0.0550206396944507,0.0565938572244059,0.0581890450002692,0.0600210200839384,0.0618802695385005,0.0637667933639557,0.0656805915603038,0.067621664127545,0.069590011065679,0.0715856323747061,0.0736085280546261,0.0756586981054392,0.0777361425271455,0.0801304665439332,0.0825584298815962,0.0850200325401345,0.0875152745195479,0.0900441558198361,0.0926066764410002,0.0952028363830387,0.0978326356459527,0.126874113020092,103.383995372395,66.5038446687979,80.1887030593823,88.9133704809967,104.830307954213,111.282462703221,129.375993322991,143.46339687383,326.555014174333,357.252685750356,788.454848028207,770.756992584809,771.190723532005,813.163370642028,867.709420219923,1550.39620822697,1572.64827131929,672.612763115786,598.200792906747,492.309467098769,1217.86653244981,1350.67553700236,1433.40509003844,1540.60306627242,1650.26389862365,1805.22864556881,1881.35284500497,1997.39396892623,1954.38031301606,2155.08655161607,2243.15081109217,2198.08611942062,2114.15825454484,2110.89620687379,2236.68837736323,2330.63654529336,2231.06370604051,2264.2851703175,2173.06499035106,2285.95189405526,2377.16440882986,2389.26361077899,2626.5765178562,2570.03543734884,2676.90879759496,2844.14067765624,3013.99888200634,3299.65338046367,3696.87139810835,4063.54633097742,4149.24067055782,4543.6115676534,4678.18692018458,4588.57154927747,5488.30206645497,5758.20061431579,5660.93466954362,6288.48855614166,6523.46768492772,6760.35749618557,7116.92687569997,7647.57626074105,7535.04446856412,8099.07121578579,8649.65749342795,9357.16377267011,10202.5004274792,10112.7363353149,10660.98337928,11005.2380937424,10787.2049556089,13120.1904602324,14562.5746203099,14072.1494640628
"CO2","sgp","ktCO2",0,0,0,0,0,0,0,0,0,0,0,0,0,0,0,0,0,0,0,0,0,0,0,0,0,0,0,0,0,0,0,0,0,0,0,0,0,0,0,0,0,0,0,0,0,0,0,0,0,0,0,0,0,0,0,0,0,0,0,0,0,0,0,0,0,0,0,0,0,0,0,0,0,0,0,0,0,0,0,0,0,0,0,0,0,0,0,0,0,0,0,0,0,0,0,0,0,0,0,0,0,2.75891371091268e-05,5.6754796338775e-05,8.74969776889452e-05,0.000119815681159636,0.000153710906750849,0.000189182654462583,0.000226230924294839,0.000264855716247616,0.000305057030320915,0.000346834866514737,0.00039273948120051,0.00044068430098343,0.000490669325863494,0.000542694555840705,0.000596759990915062,0.000652865631086563,0.000711011476355213,0.000771197526721003,0.000833423782183938,0.000897690242744019,0.000970297541789495,0.00104554510625481,0.00112343293613995,0.00120396103144493,0.00128712939216974,0.00147243984071144,0.00166536564579282,0.0018659068074139,0.00207406332557467,0.00228983520027512,0.00252964872191733,0.00277931741084617,0.00303884126706169,0.00330822029056386,0.00358745448135265,0.00387654383942813,0.00417548836479027,0.00448428805743905,0.00480294291737451,0.00513145294459657,0.00550556858445898,0.00589243797022175,0.00629206110188486,0.00670443797944839,0.00712956860291226,0.0075674529722765,0.00801809108754116,0.00848148294870618,0.00895762855577158,0.00944652790873737,0.0100132017985029,0.0105963805359042,0.0111960641209412,0.0118122525536141,0.0124449458339227,0.0130941439618672,0.0137598469374474,0.0144420547606634,0.0151407674315152,0.0158559849500027,0.0166961237038131,0.0175576216722111,0.0184404788551964,0.0193446952527693,0.0202702708649298,0.0212172056916776,0.0221854997330129,0.0231751529889357,0.024186165459446,0.0252185371445438,0.0270352762267015,0.0289012889957079,0.0308165754515633,0.0327811355942676,0.0347949694238206,0.0368580769402227,0.0389704581434734,0.0411321130335732,0.0433430416105218,0.0456032438743192,0.0475241332894833,0.0494822784190941,0.0514776792631516,0.0535103358216558,0.0555802480946066,0.0576874160820042,0.0598318397838485,0.0620135192001396,0.0642324543308773,0.0664886451760618,0.069823900383616,0.0732243165568158,0.0766898936956614,0.0802206318001525,0.0838165308702892,0.0874775909060717,0.0912038119074997,0.0949951938745733,0.0988517368072928,1471.90396231348,2310.72080003481,2931.65819572888,3042.58525906262,3373.10171391953,3645.35279731944,3703.57388947863,1016.21390360946,1191.25003234126,990.568601722733,872.180111509865,1209.53762450636,1405.71895313826,1688.66192491637,1767.56717355547,1438.17405747107,789.606427421036,1718.45635903392,2643.58561880036,3254.45585448348,6726.55512403341,6119.65507914559,7290.97244846628,8197.51123837443,8542.81740006424,8522.58540747082,9209.65584681989,10268.7594272278,11857.3404834451,12779.6525734269,12769.9561510543,13670.3474111421,14149.9432608126,15259.7578452883,16844.3001888024,17928.0611241845,18181.7820194849,18711.6856478181,21166.8060852007,22472.7078865847,30521.0994606113,31910.4845095219,32892.0130380765,37858.2941320444,39975.3232408606,39616.6442873971,40724.5034130414,40404.4407864434,39772.6265170039,40378.6089741412,44911.1563868948,45379.1641768949,45164.0311791451,42732.6027108203,45120.5918388564,42232.3768757841,42565.6847814484,44130.4655613599,43650.4835629188,44550.2816061192,49556.9463259485,52083.2215667636,50991.7156534307,53622.4016147668,55028.2877007337,56430.8002952305,54112.3481184595,58100.425705504,55624.6909073858,57344.070594268,55405.4551398496,57393.4331637986,57829.841545804,55606.9072356938
"CO2","slb","ktCO2",0,0,0,0,0,0,0,0,0,0,0,0,0,0,0,0,0,0,0,0,0,0,0,0,0,0,0,0,0,0,0,0,0,0,0,0,0,0,0,0,0,0,0,0,0,0,0,0,0,0,0,0,0,0,0,0,0,0,0,0,0,0,0,0,0,0,0,0,0,0,0,0,0,0,0,0,0,0,0,0,0,0,0,0,0,0,0,0,0,0,0,0,0,0,0,0,0,0,0,0,0,1.97398488325382e-05,3.96978175416789e-05,5.98739061274224e-05,8.02681145897687e-05,0.000100880442928717,0.000121710891144269,0.000142759459236422,0.000164026147205179,0.000185510955050538,0.0002072138827725,0.000228721254743025,0.0002503715328396,0.000272164717062225,0.0002941008074109,0.000316179803885625,0.0003384017064864,0.000360766515213225,0.0003832742300661,0.000405924851045025,0.00042871837815,0.00045170655325425,0.000474842562282,0.00049812640523325,0.000521558082108,0.000545137592906252,0.000568864937627998,0.00059274011627325,0.000616763128842002,0.000640933975334248,0.00066525265575,0.000689798184772502,0.000714496645439998,0.0007393480377525,0.000764352361710002,0.000789509617312498,0.00081481980456,0.000840282923452502,0.000865898973989998,0.0008916679561725,0.000917589870000002,0.000943772822324998,0.0009701139798,0.000996613342425002,0.0010232709102,0.001050086683125,0.0010770606612,0.001104192844425,0.0011314832328,0.001158931826325,0.001186538625,0.00121443976525,0.00124250444933334,0.00127073267725,0.001299124449,0.00132767976458334,0.001356398624,0.00138528102725,0.00141432697433334,0.00144353646525,0.0014729095,0.00151409325083334,0.00155582242,0.0015980970075,0.00164091701333334,0.0016842824375,0.00172819328,0.00177264954083334,0.00181765122,0.0018631983175,0.00190929083333334,0.0019580806,0.0020074764,0.00205747823333334,0.0021080861,0.0021593,0.00221111993333334,0.0022635459,0.0023165779,0.00237021593333334,0.00242446,0.002482037775,0.00254028893333334,0.002599213475,0.0026588114,0.00271908270833334,0.0027800274,0.002841645475,0.00290393693333334,0.002966901775,0.00303054,0.003098256525,0.00316672126666666,0.003235934225,0.0033058954,0.00337660479166666,0.0034480624,0.003520268225,0.00359322226666666,0.003666924525,0.003741375,0.00386358666666666,3.55626557523929,3.55566280706812,3.5550956332899,10.6547612667139,10.6526795390998,10.6507108134456,10.6488559206356,10.6471160465537,10.645492611251,14.1904282843653,14.1887643662872,14.1871972297203,17.7305812606334,24.817698278209,24.8151403785807,31.900135623982,35.4406356321124,35.437770242423,38.9779374893932,45.4155984778003,53.5191257042249,64.1712450207757,75.2032065978492,56.3735473941625,60.2589899597272,78.3033549547542,60.900268892808,107.504943181354,101.122975969255,130.796657038687,118.147248599917,139.337508795129,161.711681043576,146.691781677648,148.9146985137,157.470669481643,153.47833858309,155.692059072007,158.779112901346,162.928301693105,179.721029513468,182.034467735727,177.363254466941,174.503732658107,173.689676870764,167.098583862948,167.508502635877,176.020366127345,170.946311418178,186.417914069134,183.961889975921,193.440455754506,189.697003946182,182.631529882166,184.508583352501,178.079761774668,184.405689142769,187.736619975184,200.90168891407,195.03689130078,187.676990799458,185.466900024427,192.793192130095,210.236022388445,205.506275351465,206.712497040431,223.754960715223,225.893605214828,213.129775586035,221.978390982463,213.797537143353,227.33112811901
"CO2","sle","ktCO2",0,0,0,0,0,0,0,0,0,0,0,0,0,0,0,0,0,0,0,0,0,0,0,0,0,0,0,0,0,0,0,0,0,0,0,0,0,0,0,0,0,0,0,0,0,0,0,0,0,0,0,0,0,0,0,0,0,0,0,0,0,0,0,0,0,0,0,0,0,0,0,0,0,0,0,0,0,0,0,0,0,0,0,0,0,0,0,0,0,0,0,0,0,0,0,0,0,0,0,0,0,0.000350445536130852,0.000701479561826995,0.00105310207708843,0.00140531308191515,0.00175811257630717,0.00211150056026448,0.00246547703378707,0.00282004199687497,0.00317519544952814,0.00353093739174662,0.00389195772506602,0.00425441925732082,0.00461832198851104,0.00498366591863666,0.00535045104769768,0.00571867737569411,0.00608834490262595,0.0064594536284932,0.00683200355329586,0.00720599467703391,0.00758173582805068,0.00795894759022603,0.00833762996355996,0.00871778294805246,0.00909940654370359,0.00948250075051317,0.00986706556848142,0.0102531009976082,0.0106406070378936,0.0110295836893376,0.0114204961452659,0.0118129092248253,0.0122068229280159,0.0126022372548378,0.0129991522052908,0.013397567779375,0.0137974839770904,0.0141989007984371,0.0146018182434149,0.015006236312024,0.0154127828161916,0.0158208605689624,0.0162304695703366,0.016641609820314,0.0170542813188946,0.0174684840660785,0.0178842180618657,0.0183014833062562,0.0187202797992499,0.0191406075408469,0.01956326425532,0.0199874835017011,0.0204132652799904,0.0208406095901877,0.021269516432293,0.0216999858063065,0.022132017712228,0.0225656121500577,0.0230007691197954,0.0234374886214412,0.0243046765137676,0.0251874894251749,0.0260859273556631,0.0269999903052324,0.0279296782738822,0.0288749912616134,0.0298359292684254,0.0308124922943185,0.0318046803392925,0.0328124934033474,0.0339468688852913,0.0350999943834659,0.0362718698978707,0.0374624954285063,0.0386718709753722,0.0398999965384684,0.0411468721177954,0.0424124977133526,0.0436968733251406,0.044999998953159,0.0464737494588747,0.0479699999774004,0.0494887505087359,0.0510300010528813,0.0525937516098367,0.0541800021796018,0.0557887527621769,0.0574200033575624,0.0590737539657573,0.0607500045867622,0.0626535050338139,0.0645840054895707,0.0665415059540332,0.0685260064272005,0.0705375069090729,0.0725760073996511,0.0746415078989341,0.0767340084069223,0.0788535089236161,48.5696704010972,54.7862383306347,65.6907247262159,75.9142166324086,79.2005482771163,96.8228096726872,112.07214109795,306.641919635774,123.452937520502,189.429614356097,652.157142776105,255.123079458667,276.333527719818,345.621655100768,296.50777944558,265.054370539461,292.26300755509,247.118480332107,354.464920156684,1057.6947548388,836.923811472524,803.850679083715,668.890110159394,558.968816787002,540.825393052054,554.205735155917,485.169930935546,514.640567743362,688.169099269099,673.651786232376,577.476776289861,668.449300349404,530.988729724925,652.534359269316,586.145144534446,639.836378889259,650.552981144744,491.516374392582,449.244745310617,375.792130573191,358.088338239957,426.77272085788,273.242787018624,271.989857357613,282.845008225796,287.536377439456,296.219098053086,297.349453998958,364.860314177494,379.768781094795,431.032552780474,592.091032810828,610.751087664312,594.902729394784,614.717899387693,547.020461865864,718.516717302781,623.569132055672,590.652637468875,599.829054822945,641.306519770674,722.093864587919,769.620360235396,779.800513660631,815.396854748677,894.804707169503,951.07194233515,1068.74523975881,1158.9003871401,1249.93494438017,1284.38578683786,1337.44815938916,1421.6667905679,1403.71988526788
"CO2","slv","ktCO2",0,0,0,0,0,0,0,0,0,0,0,0,0,0,0,0,0,0,0,0,0,0,0,0,0,0,0,0,0,0,0,0,0,0,0,0,0,0,0,0,0,0,0,0,0,0,0,0,0,0,0,0,0,0,0,0,0,0,0,0,0,0,0,0,0,0,0,0,0,0,0,0,0,0,0,0,0,0,0,0,0,0,0,0,0,0,0,0,0,0,0,0,0,0,0,0,0,0,0,0,0,0.00015512491543077,0.000315499827999407,0.000481124737705911,0.000651999644550279,0.000828124548532517,0.00100949944965262,0.00119612434791059,0.00138799924330643,0.00158512413584013,0.0017874990255117,0.00199512391232113,0.00220799879626843,0.0024261236773536,0.00264949855557664,0.00287812343093754,0.0031119983034363,0.00335112317307294,0.00359549803984744,0.00384512290375981,0.00409999776481005,0.00439007677333475,0.00468825855521986,0.00499454311046536,0.00530893043907126,0.00563142054103758,0.00596201341636428,0.00630070906505138,0.00664750748709888,0.00700240868250683,0.00736541265127513,0.00773651939340384,0.00811572890889293,0.00850304119774243,0.00889845625995233,0.00930197409552269,0.00971359470445339,0.0101333180867445,0.010561144242396,0.0109970731714079,0.0114411048737802,0.011893239349513,0.0123534765986061,0.0128218166210596,0.0132982594168735,0.0137828049860478,0.0142754533285825,0.0147762044444776,0.0152850583337332,0.0158020149963491,0.0163270744323254,0.0172237654351443,0.0181428152424405,0.0190842238542141,0.0200479912704651,0.0210341174911934,0.022042602516399,0.023073446346082,0.0241266489802424,0.0252022104188801,0.0263001306619952,0.0278955297362814,0.029528865320838,0.0312001374156654,0.0329093460207634,0.034656491136132,0.0364415727617708,0.0382645908976807,0.0401255455438611,0.0420244367003117,0.0439612643670332,0.0448408744267831,0.0457275715850505,0.0466213558418351,0.0475222271971368,0.0484301856509561,0.0493452312032924,0.0502673638541459,0.0511965836035171,0.0521328904514054,0.0530762843978108,0.055075996924297,0.0571087034994626,0.0591744041233075,0.0612730987958317,0.0634047875170355,0.0655694702869185,0.0677671471054807,0.0699978179727224,0.0722614828886434,0.0745581418532437,0.0761891806640525,0.0778378593652449,0.0795041779568203,0.081188136438779,0.082889734811121,0.0846089730738463,0.0863458512269549,0.088100369270447,0.0898725272043221,256.510106769895,309.013919204511,372.162167797919,401.711468580462,451.446963041206,444.792775754484,508.30689306307,575.917499221959,576.02760641827,582.882370483489,597.326494054334,561.773890449394,624.845736760546,1082.27691577353,1184.72903381764,1001.97401072071,1257.60883793226,1117.26419389983,1216.6250386139,1149.55186677937,1386.17838470098,1411.22428336717,1658.81321852219,1827.5080633121,1862.77686044954,2112.12109660336,2131.3193084182,2218.52007374191,2265.08179383572,2237.54785452904,1861.53116492669,1734.1886631882,1702.19889751511,1715.18556095503,1727.30053348346,1874.7613733933,1853.56045699771,2309.38643182289,2405.24064649212,2358.40289157888,2430.27811105321,3117.68087937405,3411.9370750166,3981.21980529653,4522.6026880456,5027.31286775327,4466.63638651172,5401.08227848014,5761.21972364575,5702.77550797248,5706.60580660918,5937.94562952166,6003.47282513682,6577.38563068567,6742.8529672084,6907.12813046403,7320.65985327614,7737.29398320096,7015.11589428277,6783.4169430107,6649.30844260991,6891.19568733162,6887.65278681724,6572.24952366402,6726.22043485641,7133.91698848316,7258.9824519302,6466.25936168081,6976.68730575177,8062.53741805149,6500.00615727848,7467.03402289889,8437.62436337551,7875.08573185346
"CO2","som","ktCO2",0,0,0,0,0,0,0,0,0,0,0,0,0,0,0,0,0,0,0,0,0,0,0,0,0,0,0,0,0,0,0,0,0,0,0,0,0,0,0,0,0,0,0,0,0,0,0,0,0,0,0,0,0,0,0,0,0,0,0,0,0,0,0,0,0,0,0,0,0,0,0,0,0,0,0,0,0,0,0,0,0,0,0,0,0,0,0,0,0,0,0,0,0,0,0,0,0,0,0,0,0,0.0003393521482277,0.000681520496855629,0.00102650504588379,0.00137430579531218,0.0017249227451408,0.00207835589536965,0.00243460524599873,0.00279367079702803,0.00315555254845758,0.00352025050028734,0.00389265594794931,0.0042687669224537,0.0046485834238005,0.00503210545198969,0.0054193330070213,0.00581026608889532,0.00620490469761174,0.00660324883317057,0.00700529849557181,0.00741105368481546,0.00782256219205126,0.00823797125385803,0.00865728087023574,0.00908049104118441,0.00950760176670407,0.0099386130467946,0.0103735248814562,0.0108123372706887,0.0112550502144921,0.0117016637128665,0.0121553597971724,0.012613161728395,0.0130750695065345,0.0135410831315908,0.0140112026035638,0.0144854279224537,0.0149637590882604,0.0154461961009838,0.015932738960624,0.0164233876671811,0.0169225722133809,0.0174260787037037,0.0179339071381495,0.0184460575167181,0.0189625298394097,0.0194833241062243,0.0200084403171617,0.0205378784722222,0.0210716385714056,0.0216097206147118,0.0221579255310957,0.0227106798790125,0.0232679836584619,0.0238298368694445,0.0243962395119598,0.0249671915860082,0.0255426930915896,0.0261227440287037,0.0267073443973508,0.0272964941975308,0.0283064648895062,0.029334633257613,0.0303809993018519,0.0314455630222222,0.0325283244187243,0.033629283491358,0.0347484402401236,0.0358857946650205,0.0370413467660495,0.0382150965432099,0.0395362473787036,0.0408792354222222,0.0422440606737655,0.0436307231333333,0.0450392228009259,0.0464695596765433,0.0479217337601852,0.0493957450518519,0.0508915935515433,0.0524092792592593,0.0541256834249999,0.0558682922370371,0.0576371056953702,0.0594321238,0.0612533465509262,0.0631007739481481,0.0649744059916668,0.0668742426814815,0.0688002840175926,0.0707525299999999,0.0729694427583334,0.075217801088889,0.0774976049916665,0.0798088544666667,0.0821515495138889,0.0845256901333332,0.0869312763250001,0.0893683080888889,0.0918367854249999,47.1624255172849,47.1147511491469,47.2100375214939,47.3082063986626,47.4092691102361,65.7450627926746,69.5461459142962,73.3676019394845,84.5519455468575,88.4333391313077,84.9607135892422,88.8701663944068,107.63006573169,104.192991968366,138.001774834766,134.637237988049,142.498602633766,233.048969009213,158.371076896665,166.383900941631,225.167465260921,203.861388345323,246.891632194577,287.487898092317,355.53781628567,539.168677584389,524.412366795525,803.657502206268,553.336136829339,501.349945656495,781.057705119561,285.030063187872,698.363372350182,894.1728036524,691.857597283743,837.884732578197,940.42388855841,1000.80376557132,985.626303252703,952.617943706741,52.8412302902149,42.6078126991735,50.3076298392724,52.2883685177579,54.3182188527364,56.7897680531434,49.0457814159883,51.4687830411282,54.3834260365382,57.1966785171524,602.824959872077,618.57573428981,694.552235002624,662.161379416563,700.935331393671,740.179030017479,741.74793250414,777.106901953118,709.563196132694,716.531887434887,731.132734286107,617.723905170956,654.387157840799,661.958527301107,689.007074505543,751.435110214798,795.887594960485,888.003209136549,958.976411765183,1030.67064887748,1053.7298275539,1095.84884400804,1162.15721357714,1149.48710792413
"CO2","spm","ktCO2",0,0,0,0,0,0,0,0,0,0,0,0,0,0,0,0,0,0,0,0,0,0,0,0,0,0,0,0,0,0,0,0,0,0,0,0,0,0,0,0,0,0,0,0,0,0,0,0,0,0,0,0,0,0,0,0,0,0,0,0,0,0,0,0,0,0,0,0,0,0,0,0,0,0,0,0,0,0,0,0,0,0,0,0,0,0,0,0,0,0,0,0,0,0,0,0,0,0,0,0,0,2.02539337095568e-06,4.06424450517351e-06,6.11655340265351e-06,8.18232006339568e-06,1.02615444874e-05,1.23542266746665e-05,1.44603666251952e-05,1.65799643389859e-05,1.8713019816039e-05,2.08595330563541e-05,2.3024608728755e-05,2.52040702860224e-05,2.73979177281562e-05,2.96061510551564e-05,3.18287702670231e-05,3.40657753637562e-05,3.63171663453558e-05,3.85829432118218e-05,4.08631059631544e-05,4.31576545993533e-05,4.54717978028703e-05,4.78008229562493e-05,5.01447300594899e-05,5.25035191125926e-05,5.48771901155573e-05,5.72657430683831e-05,5.96691779710715e-05,6.20874948236216e-05,6.45206936260331e-05,6.69687743783069e-05,6.94396912260584e-05,7.19260031943561e-05,7.4427710283201e-05,7.69448124925928e-05,7.94773098225306e-05,8.20252022730159e-05,8.45884898440478e-05,8.7167172535626e-05,8.97612503477513e-05,9.23707232804235e-05,9.50064740912696e-05,9.7658150888889e-05,0.000100325753673281,0.000103009282444444,0.000105708737202381,0.00010842411794709,0.000111155424678571,0.000113902657396825,0.000116665816101852,0.000119444900793651,0.000122252215357143,0.000125075938412699,0.000127916069960317,0.00013077261,0.000133645558531746,0.000136534915555555,0.000139440681071429,0.000142362855079365,0.000145301437579365,0.000148256428571428,0.000149536561904762,0.000150777652380952,0.0001519797,0.000153142704761905,0.000154266666666666,0.000155351585714286,0.000156397461904762,0.000157404295238095,0.000158372085714286,0.000159300833333334,0.000160190538095238,0.0001610412,0.000161852819047619,0.000162625395238095,0.000163358928571428,0.000164053419047619,0.000164708866666667,0.000165325271428571,0.000165902633333334,0.000166440952380952,0.000167030142857143,0.000167582510582011,0.000168098055555555,0.000168576777777778,0.000169018677248678,0.000169423753968254,0.000169792007936508,0.000170123439153439,0.000170418047619048,0.000170675833333333,0.0001726543,0.00017463457037037,0.000176616644444444,0.000178600522222222,0.000180586203703704,0.000182573688888889,0.000184562977777778,0.00018655407037037,0.000188546966666666,0.0151622500768236,0.571324430305696,0.0338832889228532,0.583110728442968,0.589104376318297,1.71022331272681,1.71737102652194,1.73220559755221,1.73975518615744,1.74001979233765,1.17786553584379,3.48581607342898,1.76073245040461,1.77302884501264,4.1222412076276,3.54754856138801,3.56960135626517,4.77684720287253,5.38106775400507,3.61945788132788,4.83994035111597,5.98407357721539,12.3043503383024,6.28957532669977,6.42416873150451,5.57193815154743,8.07770808506179,6.25566517623653,5.87288864899146,6.50211826542068,6.68851351639002,8.65137913484349,8.34611003359848,6.58762372203145,7.44472963674698,6.73037222497279,10.3076787311225,11.6103894992163,15.5327904850062,25.7161530813759,51.5492267801984,59.7205574674835,56.1367421234444,43.1712725961211,41.6247546302554,42.6069736261455,42.4127524052166,29.7972574194279,35.1364860025677,36.7929139441422,32.7084537615801,31.5536935845943,16.3979167275668,18.7091475974165,17.4974176834799,18.6088331271929,19.4135330215606,20.4081597124829,21.7773284592145,22.7543710106006,22.9722548831066,15.9540476756531,16.7929968976122,16.8247827937176,16.8909547214108,17.40650078316,17.504319426214,17.7310633766428,17.8587605904973,18.2722512182809,16.3442289819933,17.0077488162632,17.8241640832226,18.5210269974563
"CO2","srb","ktCO2",0,0,0,0,0,0,0,0,0,0,0,0,0,0,0,0,0,0,0,0,0,0,0,0,0,0,0,0,0,0,0,0,0,0,0,0,0,0,0,0,0,0,0,0,0,0,0,0,0,0,0,0,0,0,0,0,0,0,0,0,0,0,0,0,0,0,0,0,0,0,0,0,0,0,0,0,0,0,0,0,0,0,0,0,0,0,0,0,0,0,0,0,0,0,0,0,0,0,0,0,0,0,0,0,0,0,0,0,0,0,0,0,0,0,0,0,0,0,0,0,0,0,0,0,0,0,0,0,0,0,0,0,0,0,0,11.8936259110828,0,0,0,0,35.6808777332482,41.6276906887894,46.0878004054454,81.7686781386936,156.103840082961,156.103840082961,173.944278949584,135.289994738566,205.165046966177,239.359221460539,324.101306077005,353.798828721903,331.467075641559,359.673071206822,383.415955568474,416.070852535147,497.752780473082,506.621606906435,545.200977089041,560.007586966197,554.018333488906,600.015024839829,614.819338769746,1688.3986006581,0,0,0,0,0,1209.74427932344,1605.96501790934,1709.76384141982,2487.47222398478,2711.36943261116,2779.53926789999,3051.51937993217,2972.99005905077,3357.57190067973,3782.02526636823,4159.15960766005,3915.63516620996,3582.13618009782,3272.04693182061,3025.66837843248,3150.17703947364,3293.34594757897,3253.38918880816,3629.64917158472,3426.57594730587,3596.22845910821,4170.10783209005,0,0,164.309390875576,37.7340807567137,2102.0928862984,4141.06545393644,5744.68939953906,6481.03885275313,7408.81310859346,7140.04050325464,6762.67190798355,6763.29495820081,6732.41042111572,8027.0925247343,9182.70691512287,10497.6930703824,11379.2977307708,11203.2363308354,12830.8298727057,14001.0097147918,14634.5535931668,14962.384496705,16581.3196616242,18716.1040128281,19183.1601167112,18951.4945681925,19101.7406471442,20360.846895534,21016.7484674905,27364.4516345039,29040.5910985938,28619.1123709132,31097.0005046567,33864.3366261963,33192.619474677,34718.6896143547,37395.0884349335,42646.1870039075,45534.9400592447,42554.9931322216,39563.2297155116,41890.9959431611,43661.51252444,46814.5969322204,49504.0951315697,52109.6186155849,54791.4306193223,56721.2771066523,52539.8429787499,65749.2190211088,54433.0711500739,51746.5417181435,45639.1639142547,41856.4614856972,47110.7866391626,55650.2623243149,59534.1674574439,59510.9847833671,42631.1472997731,45732.3774001487,48169.265916079,51818.4035566164,55401.754710935,59959.9968266774,52178.3786330814,55726.3220717829,55969.6379220138,55085.7071293595,48361.516951621,48177.1850913797,51964.4896626628,46157.8109587588,46929.38616291,38646.8920306503,45386.609707395,46774.990020884,47510.3268052433,46075.5144215672,46043.7020764313,46733.7934509061,45035.2146459902,45746.9275158434,44251.6861865692
"CO2","srb (kosovo)","ktCO2",0,0,0,0,0,0,0,0,0,0,0,0,0,0,0,0,0,0,0,0,0,0,0,0,0,0,0,0,0,0,0,0,0,0,0,0,0,0,0,0,0,0,0,0,0,0,0,0,0,0,0,0,0,0,0,0,0,0,0,0,0,0,0,0,0,0,0,0,0,0,0,0,0,0,0,0,0,0,0,0,0,0,0,0,0,0,0,0,0,0,0,0,0,0,0,0,0,0,0,0,0,0,0,0,0,0,0,0,0,0,0,0,0,0,0,0,0,0,0,0,0,0,0,0,0,0,0,0,0,0,0,0,0,0,0,0,0,0,0,0,0,0,0,0,0,0,0,0,0,0,0,0,0,0,0,0,0,0,0,0,0,0,0,0,0,0,0,0,0,0,0,0,0,0,0,0,0,0,0,0,0,0,0,0,0,0,0,0,0,0,0,0,0,0,0,0,0,0,0,0,0,0,0,0,0,0,0,0,0,0,0,0,0,0,0,0,0,0,0,0,0,0,0,0,0,0,0,0,0,0,0,0,0,0,0,0,0,0,0,0,0,0,0,0,0,0,0,0,0,0,5612.41077910062,7118.73513262147,7076.69021702879,7448.30309805707,7522.70588148382,7290.51631296857,7351.76023453023,7710.82948229638,8304.4126683719,9234.44521310377,9563.61717575376,9431.67171007516,8889.79608415705,9115.13052524321,8110.15880155391,9429.8170916357,9971.01455571394,8906.87939962111,9033.67047970946,9427.82285066013,9532.8133579726,9796.98510269823,9489.18149818018,9022.14876811157
"CO2","ssd","ktCO2",0,0,0,0,0,0,0,0,0,0,0,0,0,0,0,0,0,0,0,0,0,0,0,0,0,0,0,0,0,0,0,0,0,0,0,0,0,0,0,0,0,0,0,0,0,0,0,0,0,0,0,0,0,0,0,0,0,0,0,0,0,0,0,0,0,0,0,0,0,0,0,0,0,0,0,0,0,0,0,0,0,0,0,0,0,0,0,0,0,0,0,0,0,0,0,0,0,0,0,0,0,0.000658846123335845,0.00132155644680856,0.00198813097041814,0.00265856969416458,0.00333287261804789,0.00401103974206807,0.00469307106622511,0.00537896659051902,0.00606872631494979,0.00676235023951745,0.00746719520679025,0.00817724198193955,0.00889249056496546,0.00961294095586786,0.0103385931546469,0.0110694471613024,0.0118055029758345,0.0125467605982432,0.0132932200285283,0.0140448812666901,0.0148038450428324,0.0155682106963849,0.0163379782273478,0.017113147635721,0.0178937189215042,0.0186796920846978,0.0194710671253018,0.0202678440433159,0.0210700228387402,0.0218776035115749,0.0226938064118145,0.02351561895398,0.0243430411380717,0.0251760729640894,0.0260147144320331,0.0268589655419027,0.0277088262936986,0.0285642966874204,0.0294253767230682,0.0302920664006422,0.0311687887070455,0.0320513364108333,0.0329397095120061,0.0338339080105635,0.0347339319065056,0.0356397811998327,0.0365514558905442,0.0374689559786405,0.0383922814641218,0.0393214323469876,0.0402621219977501,0.0412088610996429,0.0421616496526662,0.0431204876568196,0.0440853751121032,0.0450563120185174,0.0460332983760617,0.0470163341847364,0.0480054194445416,0.0490005541554768,0.0501730674156258,0.0513572474743831,0.0525530943317489,0.0537606079877232,0.0549797884423058,0.056210635695497,0.0574531497472966,0.0587073305977046,0.0599731782467211,0.061250692694346,0.0625694576084791,0.0639007226639789,0.0652444878608446,0.0666007531990766,0.0679695186786747,0.069350784299639,0.0707445500619695,0.0721508159656665,0.0735695820107291,0.0750008481971582,0.0764807756481915,0.0779740961078316,0.0794808095760779,0.0810009160529311,0.0825344155383907,0.0840813080324569,0.0856415935351304,0.0872152720464099,0.088802343566296,0.0904028080947888,0.0920601929098602,0.09373192737701,0.0954180114962378,0.0971184452675449,0.0988332286909302,0.100562361766394,0.102305844493936,0.104063676873557,0.105835858905256,1.5554075632269,2.04214606746979,2.22490627174208,2.3019677361184,2.49364233413153,2.60700444428681,2.63445703498686,3.3845242722866,3.64174120014549,3.917943492572,3.99364313041982,4.03931095699339,4.32550070436105,4.79878595602433,5.41225801566857,6.95513475868472,7.53769850308366,8.95091003960137,8.65147118971227,11.5646621084375,13.076289095846,13.23472872904,14.1021502670497,13.9428658970455,14.9702494380261,14.4490059101393,14.1602391529079,15.280909287393,14.8745936604416,14.9165452521103,15.1429112518351,14.7385648318484,14.429636608073,15.5977446445863,15.2594715975099,15.5460784255071,16.2020928299819,15.2120566313484,16.5097884703081,15.8381783013089,16.1529303972745,16.2910685882445,15.5134692303713,13.8758719394689,27.2134120618053,23.8021617399367,25.7688849715763,30.8840267286678,30.6742085740559,51.5456826629925,95.6167205701603,90.164764949491,125.14175177132,137.104497109371,181.603432063577,214.274082834019,236.420372958657,296.903115219254,274.086597765272,303.471834043041,323.174211845168,296.084589968574,1637.05246292856,1686.44624545966,1738.46446355215,2131.30847937713,1818.46995894933,1598.78126144174,1842.86631376202,1829.81965655777,1749.70139339183,1779.09041205037,1666.63685604012,1677.37858635648
"CO2","stp","ktCO2",0,0,0,0,0,0,0,0,0,0,0,0,0,0,0,0,0,0,0,0,0,0,0,0,0,0,0,0,0,0,0,0,0,0,0,0,0,0,0,0,0,0,0,0,0,0,0,0,0,0,0,0,0,0,0,0,0,0,0,0,0,0,0,0,0,0,0,0,0,0,0,0,0,0,0,0,0,0,0,0,0,0,0,0,0,0,0,0,0,0,0,0,0,0,0,0,0,0,0,0,0,1.0558352436778e-05,2.13303479690127e-05,3.2315986596704e-05,4.35152683198521e-05,5.49281931384566e-05,6.6554761052518e-05,7.83949720620361e-05,9.04488261670106e-05,0.000102716323367442,0.00011519746366333,0.0001280201817932,0.000141079803880078,0.000154376329923962,0.000167909759924853,0.000181680093882751,0.000195687331797656,0.000209931473669567,0.000224412519498487,0.000239130469284412,0.000254085323027344,0.000269548328952246,0.000285274071998438,0.000301262552165918,0.000317513769454687,0.000334027723864747,0.000350804415396093,0.000367843844048731,0.000385146009822657,0.00040271091271787,0.000420538552734375,0.00043907363982422,0.000457900154999999,0.000477018098261719,0.000496427469609376,0.000516128269042968,0.0005361204965625,0.00055640415216797,0.000576979235859374,0.000597845747636719,0.000619003687500001,0.000641106307968749,0.0006635322225,0.000686281431093751,0.000709353933749999,0.00073274973046875,0.000756468821250001,0.000780511206093749,0.000804876885,0.000829565857968751,0.000854578124999999,0.00088072909375,0.000907235333333335,0.000934096843749999,0.000961313625,0.000988885677083335,0.001016813,0.00104509559375,0.00107373345833333,0.00110272659375,0.001132075,0.00116297770833333,0.001194275,0.001225966875,0.00125805333333333,0.001290534375,0.00132341,0.00135668020833333,0.001390345,0.001424404375,0.00145885833333334,0.00149525704166667,0.001532094,0.00156936920833334,0.00160708266666666,0.001645234375,0.00168382433333334,0.00172285254166666,0.001762319,0.00180222370833334,0.00184256666666666,0.001882639125,0.00192313233333334,0.00196404629166666,0.002005381,0.00204713645833334,0.00208931266666666,0.002131909625,0.00217492733333334,0.00221836579166666,0.002262225,0.00228612475,0.00230999733333333,0.00233384275,0.002357661,0.00238145208333333,0.002405216,0.00242895275,0.00245266233333333,0.00247634475,0.0025,3.39978338979575,3.40685583814768,3.41415576096766,3.42168879658899,3.4294568912617,6.87299990121891,10.3323469841143,6.90619032125675,6.92342484967976,10.4097743278513,10.4375572222913,10.4645208009742,6.99647691314919,10.5218225827135,10.5514719320226,10.5817976847359,10.6135169116839,14.1919394418866,14.2349685807874,14.2440936265451,11.2686887192017,11.078167675502,15.299359513879,19.0303990161313,19.3630743257592,31.142806553139,29.0934855728055,31.7545463133763,32.5594207619083,37.7567635533791,42.1009436010833,45.2305735995193,51.6090910006542,48.3254481462998,52.4763929781139,48.9956150818945,49.7047799423848,45.7502936592861,46.5016599712121,42.5312445291836,42.2807443119853,42.2142093494045,42.4977493766837,43.1885124336832,43.3892913135141,44.2218496266984,43.3668667660062,53.0510317499333,52.8499044196637,51.2745651043037,58.101288964488,64.2709287935089,67.3489419740575,79.067098227662,87.5850751916169,95.5913880274477,97.9679615550559,89.4029458629221,98.5450267989346,106.072824339186,96.5640924802173,103.109633024986,104.511901999704,109.426001216278,120.331489537488,128.039800824999,144.212962187667,156.591810679487,169.089734874757,174.322037100798,181.586131765675,193.150258011159,190.623670128061
"CO2","sur","ktCO2",0,0,0,0,0,0,0,0,0,0,0,0,0,0,0,0,0,0,0,0,0,0,0,0,0,0,0,0,0,0,0,0,0,0,0,0,0,0,0,0,0,0,0,0,0,0,0,0,0,0,0,0,0,0,0,0,0,0,0,0,0,0,0,0,0,0,0,0,0,0,0,0,0,0,0,0,0,0,0,0,0,0,0,0,0,0,0,0,0,0,0,0,0,0,0,0,0,0,0,0,0,2.50033583077895e-05,5.03613741802284e-05,7.60740476173169e-05,0.000102141378619055,0.000128563367185442,0.000155340013316479,0.000182471317012166,0.000209957278272501,0.000237797897097487,0.000265993173487122,0.000295843518511788,0.000326284959477537,0.000357317496384368,0.000388941129232281,0.000421155858021277,0.000453961682751355,0.000487358603422515,0.000521346620034759,0.000555925732588085,0.000591095941082493,0.000627546857449248,0.000664654547083871,0.000702419009986363,0.000740840246156725,0.000779918255594959,0.000819653038301055,0.000860044594275028,0.00090109292351687,0.000942798026026574,0.000985159901804156,0.00102930966036649,0.00107418916700423,0.00111979842171739,0.00116613742450596,0.00121320617536993,0.00126100467430932,0.00130953292132412,0.00135879091641432,0.00140877865957994,0.00145949615082097,0.00151260559408695,0.00156652586854784,0.00162125697420363,0.00167679891105431,0.0017331516790999,0.0017903152783404,0.00184828970877578,0.00190707497040607,0.00196667106323126,0.00202707798725135,0.00209059267251856,0.00215500826466899,0.00222032476370264,0.00228654216961951,0.00235366048241963,0.00242167970210294,0.0024905998286695,0.00256042086211927,0.00263114280245224,0.00270276564966848,0.00280276757203953,0.0029045713248437,0.003008176908081,0.00311358432175142,0.0032207935658549,0.00332980464039154,0.00344061754536129,0.00355323228076414,0.00366764884660012,0.00378386724286918,0.0039146805839798,0.0040476561249435,0.00418279386576027,0.00432009380643006,0.00445955594695297,0.00460118028732894,0.00474496682755794,0.00489091556764005,0.00503902650757523,0.00518929964736346,0.00533736440235307,0.00548748344152534,0.00563965676488028,0.00579388437241785,0.00595016626413809,0.00610850244004096,0.00626889290012654,0.00643133764439475,0.00659583667284559,0.00676238998547914,0.00696897942845268,0.00717845792145847,0.00739082546449658,0.00760608205756693,0.00782422770066952,0.00804526239380444,0.00826918613697159,0.00849599893017099,0.00872570077340272,30.7769596339594,33.9378547319165,38.3909392289723,46.1325581198202,48.4984914047085,45.9574454797208,51.0901614898573,56.2717411724079,48.2072651069542,55.6554123744287,65.9695218570103,65.7139520776196,76.1802645347758,82.2165704219873,92.3108428969687,120.829179745547,164.037722731143,203.635885135453,219.831419166611,231.526726012807,245.120998138528,287.985292706515,334.264483243637,370.402452359027,259.114531949377,379.186250031037,346.746937638976,328.921006356219,436.530864537981,417.574656563145,447.485192783231,451.93285882724,407.754742985141,295.376154984803,330.975984133084,347.319853828015,402.260849254626,419.864309049229,464.035667918767,487.290233997989,1032.15378152426,1235.38138585064,1257.144027735,1282.45462018098,1308.50471243213,1350.40928085223,1313.43355264756,1354.27155912711,1398.04885164651,1455.40042998968,1504.55128662446,1545.33693933927,1133.20373695315,1249.9337993814,1409.67617655012,1705.79010352385,1547.07107369806,1428.54762210197,1473.83343068814,1465.7873249701,1764.1421875093,1977.98301984798,2466.87278339464,2316.00603055905,2648.61994684517,2754.32357967326,2981.81996679061,2469.59827839983,2164.28476113127,2685.03196920266,2622.13795676028,2740.01481592462,2876.64936740264,3010.23884025962
"CO2","svk","ktCO2",0,0,0,0,0,0,0,0,0,0,0,0,0,0,0,0,0,0,0,0,0,0,0,0,0,0,0,0,0,0,0,0,0,0,0,0,0,0,0,0,0,0,0,0,0,0,0,0,0,0,0,0,0,0,0,0,0,0,0,0,0,0,0,0,0,0,0,0,0,0,0,0,0,0,0,0,0,0,0,0,0,0,0,0,0,0,0,0,0,0,0,0,0,0,0,0,0,0,0,0,0,0.0319154480967786,0.0642154196646029,0.0968999147034724,0.129968933213387,0.163422475194348,0.197260540646354,0.231483129569406,0.266090241963505,0.301081877828646,35.5405198847446,115.731967207787,195.884602751555,275.527349239432,354.671059966923,433.326282534641,511.503269535824,588.74033495668,665.991909243551,742.794316438056,819.156727788995,895.362471404865,970.724108078223,1046.18021359891,1121.27182144248,1196.00597228383,2061.61455367174,2160.78913061006,2259.51850159034,2422.23583171105,2560.05737165363,2700.06810412598,2757.45174329903,2941.38202839937,3034.17899236794,3181.56018588214,3340.35459342275,3504.19934259271,3751.12316794092,3966.37911927261,4236.49138701461,4377.42043328964,4429.01912463578,4512.4699194324,4610.58945165483,4769.71658730264,4871.46911287036,5139.39038316752,5237.83229717943,5357.20786363791,5302.11070928762,5516.43632776247,5566.64855304332,5647.57772596848,5679.14771859591,5822.42048626464,6055.64182765495,6338.79806217902,6430.1395090968,6365.95870792933,6275.24865400825,6379.4549054872,6814.00303048315,7154.82521773506,6549.00256871028,6559.74957963816,7008.79589529079,6618.40900392178,5664.79101299118,5371.94879430478,5348.52053305658,5162.06262549653,4628.85439247228,4909.83155702794,6049.73990344118,5722.25042830503,5824.06995459224,6271.5925380694,6628.26571140682,7443.63712291697,6964.69644600546,6585.79398355745,5810.28649397117,5328.735797658,5394.7869439798,5618.23998248106,6173.70485743339,7578.67332255007,8321.32584276163,9326.42241012257,10606.1090933837,10783.5287581488,11714.3481687917,13028.5037128209,12418.2423644159,6644.53321382608,8601.23812232057,9937.01019767105,10858.3533675443,11503.7391494617,12245.9687078158,13193.5843452353,14294.3912957874,14988.4490410931,16215.2915998203,17043.2482033095,18578.9743941452,20332.017683734,22851.6460581642,23595.4270664915,25361.22880812,27691.9736202075,29571.2470339092,30939.7995180437,32620.196121241,32118.5532969129,32447.4864702358,33240.8949936544,35086.5818982547,37907.432249668,43668.1672727056,47653.5655351129,48551.2426931527,48592.0180042588,50682.3478357954,50687.494817676,52955.0300247207,55947.3753760429,58121.2556293951,59647.990163805,60563.1871317211,59279.7982822122,57454.4399043097,57111.4696717787,59197.8811607235,59045.0827226703,56369.1667168615,58262.2085501885,59110.0410351021,58648.1077435586,62929.0341809477,53961.97301027,50778.6201910958,49200.511616634,45935.0046186518,47378.6705171359,47953.9650162916,48101.8895352034,47256.917136214,46046.6260359687,42555.8236900417,45285.3837196139,45545.4789623781,44848.7271668811,45000.8109263,45488.9367003625,44841.1018556607,43587.8014542475,43826.735639732,39523.1429081436,41841.6739517706,40086.0657551133,38346.99696416,38315.5372370981,35479.8837972187,35858.0898579353,36625.4827253288,38694.8178149078,38220.1336330375,35881.0934529508,33256.1119619197,37131.2373958802,31411.3575136548,30302.30654152
"CO2","svn","ktCO2",0,0,0,0,0,0,0,0,0,0,0,0,0,0,0,0,0,0,0,0,0,0,0,0,0,0,0,0,0,0,0,0,0,0,0,0,0,0,0,0,0,0,0,0,0,0,0,0,0,0,0,0,0,0,0,0,0,0,0,0,0,0,0,0,0,0,0,0,0,0,0,0,0,0,0,0,0,0,0,0,0,0,0,0,0,0,0,0,0,0,0,0,0,0,0,0,0,0,0,0,0,0.0247425784543044,0.0497832602634799,0.0751220454275269,0.100758933946444,0.126693925820233,0.152927021048894,0.179458219632425,0.206287521570828,0.233414926864101,0.260840435512245,0.290026365323615,0.319776274455012,0.350090162906436,0.380968030677885,0.412409877769361,0.444415704180864,0.476985509912393,0.510119294963948,0.543817059335531,0.578078803027137,0.613544718780427,0.649635584591037,0.686351400458979,0.723692166384243,0.761657882366839,0.8002485908371,0.839464250226211,0.879304860534186,0.91977042176101,0.960860933906698,1.00362361086023,1.04707880099412,1.09122650430835,1.13606672080294,3.25085755680242,1.22782469333319,1.27474244936885,1.32235271858486,1.37065550098123,7.62742511553152,8.71327673510099,9.54123847085004,15.8017701151711,28.7881579845168,28.8424500688045,32.0013966920491,25.3321346897225,37.5456202870772,43.5520989449283,58.353691934129,63.5814881935251,59.7580596738533,64.7280596742052,68.9224157633325,74.6681372380775,88.94444987363,90.553561428661,97.3325743743211,99.976443922575,99.0030921726016,107.087164844631,109.745621959844,296.611334566059,2.94848777892916,3.03502481788032,3.12280699264851,3.21183430323369,3.3021067496359,213.865285628492,282.892638995378,301.051901917901,438.794694282134,477.77572983926,489.815320528417,538.055639526965,524.860410079939,592.49537872367,746.354208122261,733.224505171358,692.944110602677,720.770640189672,643.342767708133,598.306049988854,622.472466530649,659.081348588411,638.363832727494,702.564688750487,677.427846843661,701.978523444612,731.405681182332,6.00430868269727,6.15578708727497,71.0918106979068,13.9562331195183,387.402859227271,791.258245903239,1138.75474955984,1262.38207531377,1434.15931876742,1385.4071454357,1298.61167768574,1307.45006043216,1295.58619760826,1522.82192432406,1734.87212049335,1955.7699001508,2144.96346430707,2113.77136594072,2412.97007033469,2628.06308406212,2734.38666686574,2808.10138716687,3120.00955075719,3514.09620542587,3624.18572200634,3601.62321742832,3631.15733594243,3889.75949015939,4035.84517186095,5196.54475744631,5701.58876218433,5486.56401535203,5953.62655906269,6485.29839424442,6574.37062862923,6395.3114600135,6740.43311803935,7063.77364556817,7313.6400407218,7223.04005407189,10729.9944449921,10721.059865628,10286.5841270701,11519.5160421596,11836.1456242686,12453.2991498032,12301.638299926,12101.9913370335,12593.7044054984,14851.174997455,13830.6014349685,13650.0227520126,14177.7065280715,14436.0663868612,15279.4733310408,15993.2001364209,16627.6110752369,16211.1111408473,15666.1173039931,15148.027391913,16086.891802602,16381.821221308,16307.7640687237,16662.0940736102,16889.0603585362,17246.592324543,17270.5141844842,18210.6745894737,16146.8697414805,16439.9007167239,16329.8011790801,15744.5533172308,15132.709591843,13526.2426783633,13587.7346754124,14389.5536729094,14571.2141099005,14524.3802735897,14027.0501318951,12789.1866445835,13078.3064759052,12624.599740718,12360.3795857566
"CO2","swe","ktCO2",0,0,0,0,0,0,0,0,0,0,0,0,0,0,0,0,0,0,0,0,0,0,0,0,0,0,0,0,0,0,0,0,0,0,0,0,0,0,0,0,0,0,0,0,0,0,0,0,0,0,0,0,0,0,0,0,0,0,0,0,0,0,0,0,0,0,0,0,0,0,0,0,0,0,0,0,0,0,0,0,0,0,0,0,17.8409724009171,0,68.4340438217265,69.7131848277401,70.3527553307469,74.6541366796822,80.3716080125021,77.813326000475,78.8781916401352,85.6814880077626,75.8736550963073,63.6058259564547,82.0760441551691,89.1113196882438,92.9277833111374,105.063504138734,109.028164672271,117.119465554216,117.283248090429,123.395824148293,183.033120130251,171.308329229885,258.701854389292,332.220870402662,278.872552064189,409.882751256534,408.07862529673,525.231690395524,535.34355514309,535.548402611093,565.149066440296,589.151072872369,605.228392257207,563.822767925571,670.408425053029,597.294639525443,735.950620206843,789.363762210958,939.914897356527,955.671384327703,1032.88391943054,1251.1902826272,1330.73748549245,1411.92625890994,1200.07875009962,1223.09791664489,1553.12412907669,1518.28885448807,1734.26391516727,1775.79583380415,1961.00410770334,2113.55014471333,2075.44902583347,2101.47513898459,2343.92283581525,2752.96043693616,2720.74204359603,2921.08230209464,2907.51846026731,2933.51251303354,3259.62714447757,3311.99704829654,3413.17257050433,3810.12845037235,4050.67323415461,5055.26731924986,5083.61486088076,4729.8119051238,4956.39250181424,5448.85782948221,5732.33655423757,5658.90139128262,6271.107313939,7080.85611556085,7744.32083870759,7149.6848176869,7407.52981138784,7276.84258066313,8036.63400381083,9051.81120201935,8436.49381392868,8515.53759300152,8997.64368808221,3936.78656832972,4554.9070870742,4553.04172700624,6096.20821247976,3633.78266442436,5890.09773368037,7131.31089692688,8455.04695841206,7712.06030108201,7567.86635592139,10380.8149815122,9599.24877865409,11382.0890103235,11294.0028303741,11343.7924361637,11322.268628791,11787.438681339,13110.13087364,13940.5206712787,15244.1398942567,17617.2605042506,16343.0520420264,18331.4855161692,11019.8282510531,13783.2131913224,11990.7868238717,14565.8444177284,11526.3948610314,4443.77563681827,16418.5792369602,23662.3320776172,28849.8103926196,25254.805117395,26410.7827377916,33364.5113797985,33656.2585285956,30423.9021922768,31777.8760309888,35774.5480400986,39701.4928335294,35827.106129198,38835.4484240237,39750.0744558992,48319.5613517888,47383.96460702,50333.1263953065,55652.6720073855,59236.2058907561,64169.1746954903,70710.0560220453,67718.8611605062,75823.1730533645,83933.3429990697,94367.668568939,87588.9717779083,87814.9928969572,88580.707132786,80656.0260659161,82446.3311586803,90202.9559157785,87202.8808601844,81556.8465320522,83832.5537724952,76753.4445416253,70086.3972433599,63836.0059347511,57754.0266694951,56925.7721682452,61158.7674245767,62287.3427835941,60347.1980767889,57891.4609706164,55131.4672970882,56368.4214228372,56263.4121098499,59076.5053366109,58989.1615264571,61417.1954360915,61397.4295451566,66281.743860295,59726.4509174877,60606.1579942905,58985.068800865,55612.0271498305,54884.5004424189,56272.0405632237,56813.5157459018,55463.2435782022,51327.9491583399,50733.2589623988,49769.317460052,48144.0162152861,44415.8589818552,50390.7561815521,46993.840245777,44134.2687117672,42417.9171927241,40684.4704766333,40553.3281579774,39582.9441857926,38790.3541517013,36885.2253483986,36331.5617762033,32644.989022664,35193.34598641,30643.2722190359,30194.3500766661
"CO2","swz","ktCO2",0,0,0,0,0,0,0,0,0,0,0,0,0,0,0,0,0,0,0,0,0,0,0,0,0,0,0,0,0,0,0,0,0,0,0,0,0,0,0,0,0,0,0,0,0,0,0,0,0,0,0,0,0,0,0,0,0,0,0,0,0,0,0,0,0,0,0,0,0,0,0,0,0,0,0,0,0,0,0,0,0,0,0,0,0,0,0,0,0,0,0,0,0,0,0,0,0,0,0,0,0,9.90806546947051e-06,2.02087385895777e-05,3.09020193603215e-05,4.19879077817021e-05,5.34664038537191e-05,6.5337507576373e-05,7.76012189496636e-05,9.02575379735906e-05,0.000103306464648154,0.000116747998973355,0.000131146184176357,0.000146039530344026,0.000161428037476361,0.000177311705573363,0.000193690534635032,0.000210564524661367,0.000227933675652369,0.000245797987608038,0.000264157460528373,0.000283012094413374,0.000303764600439472,0.000325145858970849,0.000347155870007505,0.000369794633549439,0.000393062149596654,0.000416958418149145,0.000441483439206917,0.00046663721276997,0.000492419738838296,0.000518831017411906,0.000548577755577752,0.000579127872512545,0.000610481368216298,0.000642638242689003,0.000675598495930658,0.000709362127941272,0.000743929138720837,0.000779299528269353,0.000815473296586827,0.000852450443673253,0.0008949244610638,0.000938430808029899,0.000982969484571545,0.00102854049068873,0.00107514382638147,0.00112277949164976,0.00117144748649359,0.00122114781091297,0.0012718804649079,0.00132364544847837,0.00138411703638548,0.00144592190581954,0.00150906005678056,0.00157353148926855,0.00163933620328351,0.00170647419882541,0.00177494547589429,0.00184475003449013,0.00191588787461292,0.00198835899626268,0.00207425585477843,0.00216188246876668,0.00225123883822744,0.00234232496316071,0.00243514084356647,0.00252968647944474,0.00262596187079552,0.00272396701761879,0.00282370191991457,0.00292516657768286,0.00304693827549385,0.00317096303256807,0.0032972408489055,0.00342577172450614,0.00355655565937,0.00368959265349708,0.00382488270688735,0.00396242581954086,0.00410222199145758,0.00424427122263746,0.00441659215162842,0.0045918579581183,0.00477006864210713,0.00495122420359493,0.00513532464258174,0.00532236995906745,0.00551236015305214,0.0057052952245358,0.00590117517351844,0.00610000000000001,0.00658612500000001,0.00708144444444443,0.00758595833333335,0.00809966666666667,0.00862256944444442,0.00915466666666668,0.00969595833333334,0.0102464444444444,0.010806125,2.39540907751847,2.39577330751847,2.39616094251847,2.39657385543514,2.39701249751847,2.39747622126847,2.39796252168514,2.3984674858518,2.39898595751847,4.78354610962027,28.6244154427216,2.40056947001847,0.0170668866666667,0.0176087429166667,9.55430862257388,71.5397893193041,181.205985816404,205.046990219089,250.344339551106,274.185423652541,329.018994897549,256.916619376982,263.290122604442,275.95531784885,288.648778223585,326.565672919322,320.282705130516,320.2869909669,763.808579947639,775.066435176008,788.510264865005,778.050238586241,781.318694801705,611.417381913377,674.527634378182,781.953086749966,869.620522931623,896.83802180245,938.452067689497,986.102893209873,1271.10933202822,1168.35496355597,1088.39211631472,885.460202767212,1414.35196579988,1373.65147272869,1095.78801845787,1146.52655925157,1168.8145346607,1255.1282158083,1230.68102866314,1116.65098234644,1074.88482075571,1010.33530166452,994.925422562542,985.125631320297,1000.47924796162,1033.82496662278,1017.18997226409,1044.74288344051,833.576745300268,817.61903077945,806.573655422989,963.472375083697,979.378274632184,979.256719374726,1044.5389890516,1062.11331903821,1062.16989815124,1138.7773175573,962.176092068018,994.083850275758,1068.53136790998,1061.40706160045
"CO2","sxm","ktCO2",0,0,0,0,0,0,0,0,0,0,0,0,0,0,0,0,0,0,0,0,0,0,0,0,0,0,0,0,0,0,0,0,0,0,0,0,0,0,0,0,0,0,0,0,0,0,0,0,0,0,0,0,0,0,0,0,0,0,0,0,0,0,0,0,0,0,0,0,0,0,0,0,0,0,0,0,0,0,0,0,0,0,0,0,0,0,0,0,0,0,0,0,0,0,0,0,0,0,0,0,0,0,0,0,0,0,0,0,0,0,0,0,0,0,0,0,0,0,0,0,0,0,0,0,0,0,0,0,0,0,0,0,0,0,0,0,0,0,0,0,0,0,0,0,0,0,0,0,0,0,0,0,0,0,0,0,0,0,0,0,0,0,0,0,0,0,0,0,0,0,0,0,0,0,0,0,28.3800798332827,27.8787330104722,72.8750568573991,91.2132531894102,111.377853430307,94.9437290734071,92.2195594455427,98.4408443205075,109.75927842723,126.792886810109,135.482153817634,163.880801214808,175.789347610509,165.539221640263,137.098245184325,169.807843418324,99.1595184276737,160.476735230768,201.599682402436,234.311744816323,258.023968839364,284.488583332583,290.339608802651,0,18.8822387816107,31.7392299307912,19.0438464819831,22.6271698989642,46.7053554611613,39.3456360991447,51.9030864349768,36.356900861219,32.9234954390326,44.234504760453,40.1597278903935,44.6846609156438,52.7144550616856,54.4584744806674,57.1104382067815,55.141650427274,55.3277422590617,72.9256181718127,72.2587390947335,100.28605339868,118.37205598097,106.484291378202,124.811212584974,134.07348266376,119.038718995218,108.63631059185,219.501495959846,122.605628064394,115.938993495642,129.199264590734,145.788392455111,173.54026055233,198.315036361312,104.31297051345,283.458745811673,359.486012346638,136.674188735707,140.551693765733,141.392064905907,229.126957287117,568.978883519642,502.513954749583,436.143254957737,680.999083907314,680.159736966782,696.735960272842,666.363218463602,725.748338757159,33.5824772717585,269.319170399427,647.04733063607,645.681491036215,306.941877929703,314.420287454528,327.251711814618,323.806878707266,346.613290460229,400.549322770963,400.895452916741,420.383801625206,312.535647164678,297.820776300328,313.342008314953,314.022541266778,315.132064427057,324.811947568419,326.593182900794,330.935769745816,333.402287935205,340.969903275331,304.996351276754,317.254694717011,332.540128001017,345.584321596238
"CO2","syc","ktCO2",0,0,0,0,0,0,0,0,0,0,0,0,0,0,0,0,0,0,0,0,0,0,0,0,0,0,0,0,0,0,0,0,0,0,0,0,0,0,0,0,0,0,0,0,0,0,0,0,0,0,0,0,0,0,0,0,0,0,0,0,0,0,0,0,0,0,0,0,0,0,0,0,0,0,0,0,0,0,0,0,0,0,0,0,0,0,0,0,0,0,0,0,0,0,0,0,0,0,0,0,0,7.06080257168371e-06,1.41334620746381e-05,2.12179785088631e-05,2.83143518743589e-05,3.54225821711254e-05,4.25426693991625e-05,4.96746135584703e-05,5.68184146490486e-05,6.39740726708977e-05,7.11415876240176e-05,7.84154519912894e-05,8.5718353741265e-05,9.30502928739443e-05,0.000100411269389327,0.000107801283287414,0.000115220334568205,0.000122668423231699,0.000130145549277896,0.000137651712706798,0.000145186913518402,0.000152757374009005,0.000160357464481958,0.000167987184937262,0.000175646535374917,0.000183335515794922,0.000245334403738459,0.00030758179375121,0.000370077685833168,0.000432822079984336,0.000495814976204718,0.000559079147575674,0.000622596892486641,0.00068636821093762,0.000750393102928609,0.000814671568459608,0.000879203607530621,0.000943989220141638,0.00100902840629267,0.00107432116598371,0.00113986749921476,0.00120571651867498,0.00127182428664541,0.00133819080312606,0.00140481606811691,0.00147170008161799,0.00153884284362927,0.00160624435415078,0.0016739046131825,0.00174182362072442,0.00181000137677658,0.00187851439923707,0.00194729145078962,0.00201633253143423,0.00208563764117089,0.00215520677999962,0.00222503994792041,0.00229513714493323,0.00236549837103812,0.00243612362623507,0.00250701291052406,0.00262448058720882,0.00274458855481412,0.00286733681333997,0.0029927253627864,0.00312075420315338,0.00325142333444091,0.00338473275664902,0.00352068246977767,0.00365927247382687,0.00380050276879667,0.00395730572634171,0.00411727703299143,0.00428041668874582,0.00444672469360488,0.0046162010475686,0.00478884575063701,0.00496465880281008,0.00514364020408782,0.00532578995447024,0.00551110805395732,0.00571828169763941,0.00592925736024711,0.00614403504178038,0.00636261474223929,0.00658499646162381,0.00681118019993389,0.00704116595716962,0.00727495373333095,0.00751254352841785,0.0077539353424304,0.00795675594169608,0.00816215000940357,0.00837011754555294,0.00858065855014411,0.00879377302317717,0.00900946096465202,0.00922772237456875,0.0094485572529273,0.00967196559972773,0.00989794741496996,0.0101797113763018,0.0104637192200075,0.0107439652730398,0.0110161557083112,0.0112813105908483,0.0115428676575348,0.0118100887371062,0.0120941852653115,0.0124102293853313,0.0127708896803432,0.013184701721189,0.0136495171815133,7.22760313882923,7.24800032840535,7.28402565159819,7.33504817819625,7.37884174060195,7.41255680080788,7.44236613335251,30.577010507185,34.770293237505,44.9027024766931,50.6812157882115,58.3472472230807,63.0048582259944,86.9418709413818,84.9823798809887,75.7783373306447,120.623323825785,91.4040434374008,95.5315322955498,80.4950529014308,93.3381724175259,93.5649747331638,143.448247192372,157.248283436876,194.609774658192,189.131285175945,227.414312554722,101.336996213715,126.303775135254,145.170276604153,142.861798687223,167.86544571824,168.515852094629,178.287105699839,363.176970760422,473.408894693824,550.587815492908,587.041646337737,704.137083162774,580.446298085194,551.883000002391,782.006635195868,772.496659178122,819.510095944702,735.226725416203,723.058306723868,784.750863159952,729.13442535571,554.736878983809,592.828112184185,601.013926559136,629.692502737186,693.10511853001,737.884341457093,831.936248630051,903.880283819875,976.572785301632,1007.60653432664,1049.82373015638,1117.08513739583,1102.30580941286
"CO2","syr","ktCO2",0,0,0,0,0,0,0,0,0,0,0,0,0,0,0,0,0,0,0,0,0,0,0,0,0,0,0,0,0,0,0,0,0,0,0,0,0,0,0,0,0,0,0,0,0,0,0,0,0,0,0,0,0,0,0,0,0,0,0,0,0,0,0,0,0,0,0,0,0,0,0,0,0,0,0,0,0,0,0,0,0,0,0,0,0,0,0,0,0,0,0,0,0,0,0,0,0,0,0,0,0,0.000620607796951961,0.00124520664082966,0.00187379653163309,0.00250637746936225,0.00314294945401717,0.00378351248559781,0.00442806656410418,0.0050766116895363,0.00572914786189414,0.00638567508117773,0.00704690143635774,0.00771224758191272,0.00838171351784265,0.00905529924414752,0.00973300476082735,0.0104148300678821,0.0111007751653119,0.0117908400531166,0.0124850247312962,0.0131833291998508,0.0140209956038767,0.0148756620025725,0.0157473283959381,0.0166359947839735,0.0175416611666788,0.018464327544054,0.019403993916099,0.0203606602828138,0.0213343266441984,0.0223249930002531,0.0233326593509774,0.0243573256963716,0.0253989920364358,0.0264576583711696,0.0275333247005733,0.0286259910246469,0.0297356573433905,0.0308623236568037,0.0320059899648868,0.0331666562676398,0.0339348559109122,0.0347000815657248,0.0354623332320782,0.0362216109099721,0.0369779145994066,0.0377312443003816,0.0384816000128971,0.0392289817369531,0.0399733894725499,0.0407148232196871,0.041418530314261,0.0421179005708029,0.0428129339893129,0.0435036305697903,0.0441899903122358,0.0448720132166491,0.0455496992830303,0.0462230485113793,0.0468920609016962,0.047556736453981,0.0482170751682336,0.0488730770444541,0.0495247420826421,0.0501720702827985,0.0508150616449226,0.0514537161690142,0.052088033855074,0.0527180147031018,0.053343658713097,0.0539649658850603,0.0545819362189915,0.0551945697148905,0.0558028663727574,0.0564068261925921,0.0570064491743944,0.0576017353181651,0.0581926846239034,0.0587792970916093,0.0593615727212833,0.0599395115129254,3.81103186905835,11.3070511042693,15.0643164357887,11.3159874729379,15.0734257784313,30.0594717429474,63.7898061478435,63.7946635236191,60.0567669957033,22.5933934386672,22.5967640418874,56.3157462694431,37.5850111357272,18.8543241102396,18.8578871463733,22.614338681414,26.360838324683,26.3645456855018,30.1111415452276,289.01144696011,268.299236187736,348.25656967115,385.221887583112,434.039640489883,1161.55719943877,1417.35795433097,1402.91053008298,1545.01520279899,1595.03096115353,2284.73768277786,2188.54857466147,2301.62803975046,2594.87890110192,3109.32047154846,2646.25486113595,3495.98705087053,3287.07030608643,4347.46244535232,5483.84232822487,4956.08546428686,6287.91891846464,6073.3870382903,5758.95397939876,7867.3477023301,9237.35138922729,10595.6815244538,11661.6400342669,11886.1015660472,15177.3898135833,14132.1508527321,16009.4402547178,18901.3818361736,22458.5230942189,25251.0851878655,22696.2994485823,23730.4745035946,30180.6135748662,29780.7326270382,28612.5641077857,33392.4708293146,36620.0989452294,36171.0558469229,37359.0256812668,39113.8070477343,40691.2793314047,43821.0620698205,44043.1708457445,46801.3379922755,46105.1907142385,46603.9613583359,47159.1328822509,46932.2387403879,47174.4768751825,48886.2449914871,59655.491825819,62703.0687233507,65972.4019179666,67613.4809382008,63569.6474555478,64441.7144370485,60283.8666268162,47567.4448742757,32505.976542152,32158.6260783123,29243.5575598373,26804.1214565921,31924.1355949778,34893.9833755895,34142.9806401183,32435.2038703442,32750.2165299833,31900.6763691137,32450.7086380872
"CO2","tca","ktCO2",0,0,0,0,0,0,0,0,0,0,0,0,0,0,0,0,0,0,0,0,0,0,0,0,0,0,0,0,0,0,0,0,0,0,0,0,0,0,0,0,0,0,0,0,0,0,0,0,0,0,0,0,0,0,0,0,0,0,0,0,0,0,0,0,0,0,0,0,0,0,0,0,0,0,0,0,0,0,0,0,0,0,0,0,0,0,0,0,0,0,0,0,0,0,0,0,0,0,0,0,0,7.05944450665534e-07,1.41657956213282e-06,2.13190533440189e-06,2.85192176747272e-06,3.57662886134529e-06,4.30602661601965e-06,5.04011503149578e-06,5.77889410777366e-06,6.52236384485329e-06,7.27052424273472e-06,8.02515451758404e-06,8.7847989470836e-06,9.54945753123327e-06,1.03191302700331e-05,1.10938171634831e-05,1.18735182115833e-05,1.26582334143336e-05,1.34479627717341e-05,1.42427062837848e-05,1.50424639504856e-05,1.58490512416237e-05,1.66608255892964e-05,1.74777869935038e-05,1.82999354542459e-05,1.91272709715227e-05,2.59243110841917e-05,3.27668390475771e-05,3.96548548616786e-05,4.6588358526496e-05,5.35673500420297e-05,6.05987708482393e-05,6.76772480517411e-05,7.4802781652536e-05,8.19753716506231e-05,8.91950180460025e-05,9.64617208386751e-05,0.00010377548002864,0.000111136295615897,0.000118544167600447,0.000125999095982289,0.000133516374733329,0.000141082332516051,0.000148696969330456,0.000156360285176541,0.00016407228005431,0.00017183295396376,0.000179642306904891,0.000187500338877705,0.000195407049882201,0.000203362439918378,0.000211390723272981,0.000219469364246566,0.000227598362839133,0.000235777719050679,0.000244007432881207,0.000252287504330719,0.000260617933399209,0.000268998720086682,0.000277429864393136,0.000285911366318571,0.000300801634394912,0.000316069584613613,0.000331715216974675,0.000347738531478095,0.000364139528123877,0.000380918206912018,0.000398074567842518,0.000415608610915379,0.000433520336130599,0.000451809743488179,0.000472783091973355,0.000494228543136481,0.000516146096977556,0.000538535753496582,0.000561397512693558,0.000584731374568482,0.000608537339121358,0.000632815406352182,0.000657565576260957,0.000682787848847679,0.000711955176191341,0.000741712631882432,0.000772060215920962,0.000802997928306929,0.000834525769040334,0.000866643738121182,0.000899351835549461,0.000932650061325178,0.00096653841544833,0.00100101689791892,0.00104116435926998,0.00108204948105533,0.00112367226327497,0.00116603270592892,0.00120913080901715,0.00125296657253969,0.00129753999649653,0.00134285108088766,0.00138889982571308,0.00143568623097281,0.00143597635531638,0.00145214526860043,0.0014818525837016,0.00152350899263051,0.00157360647826052,0.00162936617886898,0.00168724299258102,0.00174351642768199,0.00179492530038995,0.00183742026304077,0.00187002314609257,0.0023944614191638,0.00291836496075607,0.00344021992028996,0.00395037183965019,0.00446376815977858,0.00499507838772205,0.00547061846908729,0.00585451730743412,0.00618823231775004,0.0154028538654006,0.0165403823341488,0.0177857920279878,0.0191701777012903,0.0206569988842186,0.0223340295107802,0.0240431576828184,0.0259099999824928,0.028130394072181,0.0306927812082372,0.0345190729133849,0.0387866281087951,0.0437981992363499,0.0489891722042396,0.0544611950047131,0.0614453585208382,0.067917076475341,0.0744605981938107,0.0813282081875644,0.0891720748264681,0.102268603799113,0.117047535298975,0.135491730418806,0.157278022350478,6.9006584728267,6.89108614055953,7.08890796215187,9.60226123663985,10.0664751136518,9.0143169911662,8.71659573058469,27.9240564205351,29.3783665311509,29.1325926173088,34.395582725411,42.3400934886369,51.3025942391685,59.5640845598197,62.2181541310872,63.1681732898765,44.0103380102566,46.3036622527631,46.4288807119436,46.6185393722224,48.0360830860202,48.2990157636713,48.9361518157868,49.2989397991931,50.4071431994574,45.151505483928,46.9444296297112,49.1810709077198,51.0892954562174
"CO2","tcd","ktCO2",0,0,0,0,0,0,0,0,0,0,0,0,0,0,0,0,0,0,0,0,0,0,0,0,0,0,0,0,0,0,0,0,0,0,0,0,0,0,0,0,0,0,0,0,0,0,0,0,0,0,0,0,0,0,0,0,0,0,0,0,0,0,0,0,0,0,0,0,0,0,0,0,0,0,0,0,0,0,0,0,0,0,0,0,0,0,0,0,0,0,0,0,0,0,0,0,0,0,0,0,0,0.00761184016024614,0.0152364625877639,0.0228738672825531,0.0305240542446142,0.0381870234739467,0.045862774970551,0.053551308734427,0.0612526247655739,0.068966723063993,0.0766936036296838,0.0845351333069229,0.0924079664958477,0.100312103196458,0.108247543408754,0.116214287132736,0.124212334368402,0.132241685115755,0.140302339374793,0.148394297145517,0.156517558427926,0.164678831117382,0.172872046165701,0.181097203572883,0.189354303338928,0.197643345463835,0.205964329947606,0.214317256790238,0.222702125991735,0.231118937552093,0.239567691471315,0.248058491964959,0.25658188670234,0.265137875683459,0.273726458908315,0.282347636376907,0.291001408089238,0.299687774045308,0.308406734245115,0.317158288688659,0.325942437375939,0.334772816674236,0.343636455404919,0.352533353567987,0.361463511163441,0.37042692819128,0.379423604651503,0.38845354054411,0.397516735869104,0.406613190626485,0.415742904816249,0.42387320119185,0.431996259852916,0.440112080799439,0.448220664031429,0.456322009548875,0.464416117351789,0.472502987440159,0.480582619813996,0.48865501447329,0.496720171418051,0.514094125535788,0.531766285705784,0.549736651928052,0.568005224202584,0.586572002529383,0.605436986908447,0.624600177339773,0.644061573823369,0.663821176359229,0.683878984947356,0.706644611525866,0.729776320549262,0.75327411201755,0.777137985930727,0.801367942288794,0.825963981091748,0.850926102339587,0.876254306032317,0.901948592169939,0.928008960752447,0.957734204461324,0.987906982286236,1.01852729422719,1.04959514028417,1.08111052045719,1.11307343474626,1.14548388315135,1.17834186567248,1.21164738230966,1.24540043306286,1.28404827917676,1.32324140141208,1.36297979976881,1.40326347424695,1.44409242484651,1.48546665156748,1.52738615440987,1.56985093337367,1.61286098845888,24.2876024701286,34.350361538337,41.9456022262514,37.3982410176697,40.8098285137564,39.4109998675063,53.0358013385977,57.0097059063245,65.2981714998701,66.4117889625681,59.060117245892,55.4220256927139,89.8628488951632,97.8852332567269,105.857378312551,113.8777391856,91.0858656675023,126.211237579304,134.374189190632,173.721551451257,136.091726694857,162.36108468125,131.612894074782,178.208332850984,167.645194725363,204.561766169008,208.248328483492,213.444671758528,204.722861469564,216.678951699411,212.367669184216,214.143264521623,209.437708266972,205.189116064474,216.523548387971,185.553902384578,193.432016720529,207.812603993641,81.9936688184397,119.821526784919,159.454218555223,93.1873927894068,110.464616004182,122.146501155521,134.317326375712,137.182841498392,145.191883498837,146.489407461297,170.403294475566,178.639377674041,233.034809031769,244.229075592974,251.386890002712,585.211991049945,655.473349517358,710.716868837437,725.637494599953,842.813654135017,755.904273143711,724.592284911282,739.981080574283,697.908198101716,880.795866363609,962.486372636916,1053.99978589035,1276.44000678215,1379.34231074342,1439.07231367042,1472.5059216139,1476.7860319947,1451.87778473392,1596.28713312004,1777.29905348051,1779.76124907123
"CO2","tgo","ktCO2",0,0,0,0,0,0,0,0,0,0,0,0,0,0,0,0,0,0,0,0,0,0,0,0,0,0,0,0,0,0,0,0,0,0,0,0,0,0,0,0,0,0,0,0,0,0,0,0,0,0,0,0,0,0,0,0,0,0,0,0,0,0,0,0,0,0,0,0,0,0,0,0,0,0,0,0,0,0,0,0,0,0,0,0,0,0,0,0,0,0,0,0,0,0,0,0,0,0,0,0,0,0.00023958046546547,0.000479563249092931,0.000719948350882386,0.000960735770833823,0.00120192550894726,0.00144351756522268,0.0016855119396601,0.0019279086322595,0.00217070764302089,0.00241390897194428,0.00266071884846348,0.00290851399395082,0.00315729440840631,0.00340706009182993,0.00365781104422169,0.0039095472655816,0.00416226875590964,0.00441597551520583,0.00467066754347015,0.00492634484070262,0.00518321853596783,0.00544109760773114,0.00569998205599255,0.00595987188075207,0.00622076708200968,0.00648266765976542,0.0067455736140192,0.00700948494477115,0.0072744016520212,0.00754032373576935,0.00780756922327514,0.00807584060516681,0.00834513788144431,0.00861546105210756,0.0088868101171567,0.00915918507659165,0.00943258593041237,0.00970701267861895,0.00998246532121135,0.0102589438581895,0.010536877490266,0.0108158579533484,0.0110958852474367,0.011376959372531,0.0116590803286312,0.0119422481157373,0.0122264627338495,0.0125117241829675,0.0127980324630914,0.0130853875742213,0.0134025763824083,0.0137219409183091,0.0140434811819236,0.0143671971732521,0.0146930888922943,0.0150211563390503,0.0153513995135202,0.015683818415704,0.0160184130456014,0.0163551834032128,0.016987348989691,0.017631304058019,0.0182870486081972,0.0189545826402253,0.0196339061541034,0.0203250191498314,0.0210279216274095,0.0217426135868375,0.0224690950281156,0.0232073659512436,0.0240332681944069,0.0248730963092282,0.0257268502957075,0.0265945301538449,0.0274761358836402,0.0283716674850937,0.0292811249582051,0.0302045083029745,0.031141817519402,0.0320930526074875,0.0331620421119015,0.0342475211557434,0.0353494897390126,0.0364679478617097,0.0376028955238346,0.0387543327253868,0.0399222594663669,0.0411066757467748,0.04230758156661,0.0435249769258732,0.0448988380847864,0.0462922651844509,0.0477052582248667,0.0491378172060336,0.0505899421279518,0.0520616329906213,0.0535528897940419,0.0550637125382139,0.0565941012231371,24.3438250275946,24.3456699775558,41.6938770125968,27.8173828436682,31.2877795104027,38.2276933813708,38.2290535436446,45.1693900302463,45.1710975198557,52.1115803272216,62.5213340722707,86.8084605341666,83.3404539075523,100.68893568788,124.976736237374,124.979659765992,170.085511496689,187.437134683032,183.972966306687,229.08017525716,260.309515817061,346.94298075612,427.229955535206,376.172395858502,356.520535597959,321.971001359274,274.035012762429,346.945569477271,346.94525912782,419.155889290248,598.886519811841,593.304838785499,664.551699731439,502.882526506158,557.0161611079,559.232820292576,805.355947649837,877.076208608028,878.608816569555,910.244081756695,993.529914630233,943.079105889746,765.051484030646,652.993556344172,929.443017380206,1001.20264553954,1382.54939944604,790.412481448751,1227.55737995662,1738.79435081578,1298.86110638709,1208.7851491922,1376.53562332432,1866.96204057211,1813.44206501921,1784.78204879597,1605.3846844966,1537.11293151511,1611.56705425144,2863.81556362449,2669.49076495765,2553.91036980955,2311.30665802779,1826.99939718302,1635.3998455009,1874.30262175573,2387.78105713528,1909.36513833994,2156.13027645031,2436.2626840011,2745.28838505361,2881.91903054374,2964.07110021656,2925.62235459141
"CO2","tha","ktCO2",0,0,0,0,0,0,0,0,0,0,0,0,0,0,0,0,0,0,0,0,0,0,0,0,0,0,0,0,0,0,0,0,0,0,0,0,0,0,0,0,0,0,0,0,0,0,0,0,0,0,0,0,0,0,0,0,0,0,0,0,0,0,0,0,0,0,0,0,0,0,0,0,0,0,0,0,0,0,0,0,0,0,0,0,0,0,0,0,0,0,0,0,0,0,0,0,0,0,0,0,0,0.00219194153104364,0.00440660612327742,0.00664399377670135,0.00890410449131539,0.0111869382671196,0.013492495104114,0.0158207750022985,0.0181717779616731,0.0205455039822379,0.0229419530639928,0.0253611252069378,0.0278030204110731,0.0302676386763984,0.0327549800029139,0.0352650443906196,0.0377978318395153,0.0403533423496013,0.0429315759208772,0.0455325325533435,0.0481562122469998,0.0509558393135413,0.053792782232863,0.0566670410049647,0.0595786156298466,0.0625275061075087,0.065513712437951,0.0685372346211734,0.0715980726571758,0.0746962265459585,0.0778316962875213,0.0810044818818643,0.0842145833289873,0.0874620006288906,0.090746733781574,0.0940687827870375,0.0974281476452804,0.100824828356304,0.104258824920108,0.107730137336692,0.111238765606056,0.115130871591561,0.119077179374399,0.123077688954572,0.127132400332079,0.131241313506921,0.135404428479097,0.139621745248606,0.143893263815451,0.14821898417963,0.152598906341142,0.158744566238045,0.164988424375985,0.171329703159763,0.177767739848533,0.184301709734138,0.190959628675434,0.197735406480422,0.204620237803846,0.21161329747172,0.218714158092221,0.227281281862034,0.236011682179816,0.2449058036093,0.253965126946186,0.263189208550817,0.272578492976299,0.282132166492539,0.291913069426696,0.30173225016591,0.311696655722152,0.325090105771486,0.338733859628907,0.352673872030955,0.366869935048103,0.381322245602663,0.396048484080293,0.411033592570077,0.426393939534484,0.44168305095554,0.457165629918394,34.1866649012306,29.9952417483534,25.8040152436145,30.0323604523072,30.0513795791108,34.2803373536464,42.7307487745177,46.9715790142847,55.4223291979422,68.0829989011923,68.1073418037948,0.697319146297175,38.6555362487321,17.6101998881884,0.774905500940714,0.801579072484167,34.5402749136842,47.219607258858,72.5282494567955,921.93923176458,1065.43585418195,1238.01475823918,1584.69928543218,1986.03244344335,2287.2879373573,2521.9399637282,2805.90168261536,2904.02545031888,3195.96180654911,3560.72081486373,3993.47362703783,4847.06009821285,5352.16543669946,7147.6674141292,7138.37655545994,9076.94167473588,11658.9769306731,16326.8050374337,13966.1495809548,14780.9757174084,18108.5825033298,20432.8206792681,23029.2921512829,23005.2623880974,23506.5307429109,26680.1630386058,29528.971606954,32694.9146730554,34833.2504398513,36387.265259282,35698.7355587134,34745.9640477592,38461.0005778878,43818.4374063179,48278.6009751148,49708.6038353807,57446.8249645968,65259.4870559801,75394.9598853566,91381.4204160084,100300.35059797,110701.41699815,126456.595251672,141225.167198335,160275.788887535,180880.099001421,187840.579231361,167760.789344958,176544.984431566,177992.511568557,188281.076540394,200470.62352832,207542.082732633,224733.183424845,233831.254822736,238219.821347977,246248.349525862,248380.073048764,240128.479466243,257655.276255326,256123.478518169,276029.28033681,284507.094127198,281165.564518618,289282.563517033,288450.045050509,288409.79919961,286579.347642597,296923.014958333,285543.599369905,276506.759471884,292955.014757351,284243.415461286
"CO2","tjk","ktCO2",0,0,0,0,0,0,0,0,0,0,0,0,0,0,0,0,0,0,0,0,0,0,0,0,0,0,0,0,0,0,0,0,0,0,0,0,0,0,0,0,0,0,0,0,0,0,0,0,0,0,0,0,0,0,0,0,0,0,0,0,0,0,0,0,0,0,0,0,0,0,0,0,0,0,0,0,0,0,0,0,0.0421126808745905,0.0499064900071653,0.0328631633381926,0.0405827526498623,0,0,0,0,0,0,0,0,0,0,0,0,0,0,0,0,0.220007338138979,0.000285785400590761,0.000572293393850525,0.000859523979779294,0.00114747715837707,0.630440919312152,0.00172555129357962,0.00201567225018439,0.856598648981181,0.898908350820899,1.19345495952858,1.51437880399137,1.36077826696356,1.43452203285408,1.61510946926067,1.55016447267291,4.77991324635493,5.48751178104626,4.64768414048926,6.23482787098806,6.74446807540517,8.95554186045772,9.13099770484465,8.67263248149649,10.5569094826637,12.2546206055093,15.3871609928171,16.0603649217537,20.6840492389238,21.523717990323,24.9891302077711,27.0408879008955,28.3961434337883,31.9556394653218,34.2178944612927,38.2045874164251,39.0423484342888,42.8352601282069,44.8323020021656,47.2097765006961,54.1577857379472,60.9791941195715,63.8053194001814,74.4815138442177,73.1790069273822,87.8064584750143,88.1930181379504,100.920236634512,112.766418705963,127.068676171366,144.359686426804,149.996399516946,141.852633434381,133.661463049979,144.068815631572,120.744752183373,135.880205142541,148.25542584645,147.194113010382,154.004935454798,151.207414351163,155.563820239112,174.520182705995,187.903447225854,176.757775776309,170.965618253408,184.755914903979,170.783244919209,69.9838540797653,66.6125108707215,60.831936628194,64.1345811173707,78.5820672766494,87.473817880269,100.686625739012,101.724700445062,140.739799159961,174.18994309786,191.904218880941,213.509729980242,313.657376633007,373.613720935844,398.287993255673,429.329723465014,508.235055665171,563.171033428626,635.607242176588,647.151699685821,678.596524392983,681.240543062508,787.587893459248,721.588171431467,534.655195998162,638.561795362967,658.573709703731,619.539588693216,709.706998714567,868.019065456804,944.320399151875,1091.95582474013,1235.6162912309,1359.12161671497,1476.12828975009,1581.06965976631,1739.29736639168,1993.8004311507,2236.19525578223,2498.75719431769,2739.09046865757,2958.87958616206,3185.53493468693,3410.63576507006,3737.4056424869,4140.48390214879,4539.24522547513,4957.40133884204,5388.41227203223,5832.1418687198,6200.44698669944,6657.17830025021,7205.72421171849,8008.36299334942,8515.46249482824,9139.71138719947,9888.63048876404,10588.675369855,11118.4355996377,11527.7326219185,12031.7697466726,12450.8937231163,13136.3985613083,13399.7107625105,13734.8928958907,14049.4101521306,14300.7572113234,14597.2622140246,12524.4074379432,13054.7327662034,13354.7364547715,13094.9398064736,15108.7297475158,12190.3581093172,8979.34345575986,6375.35393090171,3903.68232464061,3297.74959069905,3426.30184052885,3818.61047365201,4236.20098986857,3809.83004135855,3851.13776803642,4203.85267797655,4292.86269334442,4397.64331147301,5065.79125698387,5336.6327138385,5592.5588502329,6486.98423530326,6971.93516333766,6523.7982208174,6639.00325907665,7182.89555940478,7608.29213648034,7391.13835548749,8545.20180051865,9061.58577763888,10045.5571672692,11382.4311427398,12868.6362821934,12619.7320273113,13029.1434537201,13938.052186272,13545.6801377463,14015.9708326936
"CO2","tkl","ktCO2",0,0,0,0,0,0,0,0,0,0,0,0,0,0,0,0,0,0,0,0,0,0,0,0,0,0,0,0,0,0,0,0,0,0,0,0,0,0,0,0,0,0,0,0,0,0,0,0,0,0,0,0,0,0,0,0,0,0,0,0,0,0,0,0,0,0,0,0,0,0,0,0,0,0,0,0,0,0,0,0,0,0,0,0,0,0,0,0,0,0,0,0,0,0,0,0,0,0,0,0,0,0,0,0,0,0,0,0,0,0,0,0,0,0,0,0,0,0,0,0,0,0,0,0,0,0,0,0,0,0,0,0,0,0,0,0,0,0,0,0,0,0,0,0,0,0,0,0,0,0,0,0,0,0,0,0,0,0,0,0,0,0,0,0,0,0,0,0,0,0,0,0,0,0,0,0,0,0,0,0,0,0,0,0,0,0,0,0,0,0,0,0,0,0,0,0,0,0,0,0,0,0,0,0,0,0,0,0,0,0,0,0,0,0,0,0,0,0,0,0,0,0.00014057924403424,0.00013881095165645,0.00013881095165645,0.00013881095165645,0.00013881095165645,0.00013881095165645,0.00013792680546755,0.00013615851308976,0.00013615851308976,0.00013704265927866,0.00013969509784534,0.00014323168260092,0.0001467682673565,0.00015030485211208,0.00015118899830097,0.00015030485211208,0.00015030485211208,0.00014765241354539,0.00014411582878982,0.00014234753641203,0.00013969509784534,0.00013792680546755,0.00013615851308976,0.00013527436690087,0.00013439022071197,0.00013527436690087,0.00013704265927866,0.00013969509784534,0.00013881095165645,0.00013704265927866,0.00013262192833419,0.00062121705120082,0.00011935973550077,0.00011228656598961,0.00246098168885625,0.00010344510410066,0.00010079266553398,0.00155410851934509,9.9908519345087e-05,0.00010079266553398,0.00010167681172288,0.00010344510410066,0.00010521339647845,0.00010786583504514,0.00011051827361182,0.00011317071217851,0.00011493900455629,0.00011670729693408,0.0153776755893119,0.0406077238816897,0.0406086080278785,0.0406094921740675,0.0408153331916044
"CO2","tkm","ktCO2",0,0,0,0,0,0,0,0,0,0,0,0,0,0,0,0,0,0,0,0,0,0,0,0,0,0,0,0,0,0,0,0,0,0,0,0,0,0,0,0,0,0,0,0,0,0,0,0,0,0,0,0,0,0,0,0,0,0,0,0,0,0,0,0,0,0,0,0,0,0,0,0,0,0,0,0,0,0,0,0,0.021997249919697,0.0260682629779927,0.0171657984977194,0.0211980412816996,0,0,0,0,0,0,0,0,0,0,0,0,0,0,0,0,0.114917847575796,0.000225978402683705,0.000452528179331212,0.000679649329942523,0.000907341854517636,0.329686001460376,0.00136444102555926,0.00159384767202578,0.448048135332306,0.470225684599332,0.68778495935004,0.855427828587083,0.775235822999531,0.856081550042681,0.992662608675242,0.979812096738196,2.687857899941,3.14170379047473,2.93456722074344,3.74221816123808,4.00812238450385,5.07638205989015,5.20706347454734,5.50116784548673,7.03283880125429,8.80683101658429,11.9476304978644,13.9274967655666,17.4321109685893,19.4660839096272,22.3200889986996,26.8347365558561,28.5391818774144,31.7344299655201,39.6457149850206,47.420617183317,48.7525270879249,58.0566727460477,61.8528862319878,62.8712528572312,74.6506307073862,88.3607980955974,91.7469648251681,107.598045682385,100.652095681287,130.98245896984,130.141083366514,147.970927003343,165.955979473771,180.251561395585,207.712588002174,225.009371239436,210.710855815428,191.473351719216,200.403880509919,153.631353431303,172.763340281828,183.577449678095,181.923215310169,191.581512713956,192.861721344888,190.345659004038,203.501640378402,208.495218218908,208.899344418562,218.605968816015,236.664697207918,215.278956569496,90.5915374009599,100.676893213442,90.4527368158004,91.4018899490243,111.931299741349,125.124187961593,138.07085788252,146.380644079295,184.473050839006,223.251712629798,239.474418687139,282.434645284881,467.089189696128,561.461068757084,557.188802567961,573.485443482554,663.716555624248,717.524697416332,799.746669267696,820.071277372297,857.093638321547,856.200539334673,945.980781992702,843.46172112103,703.273265388885,714.577858010758,868.163391804425,703.433671339341,818.451116844162,1008.9147943259,1124.34948542257,1296.82494950868,1506.04747408002,1634.14418889875,1774.01661339865,1918.99599630566,2119.52779506104,2463.31014292465,2873.53583736558,3424.15880589892,4062.30339144931,4625.24093202587,5291.58334083946,6088.50549246292,7069.92535379544,8119.22920864436,9231.53795444315,10293.7341174614,11267.3003208758,12320.5771033789,13256.0075989594,14224.8495810386,14689.8289149009,16797.1147180112,17725.1508446533,18834.2416212317,20087.6750267252,21345.5279386288,22203.4326154953,23005.4715264916,24901.5738672178,25816.8118040214,27046.698977564,28002.1690663579,28780.314976573,29574.8429405249,30431.157528456,31403.6939666153,38203.6455830041,38252.0162690849,38353.5468212935,39813.6816333139,40020.1522426393,36647.2855169283,32589.2113122749,30769.8935754881,33075.12428098,26272.108258537,37749.2120897621,30190.9791786692,34384.0204232574,31795.0200402349,34913.4326184689,40001.0252517206,36297.4553906163,46049.9982020417,49269.5736011017,47383.7695477213,49011.1877239507,46036.6721739015,44524.4376885822,55514.4463909918,61187.4541977585,66368.8121950075,76146.4344575909,67144.5874170744,69734.4404877344,77356.4909662176,81664.0467397153,77948.4804758683,83314.6876849373,78765.1734404241,96511.8983958875,103340.401832683,99851.0294053207,98619.6269372737
"CO2","tls","ktCO2",0,0,0,0,0,0,0,0,0,0,0,0,0,0,0,0,0,0,0,0,0,0,0,0,0,0,0,0,0,0,0,0,0,0,0,0,0,0,0,0,0,0,0,0,0,0,0,0,0,0,0,0,0,0,0,0,0,0,0,0,0,0,0,0,0,0,0,0,0,0,0,0,0,0,0,0,0,0,0,0,0,0,0,0,0,0,0,0,0,0,0,0,0,0,0,0,0,0,0,0,0,0.000115051302857822,0.000232086248868365,0.000351104838031629,0.000472107070347614,0.00059509294581632,0.000720062464437748,0.000847015626211896,0.000975952431138762,0.00110687287921836,0.00123977697045067,0.00136968403561528,0.00150066916771072,0.00163273236673699,0.00176587363269408,0.001900092965582,0.00203539036540075,0.00217176583215032,0.00230921936583072,0.00244775096644195,0.002587360633984,0.00272854052944704,0.00287084536431616,0.00301427513859136,0.00315882985227264,0.00330450950536001,0.00345131409785343,0.00359924362975296,0.00374829810105857,0.00389847751177023,0.004049781861888,0.00420296926275073,0.00435733051342847,0.00451286561392128,0.00466957456422913,0.00482745736435199,0.00498651401428992,0.00514674451404289,0.00530814886361087,0.00547072706299392,0.00563447911219201,0.00580045126864895,0.00596764831186944,0.00613607024185345,0.00630571705860095,0.006476588762112,0.00664868535238657,0.00682200682942463,0.00699655319322624,0.00717232444379137,0.00734932058111999,0.00752889963184128,0.00770975682527233,0.00789189216141311,0.00807530564026368,0.00825999726182401,0.00844596702609407,0.00863321493307392,0.00882174098276353,0.00901154517516287,0.009202627510272,0.00939498798809089,0.00958862660861951,0.00978354337185792,0.00997973827780609,0.010177211326464,0.0103759625178317,0.0105759918519091,0.0107772993286963,0.0109798849481933,0.0111837487104,0.011390781201408,0.011599145091072,0.011808840379392,0.012019867066368,0.012232225152,0.012445914636288,0.012660935519232,0.012877287800832,0.013094971481088,0.01331398656,0.0135365797728,0.0137605598592,0.0139859268192,0.0142126806528,0.01444082136,0.0146703489408,0.0149012633952,0.0151335647232,0.0153672529248,0.015602328,0.01584141923,0.01608195512,0.01632393567,0.01656736088,0.01681223075,0.01705854528,0.01730630447,0.01755550832,0.01780615683,0.01805825,0.01844058,0.018842205,0.0192650341666667,0.0197106,0.02017999375,0.0206739308333333,0.0211926875,0.02173608,0.0223036708333334,0.0228948958333333,0.02350938375,0.02414748,0.0248099033333333,0.025497905,0.02621209375,0.0269338466666666,0.0276573375,0.02840968,0.0292303170833333,44.7624474626332,47.2945603261197,48.6417747366136,49.8579333139385,50.5859399654553,50.593786707285,49.7390547250899,48.1830523385535,46.3582639015843,44.8726388385871,44.1620538122652,44.4171348123029,45.4724384752762,47.0739355736983,48.8251819429469,50.439836505333,51.8204621998048,53.06013965415,54.2783570860073,55.6736626165337,57.3656899373224,59.4406254007996,61.8066573728765,64.168372332695,66.1316081941001,67.4422176187759,67.9277944882934,67.7138528405462,67.25974043683,166.378118492028,231.450737247596,127.722983801161,280.666971287658,277.156978144493,533.478597008619,356.42908621739,355.657661319297,306.114289855152,299.614040990076,302.462287519696,286.258934702723,306.990825268531,515.858407801581,471.665031782602,390.797913964901,380.652045408718,343.961362847364,349.812898967404,342.359189866028,296.67469200858,270.998358877465,266.867750336409,271.787429768708,285.705896952404
"CO2","ton","ktCO2",0,0,0,0,0,0,0,0,0,0,0,0,0,0,0,0,0,0,0,0,0,0,0,0,0,0,0,0,0,0,0,0,0,0,0,0,0,0,0,0,0,0,0,0,0,0,0,0,0,0,0,0,0,0,0,0,0,0,0,0,0,0,0,0,0,0,0,0,0,0,0,0,0,0,0,0,0,0,0,0,0,0,0,0,0,0,0,0,0,0,0,0,0,0,0,0,0,0,0,0,0,1.42969004652932e-05,2.87517777313078e-05,4.3364631798044e-05,5.81354626655016e-05,7.30642703336805e-05,8.81510548025813e-05,0.000103395816072203,0.000118798554142547,0.000134359269013612,0.000150077960685398,0.000165655017984124,0.000181335577324701,0.000197119638707131,0.000213007202131413,0.000228998267597547,0.000245092835105533,0.00026129090465537,0.00027759247624706,0.000293997549880602,0.000310506125555996,0.000327155678150464,0.000343912301822711,0.000360775996572734,0.000377746762400536,0.000394824599306117,0.000412009507289472,0.00042930148635061,0.000446700536489524,0.000464206657706213,0.000481819850000684,0.000499597341017951,0.000517485595219124,0.000535484612604208,0.000553594393173201,0.000571814936926097,0.000590146243862907,0.000608588313983623,0.000627141147288244,0.000645804743776779,0.00066457910344922,0.000683542524418329,0.000702620527991485,0.000721813114168683,0.000741120282949921,0.000760542034335204,0.000780078368324533,0.0007997292849179,0.000819494784115312,0.000839374865916769,0.000859369530322263,0.000879579531000878,0.000899908065407814,0.000920355133543065,0.00094092073540664,0.000961604870998536,0.000982407540318749,0.00100332874336729,0.00102436848014414,0.00104552675064931,0.00106680355488281,0.00108736459775684,0.00110801682042187,0.00112876022287793,0.001149594805125,0.00117052056716308,0.00119153750899219,0.0012126456306123,0.00123384493202344,0.00125513541322558,0.00127651707421875,0.00129807291199219,0.0013197222675,0.00134146514074219,0.00136330153171875,0.00138523144042969,0.001407254866875,0.00142937181105469,0.00145158227296875,0.00147388625261719,0.00149628375,0.0015188718796875,0.001541555925,0.0015643358859375,0.0015872117625,0.0016101835546875,0.0016332512625,0.0016564148859375,0.001679674425,0.0017030298796875,0.00172648125,0.0017501404375,0.001773898,0.0017977539375,0.00182170825,0.0018457609375,0.001869912,0.0018941614375,0.00191850925,0.0019429554375,7.14573100691081,7.14175346546468,7.14045820602022,7.13919680738241,7.13796878011295,7.13677534769027,7.13552527037022,7.13432743234933,7.13318738612757,7.13211170837166,10.6952473644556,10.6937859186358,10.692422283848,10.691150101759,10.6899593048687,10.6888420977604,10.6877967933509,14.2478142571867,14.2465660290595,10.6850856579812,24.9244446378752,17.5269238523669,21.4553605554548,25.0010221501168,25.1296260071182,31.6645071462833,28.3474535339326,28.5106258140036,35.7444979743201,39.4465743319092,39.7357772756104,46.0099465781629,43.0328503676157,46.5626897151682,54.052123977296,46.7086120192202,46.3412026482459,53.9678875171132,68.094869984489,67.5893754070232,76.1876692603403,96.6874169971147,78.2378861103494,98.0211325845211,106.286158912632,103.941937567268,83.9384600393028,103.568805670565,92.5722810965464,118.550105436998,100.163750269409,96.6850834577493,111.028636908055,127.720716027633,117.58116482414,116.971371542961,133.14000336939,107.658585679971,118.496745523223,128.949584221498,120.597177830169,102.775388813262,98.9677678962741,97.8311734413855,101.641248296511,110.681116003192,108.224412527902,108.846511090249,117.68080679938,118.788352715344,112.305788275113,116.896533197476,112.658673612923,119.680997926667
"CO2","tto","ktCO2",0,0,0,0,0,0,0,0,0,0,0,0,0,0,0,0,0,0,0,0,0,0,0,0,0,0,0,0,0,0,0,0,0,0,0,0,0,0,0,0,0,0,0,0,0,0,0,0,0,0,0,0,0,0,0,0,0,0,0,0,0,0,0,0,0,0,0,0,0,0,0,0,0,0,0,0,0,0,0,0,0,0,0,0,0,0,0,0,0,0,0,0,0,0,0,0,0,0,0,0,0,3.425e-05,7.03333333333333e-05,0.00010825,0.000148,0.000189583333333333,0.000233,0.00027825,0.000325333333333333,0.00037425,0.000425,0.000477583333333333,0.000532,0.00058825,0.000646333333333333,0.00070625,0.000768,0.000831583333333333,0.000897,0.00096425,0.00103333333333333,0.00112658,0.00122378666666667,0.00132495333333333,0.00143008,0.00153916666666667,0.00255177910326126,0.00362440924729786,0.00475705709877648,0.00594972265769708,0.00720240592405968,0.00849269261992676,0.00983713670836774,0.0112357381893827,0.0126884970629715,0.0141954133291343,0.015756486987871,0.0173717180391816,0.0190411064830662,0.0207646523195247,0.0225423555485571,0.024493697621978,0.0265127364361163,0.0285994719909721,0.0307539042865452,0.0329760333228358,0.0352658590998437,0.037623381617569,0.0400486008760118,0.0425415168751721,0.0451021296150496,0.047928194951333,0.0508362615012071,0.0538263292646721,0.056898398241728,0.060052468432375,0.0632885398366124,0.0666066124544407,0.0700066862858604,34.5214647198273,69.2918217718189,104.519742505036,139.927540551254,174.334821948116,209.546698158281,244.313344286418,279.814997937168,320.286832501601,358.785732267962,389.965479636841,425.976308775177,462.234471711603,496.727618265303,536.259843593437,579.859041642345,821.819858581169,652.38346422967,688.83331501779,748.270076641082,1197.66395028563,824.795801885884,860.627177775812,896.174784382714,1375.20223310988,966.823866802573,1005.73834964837,1052.27279888489,1868.49459097761,2027.67014770752,2214.42593610679,2470.02357042936,2483.03739426521,2617.29966824598,2558.02895245121,2484.5632978529,2614.55370460081,2666.67379289017,2719.26905991161,2922.85863620433,3036.32939357784,3809.86035399117,4115.37418311958,4241.67450653761,4319.71267511615,4064.65270138398,3907.61375271148,4120.3398409778,3916.03756839477,4892.78145556142,4815.3165669424,4397.12195161902,6194.17102549262,8228.00960476823,6101.27844766294,5186.02719771512,5923.6528586261,4980.98447045136,5319.49350261737,4976.00899532442,4557.13372353085,6774.86926381901,6356.40274081495,6507.87683993345,6736.77415315801,6514.6515231687,5957.94503884416,6921.00816443405,7682.00255190879,8122.38128123763,7988.2956858093,8782.64630838006,9351.29845519166,10668.2169347898,11351.8587955911,11828.1875318915,12067.9230729418,11942.6029933876,12325.5710349459,13200.7405940793,13208.3659398147,13097.7960213273,13306.9186689925,13693.4625258134,13369.6572397229,14757.4664312206,14288.186518273,15357.4979172438,15381.2156901698,18514.7949708286,19049.7239034074,19331.141936264,21960.8078465635,23687.5614737733,27167.3200452674,29132.1210655885,34937.1280378785,38208.2758715024,38763.7808462554,38208.9943670997,37024.8594243772,40686.9180269375,41017.9337412062,37819.4633829109,37056.5239591186,36951.5555926965,36505.8600155731,32701.2956164132,33103.8321355995,32305.5654355987,32887.7003207794,30170.2270035012,28005.9551215725,27700.8589520062,27315.2656690438
"CO2","tun","ktCO2",0,0,0,0,0,0,0,0,0,0,0,0,0,0,0,0,0,0,0,0,0,0,0,0,0,0,0,0,0,0,0,0,0,0,0,0,0,0,0,0,0,0,0,0,0,0,0,0,0,0,0,0,0,0,0,0,0,0,0,0,0,0,0,0,0,0,0,0,0,0,0,0,0,0,0,0,0,0,0,0,0,0,0,0,0,0,0,0,0,0,0,0,0,0,0,0,0,0,0,0,0,0.00031750148706001,0.000638327597021172,0.000962478329883488,0.00128995368564695,0.00162075366431157,0.00195487826587734,0.00229232749034426,0.00263310133771233,0.00297719980798156,0.00332462290115193,0.00371803661112158,0.0041225323974284,0.00453811026007239,0.00496477019905356,0.0054025122143719,0.00585133630602741,0.0063112424740201,0.00678223071834995,0.00726430103901698,0.00775745343602118,0.00828108154295261,0.00881763873894408,0.00936712502399558,0.00992954039810712,0.0105048848612787,0.0110931584135104,0.0116943610548019,0.0123084927851536,0.0129355536045653,0.0135755435130371,0.0142618626573074,0.0149632657388141,0.0156797527575578,0.0164113237135382,0.0171579786067552,0.0179197174372089,0.0186965402048994,0.0194884469098266,0.0202954375519904,0.021117512131391,0.022006207433587,0.0229125006625592,0.0238363918183076,0.0247778809008321,0.0257369679101328,0.0267136528462095,0.0277079357090626,0.0287198164986917,0.0297492952150971,0.0307963718582786,0.244442899551931,0.455533551582113,0.664132349172447,0.870308562600094,1.0741363630373,1.27569447303365,1.47068834915983,1.66283202303158,1.8927869487101,2.10371972933808,2.29911657073312,2.34201474394242,2.35539930483908,2.56797292457822,2.78585941330118,12.7261330355205,33.8487006494352,46.5229904596069,3.71312141051664,33.8542758010278,25.4080819752558,4.45509502897888,4.7137679813475,4.97851643426557,5.24953390537759,5.52702372839116,5.81893097248367,6.11862028141838,6.42636939693834,6.74246842559396,7.06894358942478,7.36712891078601,33.7433219351495,34.0537211537231,34.3705516919195,45.1256549586261,50.6606266324445,56.2161552756932,53.6586236763358,73.2853643948626,163.492404048532,193.065035052999,58.872823931166,112.813375958383,117.041233668541,159.333489805549,162.162514915095,188.595331014062,168.372538195137,1226.01440910809,1399.63990156849,1436.1716999173,1311.22773094155,1343.96254105386,1514.7745418945,1476.7887069894,1534.76164670907,1370.00199418465,1522.59137462985,1630.45858552122,1655.43864253217,1677.1668850382,1812.22942184313,2559.72157966859,2291.37275635273,2700.82970539687,2937.22574735443,3395.48192821184,3658.11315121837,3540.8529399725,4108.67632749043,4669.43927000802,4715.68879387463,5278.47462725442,5351.36556889902,5700.52813143561,6480.23355033678,7246.00130687464,8679.75953790147,9684.26481956773,10094.0274302813,9798.10344177022,11860.2520244481,12237.2398021686,12816.4568144554,13129.0065816608,13656.1882528268,14197.4582760802,15189.7230046936,15785.7346519021,16283.2170518971,17295.2942628724,17994.4080244846,18242.5245549097,18457.5888606769,19255.9238663349,19829.0444556144,20612.8777647434,21245.5399226937,22172.7157435315,23117.8489869277,22796.7758040552,22904.5553777452,24559.0815588756,25025.3705991045,25950.4354712607,27085.7040361881,27554.2087340921,27681.9541032413,30078.2408535934,28373.2732949605,30946.2146071784,31672.5298344732,33140.2642464729,33211.7399230659,32210.4995030924,32851.5802246916,33046.6245493722,32536.5566703855,32051.6189792841,33528.010695995,32670.6184765825,33742.9382823443
"CO2","tur","ktCO2",0,0,0,0,0,0,0,0,0,0,0,0,0,0,0,0,0,0,0,0,0,0,0,0,0,0,0,0,0,0,0,0,0,0,0,0,0,0,0,0,0,0,0,0,0,0,0,0,0,0,0,0,0,0,0,0,0,0,0,0,0,0,0,0,0,0,0,0,0,0,0,0,0,0,0,0,0,0,0,0,0,0,0,0,0,0,0,0,0,0,0,0,0,0,0,0,0,0,0,0,0,0.629217470243057,1.26275945918194,1.90062596681665,2.5428169931472,3.18933253817358,3.84017260189577,4.49533718431381,5.15482628542768,5.81863990523733,6.48677804374286,7.16006086828307,7.83781733285344,8.52004743745398,9.20675118208469,175.337313673523,240.594675959396,261.470335393236,205.683436344453,307.270182134831,186.930519104928,232.018636821861,285.179910848381,277.81752296948,298.703826169285,404.330317801326,320.309725005586,510.679347471805,378.243356034054,157.037954014117,173.906804671723,223.057230822518,191.50831690914,200.313271546302,217.191239103415,238.107112626656,174.288539131897,296.087684525339,321.047062039312,471.097554134127,431.500818411523,472.610191793051,481.441565678992,498.346009607583,462.796919271466,443.391112885646,520.830729526604,380.377426796077,611.156819952347,773.342251028613,1177.63695546931,1081.56870526774,1191.29327374803,1365.58191752634,1543.90803229532,1726.27161805496,1779.51414532908,2111.18141645388,1938.46268238755,2197.50275641721,2117.59621036252,2498.04510045762,2244.99606708108,2290.55881656623,1880.16834854799,1191.36936899462,615.567252427028,483.640769058771,557.518608614242,1087.37740223052,1601.10963631021,985.145591676411,1172.18507378237,1682.05035512303,2760.88295988168,2669.55179096021,3377.18904182468,3677.29773328175,3511.82459273807,3981.75864593091,4447.04206746363,4418.83541268444,4490.03959072616,5219.06973253901,6466.42218116509,6624.64933146497,6483.02487812457,4679.50668438566,5047.59878209034,5288.95806106349,5817.18974233136,5973.01343421851,5270.7043747838,6477.31783784455,7414.13098152125,7470.55142394979,7296.45810372789,7659.85631586881,7784.41439963875,7966.71707820384,9371.24103984338,10007.6894180848,10278.1682132087,12637.0489575454,13128.2265036773,13383.0499518483,14158.7703319933,15852.4093276763,15971.5964223859,17165.3825339404,18242.3022646132,18057.5633655063,20772.9426695485,22861.0383088111,25109.7819745183,26574.101105595,30327.6735860584,32782.0077710472,34984.7659522205,38705.2004797673,41957.894490215,46488.9197479247,54096.7582475612,58811.3977492666,61538.8350220267,66588.1703286543,74183.3639944355,81731.8155066752,81321.6651673488,75471.817399649,79169.2646341452,79801.0414917532,86540.352917263,91257.4666213863,96223.8967806766,105717.439596906,115679.856779945,126221.286316073,124489.985509535,138219.424904451,149856.433962176,153168.109973359,160134.858502692,165809.541895938,164309.59922793,179646.016585623,195336.581992363,205086.454106606,206586.108525639,204726.09040545,227833.19100999,208477.095671716,218687.149254039,235282.061848762,239426.178105878,251874.849052359,278850.393898462,306602.65221875,309300.904674691,308164.914779349,318667.231724616,344423.348197901,354632.151186091,346222.16412653,367941.104546967,380482.984521601,403487.121662862,451219.264492072,441017.37328875,423251.128819844,427367.496923389,468623.450085045,445369.938300354,425619.346329966
"CO2","twn","ktCO2",0,0,0,0,0,0,0,0,0,0,0,0,0,0,0,0,0,0,0,0,0,0,0,0,0,0,0,0,0,0,0,0,0,0,0,0,0,0,0,0,0,0,0,0,0,0,0,0,0,0,0,0,0,0,0,0,0,0,0,0,0,0,0,0,0,0,0,0,0,0,0,0,0,0,0,0,0,0,0,0,0,0,0,0,0,0,0,0,0,0,0,0,0,0,0,0,0,0,0,0,0,0.0494781009277587,0.099281236384208,0.149409406369348,0.199862610883178,0.2506408499257,0.301744123496913,0.353172431596814,0.404925774225409,0.457004151382691,0.509407563068667,0.562136009283331,0.615189490026688,0.668568005298736,0.722271555099472,0.776300139428901,0.830653758287019,0.885332411673829,0.940336099589328,0.99566482203352,1.0513185790064,1.10753274033909,1.16409435237487,1.22100341511373,1.27825992855567,1.3358638927007,1.39381530754881,1.4521141731,1.51076048935427,1.56975425631163,1.62909547397207,1.6887841423356,1.74882026140221,1.80920383117189,1.86993485164467,1.93101332282053,1.99243924469947,2.05421261728149,2.1163334405666,2.17880171455479,2.24161743924606,2.33111177389052,2.42223800603075,2.51499613566675,2.60938616279852,2.70540808742608,6.77350820215727,58.4885957256788,126.087100317128,90.4556331982674,122.323384951237,193.873346644134,281.305788742855,237.714198420907,241.768658845646,277.58738484664,301.495467205203,392.901831773491,448.5748749437,532.041737397558,671.095543183315,738.688847870715,806.283071955249,929.46446353343,1001.03097270484,1104.36197161426,1505.4773618664,1954.23902702697,2327.56313202512,3157.48948007033,3304.4999851841,2991.00600732003,3876.58959872961,4158.66814256888,4333.54742541381,4868.16463726529,5155.79746664227,5346.56690137587,4560.60933703402,4532.2538321984,4604.67421615997,4096.72525600369,3902.44604549876,4537.70079129789,4512.77327674092,4720.90909910026,5124.98776203758,5691.08346638613,6394.60267555033,7763.73278777961,8399.75954251555,8586.05329719422,6942.5219548488,6966.6933678549,5016.18318506245,2374.70022884018,3081.82365097838,3862.45169170661,4802.92799070079,4692.40794377543,3941.71397411261,5116.43776305398,6624.36499290094,6716.17651905358,6751.459196755,7461.17546250512,8002.26427634412,8529.94347088051,10008.5871905667,11500.5941667603,12438.9685006219,13196.0445242208,14967.9038940508,16026.2929215687,17942.8395424881,19003.7570226948,20769.0279947849,23377.4467426528,25605.1286432614,27779.1739126225,30423.0534129884,33499.723298131,38109.9397823051,42667.0853565933,41624.3175687629,45611.9591387551,55460.7291572539,60308.632625899,69033.38156879,73070.0886866286,81742.5695578057,75562.538660221,79902.4107321997,84233.121706195,86575.1298930149,83320.5345047331,96532.8445562599,102422.191642469,118894.640216869,129581.041756284,132622.130443773,142829.076624282,152581.968683624,163217.090652015,172105.675324277,180587.960167395,189420.027581377,203574.966104329,213934.158809175,221926.184804631,240274.585902178,246471.189275076,254861.450960429,265293.894490919,277692.990713111,287387.850462111,294553.579725726,300400.445699998,287563.755603837,274863.793890356,292985.686144078,298324.567617959,294540.269673257,298167.880155564,302119.821170221,301289.196910274,306129.114435531,313363.091284884,306694.371197516,298855.915869435,298721.250032863,308662.444439847,299913.919638127,294734.002097351
"CO2","tza","ktCO2",0,0,0,0,0,0,0,0,0,0,0,0,0,0,0,0,0,0,0,0,0,0,0,0,0,0,0,0,0,0,0,0,0,0,0,0,0,0,0,0,0,0,0,0,0,0,0,0,0,0,0,0,0,0,0,0,0,0,0,0,0,0,0,0,0,0,0,0,0,0,0,0,0,0,0,0,0,0,0,0,0,0,0,0,0,0,0,0,0,0,0,0,0,0,0,0,0,0,0,0,0,0.00137902621037587,0.00276036816585732,0.00414402586644435,0.00552999931213697,0.00691828850293519,0.00830889343883899,0.00970181411984834,0.0110970505459633,0.0124946027171839,0.01389447063351,0.0153151093656301,0.0167414193102537,0.0181734004673807,0.0196110528370112,0.0210543764191453,0.0225033712137827,0.0239580372209236,0.0254183744405681,0.026884382872716,0.0283560625173673,0.0298346286343443,0.0313189817028555,0.0328091217229008,0.0343050486944802,0.035806762617594,0.0373142634922417,0.0388275513184235,0.04034662609614,0.0418714878253901,0.0434021365061745,0.0449404027047946,0.0464845739560006,0.0480346502597928,0.0495906316161705,0.0511525180251341,0.0527203094866837,0.0542940060008194,0.0558736075675406,0.0574591141868476,0.0590505258587407,0.0606503130644038,0.0622561258339296,0.0638679641673187,0.0654858280645708,0.0671097175256865,0.0687396325506649,0.0703755731395063,0.0720175392922112,0.0736655310087789,0.0753195482892104,0.0769827281611268,0.0786520566175974,0.080327533658622,0.0820091592842014,0.0836969334943346,0.085390856289022,0.0870909276682637,0.0887971476320599,0.0905095161804099,0.0922280333133142,0.0956404717659063,0.0991143956140406,0.102649804857718,0.106246699496936,0.109905079531697,0.113624944962,0.117406295787846,0.121249132009234,0.125153453626164,0.129119260638635,0.133583099,0.138120719826014,0.14273212311668,0.147417308871995,0.152176277091962,0.157009027776579,0.161915560925847,0.166895876539765,0.171949974618334,0.177077855161554,0.182877155728095,0.188764995242216,0.194741373703918,0.200806291113202,0.206959747470065,0.213201742774509,0.219532277026535,0.225951350226141,0.232458962373328,0.239055113468095,0.246545507478429,0.25414214821586,0.261845035680387,0.269654169872011,0.277569550790732,0.28559117843655,0.293719052809466,0.301953173909478,0.310293541736586,230.742704852974,206.206537858485,233.963466980143,250.26843193941,264.660418494535,359.230930361466,425.10541405532,502.638286702522,529.585887829912,452.360769058993,544.946555859108,462.721315216558,502.204380298333,529.440251676526,685.610119943985,769.075645069665,918.956660099356,1200.12749125159,1129.93239086586,1227.73276711741,1241.10843589631,1528.82431032494,1794.8919768637,1870.21492014458,1691.04199141538,1578.62293889429,1538.58373566742,1554.61531881295,1639.50686672413,1704.75138443925,1680.08041104868,1702.24273139197,1583.51805166835,1610.28382741117,1608.2383336035,1662.35722768715,1736.99846229871,1733.32532285038,1735.52175702864,1898.55697449298,1968.72094288849,1947.71511369624,1947.12748118403,2005.62264504919,2003.39368981028,2844.88685698556,3225.64020897415,3030.11241435377,2833.14618407581,2658.14717413194,3108.69488434938,3288.56021923389,3743.44319300937,3948.59927009897,5420.34614931523,6232.02596668299,6702.34134851332,6362.84651429001,6412.39251870384,6259.83319029758,7497.35452457609,9136.94210101403,10861.6914611333,11823.096128527,11556.5711550029,13500.3500189543,14277.1585134759,14349.5988677292,15086.1502779772,17307.3129544628,16784.9470915959,19238.7378798751,21165.4319362015,21433.4517038387
"CO2","uga","ktCO2",0,0,0,0,0,0,0,0,0,0,0,0,0,0,0,0,0,0,0,0,0,0,0,0,0,0,0,0,0,0,0,0,0,0,0,0,0,0,0,0,0,0,0,0,0,0,0,0,0,0,0,0,0,0,0,0,0,0,0,0,0,0,0,0,0,0,0,0,0,0,0,0,0,0,0,0,0,0,0,0,0,0,0,0,0,0,0,0,0,0,0,0,0,0,0,0,0,0,0,0,0,0.000911117196749107,0.00182376439718713,0.00273794160131406,0.00365364880912992,0.0045708860206347,0.00548965323582836,0.00640995045471096,0.00733177767728248,0.00825513490354291,0.00918002213349224,0.0101186325597942,0.0110609899339058,0.0120070942558269,0.0129569455255576,0.0139105437430979,0.0148678889084479,0.0158289810216074,0.0167938200825764,0.0177624060913551,0.0187347390479434,0.019711621869729,0.0206923281076469,0.021676857761697,0.0226652108318793,0.0236573873181939,0.0246533872206407,0.0256532105392197,0.0266568572739308,0.0276643274247743,0.02867562099175,0.0296919474228182,0.0307121752989192,0.0317363046200533,0.0327643353862202,0.0337962675974199,0.0348321012536523,0.0358718363549178,0.0369154729012162,0.0379630108925475,0.0390144503289117,0.0400714234475164,0.0411323776324813,0.0421973128838062,0.0432662292014909,0.044339126585536,0.0454160050359413,0.0464968645527066,0.0475817051358319,0.0486705267853173,0.049763329501163,0.0509063952440797,0.0520552570322079,0.0532099148655476,0.0543703687440988,0.0555366186678617,0.0567086646368359,0.0578865066510217,0.0590701447104191,0.0602595788150279,0.0614548089648481,0.0637709399719672,0.0661294278378089,0.0685302725623732,0.07097347414566,0.0734590325876694,0.0759869478884013,0.0785572200478559,0.0811698490660327,0.0838248349429323,0.0865221776785545,0.0895503014683755,0.0926289067421437,0.0957579934998592,0.0989375617415219,0.102167611467132,0.105448142676689,0.108779155370193,0.112160649547645,0.115592625209044,0.11907508235439,0.123002877769603,0.126990904219033,0.131039161702679,0.135147650220542,0.139316369772623,0.14354532035892,0.147834501979434,0.152183914634165,0.156593558323112,0.161063433046277,0.166125864248379,0.171260225945022,0.176466518136205,0.181744740821929,0.187094894002193,0.192516977676998,0.198010991846342,0.203576936510228,0.209214811668654,67.2688789203658,87.8085025572855,90.0677309205047,138.087629492144,151.574154138176,181.332475995169,183.488014308721,201.491675217099,215.076022698627,284.21528297847,286.553251578964,275.136891329434,286.682844869605,286.77287206853,330.164516657242,432.87288832245,495.090208114456,550.042128270638,662.551137719273,791.1312413863,956.469552961031,945.301688873339,930.166035875366,850.021684749978,890.491491104487,818.729591204208,1021.1196755783,952.261822208205,774.642058526836,785.58499018783,713.868732498797,582.895306965552,543.627532357702,518.437130216901,542.523394477942,569.614195892434,622.419154615674,694.523196731237,753.271597127406,708.382114487399,836.537871130724,860.230022603547,871.912910590456,874.073912951221,789.391327241976,1021.36809944029,1127.86171051696,1186.3521277416,1341.21768541832,1375.97136315181,1388.11680471755,1402.58271270293,1589.96459043585,1681.68679009652,1753.14307429322,2145.91235393748,2514.01616758639,3028.0305785784,3245.06351111508,3641.15553952148,3647.76990663202,4087.20313382299,4152.78460027246,4106.98192336786,4554.32894397454,5137.35628439422,5389.12309194741,5646.60660026271,6232.98094491367,6331.67222951211,6226.55393029367,7014.49119282629,6899.74224386902,6961.55883711932
"CO2","ukr","ktCO2",0,0,0,0,0,0,0,0,0,0,0,0,0,0,0,0,0,0,0,0,0,0,0,0,0,0,0,0,0,0,27.875982739967,26.8339309331729,27.5644744028676,28.2937057326199,27.5074706340523,29.2440966942129,30.7255580842121,31.1978727007524,31.4181227370713,30.884870463784,32.1088376491053,34.3300364074978,30.2887968100981,33.5079784922567,32.4741158467832,33.6885278938794,30.6627668349138,32.3751046913481,34.3330279364344,38.2756416396765,39.7277513258952,41.4216808007018,39.643534162491,37.8694317341145,39.5608949946657,36.8031428202864,36.0253082684118,35.4958193804209,35.7064099577944,35.916836227789,35.3898126722742,35.6526187785239,32.9634821215588,31.9943825618541,30.2855099594165,31.0382393539415,31.7914549278598,32.5451474540687,31.3260156152682,32.5733220596559,33.327763958838,39.2728848334645,37.810050074088,36.8399615325185,34.6317958509992,39.1034614240156,38.8746084910828,45.5816076820319,44.1158341132321,46.6157108261944,49.2957829962886,51.2775663998955,44.9035305595545,41.5472797594888,40.3780080363114,42.0572271467372,43.2429064733067,45.36917505425,42.7516471608616,42.7509837467193,44.1559144663964,41.712623428778,43.6991628563043,44.0537435026796,42.7885740533526,43.1456726790604,49.4864282191893,44.7761252410761,45.3579436464004,43.4240021735568,68.8853087650549,58.7244436044401,72.3948039729955,89.8058750995816,100.702220653153,169.481925338326,133.032103142324,136.014802023757,236.696052486699,253.862237501216,298.983419718979,347.364392586676,334.024684589189,361.809891111113,397.805930038032,408.279852865616,758.008912759204,854.0209912636,766.910485485788,970.040243759814,1049.40430844868,1339.22550565552,1388.76914980061,1340.66214476643,1572.3088432269,1769.33607050003,2115.78351686477,2158.53299036764,2719.45363522881,2789.76909734094,3220.13874948565,3364.40814411617,3543.66916395902,3995.38131686229,4008.02536782911,4302.18307792803,4429.35346342297,4618.67392710601,4808.31382991189,5211.21481649446,5800.49624218447,6310.8829277865,6720.14673042743,7798.0764244231,8092.99610564765,9078.50118609661,9337.6311303031,10744.8380537724,12009.307823441,13977.7746915454,15744.7721646728,16031.0742649776,15626.242057113,15505.1322168806,17262.9916492104,15882.641072373,17967.9773430037,20086.005612779,20271.1645376346,21347.782489317,20954.8247978554,21915.3469434337,24875.2068314277,27168.7937903439,24632.9418073837,22625.2909393022,24101.170624228,22518.7879000037,10251.870800454,8896.13520849081,8387.08544098723,8925.91926109971,10318.3535561499,11059.6538551724,12786.0797930629,12465.4565467208,17137.4861376532,20588.414949413,22528.0469519958,23621.3485157054,30114.7227555791,35290.0968721472,39704.6023419061,44005.4395141929,52403.5921092428,58657.5092194352,66412.8668959874,67057.9137920062,69894.1884496464,70052.4276658383,83490.899821758,74400.3482729848,51787.2868615353,68682.2541181669,63770.847183603,72239.9938151801,82251.096552027,100196.433108361,108132.968241688,124535.284705572,140918.149567014,152420.472525805,162224.985652855,170539.617170333,185071.28923421,208149.512618349,226081.637347107,245437.315169324,259736.968274795,270971.752968622,279816.118479682,286329.654203489,297794.123505119,317736.40001732,336678.951638616,356356.690555753,377623.120352878,394918.171986211,406550.665030043,423278.181542598,445143.148889515,463164.684296421,486171.292778045,514810.1598236,541904.430736996,563634.82103658,584222.894210743,590577.297877369,613606.652128697,622099.921376782,649515.476823467,639157.014692464,644322.275851258,651026.780435276,658335.42259421,666068.832474756,673449.779973246,694159.801919497,681006.357763542,662038.162805985,882846.907909502,801988.808944374,683185.37975185,582677.968858914,485499.399556249,461044.625904274,403295.064334084,389426.165920685,367054.754785575,366516.823249743,361749.471513662,364065.514703686,367603.097118014,396268.325036356,372152.645144559,367869.892349429,371869.464613835,381219.843788596,373571.654499851,311549.485607043,332958.587312422,350722.168804352,340983.23838272,329009.310845737,287372.861472985,237930.083016984,247827.037170031,218467.551367456,232116.482241798,220099.393433974,203681.248598156,202444.137304733,123516.728325344,107541.741519473
"CO2","ury","ktCO2",0,0,0,0,0,0,0,0,0,0,0,0,0,0,0,0,0,0,0,0,0,0,0,0,0,0,0,0,0,0,0,0,0,0,0,0,0,0,0,0,0,0,0,0,0,0,0,0,0,0,0,0,0,0,0,0,0,0,0,0,0,0,0,0,0,0,0,0,0,0,0,0,0,0,0,0,0,0,0,0,0,0,0,0,0,0,0,0,0,0,0,0,0,0,0,0,0,0,0,0,0,5.93958544721527e-05,0.000127583378739903,0.00020456257280325,0.000290333436662196,0.000384895970316738,0.000488250173766878,0.000600396047012616,0.00072133359005395,0.000851062802890883,0.000989583685523414,0.00113689623795154,0.00129300046017527,0.00145789635219459,0.00163158391400951,0.00181406314562003,0.00200533404702614,0.00220539661822785,0.00241425085922516,0.00263189677001807,0.00285833435060657,0.00310712610581753,0.00336600119795046,0.00363495962700535,0.00391400139298219,0.00420312649588104,0.00473484907851779,0.00529019407953981,0.00586916149894708,0.00647175133673967,0.00709796359291747,0.00791216029751951,0.0087696973069276,0.00967057462114169,0.0106147922401618,0.0116023501639879,0.0126332483926201,0.0137074869260583,0.0148250657643024,0.0159859849073525,0.0171902443552088,0.0184560684666335,0.0197665994690516,0.0211218373624635,0.0225217821468689,0.0239664338222679,0.0254557923886604,0.0269898578460468,0.0285686301944265,0.0301921094337998,0.0318602955641668,0.0332105251247023,0.0345856824667494,0.0359857675903081,0.0374107804953785,0.0388607211819607,0.0403355896500543,0.0418353858996595,0.0433601099307764,0.0449097617434052,0.0464843413375452,0.0488641044636775,0.0513022315379598,0.0537987225603917,0.0563535775309733,0.0589667964497049,0.0616383793165861,0.0643683261316172,0.0671566368947981,0.0700033116061286,0.0729083502656093,0.0758717528732395,0.0788935194290194,0.0819736499329491,0.085112144385029,0.088309002785258,0.0915642251336374,0.0948778114301663,0.098249761674845,0.101680075867674,0.105168754008652,0.10871579609778,91.6667705573646,78.5945817311743,61.156006676207,61.1597871740888,65.5183300376438,87.330969045048,91.6896286364993,104.769495186349,100.418863502246,104.777698185542,87.3513306331605,78.6344294481767,113.511589008393,130.923028561657,161.701785281459,166.025748375443,170.256899389669,170.471772361497,2410.73289244393,2574.23386850418,3044.08231629674,3355.82585177641,3564.63057530296,3734.55486993901,3830.24945532264,4217.89092184038,3786.95166836584,4166.36724316533,4090.08715953495,3899.10421812432,3796.84115425539,4063.40804494217,4301.22135925165,5193.82722956439,5089.89154035813,4594.1542874787,4608.72049335787,5264.50717401836,5426.89087819321,5255.91864787565,5700.6436844681,5359.04090206908,5176.23539637495,5525.70153237635,5660.69204391797,5566.78143041606,5736.80944524059,6212.58835034113,5631.71124424355,5361.09997881611,4967.00130978976,3924.80709727786,3499.33475637171,3298.01682267009,3252.55790658948,3668.94383944806,4702.44760395231,5131.57173328375,3928.37342311888,4452.51408818191,4856.35647062634,4579.064540544,4368.35983556273,4774.66932152347,5541.98486691279,5650.51844809102,5852.40313510648,6851.47404586404,5610.40560703132,5088.03878903602,4661.24601978347,4605.66826604114,5585.21464199991,5524.58132916943,6457.73616228061,5981.15770866444,7876.65653133739,7825.35599049636,6442.74945993823,7779.59290834859,8671.09409926347,7505.84179920456,6642.30780972881,6797.89231684421,6558.0721784087,6244.87394465018,6670.93259842504,6924.89690759985,6586.61246192153,8005.82680956948,7640.73273196407,7853.92751501842
"CO2","usa","ktCO2",0,0,0,0,0,0,0,0,0,0,0,0,0,0,0,0,0,0,0,0,0,0,0,0,0,0,0,0,0,0,0,0,0,0,0,0,0,0,0,0,0,0,0,0,0,0,0,0,0,0,216.519740425052,229.331280536833,248.443775010615,254.987048914804,286.734944535983,293.294979842306,287.226070353598,325.35733085481,338.243749671587,347.972138840495,377.141151488402,401.771112658862,432.764740535955,463.788175772854,498.014295654636,532.269700593458,585.629484216442,632.674094776566,686.122206785674,669.540489073379,694.35135939966,730.658829126675,766.973489947818,803.294697926057,906.642936171059,1016.42491558819,1177.3512179004,1296.82448826146,1429.12458157587,1608.88773622564,1871.95732517163,2034.06825544262,2699.84799430246,3145.79057565706,3022.06921821545,3843.03865750046,4209.52086799954,4717.16475203446,4481.31422755561,4912.22633839332,5227.83361219999,5516.56204766237,6123.01745983324,6866.6700536465,8220.45941818646,9886.11074748244,11208.653663674,13279.8875902901,14786.3062656992,16048.8927803647,17430.6130338706,21778.1935902707,23788.6671694225,26889.731270235,29680.8240535369,34283.5073195211,35945.5328924762,36839.4961130782,37353.0190625821,40604.9802299814,42501.9960621194,41284.1513509517,43167.8785902106,50012.6331584092,53738.9064525992,54200.0835185017,54505.6280959471,66689.3561293584,75080.7863454973,85090.3549144699,89294.580203657,93750.9981993186,115393.85375934,128258.903102284,124262.376626184,126121.230665557,124595.690427556,139385.858732412,137665.238722007,169073.969142181,193035.839259945,203771.762508803,227657.759610042,244606.542020001,257588.04815024,262609.137087908,279266.047100441,299987.599200566,364869.140921147,326673.274820388,388760.920399554,412527.311888017,433997.834439133,437750.142211545,410814.110827278,463664.718053494,464020.359710595,481561.383061983,523127.683606085,598331.378018365,632433.81237015,689370.214346974,731841.243988399,854377.36813154,842321.782537436,944067.781839367,990072.897475374,1148843.5898319,1005260.6584144,1114435.70420367,1214567.5479039,1198088.85937246,1276131.48249153,1366905.3534184,1248245.51331644,1293915.81399539,1433286.79085771,1567259.80233379,1629256.24245882,1383711.5919971,1620312.38166072,1333123.02423546,1354375.8256433,1780400.13056201,1602825.10660881,1664123.2231756,1799132.36146902,1773810.63354767,1752124.38773471,1887424.4193509,1682346.34745754,1438864.75908922,1227369.42391758,1317087.96363168,1403704.21585304,1466270.66448881,1672360.35839053,1754400.04436502,1491165.44874857,1631732.9786462,1816829.66592968,1974921.58839436,2109664.99846203,2189661.08180993,2359955.27729439,2294579.39218069,2206628.84114868,2421874.9876783,2530093.37754069,2188917.84168434,2389399.78063836,2502257.90081424,2480818.76943637,2524814.48391258,2457616.59115698,2675553.68508638,2787981.77147827,2750168.68848108,2747743.67226642,2800742.8153673,2888219.74186062,2917755.68917122,3043569.31707342,3178453.77923372,3310494.32843683,3452592.25982642,3661476.18695337,3815908.8379664,4034314.57983347,4165786.87522731,4363927.30378324,4439076.90248446,4656752.45903488,4830711.24077786,4679328.04105377,4490434.79937657,4752571.37534154,4923656.34212276,4945893.37293978,4981312.37868988,4800336.05480327,4726475.1564538,4516477.36848535,4484996.79127876,4692400.53473568,4718935.02905816,4681084.15343333,4856992.11055338,5053123.63554177,5123211.18227603,5078037.37593468,5029131.6456712,5119218.64011756,5251078.54101554,5316232.24294015,5328808.46044049,5488318.91031292,5721193.97887927,5819282.42016073,5848251.46858249,6002646.99487522,5887390.87284896,5863440.41234701,5922350.55137947,6020739.31406067,6038138.41769493,5935404.57451831,6039559.49408135,5814890.07791864,5389478.20816718,5644795.54845924,5423643.47117188,5217668.65321852,5362343.10768124,5380328.75301521,5284879.41402212,5166842.65262165,5097456.45983313,5286838.41304349,5154575.1452208,4640230.48903287,4930476.03959533,4971746.8028501,4807660.86142323
"CO2","uzb","ktCO2",0,0,0,0,0,0,0,0,0,0,0,0,0,0,0,0,0,0,0,0,0,0,0,0,0,0,0,0,0,0,0,0,0,0,0,0,0,0,0,0,0,0,0,0,0,0,0,0,0,0,0,0,0,0,0,0,0,0,0,0,0,0,0,0,0,0,0,0,0,0,0,0,0,0,0,0,0,0,0,0,0.215941905639447,0.255906153851276,0.168512739729787,0.208096393683773,0,0,0,0,0,0,0,0,0,0,0,0,0,0,0,0,1.1281248556554,0.00117822020084715,0.00235941946667749,0.00354359779749101,0.00473075519328771,3.23123620245744,0.00711400717983062,0.00831010177057683,4.39000916366401,4.60666170396108,6.0968032416738,7.74207787266629,6.95417201021129,7.31876702028191,8.23123369985501,7.89132147864189,24.4453638955414,28.046999348345,23.667957571976,31.8125732450965,34.4255670679915,45.7898215961092,46.6768969036186,44.1593466508298,53.6495584965025,62.0768538029943,77.6682571758297,80.6104770653833,103.977552965889,107.783530091366,125.22565585254,134.668729220956,141.30559532099,159.139104885761,168.633678200456,187.294788364932,191.310496295341,208.467744680315,217.847667172961,230.108587488729,263.184506199071,294.986643249523,308.879347841765,360.406328272745,355.685901181408,423.589114604715,425.896125623839,487.654479363268,544.703125842815,615.902545561183,698.793474063104,725.559582055393,689.014522440587,653.500034345072,708.449331095266,600.097715481652,677.367182643106,742.791645859029,739.699888622357,775.710927242208,762.196237860574,788.802339570539,890.42101519002,964.526233984893,905.339412945891,872.326228122807,944.722251425116,876.381928470159,359.116327975249,337.78637272277,309.609889066138,330.038903254129,404.681808350474,450.535567198914,529.169116486881,539.444178603755,750.827297192736,929.278099562879,1068.02476462667,1192.67236150675,1723.62077349651,2061.23383731709,2220.56431163369,2390.81717268017,2853.53277986712,3190.21636343843,3638.03126222757,3701.75951766231,3880.61151604432,3900.27045105569,4556.21998803998,4004.11846563719,2855.58269152814,3455.05484738057,3525.86138512203,3625.63881615546,4185.06875637385,5139.74840243228,5628.3066515845,6482.79088010929,7441.88974077158,8153.57958728312,8625.19338778514,9183.04419563907,10136.2547286163,11652.0001982207,13132.9011615942,15041.8687414029,17018.136236765,18782.8529781347,20751.6802740746,22984.4282223232,25809.3628354913,29190.8781500038,32875.8997636409,36635.5386084716,40247.9407153532,43809.9720755707,47031.5877484599,50621.8365017496,52307.2245932277,61176.7817491286,63984.0892145482,66866.5553222635,70577.1368772713,74829.4412475666,77248.7227355129,79990.0301277721,82685.931947947,85249.6858956416,89003.5281555221,92132.2976414171,95633.8576390939,98920.1368116264,102186.976691177,106086.027140186,107563.325932015,111542.405938242,111625.56300257,115219.627138982,129390.521304473,130207.935632445,119786.430871345,121490.566226688,118468.862283417,109562.294878966,109642.793109201,110809.385183688,127778.780219362,128033.636985176,136206.308642856,137577.120222592,141850.914659561,133766.459419081,137207.682628662,130207.558909977,139239.148725412,135543.77883786,141750.905311343,128955.264646863,140259.741104491,143300.426201817,127206.508174386,125353.564591283,117249.804102931,111160.188852548,117449.386290675,122661.039527142,123665.030816168,128443.842507391,126862.884280187,138291.040606185,130562.027106161,128785.432683759
"CO2","vct","ktCO2",0,0,0,0,0,0,0,0,0,0,0,0,0,0,0,0,0,0,0,0,0,0,0,0,0,0,0,0,0,0,0,0,0,0,0,0,0,0,0,0,0,0,0,0,0,0,0,0,0,0,0,0,0,0,0,0,0,0,0,0,0,0,0,0,0,0,0,0,0,0,0,0,0,0,0,0,0,0,0,0,0,0,0,0,0,0,0,0,0,0,0,0,0,0,0,0,0,0,0,0,0,2.26973023960138e-05,4.55454174325327e-05,6.85443451095566e-05,9.16940854270858e-05,0.00011499463838512,0.000138446003983659,0.000162048182222703,0.000185801173102252,0.000209704976622307,0.000233759592782866,0.000258022226378605,0.000282446073486608,0.000307031134106875,0.000331777408239406,0.000356684895884201,0.00038175359704126,0.000406983511710583,0.00043237463989217,0.000457926981586022,0.000483640536792137,0.00050957367592013,0.000535673587647016,0.000561940271972795,0.000588373728897469,0.000614973958421038,0.000641740960543496,0.000668674735264854,0.000695775282585105,0.000723042602504244,0.000750476695022282,0.000778166697217934,0.000806029222791746,0.000834064271743729,0.00086227184407388,0.000890651939782189,0.00091920455886867,0.000947929701333319,0.000976827367176126,0.00100589755639711,0.00103514026899625,0.00106467746115468,0.00109439312577328,0.00112428726285205,0.00115435987239099,0.00118461095439011,0.0012150405088494,0.00124564853576885,0.00127643503514848,0.00130740000698829,0.00133854345128825,0.0013700223007289,0.00140168577685248,0.00143353387965899,0.00146556660914844,0.00149778396532083,0.00153018594817614,0.00156277255771441,0.0015955437939356,0.00162849965683973,0.0016616401464268,0.00168967269278486,0.00171771633894349,0.0017457710849027,0.00177383693066249,0.00180191387622285,0.00183000192158379,0.00185810106674531,0.00188621131170741,0.00191433265647008,0.00194246510103334,0.00197060943506233,0.001998764891136,0.00202693146925434,0.00205510916941733,0.002083297991625,0.00211149793587734,0.00213970900217433,0.002167931190516,0.00219616450090234,0.00222440893333333,0.0022526653905,0.002280932992,0.00230921173783333,0.002337501628,0.0023658026625,0.00239411484133333,0.0024224381645,0.002450772632,0.00247911824383333,0.002507475,0.00253584391666667,0.002564224,0.00259261525,0.00262101766666667,0.00264943125,0.002677856,0.00270629191666667,0.002734739,0.00276319725,0.579625655395888,0.578458805466606,1.73577032152381,1.16240376246993,1.16677920862872,1.17128687032558,1.17592547589383,1.18069334533347,1.77662405046677,1.78410570957376,1.79177467823785,1.79962988645904,1.80767125757065,2.41987928279135,3.03783734077526,2.44253226710851,3.06675297375784,3.08168967414187,3.71546416071194,4.97737499981265,5.00276389525244,5.09520584360851,7.1563784048427,7.23033814842171,5.57796473685575,6.59122780925486,5.92522985121589,5.96557168606431,6.86167888421586,5.54534689186185,7.03280855407009,8.27151121917165,8.81772951713591,10.0505194470338,14.0029865704014,14.1384744966615,15.0474372652205,18.2621535324846,16.4688625566362,20.3002146232419,46.4382879899475,45.9476358074618,50.882720061146,61.7293940835882,73.6745780613855,79.966374222801,81.9290051804259,84.1387161992001,104.766528206326,112.143522762104,89.0736292888367,104.891897587657,54.0808929437301,57.918964377248,63.4783375321666,63.7176648692086,66.3912879799143,71.9798030157781,77.9014329100452,81.3247953015487,79.1217889129062,56.4011501742605,59.292748808114,59.4755150384907,59.7439701573534,61.5254628312967,61.8643337741205,62.6712932342585,63.1363128394195,64.5330006222495,57.7304626889252,59.9825004256964,62.7872164025295,65.1823044890501
"CO2","ven","ktCO2",0,0,0,0,0,0,0,0,0,0,0,0,0,0,0,0,0,0,0,0,0,0,0,0,0,0,0,0,0,0,0,0,0,0,0,0,0,0,0,0,0,0,0,0,0,0,0,0,0,0,0,0,0,0,0,0,0,0,0,0,0,0,0,0,0,0,0,0,0,0,0,0,0,0,0,0,0,0,0,0,0,0,0,0,0,0,0,0,0,0,0,0,0,0,0,0,0,0,0,0,0,0.000555454688143543,0.00113559625131569,0.00174042468951644,0.00236994000274578,0.00302414219100372,0.00370303125429027,0.00440660719260542,0.00513487000594918,0.00588781969432154,0.00666545625772249,0.00742365190703845,0.00819851119699871,0.00899003412760322,0.0097982206988521,0.0106230709107453,0.0114645847632827,0.0123227622564645,0.0131976033902905,0.0140891081647609,0.0149972765798757,0.0159439796639803,0.0169094293438098,0.0178936256193642,0.0188965684906434,0.0199182579576472,0.0209586940203763,0.0220178766788299,0.0230958059330085,0.0241924817829118,0.0253079042285402,0.0265068075323006,0.0277286338358119,0.0289733831390745,0.0302410554420881,0.031531650744853,0.0328451690473687,0.0341816103496358,0.0355409746516539,0.0369232619534232,0.0383284722549435,0.0393772083836756,0.0404303603330103,0.0414879281029481,0.0425499116934887,0.0436163111046322,0.0446871263363785,0.0457623573887275,0.0468420042616795,0.0479260669552342,0.0490145454693919,0.0502228687716628,0.0514401345207135,0.0526663427165438,9.86690076315128,0.0551455864485438,0.0563986219847135,0.0576605999676627,9.87193079018952,0.0602113832739005,0.0615001885971891,0.062797851644728,0.0641044543612588,39.3174170759154,434.402956599688,848.143361521212,1267.11793053072,1665.57707281294,2183.56542726786,2499.07531645231,2877.49800265948,3276.5391520723,3674.26734492267,4244.68869285346,4624.75525983318,5130.39298152644,5527.94841175407,5989.67641053711,6653.20482745878,7237.08655508731,7603.98143637148,7848.66969049979,9933.8405232197,10337.896371501,10993.4648466225,11585.5781831245,12115.3771774136,12792.0435744618,13636.0101270412,11577.1856974246,11849.0728309048,14139.9098340254,13765.7669324439,14082.679975333,15619.916026062,16650.8256106399,17887.010202555,19592.7612638892,20499.3141426343,20584.7786974746,28314.2162131507,31744.7571272915,33974.7621760331,33940.1777238476,36302.2488355466,47144.8872190477,50281.4618363197,54212.2560086897,37368.7341532099,55559.2858050109,48246.9506585465,43456.9851229172,40690.9435188309,47582.4349754109,46431.6966184451,50624.257408755,45942.9938059735,51457.554251352,51891.4376117123,54856.893203387,58284.2529743601,56076.1036409417,56761.581838923,64687.9432637069,64027.5913117434,60613.5879481918,65063.9152569871,67003.6496653811,72401.92602699,82135.6860606491,89654.1359278817,90435.0833216826,91500.508789778,90585.4794887373,91962.1825191467,92428.3550175902,92964.747474655,92801.2095154176,94146.5037883967,99622.2812535795,102946.257997461,101361.718892966,103813.942271811,110621.428656203,112188.865805081,120868.14245602,129225.952045897,135065.796007416,136868.125541174,132802.472701363,138446.763139489,143634.639396162,147914.796606786,143575.475349107,148572.730888865,155952.182428696,156218.192364704,150786.466522605,160172.016176523,161475.106047465,172290.20066615,168586.202959097,189091.361007985,188877.384795899,187976.996727699,172803.190920738,159450.595394852,148743.304950414,138268.784486113,117321.147604029,71806.9391959216,70135.2254735472,86450.0460738638,88120.192005986
"CO2","vgb","ktCO2",0,0,0,0,0,0,0,0,0,0,0,0,0,0,0,0,0,0,0,0,0,0,0,0,0,0,0,0,0,0,0,0,0,0,0,0,0,0,0,0,0,0,0,0,0,0,0,0,0,0,0,0,0,0,0,0,0,0,0,0,0,0,0,0,0,0,0,0,0,0,0,0,0,0,0,0,0,0,0,0,0,0,0,0,0,0,0,0,0,0,0,0,0,0,0,0,0,0,0,0,0,2.52075562878715e-06,5.05826046441008e-06,7.61251450686881e-06,1.01835177561634e-05,1.27712702122936e-05,1.53757718752598e-05,1.79970227450617e-05,2.06350228216994e-05,2.32897721051729e-05,2.59612705954822e-05,2.86558714400478e-05,3.1368376609162e-05,3.40987861028248e-05,3.68470999210361e-05,3.96133180637961e-05,4.23974405311048e-05,4.51994673229619e-05,4.80193984393678e-05,5.08572338803222e-05,5.37129736458252e-05,5.65931003361445e-05,5.94917487415141e-05,6.24089188619339e-05,6.5344610697404e-05,6.82988242479246e-05,9.73947172278335e-05,0.000126685639745188,0.000156171591799986,0.000185852573392229,0.000215728584521916,0.000245827784156306,0.000276128738484602,0.000306631447506809,0.000337335911222922,0.000368242129632941,0.000399350102736872,0.000430659830534708,0.000462171313026456,0.000493884550212108,0.00052579954209167,0.000557980203923322,0.000590369577507291,0.000622967662843579,0.000655774459932185,0.000688789968773115,0.000722014189366358,0.00075544712171192,0.000789088765809801,0.000822939121660006,0.000856998189262524,0.000891368072634844,0.000925953864716459,0.000960755565507375,0.000995773175007579,0.00103100669321709,0.00106645612013588,0.00110212145576397,0.00113800270010137,0.00117409985314805,0.00121041291490403,0.00124304827925849,0.00127569662409647,0.00130835794941798,0.00134103225522301,0.00137371954151158,0.00140641980828366,0.00143913305553926,0.00147185928327839,0.00150459849150105,0.00153735068020724,0.00157011647857605,0.0016028952834414,0.00163568709480326,0.00166849191266164,0.00170130973701652,0.00173414056786794,0.00176698440521586,0.00179984124906031,0.00183271109940126,0.00186559395623875,0.00189849058033836,0.00193140023699962,0.0019643229262225,0.00199725864800704,0.00203020740235321,0.00206316918926103,0.00209614400873048,0.00212913186076157,0.0021621327453543,0.00219514666250868,0.00222817450510169,0.00226121540637369,0.0022942693663247,0.00232733638495469,0.00236041646226369,0.00239350959825168,0.00242661579291869,0.00245973504626467,0.00249286735828967,0.00252601272899366,0.00258204188059718,0.00263309576716586,0.00268178486862069,0.00272943197455125,0.00277743007306345,0.00282760814743501,0.00288188292908917,0.00294113518318414,0.00300703869189121,0.00308057074332855,0.00316274372487257,0.57720262583203,0.580958675586196,1.16340326046131,1.17023932361735,1.76159087713089,0.597279326875601,2.37252332263401,2.97936277794656,2.99598460438138,3.66451875984904,4.18676156845461,4.48280197974241,4.1733557227974,4.96205822503065,4.44491195435783,5.10156170078018,5.32048787692577,5.30837011856481,5.46419045386585,9.5539214493394,7.7151595945158,8.18396623551462,8.33705425528849,9.87499034831201,12.0752398039066,14.2994785632372,15.763846482611,16.7988701676043,37.4038336542755,38.7179783234194,41.3729901562699,43.5422078254583,48.5991849095481,52.0170972442647,58.5081176467368,62.3663496963698,66.1785245050255,69.2435957239367,61.6972288581048,61.6108782742944,32.3870382569376,34.9207603519064,35.6036842582296,37.8238428691477,42.676573378496,47.1222908903088,53.8833520106745,57.5469473546608,57.5300701103695,41.2261751368853,43.2081888109222,43.4471022414007,43.5404447247128,44.8541436922062,45.1024715488987,45.6963878988568,46.0372348503053,47.0774117260463,42.0766511964918,43.7370478976344,45.805340616547,47.5716766224242
"CO2","vir","ktCO2",0,0,0,0,0,0,0,0,0,0,0,0,0,0,0,0,0,0,0,0,0,0,0,0,0,0,0,0,0,0,0,0,0,0,0,0,0,0,0,0,0,0,0,0,0,0,0,0,0,0,0.00124616585736665,0.00128607791670596,0.00135899571601171,0.0013618323113828,0.00149659173393079,0.00149734150972466,0.00143544583677236,0.00159295076681765,0.00162354031564976,0.00163856728789364,0.00166813732003708,0.00173556766987274,0.00182735971622357,0.00191467774159412,0.00201104688093635,0.00210302039582726,0.00226607090637015,0.00239748092814411,0.00254727353677034,0.00243351476253068,0.00247379103485058,0.00251450904794293,0.00255343803707602,0.00259073820301453,0.00284201044965143,0.00310116846681187,0.00350441809559349,0.00376528446742776,0.00405203775679923,0.00446326137561017,0.00508015507681022,0.00535508358756514,0.00695696401655863,0.00790984207239154,0.00739067466851872,0.00920265252938644,0.00984702072688834,0.0107911099667749,0.0100041226681024,0.0107354793264115,0.0111861665533477,0.011485453966599,0.0124211191637992,0.013556851838224,0.0158174700342238,0.0185523236547424,0.020520252791652,0.0237407542748565,0.0258210992854902,0.027391489372125,0.0290953001269227,0.0351154697297671,0.037078335846282,0.0405684765718025,0.0433864100688396,0.0486164406155871,0.0497069586345802,0.0497133163695125,0.0492248086665829,0.052319637762773,0.0598491795000268,0.077073476415357,0.0892899127923232,0.0901009820493944,0.0866905670056529,0.0898638217903026,0.101293223474653,0.11039803173089,0.121315034740208,0.136620056681941,0.147646222026959,0.147125735880856,0.174217670245156,0.216448113185,0.217928775616035,0.193483621220845,0.188239916670012,0.233221100262537,0.244851536073698,0.302486848160155,0.366177381558728,0.377814809283643,0.40912678885889,0.357000454482259,0.361402865512438,0.338153612198001,0.387076685932969,0.391820949942644,0.421234461563434,0.443898393764478,0.550028381238136,0.615351457450565,0.59342844595557,0.571522496163117,0.550088130399356,0.597290509422212,0.639067528630152,0.63575847794563,0.62117120063084,0.664741504744813,0.710518925096383,0.763972223032731,0.880155347777476,0.99957283094828,1.0688858204178,1.19579362945845,1.15487528683356,1.42663521795539,1.39465386839582,1.44660796537804,1.60407835518022,1.68762436357729,1.77935843227404,2.09353807819742,2.17049502174646,2.31995144828202,2.61463858413786,2.93155454012436,3.17968415930481,3.36395823801652,4.2971566749565,4.44840307017734,5.08939042731553,6.25568657368504,6.11077531028489,6.48093190257155,6.72985000576984,7.61799772966559,7.8251383606739,8.68160921117095,7.75408694051116,7.34067063398633,6.86820120827115,7.76539776281533,8.03186217485386,8.82605774008916,10.0169604306292,11.5662685466765,10.9306001547078,11.7872975836442,13.1932092718304,14.1938929377178,14.0318405108189,15.2953283600458,17.5421982874324,18.2452571947862,18.5958087676262,20.2677288484446,22.4830631260195,20.8939556997172,23.3541250563692,24.9651821850398,26.1659533524717,27.6634059061089,27.9281545802911,30.0604932954441,31.2279059198088,30.6787257687859,31.2018578806721,32.7457815251283,34.7304690191456,37.437857792614,41.7544630316505,46.3587562078929,51.4485473594943,57.7005146322801,63.5193463831637,68.9298527884764,76.1349917831378,83.806299048452,100.485141194419,111.451813453422,144.91641055989,149.124598582601,139.519546295921,166.982219581424,158.29739078362,172.592210185903,186.592482667919,183.068029408977,174.364102044903,190.981610289909,174.822736794743,168.121253003068,173.896216714628,173.745563655293,189.490887572319,200.054396811402,213.411930309512,223.683333910474,453.032456625535,458.067981142075,472.903601687792,481.883708073268,505.84635215826,515.857443313026,524.318901615742,546.573834748812,571.190806802369,599.800145636037,564.144977383251,557.815315412477,315.559672768791,378.987147868057,384.189632592595,386.075853080994,402.852456958371,413.369790380686,416.359076828189,410.602336149078,392.786070826601,308.830934097743,349.66682877829,364.521087666574,373.386579778685,368.965510397553,378.874513375684,182.742958327968,184.204771458416,188.23208547876,168.426946374434,175.096874224088,183.423609561415,190.708574274974
"CO2","vnm","ktCO2",0,0,0,0,0,0,0,0,0,0,0,0,0,0,0,0,0,0,0,0,0,0,0,0,0,0,0,0,0,0,0,0,0,0,0,0,0,0,0,0,0,0,0,0,0,0,0,0,0,0,0,0,0,0,0,0,0,0,0,0,0,0,0,0,0,0,0,0,0,0,0,0,0,0,0,0,0,0,0,0,0,0,0,0,0,0,0,0,0,0,0,0,0,0,0,0,0,0,0,0,0,0.00359268074490066,0.00726432150617278,0.0110149222838163,0.0148444830778313,0.0187530038882178,0.0227404847149756,0.0268069255581049,0.0309523264176058,0.035176687293478,0.0394800081857216,0.0439105424376748,0.0484288100411518,0.0530348109961526,0.0577285453026774,0.0625100129607259,0.0673792139702982,0.0723361483313944,0.0773808160440144,0.0825132171081581,0.0877333515238258,0.0942418415614367,0.100952409928707,0.107865056625636,0.114979781652224,0.122296585008471,0.129815466694377,0.137536426709942,0.145459465055165,0.153584581730048,0.161911776734591,0.169698962187064,0.177640349331666,0.185735938168394,0.193985728697252,0.202389720918238,0.210947914831353,0.219660310436595,0.228526907733966,0.237547706723465,0.24672270740509,0.256503500448649,1.08923461710154,2.84421637894527,1.46432136136339,0.99249122874643,1.71244118561302,2.3474528116293,2.86915458634343,3.17824618817387,2.33846744220913,2.30700861003247,1.92106456547378,2.5424682902225,3.50448905365982,3.4736653945482,3.65578693209179,3.72458118109418,4.00632062675183,4.40170494748319,5.59165063413296,4.95954388434631,4.89481538864079,5.72373763221282,6.86469444579922,7.11189621019574,7.54346070257325,7.23731350824613,7.05878600099625,7.36252218647192,7.72294925789514,10.0058481244412,10.7284709666597,11.4228798889513,13.2806787502941,14.5995763235765,13.8616962646239,15.9469400911564,180.446940994878,202.297978039928,187.629094974095,170.776776015093,185.164117435041,125.87890429337,133.176011143305,127.79842242744,168.3355644754,256.660308220426,286.007015292802,332.324437661937,302.203597925674,322.223330565658,187.759731344639,134.708727733919,6.43054153590493,10.5556485062511,37.2250684773258,37.4448393573602,95.3185552451818,153.372150754598,402.677257450892,599.062100062472,746.601298632208,968.993181475784,1043.10775659347,1111.87666851494,1037.01046402855,1142.75201716847,1498.71830035241,1611.35818868071,1623.97441188153,1824.35331374197,1804.59013542189,1952.11453065345,3487.10347881966,4239.3213594235,7863.52879056451,11131.6340523451,11046.8910744857,13286.7697589164,13828.1440049324,11505.7799226302,12385.1164658509,12357.3659379512,7989.24047602403,7719.54826467605,3200.09652382649,3266.38231812438,3932.16170443722,4288.35317937338,6638.06711110203,5953.13663702396,6175.39360772313,7248.42246788651,7225.1575362386,7479.39311642655,8204.61834426971,9310.98278964735,9584.14430364892,8816.83771986863,10562.813337724,10794.8794325921,11921.8117825532,15941.065013326,18971.38322619,19731.6235408347,22353.6757090959,24405.2712648326,28870.689104614,31455.6758488119,35818.0246143284,38643.6881359679,46880.113248215,50265.0885088605,59001.1595531497,63962.5193106339,63495.4066841109,71344.0605236344,75545.9916252185,86980.4678139387,97792.1572628093,97298.2628696664,97867.091708571,101070.066310571,107061.701064856,110996.524965396,121552.166372208,129320.59436772,146526.904348523,164701.957641166,160842.060670813,160351.147377083,168628.449209479,173734.869616441
"CO2","vut","ktCO2",0,0,0,0,0,0,0,0,0,0,0,0,0,0,0,0,0,0,0,0,0,0,0,0,0,0,0,0,0,0,0,0,0,0,0,0,0,0,0,0,0,0,0,0,0,0,0,0,0,0,0,0,0,0,0,0,0,0,0,0,0,0,0,0,0,0,0,0,0,0,0,0,0,0,0,0,0,0,0,0,0,0,0,0,0,0,0,0,0,0,0,0,0,0,0,0,0,0,0,0,0,1.4440717231939e-05,2.90410004001425e-05,4.38008495046105e-05,5.87202645453431e-05,7.37992455223401e-05,8.90377924356018e-05,0.000104435905285128,0.000119993584070918,0.000135710828792974,0.000151587639451293,0.000167321390994341,0.000183159685737011,0.000199102523679302,0.000215149904821214,0.000231301829162749,0.000247558296703905,0.000263919307444682,0.000280384861385081,0.000296954958525102,0.000313629598864744,0.000330446634252147,0.00034737181777709,0.000364405149439571,0.000381546629239593,0.000398796257177154,0.000416154033252253,0.000433619957464894,0.000451194029815075,0.000468876250302791,0.000486666618928053,0.000504622939005743,0.000522691136467092,0.000540871211312108,0.000559163163540783,0.000577566993153118,0.000596082700149117,0.000614710284528778,0.000633449746292097,0.000652301085439081,0.000671264301969728,0.000690418481620757,0.00070968839649627,0.000729074046596258,0.000748575431920722,0.000768192552469665,0.000787925408243088,0.000807773999240982,0.00082773832546336,0.000847818386910213,0.000868014183581542,0.000888427482657495,0.000908960507827735,0.00092961325909226,0.000950385736451075,0.000971277939904176,0.00099228986945156,0.00101342152509324,0.0010346729068292,0.00105604401465945,0.00107753484858398,0.00109830272109302,0.00111916269059765,0.0011401147570979,0.00116115892059375,0.0011822951810852,0.00120352353857226,0.00122484399305493,0.0012462565445332,0.00126776119300708,0.00128935793847656,0.00131113061282226,0.001332997745625,0.00135495933688477,0.00137701538660156,0.00139916589477539,0.00142141086140625,0.00144375028649414,0.00146618417003906,0.00148871251204102,0.0015113353125,0.00153415066289062,0.00155706289375,0.00158007200507812,0.001603177996875,0.00162638086914063,0.001649680621875,0.00167307725507812,0.00169657076875,0.00172016116289062,0.0017438484375,0.00176774561979167,0.00179174216666667,0.001815838078125,0.00184003335416667,0.00186432799479167,0.001888722,0.00191321536979167,0.00193780810416667,0.001962500203125,0.00198729166666667,0.00205867458333333,0.0021375375,0.0022219675,0.00231075,0.002402925,0.00249824333333334,0.00259680083333333,0.00269928,0.00280656833333334,0.00291962916666666,0.003038995,28.8268638764878,28.8231803633146,28.8197143755895,32.4180778210182,36.015929045556,39.6132706095532,54.0117306248124,43.2065254275623,39.6032655936683,55.6462374243877,60.4326775027254,53.3688225534876,70.8613807767948,52.6839711935146,42.4717054685719,49.788640856281,57.1228192790889,60.9089875031857,61.3595360229636,49.5899771065419,50.2081185329971,53.7206717428718,62.3469695643206,117.979766130036,56.9371323332675,46.8372070486974,64.5234145315041,60.5120286885785,68.9614654666533,67.1512896859792,74.1161528969289,76.8957922118804,76.8189793128586,72.3308051310766,91.7647586135679,92.2243945158213,88.7900309359863,91.3459709880117,85.1178898955455,96.7927659719288,91.7264508479077,88.684114000809,60.1319056415323,58.0597069436438,51.2401333690523,91.1590488751403,90.8974104443407,115.533734781427,121.350559132816,143.088676815497,137.869853744862,136.370834192213,141.759568905106,154.381390474325,150.992643846257,151.889507727931,164.222045755619,165.795150379119,156.714457724844,163.138568710731,157.258916911249,167.064793260772
"CO2","wlf","ktCO2",0,0,0,0,0,0,0,0,0,0,0,0,0,0,0,0,0,0,0,0,0,0,0,0,0,0,0,0,0,0,0,0,0,0,0,0,0,0,0,0,0,0,0,0,0,0,0,0,0,0,0,0,0,0,0,0,0,0,0,0,0,0,0,0,0,0,0,0,0,0,0,0,0,0,0,0,0,0,0,0,0,0,0,0,0,0,0,0,0,0,0,0,0,0,0,0,0,0,0,0,0,0,0,0,0,0,0,0,0,0,0,0,0,0,0,0,0,0,0,0,0,0,0,0,0,0,0,0,0,0,0,0,0,0,0,0,0,0,0,0,0,0,0,0,0,0,0,0,0,0,0,0,0,0,0,0,0,0,0,0,0,0,0,0,0,0,0,0,0,0,0,0,0,0,0,0,0,0,0,0,0,0,0,0,0,0,0,0,0,0,0,0,0,0,0,0,0,0,0,0,0,0,0,0,0,0,0,0,0,0,0,0,0,0,0,0,0,0,0,0,0,0.00077716450003833,0.00077628035384943,0.00077893279241612,0.00078777425430506,0.00080634132427185,0.00083198156374979,0.00086557911892779,0.00090536569742804,0.00094868886068388,0.0009928961701286,0.0010388717719511,0.0010848473737736,0.0011290546832184,0.0011679571155297,0.0011962497935744,0.0012148168635411,0.001224542471619,0.0012254266178079,0.0012263107639968,0.0012271949101857,0.0012298473487523,0.0012342680796968,0.0012386888106413,0.0012448778339636,0.0012501827110969,0.0012563717344192,0.0012625607577414,0.0012687497810637,0.0012758229505749,0.0012820119738971,15.7827364461495,27.2490258126863,27.487135047574,26.9484652458434,29.6401116325893,29.942136479379,27.2215611968783,21.1432778400689,28.1576753097523,29.582827941961,25.1215086261779,24.1640568697026,23.8744204203701,24.8209241944855,27.0788270163327,26.4622908218242,26.6152159203928,28.8209691174551,29.0947872193939,27.4871324414701,28.6314547326217,27.5683908868137,29.3201983122434
"CO2","wsm","ktCO2",0,0,0,0,0,0,0,0,0,0,0,0,0,0,0,0,0,0,0,0,0,0,0,0,0,0,0,0,0,0,0,0,0,0,0,0,0,0,0,0,0,0,0,0,0,0,0,0,0,0,0,0,0,0,0,0,0,0,0,0,0,0,0,0,0,0,0,0,0,0,0,0,0,0,0,0,0,0,0,0,0,0,0,0,0,0,0,0,0,0,0,0,0,0,0,0,0,0,0,0,0,7.68729302604172e-06,1.54595285164596e-05,2.33167064712536e-05,3.12588268904239e-05,3.92858897739699e-05,4.73978951218925e-05,5.55948429341912e-05,6.38767332108659e-05,7.2243565951917e-05,8.06953411573438e-05,8.98744362139918e-05,9.9255269623533e-05,0.000108837841385967,0.000118622151501296,0.000128608199969517,0.000138795986790631,0.000149185511964639,0.000159776775491541,0.000170569777371336,0.000181564517604024,0.000193025777777778,0.000204713993598537,0.000216629165066301,0.00022877129218107,0.000241140374942845,0.000253736413351623,0.000266559407407407,0.000279609357110197,0.00029288626245999,0.00030639012345679,0.000320560666666667,0.000334986534979423,0.000349667728395062,0.000364604246913582,0.000379796090534979,0.000395243259259259,0.00041094575308642,0.000426903572016459,0.000443116716049382,0.000459585185185186,0.000476963249999999,0.000494628555555556,0.000512581101851853,0.000530820888888888,0.000549347916666667,0.000568162185185185,0.000587263694444443,0.000606652444444444,0.000626328435185186,0.000646291666666666,0.000641959809490091,0.000636951180136658,0.000631265778606362,0.00062490360489921,0.000617864659015199,0.000610148940954326,0.000601756450716596,0.000592687188302008,0.000582941153710557,0.00057251834694225,0.000602532188113521,0.000633217238095352,0.000664573496887752,0.000696600964490718,0.000729299640904246,0.000762669526128342,0.000796710620163,0.000831422923008223,0.000866806434664014,0.00090286115513037,0.000949491822911009,0.000997072706220633,0.00104560380505924,0.00109508511942681,0.00114551664932338,0.00119689839474892,0.00124923035570344,0.00130251253218694,0.00135674492419942,0.00141192753174088,0.00148455157169139,0.00155853301771112,0.00163387186980008,0.00171056812795828,0.0017886217921857,0.00186803286248234,0.00194880133884822,0.00203092722128332,0.00211441050978766,0.00219925120436122,0.00231262201263538,0.00242794742934428,0.00254522745448794,0.00266446208806637,0.00278565133007953,0.00290879518052745,0.00303389363941013,0.00316094670672755,0.00328995438247973,3.56861950728878,3.56665183200895,7.12836598582649,7.12703794402955,10.6866627673156,10.6847666881786,10.6829174454694,14.2400658512723,10.6794915928043,14.2356301043376,14.2335972052129,17.7884417791899,17.7862601042273,21.3399174636831,24.8928269306167,28.4450529088002,24.8876068172989,24.8852234441515,28.4367807104695,28.4344520253576,28.4323313661059,34.9858609000586,35.7623769867649,35.7744621289482,37.740796854689,56.2816392121213,46.0869931794848,78.186379759323,103.40336827929,93.0936220993184,97.3674280941991,98.9618894801978,110.873479636581,110.745129549256,128.548824025172,110.970195214607,110.010798744819,111.106105663445,110.841717108691,117.000031904883,122.970344483308,126.249163888053,143.376906192386,148.661196222312,139.970956548867,143.463394543707,142.899487502261,137.605084870241,138.038081503853,149.69751942195,145.506667228901,155.880747486799,153.850713787863,163.039817865217,171.434699503564,172.481318523248,181.708355333002,175.599512470288,185.311458910055,192.207706661077,209.227168808867,231.841397820668,223.03541916221,220.414871625198,229.03914004471,249.673166351358,244.030970296922,245.42079490754,265.579915458321,268.0762800834,253.240996382771,263.704872254676,253.983317091107,270.000028718604
"CO2","yem","ktCO2",0,0,0,0,0,0,0,0,0,0,0,0,0,0,0,0,0,0,0,0,0,0,0,0,0,0,0,0,0,0,0,0,0,0,0,0,0,0,0,0,0,0,0,0,0,0,0,0,0,0,0,0,0,0,0,0,0,0,0,0,0,0,0,0,0,0,0,0,0,0,0,0,0,0,0,0,0,0,0,0,0,0,0,0,0,0,0,0,0,0,0,0,0,0,0,0,0,0,0,0,0,0.752044000688542,1.50715131706217,2.26532194912089,3.02655589686468,3.79085316029357,4.55821373940754,5.32863763420661,6.10212484469075,6.87867537085999,7.65828921271428,8.44131021181017,9.22745704323779,10.0167297069971,10.8091282030882,11.6046525315109,12.4033026922654,13.2050786853516,14.0099805107696,14.8180081685192,15.6291616586006,16.48158518521,17.3407673255031,18.20670807948,19.0794074471406,19.9588654284851,20.8450820235132,21.7380572322251,22.6377910546207,23.5442834907001,24.4575345404632,25.3599332286803,26.2679543386309,27.1815978703148,28.1008638237322,29.025752198883,29.9562629957674,30.8923962143851,31.8341518547361,32.7815299168209,33.7345304006388,34.6971277767262,35.6655414511582,36.6397714239355,37.6198176950572,38.6056802645243,39.5973591323361,40.5948542984931,41.5981657629947,42.6072935258416,43.6222375870331,44.6723392394762,45.7294078292015,46.7934433562096,47.8644458204998,48.9424152220727,50.0273515609279,51.1192548370657,52.2181250504856,53.3239622011884,54.4367662891732,55.7575097773077,57.0918094638023,58.4396653486567,59.8010774318716,61.1760457134462,62.5645701933811,63.9666508716758,65.3822877483308,66.8114808233456,68.2542300967207,69.7526949426007,71.2659035748452,72.7938559934535,74.3365521984263,75.8939921897628,77.4661759674639,79.0531035315288,80.6547748819581,82.2711900187513,83.9023489419091,85.5881548823063,87.2896898740278,89.0069539170731,90.7399470114427,92.488669157136,94.2531203541537,96.033300602495,97.8292099021608,99.6408482531503,101.468215655464,103.359343775897,105.267256588682,107.191954093819,109.133436291309,111.091703181152,113.066754763347,115.058591037895,117.067212004794,119.092617664047,162.366460832034,152.892221650011,168.805144948908,179.853213298834,3268.00274275716,2473.94849496219,2244.63248507998,2637.63130890578,2123.94057929963,2628.25933002596,3355.21252344648,2725.27619300501,3572.07015804006,2970.29900288028,3497.16015799462,3582.22716458314,3338.16670769679,2612.83824851461,8427.10616458216,3619.85389359138,2002.6661785233,1422.64941005619,1682.33804375709,2098.0248233361,2105.29252282878,2006.59670612163,2491.8944125276,2525.73983918888,2780.69817994094,2993.13972995883,3833.02530280183,3847.5807771786,4398.92545717207,5149.65398035388,5516.76293838489,5860.05812650988,6039.94744028874,6364.26894539752,6797.67557661661,7088.85449959837,7139.71516455145,9012.33075648247,9650.54333983122,8664.75038019846,10073.0460911867,11270.9800032747,11555.6708182871,12439.7359929306,13249.9456026782,14923.5095859549,15941.7659446098,16968.3484962694,17017.0795823388,19733.5216874659,20638.1517535356,22212.5772051397,23150.8947590121,24516.3965928219,25384.2714920106,27779.0017276077,26647.1178581459,24045.0579545841,22314.6983291792,29203.076377278,28814.280847478,14629.0890903456,10890.5498706677,9956.94057630249,12119.2162801701,12465.289488203,11456.3434639938,11351.0718712133,11231.3376582037,11601.3249992247
"CO2","zaf","ktCO2",0,0,0,0,0,0,0,0,0,0,0,0,0,0,0,0,0,0,0,0,0,0,0,0,0,0,0,0,0,0,0,0,0,0,0,0,0,0,0,0,0,0,0,0,0,0,0,0,0,0,0,0,0,0,0,0,0,0,0,0,0,0,0,0,0,0,0,0,0,0,0,0,0,0,0,0,0,0,0,0,0,0,0,0,0,0,0,0,0,0,0,0,0,0,0,0,0,0,0,0,0,0.000129131470004404,0.000298659232714721,0.000508583288130952,0.000758903636253097,0.00104962027708116,0.00138073321061513,0.00175224243685501,0.00216414795580081,0.00261644976745253,0.00310914787181015,0.00363610991492137,0.00420235327729263,0.00480787795892394,0.00545268395981528,0.00613677127996664,0.00686013991937806,0.00762278987804953,0.00842472115598097,0.00926593375317251,0.0101464276696241,0.0116968614603945,0.0133466392899543,0.0150957611583036,0.0169442270654424,0.0188920370113706,0.0209391909960881,0.0230856890195953,0.0253315310818918,0.0276767171829778,0.0301212473228532,0.0318333805040139,0.0335911970144475,0.0353946968541543,22.4964775593167,37.4711948786773,48.7027522681517,48.7047385013084,82.3956209367348,134.802577121569,303.248952999416,303.25218035284,490.415785679006,1837.97322841397,2485.55131878957,3410.1267218551,4349.67504468544,4881.21405298724,6180.11030931021,5637.34950124306,2380.76472090657,3994.0910531994,5951.79241931901,7950.66916459492,8957.59653977963,10245.2644533665,11712.6063537986,12925.4103899429,13288.5068692983,15298.6139358795,17346.1531760038,16694.8410460928,17724.2283460473,19393.7039153933,18798.5401982755,18910.8424515872,22283.4769035413,23844.3999482308,22702.7286497102,23638.536576056,26221.3550817483,25963.0817075717,22257.3161033251,27014.9385302604,28377.4736057108,29579.0509794944,31087.5713532633,30200.4402742756,30264.0835607463,31482.3083521799,29343.2729810918,26120.3826287654,24001.3219314837,25920.7005659677,29549.0819261353,32922.9148297485,36115.3142369988,37724.1566767577,39652.9634017298,41152.2187132357,42525.8156975623,45402.5661377917,49596.9358585443,49945.0608918302,55896.1995885275,57216.513543961,56794.5295951751,55978.2496535311,56620.9245082101,59404.4600053969,59396.692809696,64114.1218113916,69973.6968422134,70384.2024819837,73486.2473859076,82303.1190381123,86292.1297759527,88354.0914129584,94331.7309194376,92499.5765051876,95465.1931967137,99684.1623216796,103228.522763278,107223.533179097,116645.718663135,124440.39010233,124849.769219317,129802.072211126,133349.316794359,137965.647947548,144291.392571729,158896.175403857,165022.547323142,180113.244822638,185263.938349978,198537.987907276,210050.490107944,208979.699678539,215447.477853492,219451.320619671,232451.704684244,248296.470151309,272805.105381094,279819.866768632,301279.676709822,300384.267365492,310646.926204199,323228.341775768,330663.856946412,312734.693858419,309462.147732755,316524.668610328,296771.180175188,326174.498920208,336438.388435354,352562.979931272,356539.440373253,366297.182847623,361429.09127514,369819.494700204,367448.361375138,368442.905993818,368022.112063732,392411.802183421,422573.383398966,432775.164181675,438887.88166702,459379.608778172,492698.178863264,464731.936331814,467124.853883053,455456.067296133,460772.844540224,472619.699985945,488147.295459881,459984.247635503,460315.039433157,465886.209661503,468050.503874635,480493.123384618,449783.2505153,450200.439654415,429635.479757692,426082.778185971
"CO2","zmb","ktCO2",0,0,0,0,0,0,0,0,0,0,0,0,0,0,0,0,0,0,0,0,0,0,0,0,0,0,0,0,0,0,0,0,0,0,0,0,0,0,0,0,0,0,0,0,0,0,0,0,0,0,0,0,0,0,0,0,0,0,0,0,0,0,0,0,0,0,0,0,0,0,0,0,0,0,0,0,0,0,0,0,0,0,0,0,0,0,0,0,0,0,0,0,0,0,0,0,0,0,0,0,0,0.000439928016687815,0.000880594787391897,0.00132200031211226,0.00176414459084887,0.00220702762360176,0.00265064941037091,0.00309500995115636,0.00354010924595805,0.00398594729477601,0.00443252409761022,0.00488572707167201,0.00534073923924303,0.00579756060032328,0.00625619115491276,0.00671663090301141,0.00717887984461933,0.0076429379797365,0.0081088053083629,0.00857648183049852,0.00904596754614338,0.00951765013962082,0.009991178848924,0.010466553674053,0.0109437746150077,0.0114228416717882,0.0119037548443943,0.0123865141328262,0.012871119537084,0.0133575710571673,0.0138458686930767,0.0143365964202257,0.0148292079390337,0.0153237032495009,0.0158200823516268,0.0163183452454115,0.0168184919308555,0.0173205224079581,0.0178244366767199,0.0183302347371403,0.0188379165892197,0.0193482703498767,0.0198605463469203,0.0203747445803505,0.0208908650501675,0.021408907756371,0.0219288726989611,0.022450759877938,0.0229745692933015,0.0235003009450517,0.0240279548331885,0.0260933002854291,0.0282479155270518,0.0304955849270836,0.0328402355495128,0.0352859422041139,0.0378369326643158,0.0404975930682279,0.0432724734984312,0.046166293758119,0.0491839493465123,0.0528689399009889,0.056705761869221,0.0606998756222629,0.0648569431685395,0.0691828352311534,0.073683638457073,0.0783656629779817,0.0832354502348806,0.0882997809492206,0.0935656834603524,0.0991797064061281,0.105024666126978,0.11109925562122,0.117411668405301,0.123970395345222,0.130784234928153,0.137862303900384,0.145214048256925,0.152849254538834,0.160778061584772,0.169201627114979,0.1779448843495,0.187019103294912,0.196435957188573,0.206207536286924,0.216346362195936,0.226890991582488,0.237832479152868,0.249184974836282,0.26096313613541,0.273439177493941,0.286377445065349,0.298420731644398,0.309755622058943,0.321288540248386,0.333018773353343,0.344945608074832,0.357068331406941,0.36938623034375,420.658255311175,614.125770047154,715.405714321262,823.468488234812,923.440296816962,1062.81841989109,1315.55309988668,1374.76136096123,1543.38022696202,1472.15467238458,1510.60592754266,1492.97107956935,1560.21499455289,1572.71814461513,2870.6664277335,3491.09475598304,3144.91077254455,4481.37310306587,4367.30742885531,4089.12331115686,3805.22276973293,3658.62405291788,4069.50671194218,4385.87488958901,4417.91245020592,4608.75164202147,4621.32281667746,4204.17699134611,3904.74288423388,3559.69255403513,3547.16497211171,3241.5738675645,3122.51123838464,3022.27481230706,3107.47613823375,3084.5547372773,3180.89822795303,3155.74804345469,3436.54756844982,3568.01289261699,2941.62386156332,3062.9574427254,3061.8898568408,2741.38836482253,2358.65366914912,2342.81863293802,1958.74332227352,2472.56243276595,2346.95798984875,1931.1604704761,1965.4080712688,1985.51675287408,2082.14830065028,2251.92133023387,2285.72488655157,2483.14344941333,2381.35723558077,2161.58249970813,2607.49808131155,2887.19610878037,3136.79549053251,3347.57742838523,4300.41132503512,4681.22767731525,5446.72741778337,5797.85646181255,6161.22064541728,7868.70079577901,9127.37583346268,8945.17044496914,10024.63343672,9554.80443555026,11100.2796111523,11151.184565031
"CO2","zwe","ktCO2",0,0,0,0,0,0,0,0,0,0,0,0,0,0,0,0,0,0,0,0,0,0,0,0,0,0,0,0,0,0,0,0,0,0,0,0,0,0,0,0,0,0,0,0,0,0,0,0,0,0,0,0,0,0,0,0,0,0,0,0,0,0,0,0,0,0,0,0,0,0,0,0,0,0,0,0,0,0,0,0,0,0,0,0,0,0,0,0,0,0,0,0,0,0,0,0,0,0,0,0,0,0.000193787790869135,0.000394490095420283,0.000602106913653446,0.000816638245568618,0.00103808409116581,0.001266444450445,0.00150171932340622,0.00174390871004944,0.00199301261037468,0.00224903102438194,0.00251892943508223,0.00279700881092108,0.00308326915189851,0.00337771045801449,0.00368033272926904,0.00399113596566216,0.00431012016719383,0.00463728533386407,0.00497263146567287,0.00531615856262024,0.00568362012331897,0.00606076298235748,0.00644758713973577,0.00684409259545385,0.0072502793495117,0.00766614740190935,0.00809169675264678,0.00852692740172399,0.00897183934914098,0.00942643259489776,0.00991826236531846,0.0104215511906161,0.0109362990707905,0.0114625060058418,0.0120001719957699,0.0125492970405748,0.0131098811402566,0.0136819242948152,0.0142654265042506,0.0148603877685628,0.0155099993461993,0.0161731768693686,0.0168499203380706,0.0175402297523055,0.0182441051120732,0.0189615464173737,0.019692553668207,0.0204371268645731,0.021195266006472,0.0219669710939037,0.0228172870693222,0.0236837197723305,11.2801187570327,14.1856761297277,23.2636493705407,25.0799919617396,27.6225153463002,39.2421133055157,40.6954219085801,42.8749113050063,50.8638245411773,51.5911100887154,57.7646497887192,83.5446548355557,97.7060441339544,117.313687584819,131.112032700319,116.953056843112,121.674381656105,137.651278034635,137.28961291522,123.130841528695,147.095738254402,155.448117021412,181.228470616581,230.246116452979,238.96164532512,287.979336339396,272.731476060485,246.954250559316,154.370066060335,115.159012047436,127.14259449072,169.262037767792,182.698003071286,185.241524978738,270.930929114275,274.56375154362,294.172223612389,339.559568455142,371.151164649899,410.36754644904,467.738101663761,475.366433028768,471.771857957131,456.88919734593,432.928711393353,482.311737663728,544.411878891754,43.6444522280166,49.8591147058712,73.5540329961765,95.0591871243532,116.534564967487,144.740163379328,169.945988604459,197.752056377877,230.158391239577,173.765023879136,175.371984508633,400.832272949062,662.992915809423,931.753898245553,5628.25047330122,6741.96295837945,7273.63445741118,6485.94485464484,7477.38134853194,7819.12329633879,8892.64961234843,9389.68091398984,8992.89089216664,10347.9459107624,9968.67664999914,8688.39224590973,9171.55893622924,8464.93102818686,8080.12488316486,8358.18727400378,9577.47556449084,8986.00341372362,8654.76468734096,8545.29123383406,8982.31033220076,10337.8869007239,11912.3953090471,15170.1102557092,14556.4752708901,14586.031614566,16498.1396391157,17845.895298755,18005.4032725094,16962.7000231717,15404.9765099992,15180.5032402036,14652.7210886488,13787.3575479257,13993.1949740543,16257.6965028862,13943.2836251858,13723.5596938764,12551.2492970085,10371.5283765173,9858.7171528332,10954.6935948465,10512.4477474161,10134.6032312706,7893.27543421712,8334.06007563194,9641.9394307628,15237.8830183486,12373.5748600171,12313.5432368955,12134.2972841454,12327.2148354901,10967.5235666042,10248.6821348587,11632.48736703,10628.1667420188,8788.48269136261,10216.1181656732,11344.4692888368,11305.6160966503
