"em","sector","fuel","units","X1750","X1751","X1752","X1753","X1754","X1755","X1756","X1757","X1758","X1759","X1760","X1761","X1762","X1763","X1764","X1765","X1766","X1767","X1768","X1769","X1770","X1771","X1772","X1773","X1774","X1775","X1776","X1777","X1778","X1779","X1780","X1781","X1782","X1783","X1784","X1785","X1786","X1787","X1788","X1789","X1790","X1791","X1792","X1793","X1794","X1795","X1796","X1797","X1798","X1799","X1800","X1801","X1802","X1803","X1804","X1805","X1806","X1807","X1808","X1809","X1810","X1811","X1812","X1813","X1814","X1815","X1816","X1817","X1818","X1819","X1820","X1821","X1822","X1823","X1824","X1825","X1826","X1827","X1828","X1829","X1830","X1831","X1832","X1833","X1834","X1835","X1836","X1837","X1838","X1839","X1840","X1841","X1842","X1843","X1844","X1845","X1846","X1847","X1848","X1849","X1850","X1851","X1852","X1853","X1854","X1855","X1856","X1857","X1858","X1859","X1860","X1861","X1862","X1863","X1864","X1865","X1866","X1867","X1868","X1869","X1870","X1871","X1872","X1873","X1874","X1875","X1876","X1877","X1878","X1879","X1880","X1881","X1882","X1883","X1884","X1885","X1886","X1887","X1888","X1889","X1890","X1891","X1892","X1893","X1894","X1895","X1896","X1897","X1898","X1899","X1900","X1901","X1902","X1903","X1904","X1905","X1906","X1907","X1908","X1909","X1910","X1911","X1912","X1913","X1914","X1915","X1916","X1917","X1918","X1919","X1920","X1921","X1922","X1923","X1924","X1925","X1926","X1927","X1928","X1929","X1930","X1931","X1932","X1933","X1934","X1935","X1936","X1937","X1938","X1939","X1940","X1941","X1942","X1943","X1944","X1945","X1946","X1947","X1948","X1949","X1950","X1951","X1952","X1953","X1954","X1955","X1956","X1957","X1958","X1959","X1960","X1961","X1962","X1963","X1964","X1965","X1966","X1967","X1968","X1969","X1970","X1971","X1972","X1973","X1974","X1975","X1976","X1977","X1978","X1979","X1980","X1981","X1982","X1983","X1984","X1985","X1986","X1987","X1988","X1989","X1990","X1991","X1992","X1993","X1994","X1995","X1996","X1997","X1998","X1999","X2000","X2001","X2002","X2003","X2004","X2005","X2006","X2007","X2008","X2009","X2010","X2011","X2012","X2013","X2014","X2015","X2016","X2017","X2018","X2019","X2020","X2021","X2022","X2023"
"CO2","1A1a_Electricity-autoproducer","biomass","ktCO2",0,0,0,0,0,0,0,0,0,0,0,0,0,0,0,0,0,0,0,0,0,0,0,0,0,0,0,0,0,0,0,0,0,0,0,0,0,0,0,0,0,0,0,0,0,0,0,0,0,0,0,0,0,0,0,0,0,0,0,0,0,0,0,0,0,0,0,0,0,0,0,0,0,0,0,0,0,0,0,0,0,0,0,0,0,0,0,0,0,0,0,0,0,0,0,0,0,0,0,0,0,0,0,0,0,0,0,0,0,0,0,0,0,0,0,0,0,0,0,0,0,0,0,0,0,0,0,0,0,0,0,0,0,0,0,0,0,0,0,0,0,0,0,0,0,0,0,0,0,0,0,0,0,0,0,0,0,0,0,0,0,0,0,0,0,0,0,0,0,0,0,0,0,0,0,0,0,0,0,0,0,0,0,0,0,0,0,0,0,0,0,0,0,0,0,0,0,0,0,0,0,0,0,0,0,0,0,0,0,0,0,0,0,0,0,0,0,0,0,0,0,0,0,0,0,0,0,0,0,0,0,0,0,0,0,0,0,0,0,0,0,0,0,0,0,0,0,0,0,0,0,0,0,0,0,0,0,0,0,0,0,0,0,0,0,0,0,0,0,0,0,0,0,0
"CO2","1A1a_Electricity-autoproducer","brown_coal","ktCO2",0,0,0,0,0,0,0,0,0,0,0,0,0,0,0,0,0,0,0,0,0,0,0,0,0,0,0,0,0,0,0,0,0,0,0,0,0,0,0,0,0,0,0,0,0,0,0,0,0,0,0,0,0,0,0,0,0,0,0,0,0,0,0,0,0,0,0,0,0,0,0,0,0,0,0,0,0,0,0,0,0,0,0,0,0,0,0,0,0,0,0,0,0,0,0,0,0,0,0,0,0,0,0,0,0,0,0,0,0,0,0,0,0,0,0,0,0,0,0,0,0,0,0,0,0,0,0,0,0,0,0,0,0,0,0,0,0,0,0,0,0,0,0,0,0,0,0,0,0,0,0,0,0,0,0,0,0,0,0,0,0,0.898456058989903,1.85393799686253,2.96320527009154,3.53660051636776,4.50961693984852,5.64807325942372,6.69794595562951,7.12809152000836,3.6341516518307,4.78825052127104,8.19165808444541,10.1215514892668,11.2631566392407,11.0451228781225,10.3157409630802,12.4228501593906,14.3918394213812,15.4841613278971,17.8149350403276,15.07366031787,13.6688549716057,12.5018379012147,12.1057593939278,12.5409039005012,13.3582591393681,13.7277968045142,15.2073329719766,16.1922709355438,15.8915555019258,16.4718876033017,17.8945802993209,18.245967628755,18.1725485355756,14.8283440686845,6.88722018310505,10.2897608626629,15.2888940868289,19.4478754662593,26.076635494182,24.7922078844095,28.5630557092081,304.459337763897,615.751137990503,949.872937183773,1354.93458894136,1746.86052057567,2153.58448101739,2528.11165551937,2905.09339746392,3412.31640651618,3954.77563276152,4542.38617819224,5147.87917766425,5702.9553394286,5911.86830420888,6461.25511592218,6823.44875436461,7511.51985970725,8213.36176326809,8942.98886951333,9304.511970092,8774.892983752,9757.194784758,15926.734922982,14867.041407376,15416.587941974,14746.682364282,13532.121412322,14048.99194111,16520.507504836,18895.225701388,18354.09128812,16484.921796692,17337.174175658,19213.44430483,19031.00942994,18617.647219992,17840.45895245,17061.73941401,19571.627303352,22440.807541886,15453.5906487071,12442.470291363,11048.6131040372,9498.6524425526,7162.03901211487,7038.85722540122,4992.76514953124,4405.72583898068,3836.85095207421,6911.83837427924,5027.7541497252,4521.16449346894,4444.3474396566,4327.12162721723,4039.28165919654,2307.85051706657,2602.48645480219,2490.83132949597,5298.33740226246,3210.17359032079,3156.99855799706,2538.47056920341,2694.71034253778,2506.95324060131,2449.04817633284,2509.95815422192,2451.536242464,3030.17561117806,3743.007479596,3863.911726144,3632.48520808,3486.15972814586
"CO2","1A1a_Electricity-autoproducer","coal_coke","ktCO2",0,0,0,0,0,0,0,0,0,0,0,0,0,0,0,0,0,0,0,0,0,0,0,0,0,0,0,0,0,0,0,0,0,0,0,0,0,0,0,0,0,0,0,0,0,0,0,0,0,0,0,0,0,0,0,0,0,0,0,0,0,0,0,0,0,0,0,0,0,0,0,0,0,0,0,0,0,0,0,0,0,0,0,0,0,0,0,0,0,0,0,0,0,0,0,0,0,0,0,0,0,0,0,0,0,0,0,0,0,0,0,0,0,0,0,0,0,0,0,0,0,0,0,0,0,0,0,0,0,0,0,0,0,0,0,0,0,0,0,0,0,0,0,0,0,0,0,0,0,0,0,0,0,0,0,0,0,0,0,0,0,0,0,0,0,0,0,0,0,0,0,0,0,0,0,0,0,0,0,0,0,0,0,0,0,0,0,0,0,0,0,0,0,0,0,0,0,0,0,0,0,0,57.9507850516357,120.679334729047,188.184813880897,273.871949135599,360.034338453773,440.633569884943,505.619827136185,568.441453824778,678.218502125635,772.588341195768,885.611152209527,1000.35273039248,1095.11478194752,1132.32365916042,1174.74120731626,1204.62145151638,1310.52981406292,1452.75497602981,1563.23897842341,1709.53847459626,1685.02896241567,1896.42350497327,2374.3589924948,2555.11664482667,1859.65923670239,1948.50621835703,2205.85609625324,2224.23823038868,2420.31432783341,2153.77338286948,2242.62036452412,2392.74112663025,2077.18115730513,1969.95204151504,2037.35320001167,1905.61457204099,2040.41688903424,2208.91978527581,870.087682410999,125.611249925532,131.738627970679,137.866006015827,128.674938948105,122.547560902958,143.993384060975,134.802316993253,128.674938948105,125.611249925532,131.738627970679,128.674938948105,153.184451128697,140.929695038401,153.184451128697,162.375518196419,131.738627970679,787.368078801503,909.91563970446,765.922255643485,1292.8767675262,563.718780153605,410.534329024908,572.909847221327,738.34905444032,1473.63441985807,21.4458231580176,18.3821341354436,18.3821341354436,18.3821341354436,18.3821341354436,21.4458231580176,24.5095121805915,22.2116923227602
"CO2","1A1a_Electricity-autoproducer","diesel_oil","ktCO2",0,0,0,0,0,0,0,0,0,0,0,0,0,0,0,0,0,0,0,0,0,0,0,0,0,0,0,0,0,0,0,0,0,0,0,0,0,0,0,0,0,0,0,0,0,0,0,0,0,0,0,0,0,0,0,0,0,0,0,0,0,0,0,0,0,0,0,0,0,0,0,0,0,0,0,0,0,0,0,0,0,0,0,0,0,0,0,0,0,0,0,0,0,0,0,0,0,0,0,0,0,0,0,0,0,0,0,0,0,0,0.00104580778119106,0.001151010723233,0.00125633040874045,0.00226961279563933,0.00342375448560555,0.00419466195795263,0.00503637934656279,0.00773373799266682,0.0151259675838594,0.0153096080680448,0.0161244402116086,0.0140064538004019,0.0162411331767087,0.0380548557639955,0.0626078437685645,0.10413600900888,0.177375965220632,0.262807753189747,0.328471768773178,0.425033716854433,0.49888337196761,0.712673763096535,0.799500877962997,0.911696794220075,1.36972549543427,1.79168211586162,1.91647589831675,2.49581363117994,2.77992411334511,2.85557863942723,3.57726915667692,4.49310538316425,4.78312958643485,5.78804809296731,5.40964550400959,7.58123012640999,7.69216018045106,8.94778765043408,10.3187239950867,11.2573829863547,13.4077387179528,15.4228983247121,14.8950401974368,13.7397736057432,14.6299758792697,10.9494406246698,12.7193008047932,13.6969305896765,13.9888356831688,15.2651665300463,16.121420489518,15.4138867754162,15.8404973885177,15.5228223014413,16.3580822960623,18.0962357892547,19.5585323329046,17.5380452829514,7.49163959412052,9.10241523809049,8.07718373191475,7.99504272672453,9.96709968258934,11.3744398942004,11.9472678719189,12.8903679258574,15.5640671395474,18.9834022178176,18.7858996002476,23.3465314459898,43.7477462052615,53.620271204736,51.2489336628476,52.3885371590305,60.0641307976589,63.9982810486975,70.4268732981874,74.5144724067212,79.910386214374,81.3099842748059,84.3885972448373,87.4597627606076,83.846104577199,74.7253327707161,101.935421057629,53.2251335571483,61.3422735394941,74.8802161227964,83.6655165353688,98.0178102967506,110.391017294677,120.425917267067,218.592059990381,326.234329390637,453.935061659802,627.960420694164,904.632633279975,1168.24326597658,1416.56692532773,1687.36875972448,2228.29926123224,2496.63819168352,2877.78402693651,3319.68101696364,3931.09912225489,4467.91081996635,5326.75745927561,6121.79927747007,7446.2464903365,7931.7123104192,8967.99133865572,10059.407910119,10489.3420736322,11390.7800941131,13494.4208279092,13134.4895635651,14311.5322489551,14994.8742397844,15019.0393617095,14787.8925943695,17687.153997207,18533.9396556648,17104.1844647132,16487.6604667532,22429.2927446549,22761.0895976892,23240.1273679073,24587.8580261982,29622.121797713,31720.9875142776,31642.8413954625,34547.8361390109,40005.907771552,38111.547753855,35954.1333986087,37843.5508522715,39965.3026777121,43536.8669790581,50553.2048300484,47609.6191665973,44941.4403087171,46720.2262139706,43035.1428690368,42984.1382552661,41826.971080343,36394.9797137625,38396.9108042628,41061.9018737824,35862.6190575307,33647.1061468654,40660.2405403381,32320.986188827,33184.8768345684,38119.5732168846,46506.6443938057,44338.9483085505,40602.8603498461,45422.7963511781,46315.3770921656,39365.9984659063,36445.9843275331,35929.5626131047,34957.2871631006,35831.3001182024
"CO2","1A1a_Electricity-autoproducer","hard_coal","ktCO2",0,0,0,0,0,0,0,0,0,0,0,0,0,0,0,0,0,0,0,0,0,0,0,0,0,0,0,0,0,0,0,0,0,0,0,0,0,0,0,0,0,0,0,0,0,0,0,0,0,0,0,0,0,0,0,0,0,0,0,0,0,0,0,0,0,0,0,0,0,0,0,0,0,0,0,0,0,0,0,0,0,0,0,0,0,0,0,0,0,0,0,0,0,0,0,0,0,0,0,0,0,0,0,0,0,0,0,0,0,0,0,0,0,0,0,0,0,0,0,0,0,0,0,0,0,0,0,0,0,0,0,0,0,0,0,0,0,0,0,0,0,0,0,0,0,0,0,0,0,0,0,0,0,0,0,0,0,0,0,0,0,47.7051546732494,97.7649910552943,158.158079313296,187.815762038235,215.971252331252,241.481113749726,239.234092447171,254.573993494764,242.560158610475,325.394459485794,355.002226017511,386.309904017998,388.282231590915,478.558354206955,482.904566556103,502.826367167775,589.031970542115,607.415488318335,666.519563007982,624.722234900648,571.283222687549,547.366351342644,582.723184476978,676.023325416443,753.261901166048,844.2645006763,975.028745165134,1050.02739750833,1133.29923082766,1160.27977671333,1101.91391224438,1073.57726678955,1031.14836210376,1011.49797010743,776.917830932854,892.437328839127,962.976857054581,1096.76021426084,1172.07780139914,1190.83832130654,1356.67420809888,1579.9401694433,1757.71671245108,2022.85860628003,2329.37888646935,2563.97703483157,2928.324370418,3154.61221970178,3331.28746908214,3746.0610216445,4102.00988074417,4463.41958028282,4923.14531799924,5584.62092467016,6048.67168479299,6209.81018634602,6652.94014983026,7029.69810650597,7268.98943478264,7609.01564450628,7602.47956386695,7872.50433948478,8092.05103581523,76598.998796942,59606.9749927212,64266.88395658,61851.1000570074,68807.3797233291,72610.3440209741,73440.7484800114,65854.527051994,74586.4813213169,76650.9446095195,76972.8039170966,78552.8590609222,78838.1223041911,84026.3371616445,79468.6925650406,79751.938950562,82759.3676768379,86175.4497632361,93341.3670817239,93034.0409087147,91474.5348355981,93944.0627559612,88134.7413187892,86542.9567568106,92367.2648371676,87506.7364244914,90716.4345719434,87973.3063914478,85345.4923942883,91405.5766671012,108136.97257787,104276.695411681,114140.329123935,128852.264002926,155091.641384071,175937.952295177,158632.657185523,182734.335141765,204508.904730475,201606.993060357,230519.255086062,211143.758587799,211660.873356808,212885.403404087,245301.204198113,244507.270319278,191451.317327806,184968.412627522,271768.812749926,275629.3442094
"CO2","1A1a_Electricity-autoproducer","heavy_oil","ktCO2",0,0,0,0,0,0,0,0,0,0,0,0,0,0,0,0,0,0,0,0,0,0,0,0,0,0,0,0,0,0,0,0,0,0,0,0,0,0,0,0,0,0,0,0,0,0,0,0,0,0,0,0,0,0,0,0,0,0,0,0,0,0,0,0,0,0,0,0,0,0,0,0,0,0,0,0,0,0,0,0,0,0,0,0,0,0,0,0,0,0,0,0,0,0,0,0,0,0,0,0,0,0,0,0,0,0,0,0,0,0,1.32088526025435e-05,1.45180505119232e-05,1.58253590195871e-05,2.85513843566426e-05,4.30138707648011e-05,5.26305716824879e-05,6.31101693183606e-05,9.67864653443144e-05,0.000189058831963776,0.000191113238143911,0.000201033484671085,0.00017324539814084,0.000199329052888812,0.000463504213275714,0.000756881574062341,0.00124974017429399,0.00211346524899121,0.00310942405400385,0.00385957285493276,0.00496043904130228,0.0057836987221666,0.00819829970939597,0.0091273994380022,0.0103309438667229,0.0154080869554939,0.0200107684297333,0.0212546415401237,0.0274895885485762,0.0304124133746418,0.0310333273817131,0.0386237846863809,0.048260976481575,0.051114822161613,0.0615445785259678,0.0572382154105428,0.0798274284490646,0.0806102941727286,0.0933299730343622,0.107134009638842,0.116350000164813,0.137956726213681,0.15650646278216,0.149136303016909,0.135794699243832,0.142785771156313,0.105569615222037,0.121192352396851,0.129018424027249,0.130307925337204,0.140665987036241,0.14700100609681,10.0285182279764,25.2730409025518,46.1087472848745,72.8011850415194,105.595634811933,121.228853126044,138.515174156289,157.453706059714,178.323244972597,201.026189355824,203.768997437276,203.47660301137,199.998103365378,193.192365765676,182.814675836963,203.303982097676,224.979457412855,247.826933581582,271.966858484805,297.566064850529,312.050390792915,326.329859275951,340.94689334836,355.700629174608,370.209781983677,388.857632536555,409.066508715855,428.08910780491,450.541482511629,468.423570453517,476.609403228269,486.229015757854,495.494600333352,503.552830062104,510.31952529579,530.762025098091,550.337642934763,519.501174347751,517.145597622121,938.491206549463,1110.56727228686,1313.63413563728,1483.07130449121,1714.19172612423,2040.50860968669,2257.79082457327,2691.28042010999,2807.78619163341,3225.91107105584,3294.18626864976,3496.53058378761,3951.88741725924,4218.33684100917,4770.20760996678,5074.13312224785,6071.32787156762,5742.17662470954,6477.03819456837,7276.00812498393,8127.43029062053,9056.96576896891,10234.9305336534,13322.3704771555,73547.1458442061,68927.7675559648,69254.9669973765,72843.920396646,79123.4254597175,82938.4843182765,80141.872705314,69640.9280482269,51563.9354086913,50612.395079163,46614.990625488,43135.7085415411,44369.5877248893,44899.4042243478,43257.0531711804,41723.2061420111,42098.3890842334,41956.9355713029,44566.0076663738,44174.3224306263,42705.4012357437,43533.2420535934,44699.4820475078,76492.2650380099,85729.2608758732,78284.7239632496,63027.1249476015,67149.0953736541,42036.8594629589,46504.2568502473,46563.9058666622,42140.460386206,38523.8463383099,34703.1698658363,36122.1885721289,34618.4054740888,40272.5043458429,52594.7353684056,63529.3419038414,59623.9010396202,59988.0739819432,61972.1886332195,75066.71744726,71616.4927609424,73314.9200178103,77531.1636517726,82362.7339813837,87238.256217827,89746.6543291715,91514.2615315915
"CO2","1A1a_Electricity-autoproducer","light_oil","ktCO2",0,0,0,0,0,0,0,0,0,0,0,0,0,0,0,0,0,0,0,0,0,0,0,0,0,0,0,0,0,0,0,0,0,0,0,0,0,0,0,0,0,0,0,0,0,0,0,0,0,0,0,0,0,0,0,0,0,0,0,0,0,0,0,0,0,0,0,0,0,0,0,0,0,0,0,0,0,0,0,0,0,0,0,0,0,0,0,0,0,0,0,0,0,0,0,0,0,0,0,0,0,0,0,0,0,0,0,0,0,0,0,0,0,0,0,0,0,0,0,0,0,0,0,0,0,0,0,0,0,0,0,0,0,0,0,0,0,0,0,0,0,0,0,0,0,0,0,0,0,0,0,0,0,0,0,0,0,0,0,0,0,0,0,0,0,0,0,0,0,0,0,0,0,0,0,0,0,0,0,0,0,0,0,0,0,0,0,0,0,0,0,0,0,0,0,0,0,0,0,0,0,0,0,0,0,0,0,0,0,0,0,0,0,0,0,0,0,0,0,0,0,0,0,0,0,0,0,0,0,134.653174186277,46.9720375068409,90.8126058465591,908.126058465591,955.098095972432,1127.32890016418,1020.85894848201,1496.84226188467,1525.02548438877,1772.41154859147,2113.74168780784,1681.5989427449,1806.85770942982,1888.27590777501,2029.19202029553,2235.86898532563,2129.39903364346,2232.73751615851,2210.81723198864,1982.21998278869,2004.14026695855,3814.12944555549,3306.8314404816,2270.31514616398,2495.78092619681,2949.84395542961,2185.76547865166,2439.4144811886,2242.13192365988,2339.20746784068,2016.66614362704,1838.17240110104,2289.10396116672,2145.05637947907,1728.57098025175,1562.60311439424,1180.56387600527,1418.5555327066,1612.70662106821,1653.4157202408,1246.32472851485,1496.84226188467,1359.05761853127,1349.6632110299,1253.45906970091
"CO2","1A1a_Electricity-autoproducer","natural_gas","ktCO2",0,0,0,0,0,0,0,0,0,0,0,0,0,0,0,0,0,0,0,0,0,0,0,0,0,0,0,0,0,0,0,0,0,0,0,0,0,0,0,0,0,0,0,0,0,0,0,0,0,0,0,0,0,0,0,0,0,0,0,0,0,0,0,0,0,0,0,0,0,0,0,0,0,0,0,0,0,0,0,0,0,0,0,0,0,0,0,0,0,0,0,0,0,0,0,0,0,0,0,0,0,0,0,0,0,0,0,0,0,0,0,0,0,0,0,0,0,0,0,0,0,0,0,0,0,0,0,0,0,0,0,0,0,0,0,0,0,0,0,0,0,0,0,0,0,0,0,0,0,0,0,0,0.023509070009779,0.0239611675099671,0.0244132650101552,0.0248653625103432,0.0759523800315937,0.0773086725321581,0.0786649650327222,0.106695010044382,0.108503400045134,0.110311790045886,0.0840901350349789,0.0854464275355433,0.907952300351091,2.59009914005889,3.47675732383654,6.10835836578356,7.07199932271572,7.20719404026863,9.10791083474781,12.0684712083385,15.8920765151959,19.8319377613483,33.8673758883747,44.3226063083325,79.2134626536337,71.4123076364705,82.4643938269102,128.436049021961,129.491193560286,163.721665232951,651.559298787201,732.138831059924,853.081944380006,834.487310146583,826.227820759593,843.365690489463,965.430522733818,299.426229739587,315.015863839854,789.789857489596,760.963903470695,702.709472790114,924.464700443157,1006.55010963561,1139.43306821994,1465.52015712144,1497.39099548646,1542.29486344337,1280.34267166752,2261.12201847116,2575.33750055398,2795.4352557433,2996.8478538512,3277.39711992445,3466.2210831514,3960.71907569347,4126.62696547038,4277.47254310513,4789.46503527147,5422.17975589604,5874.22931527826,6280.70524087394,6763.75633521463,7237.22195031013,7143.5399291846,7354.37856246519,7643.69892212877,7728.70449846674,7840.40862965841,9944.44224604823,10123.4362355503,11695.9397651342,40423.575330808,37929.0870213643,38599.772640661,38109.2679112024,35406.8356172287,41000.5206991396,39264.9570644038,38072.4096964457,38536.4634579175,45286.2250357145,53696.7929562422,53505.6673752546,57627.3957221623,61162.6840925974,67032.9699718356,72339.6104454813,83391.7159787984,90818.0730271875,93970.178557003,98713.7659535798,99863.0400709315,105597.875464081,111744.65376371,122673.176232152,138085.495135229,161150.33541253,121784.20218096,124059.13940112,129588.11322864,137548.71938544,145767.47530224,158872.40056512,171100.43274192,179915.46478752,180622.5283632,190341.92768448,218251.13786784,229220.06694048,252995.29891152,267109.50634896,287595.97383792,316540.486812,331879.44835584,351805.91648928,380209.07999184,400379.80249872,409910.88605808,428512.062670125,430194.179445522,430313.205206965
"CO2","1A1a_Electricity-public","biomass","ktCO2",0,0,0,0,0,0,0,0,0,0,0,0,0,0,0,0,0,0,0,0,0,0,0,0,0,0,0,0,0,0,0,0,0,0,0,0,0,0,0,0,0,0,0,0,0,0,0,0,0,0,0,0,0,0,0,0,0,0,0,0,0,0,0,0,0,0,0,0,0,0,0,0,0,0,0,0,0,0,0,0,0,0,0,0,0,0,0,0,0,0,0,0,0,0,0,0,0,0,0,0,0,0,0,0,0,0,0,0,0,0,0,0,0,0,0,0,0,0,0,0,0,0,0,0,0,0,0,0,0,0,0,0,0,0,0,0,0,0,0,0,0,0,0,0,0,0,0,0,0,0,0,0,0,0,0,0,0,0,0,0,0,0,0,0,0,0,0,0,0,0,0,0,0,0,0,0,0,0,0,0,0,0,0,0,0,0,0,0,0,0,0,0,0,0,0,0,0,0,0,0,0,0,0,0,0,0,0,0,0,0,0,0,0,0,0,0,0,0,0,0,0,0,0,0,0,0,0,0,0,0,0,0,0,0,0,0,0,0,0,0,0,0,0,0,0,0,0,0,0,0,0,0,0,0,0,0,0,0,0,0,0,0,0,0,0,0,0,0,0,0,0,0,0,0
"CO2","1A1a_Electricity-public","brown_coal","ktCO2",0,0,0,0,0,0,0,0,0,0,0,0,0,0,0,0,0,0,0,0,0,0,0,0,0,0,0,0,0,0,0,0,0,0,0,0,0,0,0,0,0,0,0,0,0,0,0,0,0,0,0,0,0,0,0,0,0,0,0,0,0,0,0,0,0,0,0,0,0,0,0,0,0,0,0,0,0,0,0,0,0.0493743008451216,0.0593300237304943,0.0396084249467156,0.0495807767355999,0,0,0,0,0,0,0,0,0,0,0,0,0,0,0,0,63.7175231047714,0,0,0,0,1.0022708175366,0,0,1.41120731832858,1.49821285237628,68.2728454957983,222.598180554332,379.869392994502,540.333346685978,703.832999659351,869.770139374681,1044.46443227047,1216.51068556125,1389.39554761983,1569.85291186472,1751.18170013232,1938.65802807613,2124.0385668633,2311.48447416745,2506.27954284183,2703.21685483369,4699.7367084433,4976.16884492924,5265.07564694373,5700.40995162403,6164.18983879267,6554.40100079578,6678.99881808658,7191.67618807576,7479.46287828802,7914.66960540018,8377.4746682689,8861.41819446201,9565.43771357603,10204.0861829048,11003.4308696442,11493.1192962397,11757.0351550402,12125.1700620558,12544.6006655675,13110.6736299494,13533.3458139661,14418.7355488849,14874.6169067337,15398.614001398,15436.9110792405,16232.6795351703,16547.6958094236,16980.7682457517,17290.9596756797,17915.0222566679,18870.4618997673,19976.571527436,20484.8364979634,20511.3651577611,20476.4850461367,20875.1766665647,22408.5291583129,24066.1742318333,21575.2661738803,21649.5840489512,23215.9907739602,22022.4734992627,18821.8857589733,18151.164093985,18305.1557748161,17898.3307843458,16463.7005408953,17568.1836063342,23234.0039812079,22037.9148536658,23150.3903015023,24576.6794194115,25933.6561319832,29970.6655899106,26598.4132803656,25354.3093611465,21814.633011495,21262.4225206883,21629.3074236469,22456.0926763878,24359.8396672523,28652.5774846888,32341.3460972459,35529.1614083605,39972.2403990102,38112.6628132434,40538.3720753006,45427.8917487739,43760.0203024387,27491.1885721618,34876.1604155355,40800.3443541689,44770.4438005925,47483.301155097,48247.4155606035,52704.470425237,57594.7710828298,61421.2429462375,66867.9434450567,73960.9550979347,80523.4740828601,85638.8881164036,91489.4213347157,98267.7599239151,105291.471119821,115818.434560613,123521.658639929,130592.261077071,138753.351235289,137814.853811087,143925.159149521,147295.421959124,157490.041724576,163621.862426998,177918.302156253,190674.494909002,207151.353235571,227213.823808724,229326.26319908,249930.637873175,280450.948148916,286811.10992753,282364.639872051,299235.707873379,309764.729902939,331441.451847672,351244.441402249,360039.87336086,373443.671558517,390962.250140096,393775.841762078,394050.849675595,405431.846305733,435679.198721502,522350.710116307,516125.358345191,516213.379982985,507815.553603158,510041.00981397,517475.373126974,529214.874751139,538371.144577632,541856.400246885,521334.094563349,545782.790755724,560259.204094825,562936.691636666,569895.349178461,567818.994449296,531969.468791847,537668.405238716,557410.059014184,548662.132416481,532729.529629527,526774.634723754,563467.375179405,564270.293128111,530286.669779347,537771.510735323,535589.033822137,535358.87926434,526801.626964023,504436.686330247,454144.685829069,395069.799125577,428659.364073782,444130.833662997,393976.359281314
"CO2","1A1a_Electricity-public","coal_coke","ktCO2",0,0,0,0,0,0,0,0,0,0,0,0,0,0,0,0,0,0,0,0,0,0,0,0,0,0,0,0,0,0,0,0,0,0,0,0,0,0,0,0,0,0,0,0,0,0,0,0,0,0,0,0,0,0,0,0,0,0,0,0,0,0,0,0,0,0,0,0,0,0,0,0,0,0,0,0,0,0,0,0,0,0,0,0,0,0,0,0,0,0,0,0,0,0,0,0,0,0,0,0,0,0,0,0,0,0,0,0,0,0,0,0,0,0,0,0,0,0,0,0,0,0,0,0,0,0,0,0,0,0,0,0,0,0,0,0,0,0,0,0,0,0,0,0,0,0,0,0,0,0,0,0,0,0,0,0,0,0,0,0,0,0,0,0,0,0,0,0,0,0,0,0,0,0,0,0,0,0,0,0,0,0,0,0,0,0,0,0,0,0,0,6.69421165612468,12.7283068523836,18.3251577361138,14.1845140134745,21.2087674140387,37.0796061737427,56.6224797435617,67.007509787924,73.8195743227951,108.350417723358,143.525682952832,154.7138093207,151.597000945959,171.020839434461,193.296694091756,225.510876384035,233.930128184775,217.853509544055,224.623605901184,271.302423693993,295.115948907534,245.868933291147,337.594735903787,238.87054067098,230.613029662364,179.594555838072,112.943080887685,115.600279947993,820.753439356737,685.659433400965,585.164603311623,572.909847221327,551.46402406331,39.8279572934612,30.6368902257394,33.7005792483133,12.2547560902958,9.19106706772182,3.06368902257394,24.5095121805915,36.7642682708873,15.3184451128697,21.4458231580176,36.7642682708873,39.8279572934612,42.8916463160352,24.5095121805915,12.2547560902958,9.19106706772182,3.06368902257394,0,0,0,0,0,0,0,0,0,0,0,0,0,0,0,3.06368902257394,58.2100914289049,6.12737804514788,0,0,0,0,0,0,0,58.2100914289049,58.2100914289049,55.1464024063309,45.9553353386091,55.1464024063309,52.082713383757,52.082713383757,48.0620902427653
"CO2","1A1a_Electricity-public","diesel_oil","ktCO2",0,0,0,0,0,0,0,0,0,0,0,0,0,0,0,0,0,0,0,0,0,0,0,0,0,0,0,0,0,0,0,0,0,0,0,0,0,0,0,0,0,0,0,0,0,0,0,0,0,0,0,0,0,0,0,0,0,0,0,0,0,0,0,0,0,0,0,0,0,0,0,0,0,0,0,0,0,0,0,0,0,0,0,0,0,0,0,0,0,0,0,0,0,0,0,0,0,0,0,0,0,0,0,0,0,0,0,0,0,0,0,0,0,0,0,0,0,0,0,0,0,0,0,0,0,0,0,0,0,0,0,0,0,0,0,0,0,0,0,0,0,0,0,0,0,0,0,0,0,0,0,0,0,0,0,0,0,0,0,0,0,0,1.14254373984501,3.94835760836258,9.20423058064598,11.2686023511492,18.5068424625651,16.0723341045985,15.3124810150926,18.3444399254754,31.8010973482998,44.5925534051329,91.2636501606938,128.175159432155,113.275416270562,142.164530688265,167.532221036469,169.330014400507,180.891206419966,185.105931589452,172.279873135392,131.983183849444,86.1865454164137,83.1990923604924,72.723687044484,67.2903021059738,59.5146202271899,56.6467036830744,54.6672568820615,45.8092718112129,41.3517732906951,64.9265565314394,65.712296484594,107.466799862809,164.602937887563,216.056781077181,283.690779721481,387.478491943193,520.269008728159,585.98622997047,921.463482588615,1122.37668597591,1472.19291794311,1809.02528496399,2230.9811339402,2847.68076531611,3511.34583566976,4353.66029573185,4867.83326043603,5636.55667788457,6382.02025544966,6955.56867347999,7713.57940582742,9587.60322858392,10604.7986909526,12313.3480718557,14896.7025076208,15974.0587653607,18575.3526016211,23198.3861066539,31688.122208074,35434.7619936528,50165.4561753171,48141.6971725716,51649.8134295854,49296.9171620872,52730.4518022533,62199.475533932,67878.7299888855,63634.8881791125,64523.3850411409,64338.2553800258,58232.7540690682,62597.335034672,63560.057229162,62286.5201969614,52435.9307446508,56038.1315922072,58636.1791061528,61957.8545779702,57976.3069154942,57871.6411976522,61443.5580557823,67263.9283043044,69882.6964425943,77640.7107163434,79800.0328967524,84258.6492787786,92749.4771145527,96985.8880367669,99667.0325826632,101642.631879944,106462.567881276,113380.068623928,115802.787778037,125426.720838898,135254.672354842,145213.323193573,151250.994348681,153686.464656232,159590.248700192,178497.021467322,183183.070357506,193007.834085089,187716.105406378,165328.267749397,131827.799867122,118789.745471984,112165.521258513,120791.676562485,99844.7192445259,106510.384706686,118627.16826559,112174.453497091
"CO2","1A1a_Electricity-public","hard_coal","ktCO2",0,0,0,0,0,0,0,0,0,0,0,0,0,0,0,0,0,0,0,0,0,0,0,0,0,0,0,0,0,0,0,0,0,0,0,0,0,0,0,0,0,0,0,0,0,0,0,0,0,0,0,0,0,0,0,0,0,7.20205000646828,0,0,0,0,0,0,0,0,0,0,0,13.0774065906924,17.4969712209012,19.1120762566767,19.7767963564346,19.048900379427,22.1555054737502,22.660912491748,26.0943840814068,27.4952404899874,26.7810783993386,28.2094025806366,30.2252251826028,29.8227951813075,31.9873071679522,27.2457708613723,36.9166865320113,40.391359780746,43.4650035478085,46.1211371695684,56.0782047795789,70.6498582060909,78.8599754712831,89.9844234217774,100.575996581557,88.3857990496324,112.315722640918,128.123425839707,152.149486635504,151.336440563072,171.470317964832,167.781396088902,178.462995007666,176.719409331101,214.891373076293,248.967891909337,247.671413037083,304.165897398685,336.28794137754,390.893873539474,605.069431133632,499.234730757646,535.175166282705,571.486231795589,575.852523258396,546.729924140301,491.035465329782,522.45871459174,478.613519851437,642.433246599786,750.941810535175,864.374890675432,991.907798536686,1431.55283986523,1569.20962066595,1764.84173835482,1785.98628316939,1876.55336917123,2164.76607044272,2263.9010238812,2522.9292676945,2862.3596143839,4696.99770239529,3625.36417408565,3851.9308009524,4309.57641294326,4320.90803914953,4535.01582408618,4586.21223716619,4858.67411265948,5086.20967418975,5512.95720831463,5841.35432166023,6355.18119249891,6505.49676083485,6846.92432937045,7726.9142085442,8301.8425495178,8747.55101281403,9471.42634031791,10013.3169345503,11012.9411440552,11884.4303469773,12000.2834217926,12086.3204520003,12447.9831062631,13319.0501544667,13743.7182996665,15323.0025544888,17423.7825825693,19556.9981296639,18168.7615623025,20112.777500567,32360.8086326566,47634.5810190385,66737.8442573997,72282.8450489317,80839.3986961126,90800.5391772034,98351.1750917238,102421.045143411,94210.8269680331,113012.310851108,99852.4829307355,104860.502765655,120899.202064842,126773.011978263,130776.781596422,142762.753765345,152918.593271504,157884.860249605,173667.610392645,164153.772776277,148466.239188038,137367.981895098,149515.941090955,167603.379767726,180435.499020487,208106.25165532,229242.964761232,222371.306326938,248052.879764674,281815.508293501,292191.06461887,321429.164182323,340370.966499913,353489.625329565,296256.061055286,317735.369777584,369661.518045761,394144.142200163,406436.369476448,441155.311038284,505640.072679794,531592.333438076,566457.400308462,601348.208426754,695681.780890116,765517.973147145,798232.870413113,826160.104720864,876694.76187834,946532.914443016,957802.386755132,1017966.79089686,1093798.82254975,1155683.09963566,1215753.47783324,1270119.57932147,1273824.67198111,1335863.57984728,1398618.4346052,1443794.8635566,1465131.42594308,1483904.28566255,1583862.76849705,1519051.96115517,1587232.66886904,1731399.71369049,1835387.58255136,1919062.43769608,2052971.39373814,2192297.68325142,2270724.63293989,2285351.6798116,2414235.0844995,2492174.62818531,2648721.74584514,2690709.1357677,2894567.41151347,2981605.73984039,3090782.99486874,3208788.97208681,3300929.92298231,3395966.59888925,3529300.54781998,3598080.51931677,3762803.02033336,4005121.30816888,4035113.51674596,4189728.94809922,4277326.84224935,4577378.77370865,4633711.03851747,4903982.16539162,5292876.8831521,5586653.59251872,4948234.67435995,5217302.93891674,5537737.71525767,5496658.03565264,5346807.85839606,5654533.74957548,5885220.4061691,5882591.8535685,6156791.39454772,6255218.24995311,5957664.25726794,5868007.73842685,6098182.09979665,6194939.47420087,6052455.96836347,5761656.83193276,6296783.86000509,6258903.67334159,6307678.21752804
"CO2","1A1a_Electricity-public","heavy_oil","ktCO2",0,0,0,0,0,0,0,0,0,0,0,0,0,0,0,0,0,0,0,0,0,0,0,0,0,0,0,0,0,0,0,0,0,0,0,0,0,0,0,0,0,0,0,0,0,0,0,0,0,0,0,0,0,0,0,0,0,0,0,0,0,0,0,0,0,0,0,0,0,0,0,0,0,0,0,0,0,0,0,0,0,0,0,0,0,0,0,0,0,0,0,0,0,0,0,0,0,0,0,0,0,0,0,0,0,0,0,0,0,0,0.0209629891328554,0.0234569707048233,0.025855875716889,0.0461464105575943,0.871474554514386,0.658067739741079,1.3250097995543,1.78079435345235,3.74554140693872,6.11933339536479,10.2642360909738,13.5274683097034,16.7266827050973,24.5073200881989,27.4108286237014,34.1128858925337,48.791196496159,50.178227062666,53.6878395771556,51.7517516428058,64.4634141788354,87.1317589600961,78.9615526391986,74.9391528548316,98.0943716230222,112.537053024104,110.977733280543,115.228956966372,126.934210268967,141.462263420344,150.936547536206,179.233248346895,194.799628203772,225.84165718161,205.269958329612,241.216457179129,187.863165160678,222.640725398532,250.153360563663,281.142624201696,302.017701050446,316.596969130189,304.07873407595,279.115380532455,295.389654818139,220.508183056112,254.394439991113,272.386354006951,276.759571049859,300.372014718193,315.642157517,671.475580819028,1101.4648097712,1739.41839258521,2472.19450427833,3246.9210288343,3673.22049650441,4236.84416061286,4795.73699199117,4978.50373717414,5714.46797249987,5931.26722015108,7105.69952960718,8655.70799220285,9193.69263264946,10574.2051672087,10977.483917166,12709.3428035472,13616.937529295,15499.976177695,15340.2595228524,14780.7513265376,14131.3706409175,15619.2859141774,16367.2328785358,17728.1351076876,19886.581051958,22681.4556774262,22703.639369336,23732.9587941578,25684.7285623253,25920.4405712556,24616.0273285133,25334.0707796819,28327.9762635947,27730.2636873434,30060.7671896286,34665.5569759641,40405.1519026635,40156.9879883448,52782.4568243583,62255.7390834207,68514.4488120317,75898.2442762432,82567.7603348977,93176.1605835052,96877.8556247905,101427.579894541,107102.275205038,117649.011304789,129015.437195409,145844.647213256,160962.189117801,175457.777751359,210105.265226373,234937.267208511,265552.727238735,312604.209629959,355554.175028976,446566.600220965,581074.118966103,655709.425257834,768102.278405599,893441.946004627,795936.36008139,767717.136069445,853996.622746464,880547.697672076,927209.67671841,891737.717234495,818500.817361586,757012.086998996,691662.121109613,668716.893771839,669886.803160017,577692.030053863,611732.854757214,594353.165280265,653037.719970236,686070.047493231,692585.040468139,692832.725673508,700917.853206771,698903.805333643,708265.483790993,680831.084428371,660925.606360592,763282.436354319,780141.345113013,719825.00031382,711819.707350373,702403.82054167,603785.29807986,590011.409037273,600889.241334615,602091.382670951,534765.850604138,556521.844483431,528110.72482925,487765.067050094,493834.560063258,518333.145940645,550309.438442121,542912.083164297,502821.021646234,482403.586723997,447991.861859334,408706.801873249,355592.497167841,321315.575439924,293212.557386966,344578.691989259,359878.338610893,353133.261072623
"CO2","1A1a_Electricity-public","light_oil","ktCO2",0,0,0,0,0,0,0,0,0,0,0,0,0,0,0,0,0,0,0,0,0,0,0,0,0,0,0,0,0,0,0,0,0,0,0,0,0,0,0,0,0,0,0,0,0,0,0,0,0,0,0,0,0,0,0,0,0,0,0,0,0,0,0,0,0,0,0,0,0,0,0,0,0,0,0,0,0,0,0,0,0,0,0,0,0,0,0,0,0,0,0,0,0,0,0,0,0,0,0,0,0,0,0,0,0,0,0,0,0,0,0,0,0,0,0,0,0,0,0,0,0,0,0,0,0,0,0,0,0,0,0,0,0,0,0,0,0,0,0,0,0,0,0,0,0,0,0,0,0,0,0,0,0,0,0,0,0,0,0,0,0,0,0,0,0,0,0,0,0,0,0,0,0,0,0,0,0,0,0,0,0,0,0,0,0,0,0,0,0,0,0,0,0,0,0,0,0,0,0,0,0,0,0.720607932710791,1.6658731293393,2.96222048557945,4.47518972407329,5.9316291338106,7.86569088728233,10.7249801716588,13.0746565232402,16.3247708666975,19.2083300141047,23.8662046574148,34.3344887896321,34.9137189257202,285.66965317233,785.277431399678,797.551126722952,1059.1995257011,1156.77187412347,1683.85366470934,3118.94329045424,6438.30060760433,9623.00475056815,11207.5281491322,11555.1212266829,10108.3824714722,11883.9254892308,9682.50266474348,7515.52600109456,6006.15786254139,4972.7730373909,6763.9734009851,5808.87530501267,5382.99549828397,3062.57684544603,2699.32642205979,2401.83685118313,2483.25504952833,3466.53636800486,3688.87067887057,4709.72962735259,7346.42666606992,6601.65891582258,6126.19751394777,8171.56879160676,6954.99302017959,4825.59398653613,4124.14489310063,4399.71417980744,8473.7555662341,5038.53388990047,6369.40828592763,6729.52724014675,9582.29565139555,8486.28144290261,6604.26847346184,5310.97170744015,7011.35946518779,4330.82185813073,3488.45665217472,4634.57436734164,6933.07273600972,4230.61484478281,3056.31390711178,1907.06472277774,2549.01590203791,2016.66614362704,1734.83391858599,1562.60311439424,1380.97790270112,995.807195145028,2032.32348946265,2076.22055702814
"CO2","1A1a_Electricity-public","natural_gas","ktCO2",0,0,0,0,0,0,0,0,0,0,0,0,0,0,0,0,0,0,0,0,0,0,0,0,0,0,0,0,0,0,0,0,0,0,0,0,0,0,0,0,0,0,0,0,0,0,0,0,0,0,0,0,0,0,0,0,0,0,0,0,0,0,0,0,0,0,0,0,0,0,0,0,0,0,0,0,0,0,0,0,0,0,0,0,0,0,0,0,0,0,0,0,0,0,0,0,0,0,0,0,0,0,0,0,0,0,0,0,0,0,0,0,0,0,0,0,0,0,0,0,0,0,0,0,0,0,0,0,0,0,0,0,65.7108283854494,156.636410634082,496.640460588815,1620.25713718447,3443.70857721067,5435.65556164567,7945.39209983522,5944.71782190254,5829.2596965339,4574.4466104441,4072.37901285773,3908.40443514058,3675.92150213452,3953.14565144759,3929.90590058858,4273.50660863396,5067.01656104288,6667.30523051873,7201.69778714675,8185.04149412285,8887.39846085803,9608.18188659139,10218.8454985579,11783.3436996675,13295.3369320204,14137.061698072,14238.9691049483,17316.2972226905,18651.7938561335,19137.6371204982,21370.1614729865,22537.2132457356,23339.2425641435,25208.8669644885,30707.3549954276,32959.4778263607,30412.2796893931,31976.3131444323,35322.4603715155,29893.2377008653,34856.7958408823,46490.7212543647,53383.5630285601,57172.3387310259,63105.2124603257,70345.2590240968,77293.5817989605,96822.73374961,98245.9193904973,86945.4338851725,82305.763970179,85045.5055645064,96217.7357429105,105270.359936917,120009.056014179,136618.579426939,132197.685614963,141574.381723138,154296.158067823,157815.422264588,165190.861698567,176786.16364494,184188.542011451,186966.691841392,184009.670447096,193631.002427948,206230.928705404,206060.071046887,229910.222936132,253636.468975953,252058.089140135,244101.943678387,233339.91473799,227690.911273195,192582.221085291,164774.288608356,142741.281514624,127981.820272538,143447.809202038,153567.812359348,166654.542056737,179029.309593267,193489.081198478,195807.027754773,216667.821506887,226722.186669526,256034.001113888,281767.264255673,312156.650712319,330511.601262231,346861.943846102,340926.18528929,323908.506292994,319488.448520646,321104.96177638,336519.71636703,352053.631371501,396053.801728836,423191.05712708,418877.279017943,404569.246815264,392212.630228105,429716.603055481,434989.987630612,418650.655598677,456911.569933421,462454.416271722,503284.258923171,524168.806403787,532032.61299684,549769.939858054,582951.447357313,645058.0555658,697629.596105553,725268.740513967,776932.591646047,839868.673124534,887297.822820302,1000808.10605719,1059499.07769552,1128106.91773296,1139813.53766016,1230210.84640608,1304342.130696,1393909.42198992,1490328.27737376,1562912.34,1581087.43336368,1712061.68325456,1724704.23635664,1810758.71718192,1760918.3388456,1810975.61433608,1935682.49755744,2057081.23102632,2086095.44118231,2129104.41098426,2156043.4402976,2168998.61486923,2228423.23337434,2228440.59878927,2215063.54331195
"CO2","1A1a_Heat-production","biomass","ktCO2",0,0,0,0,0,0,0,0,0,0,0,0,0,0,0,0,0,0,0,0,0,0,0,0,0,0,0,0,0,0,0,0,0,0,0,0,0,0,0,0,0,0,0,0,0,0,0,0,0,0,0,0,0,0,0,0,0,0,0,0,0,0,0,0,0,0,0,0,0,0,0,0,0,0,0,0,0,0,0,0,0,0,0,0,0,0,0,0,0,0,0,0,0,0,0,0,0,0,0,0,0,0,0,0,0,0,0,0,0,0,0,0,0,0,0,0,0,0,0,0,0,0,0,0,0,0,0,0,0,0,0,0,0,0,0,0,0,0,0,0,0,0,0,0,0,0,0,0,0,0,0,0,0,0,0,0,0,0,0,0,0,0,0,0,0,0,0,0,0,0,0,0,0,0,0,0,0,0,0,0,0,0,0,0,0,0,0,0,0,0,0,0,0,0,0,0,0,0,0,0,0,0,0,0,0,0,0,0,0,0,0,0,0,0,0,0,0,0,0,0,0,0,0,0,0,0,0,0,0,0,0,0,0,0,0,0,0,0,0,0,0,0,0,0,0,0,0,0,0,0,0,0,0,0,0,0,0,0,0,0,0,0,0,0,0,0,0,0,0,0,0,0,0,0
"CO2","1A1a_Heat-production","brown_coal","ktCO2",0,0,0,0,0,0,0,0,0,0,0,0,0,0,0,0,0,0,0,0,0,0,0,0,0,0,0,0,0,0,0,0,0,0,0,0,0,0,0,0,0,0,0,0,0,0,0,0,0,0,0,0,0,0,0,0,0,0,0,0,0,0,0,0,0,0,0,0,0,0,0,0,0,0,0,0,0,0,0,0,1.56379838177932,1.88019232071672,1.25581631990551,1.5726321811974,0,0,0,0,0,0,0,0,0,0,0,0,0,0,0,0,79.6426324091515,0,0,0,0,30.0502079341365,0,0,42.1841444756151,44.7358295441767,125.076281397471,292.440042046863,434.071389226596,583.195096691342,735.000211493362,872.325147261556,1173.33634889094,1341.5159703641,1425.24381829741,1636.45491977915,1789.86506831483,2031.77949041527,2163.52327738478,2245.6710681885,2445.41427456455,2623.07423559283,4207.60081197079,4336.16165146309,4686.74932950988,4926.01296295493,5322.09495716525,5517.20832631171,5570.39848536604,5978.91438117036,5991.58836461832,6216.9640233671,6434.28287352337,6608.37761730441,6954.68698288195,7365.72919061055,7836.35704134813,8041.48395541478,8162.06352162729,8497.69493997128,8735.90985241033,8972.80018633595,9118.28142908604,9778.11505194872,10142.5214487993,10843.8478520671,11087.1838125959,11195.7249945916,11108.3007899157,11237.9640941774,11773.5669668825,11766.1374570018,12586.2410741167,13548.9599097796,13616.0920147867,13720.344284853,13302.2901802843,13663.22293011,15037.7445792915,16253.5853560994,14137.293875202,13085.0922820347,13783.0750056469,12800.4902228168,8224.75321185813,7196.29426474544,7018.1522158453,7050.52181283637,6920.8536151499,7330.56950829878,9225.12187572369,8608.38763309433,10319.8762425729,11708.6338110572,12705.6628380593,13659.0436609672,13845.6652171049,14877.5984431523,16149.0010886001,17778.0476247119,20913.90909025,23599.2638020955,26977.1615215635,28038.7411307509,29823.8707840454,30528.4794323835,37210.8452633509,32018.6341000179,22092.7979014192,29700.5387125155,24805.2338898618,27388.5205835031,30863.8939677889,36521.8143730018,38224.2939263416,42567.9966512186,46176.3039970937,49768.4174230988,55087.4563194756,60213.7036212884,67585.7855931567,77973.4888859628,85806.951231869,93899.9796485494,99734.3118109226,105122.453551477,110022.7022731,114199.055228781,119948.634054666,130567.45266625,142352.818652195,149335.054851789,159403.82026501,165089.758764949,173231.258715856,183269.709294257,195719.020102907,200583.009475985,211885.308330037,218162.498600775,224708.36665672,235078.210144714,244799.14742332,251204.224525412,258796.109071417,260959.789319617,277274.939189273,273181.567988122,282561.650058316,294313.038747336,310054.562017509,329745.055742477,343596.0883075,358836.047510749,376995.231605759,382415.635310053,261844.617263886,248286.570677602,244107.55874007,240189.997012456,225883.330485925,225755.267480829,237980.174337072,229939.286448114,215646.595564933,233726.454297652,246092.871415241,226821.173706686,216814.010498928,236244.589117551,223586.492718244,246942.385484023,249558.670552718,229192.473409051,249943.455335402,231714.323519657,242447.602879031,244688.647849445,238671.06710846,230854.904633169,208208.813368489,215864.871000568,209213.609008417,215187.436267981,208385.003303,196427.893918266,175643.096097857,184753.388491702,183215.118453692,171962.560874603
"CO2","1A1a_Heat-production","coal_coke","ktCO2",0,0,0,0,0,0,0,0,0,0,0,0,0,0,0,0,0,0,0,0,0,0,0,0,0,0,0,0,0,0,0,0,0,0,0,0,0,0,0,0,0,0,0,0,0,0,0,0,0,0,0,0,0,0,0,0,0,0,0,0,0,0,0,0,0,0,0,0,0,0,0,0,0,0,0,0,0,0,0,0,0,0,0,0,0,0,0,0,0,0,0,0,0,0,0,0,0,0,0,0,0,0,0,0,0,0,0,0,0,0,0,0,0,0,0,0,0,0,0,0,0,0,0,0,0,0,0,0,0,0,0,0,0,0,0,0,0,0,0,0,0,0,0,0,0,0,0,0,0,0,0,0,0,0,0,0,0,0,0,0,0,0,0,0,0,0,0,0,0,0,0,0,0,0,0,0,0,0,0,0,0,0,0,0,0,0,0,0,0,0,0,170.596495134183,373.138290965725,608.680212975186,771.584327563492,311.168932545818,650.01102552565,673.034227239854,739.622447188294,981.439111593397,1158.5538803965,1379.21703725776,1692.96899877018,2087.64371294708,2467.93367041997,2893.00276194975,3389.45995330686,3882.04696557504,4152.94414270134,4681.74318784598,5520.07768344893,6080.42300481279,6514.35536550898,6930.90022771068,7340.2180374866,7450.89804160243,7702.05595906912,8169.78686748323,9124.4997958639,9934.16309943509,9670.33842676262,10578.9181949478,10373.6510304354,10324.6320060742,11427.5600542008,11099.7453287854,11574.6171272844,11801.3301149548,11890.1770966095,11917.7502978126,11819.7122490902,11145.700664124,11301.9488042752,9745.5947808077,5370.64685657212,5033.64106408898,3210.74609565748,2987.09679700959,2898.24981535494,2643.96362648131,1963.8246634699,1427.67908451945,1204.02978587156,1004.88999940425,879.278749478721,790.431767824077,848.641859252981,710.775853237154,523.890822860143,606.61042646964,373.770060754021,352.324237596003,260.413566918785,171.566585264141,101.10173774494,85.7832926320703,79.6559145869224,73.5285365417746,79.6559145869224,73.5285365417745,61.2737804514788,55.146402406331,42.8916463160352,42.8916463160352,42.8916463160352,91.9106706772182,12.2547560902958,12.2547560902958,3.06368902257394,6.12737804514788,6.12737804514788,9.19106706772182,15.3184451128697,13.4118437424276
"CO2","1A1a_Heat-production","diesel_oil","ktCO2",0,0,0,0,0,0,0,0,0,0,0,0,0,0,0,0,0,0,0,0,0,0,0,0,0,0,0,0,0,0,0,0,0,0,0,0,0,0,0,0,0,0,0,0,0,0,0,0,0,0,0,0,0,0,0,0,0,0,0,0,0,0,0,0,0,0,0,0,0,0,0,0,0,0,0,0,0,0,0,0,0,0,0,0,0,0,0,0,0,0,0,0,0,0,0,0,0,0,0,0,0,0,0,0,0,0,0,0,0,0,0.033583101382748,0.033496250820873,0.0334093878972012,0.0555375166231523,0.0775497671500208,0.0883965305933359,0.0991852830134335,0.142890792420083,0.263102467527078,0.251472718495391,0.250805331500596,0.206802075768019,0.228139168563628,0.509618196576874,0.800816214647566,1.27445667104745,2.08032144903726,2.95817802819046,3.55325794503148,4.42430246380358,5.00294505682836,6.89279604034063,7.46534112032789,8.22673289952358,11.9550545897973,15.1388063884238,15.6890643780618,19.8106943404819,21.410522135018,21.354606719509,25.9916154549521,31.738396886393,32.8670615845089,38.7108422708246,35.2331188323909,48.1086507562939,47.5819833152912,53.978504076367,60.7342486366756,64.6741867198315,75.2160719324437,84.5070572771303,79.7452817623274,71.9013550754333,74.8594958524159,54.800778231737,62.285890994148,65.6472019023937,65.6403564727086,70.1475395124697,72.5698746697303,68.0000488441447,69.5921217529207,69.4593440324543,76.2376647587931,83.5511528503942,93.7364107444961,81.8910921778673,40.8557370884182,48.316823869297,53.2372705828278,60.6461926417676,98.7678251674132,125.215251450908,114.191652478644,132.277887636818,152.598579950467,160.735342958824,162.124463607192,174.417070436352,227.604654933507,231.329254651525,197.806881237287,195.658177383414,209.518119680788,214.420104329614,225.925939174794,232.000097954989,240.35927464685,236.76064434476,239.420497812244,247.025734115404,229.943309880776,210.275407703719,284.506117427506,166.138344150654,191.529593793197,242.565497847132,276.482646582599,311.707251761111,393.970939665281,429.442578331125,576.422714798068,726.784350703085,905.844150224764,1161.02540970614,1454.34380507692,1771.90413019211,2063.17421745255,2368.82531750413,2742.10215813503,3068.73018799581,3523.19943494197,3973.18773269126,4368.93805838738,4819.16491028497,5379.13673150029,6029.56301344386,6654.23686037177,7275.35331457783,8049.3890430954,8492.96161637136,9435.44835577515,10429.7194963592,11170.2540107785,11819.5290670011,12158.9936191894,12624.1250893651,13217.2636798656,13572.1714679568,13818.6950406614,14443.9072738837,14483.2151128222,24724.0680903474,33760.5191458618,42170.3392145024,1533.32620148198,1552.45293164599,1332.49553475981,1440.88033902256,2116.69147148448,2058.2486848722,1868.04397935226,6284.72475305971,6113.11547964366,4906.0062870702,5140.8400296395,3558.33927031814,4808.24807004766,11930.3055689832,9799.43432451905,8023.66330380485,6515.83940920823,7870.64946249272,7172.52381150613,7086.45352576805,7762.26465822996,8230.86954724837,7089.64131412873,7701.69667937724,7615.62639363918,6503.08825576555,6098.23913396054,6442.52027691284,6541.34171609359,5715.70453068022,3554.38402214637,3567.13517558904,3662.76882640913,3187.78836066939,2719.18347165099,5709.32895395887,6401.07902822414,6290.34797541314
"CO2","1A1a_Heat-production","hard_coal","ktCO2",0,0,0,0,0,0,0,0,0,0,0,0,0,0,0,0,0,0,0,0,0,0,0,0,0,0,0,0,0,0,0,0,0,0,0,0,0,0,0,0,0,0,0,0,0,0,0,0,0,0,0,0,0,0,0,0,0,19.3318184384148,0,0,0,0,0,0,0,0,0,0,0,26.7233960766324,34.9939424418023,37.4165999954657,37.9055263498331,35.7493061915273,40.7182262760817,40.7896424851464,46.0085193014278,47.4917790281604,45.3218249834962,46.7776169375112,53.1134635778707,52.2999143453194,53.1390974061933,45.7047538265462,55.375029798017,59.3990585010971,62.6704702317242,65.205745653528,77.7447838989622,96.0520544150225,105.14663396171,117.671938320786,128.999647789388,111.195037514054,138.602381131345,155.096778648067,180.67751537966,176.299152408528,195.966077674093,188.11853500877,221.541273223248,190.716986307824,227.53204208078,258.636547905818,252.434324826257,380.518040582417,329.942885879851,376.281018453885,678.552393029534,576.14198608866,660.811074100786,786.358826422656,822.545036461627,855.980089365458,881.938890937037,951.955977880721,1383.70319926335,1652.98710349434,1664.37050472752,2008.26141950596,2219.39428304833,2892.08785986887,3062.55909206337,3148.43630326972,3417.84926207882,3685.36233577103,4863.3487164505,4957.61976181737,5739.20903890026,6058.79717691473,7683.03411048804,7117.24143450894,7385.53839686551,8173.22325201815,7982.00256771974,8283.88672697637,8459.40000089037,8630.79968479226,8976.20928322439,9713.36760902002,10383.0722941583,10852.9306422443,11203.0512439086,12112.1794673632,12952.4059644908,13498.0351581587,13908.495055983,15371.5850259747,16419.7935767976,18536.4400597805,19830.0613877835,19676.3829513994,19470.339745487,19864.682662997,21704.2175793379,21580.0615969398,23893.5749403774,26678.7948233406,27472.3771197595,27621.7324804484,27408.647822562,34724.1616651296,45242.0429397463,56261.8049581518,55581.1598909315,57559.3269127631,62114.7052661211,60530.4880328336,49710.2918516402,39468.9772648149,48423.9364862828,44735.5664033844,47473.2297561863,52566.5961344483,57339.0900484732,56415.0271200409,59243.8882405724,71077.2664012579,74363.5033209319,80790.1174307091,77961.9690474396,77403.0863796086,78715.7304586457,85465.1429726974,99170.9892062771,108984.009928615,123415.254884256,129394.994191873,131608.162588369,135646.04348801,159976.633191397,153296.01984937,131020.927334348,162836.339902337,149723.068436437,126845.58523597,149158.262037434,167755.911353287,172866.655693968,189320.669803848,204088.218632553,223685.147653937,234956.482542187,244837.603378793,259835.842567397,284055.211846632,301668.31100232,316494.35052075,321013.123354103,326160.044102424,330137.133173494,330256.171006029,331096.395438336,336318.498740725,338847.561405184,342692.385039817,350235.192828866,351312.318255325,350612.876458255,350125.917615932,355443.505259549,350396.388458842,364504.300933724,388892.799199765,411784.647534799,425568.91281296,458870.667398313,472791.254193408,508202.561060536,520580.699272055,549549.884094484,512051.386505031,528173.165999713,539200.254241161,563222.775096246,574466.919005451,580251.318592927,612944.81795719,609071.525331782,629641.045665815,616389.187640493,648582.697063636,674666.403478045,643979.066974647,682012.847710851,676701.525322065,709968.031518745,654804.513080515,626579.319649676,604460.874128105,670862.539390524,675389.784151053,700207.526942705,774795.485648797,776152.578645839,1632536.34709296,1756684.80166382,1856414.24941716,1841458.04621567,1861656.99195897,1965054.25904658,2144207.85991476,2223661.34688458,2301459.25557654,2273806.37509953,2230110.48324102,2263041.88873936,2384118.99681424,2615709.39900004,2672024.82234194,2701373.09616224,3039598.76054603,3110854.52522946,3204595.37101148
"CO2","1A1a_Heat-production","heavy_oil","ktCO2",0,0,0,0,0,0,0,0,0,0,0,0,0,0,0,0,0,0,0,0,0,0,0,0,0,0,0,0,0,0,0,0,0,0,0,0,0,0,0,0,0,0,0,0,0,0,0,0,0,0,0,0,0,0,0,0,0,0,0,0,0,0,0,0,0,0,0,0,0,0,0,0,0,0,0,0,0,0,0,0,0,0,0,0,0,0,0,0,0,0,0,0,0,0,0,0,0,0,0,0,0,0,0,0,0,0,0,0,0,0,1.93795411546945,1.94058753789381,1.94163333041321,3.22926806026399,10.0163252878893,8.78767371036792,12.9844537301076,17.2563467736307,33.0226865968843,42.6154521540986,59.5027070901777,68.3362687179053,79.0788026288174,119.960957384801,141.168364182078,184.508821146719,269.784252330949,314.156486775074,349.821019620817,385.008150008483,444.562392000652,598.658104644301,601.417038754159,626.690424540613,877.604154248703,1077.03252766796,1096.72530660211,1327.12934137125,1432.38369489283,1449.60925911263,1719.14522753027,2085.36936671549,2169.85189072628,2544.70370419558,2311.59774121242,3095.14253020111,2988.75079929901,3404.67153754441,3831.92194112501,4101.1885744937,4742.30890589286,5295.42748892441,4998.84401492452,4509.36475549361,4697.24259273951,3441.4107161728,3913.87306157698,4128.26437410263,4131.45742152954,4419.25687689878,4576.56025234102,4687.22046528485,5142.15409681914,5542.5773199088,6281.45303735372,7174.14098511751,7725.21010701825,7414.48558109065,5156.46821742375,5714.39839116749,5805.50693826231,5733.72718160707,6757.12811044576,7756.5662775797,8020.5446817001,8687.59171530849,9416.1817566734,10900.8403597408,11144.8592767293,12753.7018921323,16946.0547250298,18471.3987093362,17295.9474760511,17583.8604810502,18969.4004114258,19660.3587693905,21124.2659898261,22069.3264582827,22590.8126864811,21979.9813604493,22424.2703259887,22512.6133473456,21198.9870629085,19205.5063020492,23863.4287490375,14842.6878163151,16243.3157575108,19601.9646540645,21586.2555155726,23481.8329812318,27325.184928294,29669.4525695974,32419.3422261195,34892.6649766143,37992.8347630353,43087.4686230238,48281.9015067255,52891.6338338914,57640.0915944263,61622.0621237633,66432.6047343105,71161.5806565285,79244.6215700847,87572.4331369645,95204.2000978867,102091.468830533,108943.832946113,115190.920108959,123648.816249646,135198.416316111,148760.916118034,154198.640780564,166953.385331485,181501.624547082,212926.932110002,229683.830842776,254137.754582255,269682.004689012,287901.850232297,305698.256165619,309348.850178246,311769.833846605,299285.525720008,285054.516334347,275005.750182369,280211.862568175,288309.27112521,278421.940229533,261615.905311686,244544.920776005,333504.430306677,336731.314601519,291836.883137374,288821.733299389,258276.758762838,231479.094490144,237501.400987503,237455.902762142,250332.536001898,246663.409276208,180244.84691009,162100.587178138,146377.855783902,152358.678737422,135603.316930485,126800.274810497,123043.172123205,106976.555286899,93727.868968914,94063.4686162591,89162.9248856584,98840.930584664,97176.7569289512,68612.1996636385,68241.9808591005,67100.2345688171,64093.1169700536,56767.9120420572,58527.8969935547,52351.4338131076,55772.0404628062,55053.9271966714,55241.9212333367,58475.5755846619
"CO2","1A1a_Heat-production","light_oil","ktCO2",0,0,0,0,0,0,0,0,0,0,0,0,0,0,0,0,0,0,0,0,0,0,0,0,0,0,0,0,0,0,0,0,0,0,0,0,0,0,0,0,0,0,0,0,0,0,0,0,0,0,0,0,0,0,0,0,0,0,0,0,0,0,0,0,0,0,0,0,0,0,0,0,0,0,0,0,0,0,0,0,0,0,0,0,0,0,0,0,0,0,0,0,0,0,0,0,0,0,0,0,0,0,0,0,0,0,0,0,0,0,0,0,0,0,0,0,0,0,0,0,0,0,0,0,0,0,0,0,0,0,0,0,0,0,0,0,0,0,0,0,0,0,0,0,0,0,0,0,0,0,0,0,0,0,0,0,0,0,0,0,0,0,0,0,0,0,0,0,0,0,0,0,0,0,0,0,0,0,0,0,0,0,0,0,0,0,0,0,0,0,0,0,0,0,0,0,0,0,0,0,0,0,0.13423088942652,0.291123459496189,0.484209117835104,0.681933672239736,0.839381481199613,1.02915581702759,1.29096983547745,1.4394117273292,1.63247708666975,1.73048018145088,1.91782001711369,2.20906333610686,2.14382484631616,2.16078564191773,2.12854211749297,2.0008343002389,1.93012391248902,1.28428590699359,0.74946548869895,0,9.39440750136819,0,504.16653590676,288.095163375291,131.521705019155,150.310520021891,134.653174186277,140.916112520523,34.44616083835,97.0755441808047,153.441989189013,93.9440750136819,81.418198345191,106.469951682173,68.8923216767,122.127297517786,203.545495862978,319.409855046518,347.593077550623,351.768369773453,355.943661996284,324.107058797203,429.011275895814,2720.20288317394,4708.68580429688,5346.96552204694,4831.64931632197,5207.32876853378,9757.70583127597,8645.2223305118,5757.72036465199,3269.03574108856,7628.07431851866,7537.10527337659,7468.44144064554,10353.1713758543,5890.04407695812,7028.91116004578,7660.5062957256,5335.23877909435,5458.73810266623,3178.52508441422,3507.51281617201,5072.34479624911,4571.3885785177,3577.73678028839,3342.23286302082,2332.79855006024,2410.96107805835,2751.35684602117,4227.43476824312,3253.94603373596
"CO2","1A1a_Heat-production","natural_gas","ktCO2",0,0,0,0,0,0,0,0,0,0,0,0,0,0,0,0,0,0,0,0,0,0,0,0,0,0,0,0,0,0,0,0,0,0,0,0,0,0,0,0,0,0,0,0,0,0,0,0,0,0,0,0,0,0,0,0,0,0,0,0,0,0,0,0,0,0,0,0,0,0,0,0,0,0,0,0,0,0,0,0,0,0,0,0,0,0,0,0,0,0,0,0,0,0,0,0,0,0,0,0,0,0,0,0,0,0,0,0,0,0,0,0,0,0,0,0,0,0,0,0,0,0,0,0,0,0,0,0,0,0,0,0,160.171871444461,365.488911397729,1110.1495505359,3472.01742082485,7078.81180126801,10724.5195268339,15054.5937156561,10822.555480162,10201.3187594014,7698.54583921709,6593.4505798943,6089.90936360918,5513.94610380261,5710.16601696731,5467.75970172584,5728.38567230282,6544.97526264358,8300.2158059097,8642.14385340733,9469.08859551345,9913.02080771972,10333.4886075067,10597.4880156213,11783.5290943747,12820.7549615053,13145.245717914,12766.2279794241,14968.6387508406,15543.487384437,15373.1825649285,16553.7471947659,16831.370632534,16802.7138694145,17490.5947277223,20519.6011867565,21212.6278940401,18853.1438334243,19424.2257917752,21452.3577324245,17929.4601787627,20099.3642068302,25593.570933544,28499.1064228759,29878.8505876288,31216.5167835921,33210.9536468882,35487.147841502,42639.757408815,42399.6416869353,37982.0337053019,35596.0713565899,35955.783993769,39135.1345330416,40544.0324256076,44060.261111336,47027.6230849419,43962.9331907095,43051.8847568236,44180.7635655253,37528.5907723432,37393.460470632,36419.7404715612,34406.7157557874,36314.5343042394,34204.5036051779,33811.6370671021,37500.9500434263,41754.5200350275,40113.3788990796,41795.1332085605,40915.5868128622,40966.0681900778,38866.1749062258,38907.1936190698,39230.3181724368,45272.5541433149,53316.1578663517,60407.2916968092,71920.0779949783,85630.5949910664,100993.005587914,116837.812524741,135549.947341367,152964.802891313,163972.909928295,176491.127599329,189657.318031272,204076.984255598,198929.060239732,220347.130288809,232831.227553101,244089.516344831,257510.880028532,273240.203072613,278010.408760628,285360.186149541,291468.811232238,297441.160014329,316302.437217966,336057.629210312,360863.437222096,375735.057760037,386701.842476842,416429.067422333,413823.147958642,468553.855090037,494898.396930606,576381.73972347,663674.752570069,735914.311115318,808252.713413295,846284.625978539,858071.583900797,874220.339050622,932886.40789377,936712.635669707,922873.404710872,958060.949961588,911230.588449021,941104.910815935,975517.639249388,1035049.02217465,1054645.51244422,1063463.07131648,1061454.85269302,1065011.32183435,1060572.85574906,1025018.19200247,1128401.02233323,1159031.69840015,1180114.09827446,1163591.55647478,1120824.65820069,1077522.79487662,1070768.55569086,1064931.54725141,1067315.99171437,1066511.22097105,1074315.97184241,1152417.901159,1071847.62073072,1070930.31486196
"CO2","1A1bc_Other-transformation","process","ktCO2",1458.63905009274,1458.63905009274,1459.21061711864,1459.21061711863,1459.78218414454,1460.35375117044,1560.94954772855,1561.52111475445,1562.09268178035,1562.66424880625,1562.66424880625,1711.84324256574,1712.41480959163,1712.98637661753,1713.55794364343,1714.12951066933,1912.46326865608,1913.03483568197,1913.60640270787,1914.17796973377,1914.74953675968,2123.37150121258,2123.94306823848,2124.51463526439,2125.08620229028,2125.65776931617,2345.71107428706,2346.28264131297,2346.85420833885,2347.42577536477,2348.56890941656,2627.49361805498,2628.06518508087,2629.20831913269,2629.77988615858,2631.2305397173,2987.31679685202,2988.45993090381,2972.35681319687,2971.74789704125,2971.13898088559,3319.185950528,3339.1218382494,3338.99444093464,3336.2088949502,3335.76048507485,3489.32584745745,3663.08640517463,3813.32266664497,4012.69410225274,4338.63731994265,4173.7981439441,4843.40508747737,4713.38619140051,5139.39904040433,4933.67474917273,5203.46552085535,5938.16719630393,5204.79685821741,5206.35521322565,5586.23923176783,5926.96184665387,6167.32575217377,6204.28233647593,6326.6344471957,6510.57859391316,6994.59313667,7584.1591269802,7585.17381153599,7415.95848629352,7500.66651211332,7591.31907181279,7864.27115840738,8357.64752189806,8290.87039371728,8966.55321213943,8952.595706289,9735.72435141239,9815.59794184001,9420.92598727655,12650.0465724727,12085.560541358,11692.6613986751,11832.5823497656,12087.5643312018,12131.0303513446,14176.9267736267,13942.4165038202,14353.3524267438,14699.5749837745,15369.9256618573,15852.6595783259,16951.7424955683,17273.3431785137,18235.5939834267,19893.9445320735,19639.7901391375,21558.2657086143,21631.0134022013,22972.7269384185,24622.3366888261,25351.1531836452,27094.516867298,29170.8138772606,36270.1577952021,37134.4343716919,38575.1625619108,37347.789879045,36405.7634693264,36126.7995463097,39293.434096127,41277.1526704123,40506.5678541726,42014.5519612945,45246.8281690199,47382.7826452772,49355.2052460499,51900.7264669209,51032.7323929401,53231.0585852141,53987.4998883814,52419.2581572267,54597.2726808311,54646.9721998992,49325.5349653373,49928.8516714753,49686.0739806058,50220.7608536862,49451.56300487,51941.2185278291,57255.6851253796,58020.1538213029,59507.8953584228,61668.2546620029,60823.7552436071,59915.9995354868,60398.6403778809,62606.6048683861,69046.9102058217,67813.740278478,73666.2573709618,76598.155387137,77339.7910330027,75553.7611148611,77136.7449552972,81339.2512874021,83199.1723916134,87007.9448043399,91975.8248368383,101706.972761241,107431.788057749,111681.951022416,115058.248044058,127195.932141096,128882.601268092,147136.523093494,144895.643397616,165696.958287681,163065.793343431,169844.400356988,174554.687462242,172453.288178838,182284.986141594,238599.079858361,229123.739866305,203586.745763302,214676.782879397,217447.170051834,211986.071925565,191458.345684123,220158.526054237,184563.043961122,211569.023330436,329723.130443773,296043.471160555,285958.697962969,223056.621444926,303120.97815111,301010.688722883,322177.561902215,300852.381556669,267174.414641525,237555.206822813,243338.616965204,266486.130510323,269677.591336815,297826.933168843,312992.569448804,296768.856294947,301864.880620319,333951.425717727,328719.94028861,321719.728913376,342364.781511619,332018.133443664,298591.095264727,317131.15288874,386894.751349509,400226.395134758,391806.326342962,459176.505590983,483954.654389098,483130.064434895,496874.027087543,499097.662654509,556316.138782514,595054.842382432,623759.645988488,610863.765549482,620350.428318308,625274.016370855,634034.856074733,640319.899334335,672472.902753825,712226.642937265,750279.531567325,796336.82556112,830578.308208537,877519.951173762,939430.320415207,1039777.31030446,1072444.11726126,1078403.8146632,1148372.34568903,1139869.2917565,1068950.29069365,1065926.0428683,1110012.69180302,1083010.5718219,1096936.62221213,1033530.58382223,1066847.3799799,1154712.52161277,1139504.2068821,1149441.83378379,1189714.21497803,1243576.53704555,1226798.19924392,1262115.81093872,1235430.39452361,1124275.40173863,1074419.11377505,1053091.91337277,1094791.25440184,1136479.68319491,1170559.50174446,1178446.13029547,1221321.94163408,1251245.59884602,1271352.74471855,1304450.22994211,1344386.93269554,1386778.28225095,1446001.59635402,1485879.56278429,1475370.6929609,1544357.35202683,1617509.47787551,1641673.42801309,1584022.78206486,1822478.10536007,1754039.61886942,1716910.05750634,1770425.00627395,1644280.4850799,1685750.34117078,1638523.38770073,1668104.80596568,1673287.13627794,1735646.60623735,1838764.19136685,1941624.55751452,2182766.17593511,2258658.20553938
"CO2","1A2a_Ind-Comb-Iron-steel","biomass","ktCO2",0,0,0,0,0,0,0,0,0,0,0,0,0,0,0,0,0,0,0,0,0,0,0,0,0,0,0,0,0,0,0,0,0,0,0,0,0,0,0,0,0,0,0,0,0,0,0,0,0,0,0,0,0,0,0,0,0,0,0,0,0,0,0,0,0,0,0,0,0,0,0,0,0,0,0,0,0,0,0,0,0,0,0,0,0,0,0,0,0,0,0,0,0,0,0,0,0,0,0,0,0,0,0,0,0,0,0,0,0,0,0,0,0,0,0,0,0,0,0,0,0,0,0,0,0,0,0,0,0,0,0,0,0,0,0,0,0,0,0,0,0,0,0,0,0,0,0,0,0,0,0,0,0,0,0,0,0,0,0,0,0,0,0,0,0,0,0,0,0,0,0,0,0,0,0,0,0,0,0,0,0,0,0,0,0,0,0,0,0,0,0,0,0,0,0,0,0,0,0,0,0,0,0,0,0,0,0,0,0,0,0,0,0,0,0,0,0,0,0,0,0,0,0,0,0,0,0,0,0,0,0,0,0,0,0,0,0,0,0,0,0,0,0,0,0,0,0,0,0,0,0,0,0,0,0,0,0,0,0,0,0,0,0,0,0,0,0,0,0,0,0,0,0,0
"CO2","1A2a_Ind-Comb-Iron-steel","brown_coal","ktCO2",0,0,0,0,0,0,0,0,0,0,0,0,0,0,0,0,0,0,0,0,0,0,0,0,0,0,0,0,0,0,0,0,0,0,0,0,0,0,0,0,0,0,0.221528304173864,0.232118477941105,0.219385545279325,0.226225890981122,0.276745552610058,0.290508657817289,0.310535212100862,0.345272630333484,0.180719876218634,0.340134494603082,0.48979024818135,0.659061711526875,0.599142533836514,0.7577157079472,0.98579427232269,2.16385978004259,1.24663933293186,1.29498626078052,1.33685421317386,1.41870019214428,1.49019529732712,1.56600259310501,1.63815845059518,1.65515375558402,0.85612644262758,0.686966024767358,0.731665320220364,2.98011942501971,3.82447124737713,4.17492114313585,4.30864041908856,4.40152336076172,5.20650797263122,5.19949933446736,5.69376023712538,6.17799771667724,6.00122331528881,6.51548453828274,7.95825161302133,7.35480504650962,8.23801918149955,7.21394877323523,9.17051290699712,9.62323662103431,10.8821934914305,11.447635943711,13.4913859744484,17.4132342343388,18.8529385004778,21.4655299893824,23.0287024775965,21.4233312626094,27.5064834971374,29.4636875054863,34.1244353980759,35.613395238671,38.2932148630494,37.9665459021877,40.0752803841736,44.4147029032334,53.538422069052,61.2467435330247,62.8580526044294,74.0899130468359,81.7729304623728,94.1900040478274,133.145361254582,120.646938868386,128.95391475142,137.177701970849,142.531725948329,139.241780883285,131.104066148968,139.976267630354,128.600254126897,160.7907296503,181.494649519724,200.900199317004,222.493376232498,295.088182363347,303.249159788986,321.700723383644,312.887681342446,291.481067598866,318.327499415445,307.260937962059,331.159076794524,369.02444527191,669.420470298334,432.4056251083,450.729656984978,508.446673439843,504.696791877669,529.600901071904,521.08820943573,545.281469132576,561.459123360623,612.750760646124,660.650061061061,723.76694733105,736.294060811782,848.187438940884,905.082221873526,988.247798973065,1052.42593920118,1145.04346304247,1260.13586078947,1355.40288995043,1542.026671144,1583.36520129437,1498.85674496508,1543.55357343019,1676.22640439467,1731.27681358297,2010.91953409394,2324.12385339881,2772.6436099311,2478.1321694518,2812.46768690662,2716.4092702688,2962.08302190366,3503.46799950176,2802.08260727808,2327.74723087358,1824.92239117191,1646.1498728386,1253.35490964998,1190.2626231257,1636.25572746589,1937.17700977417,2189.54128451397,2026.78459700034,2372.09240246567,2451.122356656,2632.11914796971,2971.82272794561,3260.28668459352,3558.24978400253,3324.11763012719,3335.21149578688,3485.98224880061,3662.7208212032,4196.28119164824,4656.08661323081,5238.28540332286,5679.23572955961,5844.15193547665,6134.66991223776,7476.44941464017,6115.90847727345,4855.92721207076,6000.46016928794,5031.89555285807,5464.91585615896,6282.95696766144,7610.70744499298,8140.82558078342,9177.28089143361,9400.3350497851,10154.8227711486,10444.8271347997,10542.926534255,11097.3134053296,11833.0572129723,12101.1583833454,12261.4269739961,11969.8687181863,11890.1940075528,11560.7620333559,10998.6154887978,10453.6201153134,10168.7453334256,9983.7882195724,9232.39387378615,8216.44698477812,7182.18630627446,6252.05355374995,5360.29929158916,4842.7151418894,3982.24740558288,3654.28386391019,3420.98106842794,3560.1880168486,3504.94281878782,3401.30639016646,3080.5242495661,2314.8176778548,2585.70216226806,2694.97539119982,2650.09094130535,2546.85035129893,2722.50064286602,2869.35082083808,2974.72604415602,3067.9669159173,3317.49890535324,3009.5646402423,3146.93484011977,2818.82689206731,2367.06225220693,1924.9186418388,1158.32229363508,770.124671587321,496.439696182935,522.017534672776,536.834338019852,230.017746983934,156.294347943847,327.205321595872,312.802380506081,326.466344117659,768.421307368046,289.040226410933,794.985328017814,325.910030221003,333.64821454408,346.988874213453,203.166021392416,174.03286056357,251.256916807874,201.695957564825,250.213034575341,156.13339939989,133.00638898719,254.279014954312,256.175488868246,160.312235355526,111.862596567186,294.702173023531,577.305847088986,270.551995280583,277.073762395701
"CO2","1A2a_Ind-Comb-Iron-steel","coal_coke","ktCO2",0,0.927179702833568,1.85508603552829,2.78262905329244,3.71162533077892,4.64134823812651,5.95327845244155,6.94803473236252,7.94351764214464,8.93972718178794,9.9330302019866,11.969410387873,13.0618983841193,14.1551130102268,15.2490542661954,16.3437221520251,19.4504281233926,20.6722562349244,21.8948109763175,23.1180923475716,24.3421003486869,28.3440143089972,29.701722204565,31.0601567299941,32.419317885284,33.7792056704354,38.7671563523329,40.2680103305481,41.7695909386246,43.271898176562,44.7858314922782,51.774920811796,53.4567056254388,55.151206461652,56.8348078499476,58.5342035434303,68.3550366219472,70.2806729440863,72.1939565585857,74.1221360852388,76.0517688716142,87.0693613314533,92.1539935549354,94.4496995596352,96.4223449763261,98.6709898619332,105.894280642041,113.558156418212,120.796246865071,129.917626686482,142.861891478591,146.146871447302,218.70796638219,170.206562730914,179.763831403098,190.441798962833,201.808126834393,215.560884139796,208.869900580152,212.701760435837,218.000413678053,235.488913721306,246.660725970088,252.818668897944,263.002221169309,275.191029221858,318.527528086466,333.468863929505,343.535706109533,354.451567925348,364.293430020449,375.483148756818,395.85553286497,424.075876711329,446.901572577984,464.542128923029,478.169223216879,505.150113936628,516.097225897688,527.295376392271,759.413685248601,720.963273037732,740.217061141147,769.511550029499,778.703829972739,812.83341526792,954.803792820307,976.53662838018,1025.5154357669,1092.06869272993,1187.62457385009,1224.92747213633,1308.38483944242,1362.60348567835,1479.16919668525,1628.41004300452,1662.9041296148,1810.16231689737,1902.62530477255,2025.64381135391,2177.89608448512,2294.85505272467,2456.46309238192,2607.18284763124,3039.26664471372,3176.72367581125,3403.0458251815,3491.0634096123,3645.92674540633,3894.25762603214,4213.43016465477,4484.33014766947,4634.03147753699,5071.350678999,5553.74112499177,5949.07935707311,6074.08445515373,6700.62859484179,7090.52807295081,7655.13034847552,8033.21613460526,8738.28969444959,9816.84072774473,10516.664332504,10091.600594555,10807.6425236764,11079.2039831522,11389.1311954536,11618.8836697569,12739.7459803251,14631.7048372506,14981.8884068597,16114.2017607575,17386.177719649,17871.5924712766,18258.7337229091,18586.8851221882,19736.6629346136,22227.377720937,22351.3156251422,24566.5788037579,26116.6158132004,26656.7743709037,26793.2909140262,27746.7966786625,29766.8375810459,30880.0934754575,32634.4574517342,34887.7389214375,38576.3827137961,40909.9831490954,42810.3986246922,44359.0505134249,49108.1219701027,49782.6098307083,53537.0038786403,57719.8414411384,65296.4235994599,63019.225798947,65998.5568557884,70216.9461745254,71255.7070823641,75910.8889413029,81116.9578385165,73190.8698797911,72632.3302533945,78549.2061575497,81678.1533633283,82037.4599509746,68341.3122639514,78285.6620871003,67711.7137055007,69728.4248466688,76357.3564683573,77976.4150631841,78928.6553105646,81022.9717163772,85628.5191707725,84157.0744467079,90354.7917568231,80882.2854793411,70447.9142543901,62138.7121330924,66048.4542768376,72968.9085368193,77168.8429512388,84981.5845793293,91226.6786538777,84636.3993686837,91590.7157467013,104666.995928927,109009.071276908,112315.354081938,113473.771586309,110611.001819717,82550.1670207467,88093.8717728629,99185.6361204427,102357.946334221,86465.7472685165,91250.7597268417,101071.391661441,101806.63776133,104740.396162652,103918.444065365,113646.7498054,119810.667864859,122167.151303895,124828.500009901,127297.67950174,134504.732855225,131498.038425942,130293.633430788,138302.585098832,148558.563343122,154631.779218979,155325.142873192,149585.339062866,146984.511772304,155774.163610131,176817.124962875,186941.358999612,188429.887902394,181531.659527756,183085.366054839,181422.180034138,157726.414592195,181781.4167807,187820.322568103,202755.056880193,184511.153049094,196645.329838077,159311.27375474,167609.775203194,171653.43718836,175348.272530664,172325.127254878,159214.784260466,164830.157019232,163088.474259563,171531.475531435,158588.77536472,169306.559243217,157737.089689677,164069.033940132,162448.155066951,161394.917614647,164163.885926268,150665.166284829,139807.071451125,133127.90579202,121426.430959777,112297.761573682,128155.624809417,157565.208485233,209909.856624775,190947.394454621,195179.370888247,229077.312515467,240008.609161838,295203.163691903,300045.363534722,406067.110981837,379455.84533252,429845.122025762,379609.452031046,412482.835243265,362998.130150651,290351.936047377,320624.24727943,222203.237429243,248933.9241512,254908.11774522,259212.329767733
"CO2","1A2a_Ind-Comb-Iron-steel","diesel_oil","ktCO2",0,0,0,0,0,0,0,0,0,0,0,0,0,0,0,0,0,0,0,0,0,0,0,0,0,0,0,0,0,0,0,0,0,0,0,0,0,0,0,0,0,0,0,0,0,0,0,0,0,0,0,0,0,0,0,0,0,0,0,0,0,0,0,0,0,0,0,0,0,0,0,0,0,0,0,0,0,0,0,0,0,0,0,0,0,0,0,0,0,0,0,0,0,0,0,0,0,0,0,0,0,0,0,0,0,0,0,0,0,0,0.000413856217854828,0.000455390398364842,0.000496954459945771,0.000897581756441606,0.00135374123123303,0.00165821961205254,0.0019905668302335,0.00305606237596286,0.00597601267005103,0.00604740602942277,0.00636806538883436,0.00554031520299196,0.00643404814426863,0.015097986561819,0.0248747592405442,0.0414317559254696,0.0706661392496919,0.104838703016581,0.131199389057158,0.169977548521487,0.199749819135759,0.285424495278552,0.320279225159915,0.365313746429692,0.548973589707938,0.718253750653403,0.76845100010991,1.00096252067308,1.11513781607712,1.14571572831154,1.43555168630547,1.80910482395295,1.93214083264227,2.34546794340393,2.1988707539869,3.09078189208413,3.1451432624735,3.66891954311131,4.24274712819088,4.64116110899917,5.54221465325101,6.37537988039263,6.1573338596847,5.67989519354238,6.04801599448247,4.52656495200268,5.25831451882866,5.66255104701786,5.78329188666041,6.31101080381467,6.66505490410523,6.42383634269181,6.65519373319312,6.57506934913656,6.98599818173773,7.79255567768263,8.49284480364727,7.67986459581699,3.30853269561964,4.05445658835769,3.62898583050591,3.59227843355553,4.47858523116191,5.11121188111077,5.36887513808045,5.7939165629785,6.99718838352476,8.53629573675824,8.44935921469074,10.5029674055026,19.6854235958738,24.1980501903286,23.192318253714,23.7713209247463,27.3239459440305,29.1853261873393,32.1930857098755,34.1393737360931,36.6922406853176,37.4143944141401,38.9110014467869,41.7698853658186,38.943525123632,34.8992601341088,47.4744392208052,26.2427107349074,45.0428429902093,98.2549754034187,134.450812097809,174.824213017473,246.347413699531,318.794594155883,390.272332354886,466.276679615014,600.695502568012,763.082156207676,956.049903449429,1110.9921038895,1331.89565732351,1547.96319535279,1842.40240233338,2254.22103463151,2054.23612457651,2337.5299305956,3028.46540092648,3387.69113304315,3671.95892651038,4100.43874736798,4179.37111058649,4533.59617482055,5409.35535135244,5893.03022036462,7300.91169396034,8317.54662200984,8283.53008696345,8381.5001033281,8775.24926122234,8341.49214126756,8466.06525753883,8432.10037859274,8563.90049440145,8194.53266157243,8304.01825885645,7609.64714808396,7693.95035064701,8178.61448154956,8733.07510859147,8956.34415641745,8322.1724218166,9097.23461331193,9820.05746341993,8550.22940850309,8085.68776964866,9155.08155637263,8667.40028890359,9331.24848421053,8380.69560019983,8787.49580744693,7921.23669941706,8201.17478463435,10586.645145783,10978.7431141454,11007.4332093914,11023.3721511947,13277.138522188,14061.3344589127,13739.3678344851,14211.1605118641,11944.6429874282,10054.2844895513,10602.5840875864,8498.64376954459,8884.36616118558,8014.09993872285,7819.64484872201,7787.76696511532,6981.25650986596,6955.7542029806,6219.37509166598,6468.02258379819,5929.28635084507,6496.71267904421,6751.73574789777,6823.68088437453
"CO2","1A2a_Ind-Comb-Iron-steel","hard_coal","ktCO2",0,1.81589416401266,3.63321144257393,5.44981716386089,7.26926911424508,9.09014417917786,11.6595774966738,13.6078213137062,15.5574882452872,17.5085782914168,19.453975879352,23.4422544018015,25.5819071256204,27.7229829639882,29.8654819169042,32.009403984369,38.0939302369052,40.4868973503749,42.8812875783931,45.2771009209602,47.6743373780755,55.5121407544859,58.1712302885438,60.8317429371501,63.4936787003049,66.1570375780086,75.9260073968683,78.865450497,81.8063167116805,84.7486060409094,87.7136652029159,101.401892488618,104.695691111351,108.014394238685,111.311750647789,114.635434676043,133.869539357636,137.640792911424,141.387853517886,145.164087972594,148.9431686564,170.521142999536,175.41247538262,179.666294038337,183.820846782187,188.068262717796,201.059545207737,215.754425799401,229.472140607003,246.541832446503,270.343085604798,277.254021295095,343.270412847661,324.691057849117,339.534577142249,354.471658465405,378.997244581835,392.247710523708,393.401796942649,400.072624352446,415.072091047788,449.631092445574,472.141884595308,483.943927467935,503.853883975685,525.983181927147,574.781376371478,594.214947605705,609.125616879938,630.348212179533,647.640973808489,666.216697357165,702.620327139021,753.267005487534,802.528463247387,828.025347791569,852.72716525448,908.405705364779,927.694735664571,953.301388748887,1280.23165656127,1237.85078287633,1282.58152341582,1311.7586538349,1338.32998886768,1389.55682110702,1632.89887602614,1641.98108492505,1707.27034581074,1801.00348306368,1922.39004039206,1996.11090740229,2130.75794056873,2229.78386364694,2425.54075296625,2688.09006951536,2734.97294995128,3008.36632041294,3191.45055747763,3407.87178697944,3677.65309590164,3769.14828026006,3948.30584402991,4165.97019625279,4820.23826251928,5000.0162864761,5502.36633440101,5737.76317377145,6137.19975773016,6716.60531185969,7518.40916706363,7956.4882620952,8157.38210189409,8869.43027550639,9652.72155086968,10388.5833884886,10822.5773575254,11772.1691634678,12368.6641484657,13411.1499394576,14105.4055216159,15563.8671773247,17450.8624369652,18860.5041013736,18620.3498593067,20138.6694934813,20501.3621564892,21107.356139895,21577.5390077,23182.2157530599,27018.7180942925,27332.6800038501,28859.0962127042,30910.0985717643,31194.843730055,31491.1042421969,31788.3122233962,33363.7488755514,36443.6867764659,37127.6446892597,39909.0051788822,41788.6526521722,41912.1151244964,41110.1032985854,44099.2325103775,46506.2991176733,49023.835809519,52140.4044086361,55945.9287387685,61573.4882083379,64891.3350879481,67562.1171099249,70238.2750273855,76719.1942566832,78168.4598804753,83724.3603583142,89962.8265154181,101321.543506606,99011.7424557258,103344.583602004,110569.684654236,109129.890856905,111690.835175617,116128.324777344,103040.352380264,99396.5709510134,104884.012327426,109066.536726148,106856.747013547,93181.0939314979,105075.145929593,85641.2176841839,89442.8215640821,95499.4056904589,95590.5038886328,94745.4876990482,94815.1597216276,106794.955577928,106682.960897302,116627.94844332,108733.004482088,96248.9724558878,86905.4012228538,91975.3061091566,100660.267831934,105597.854384075,114124.668622211,119563.153591625,111378.752925872,118376.084036709,136333.521329927,137593.332040926,136263.169788636,132336.186597742,126064.10433488,98596.3929434115,100718.719119288,108397.266318633,111958.763539158,105145.802536451,108372.225524585,116437.226889799,115029.681314097,114554.998535014,111774.127613548,118377.46047857,121541.379884118,120890.536975019,115345.535668232,110540.752679685,107926.033949175,106579.70769543,103314.185248252,103270.173435885,104339.486682196,104471.283495935,100085.458400265,90895.6652574356,87444.9548444199,86986.8892024311,87364.7306874225,91000.2504730463,88838.2517515554,91636.9039421807,88717.4527652072,87606.8116042909,90901.0147656075,87668.9853077091,84260.5709412114,83305.1232840238,196447.135170566,187358.523627178,191201.220737892,195464.366148131,208610.434145241,150364.145629384,158491.61511634,155336.061326106,165197.748226305,161972.272454261,131097.644816789,122693.766177447,126324.243548152,127904.553394677,132130.32112579,140036.390282796,135368.888359096,134828.964445045,150275.649342436,134547.969076038,139231.775272244,142213.219486377,149689.41367402,184440.455487414,195731.20135365,213277.509528395,244406.550096447,264944.985661969,298741.363910209,330864.297511268,371986.330430991,423196.276913072,433108.735361348,447059.687554728,482853.756117597,467985.394081703,409033.217956731,415825.040310639,407570.500147703,402038.360971247,412141.949955555,440122.028972792,439340.060174242,457245.466283333
"CO2","1A2a_Ind-Comb-Iron-steel","heavy_oil","ktCO2",0,0,0,0,0,0,0,0,0,0,0,0,0,0,0,0,0,0,0,0,0,0,0,0,0,0,0,0,0,0,0,0,0,0,0,0,0,0,0,0,0,0,0,0,0,0,0,0,0,0,0,0,0,0,0,0,0,0,0,0,0,0,0,0,0,0,0,0,0,0,0,0,0,0,0,0,0,0,0,0,0,0,0,0,0,0,0,0,0,0,0,0,0,0,0,0,0,0,0,0,0,0,0,0,0,0,0,0,0,0,0.327497052872948,1.47164084094227,2.32091325993175,2.25097630974564,2.16623194406925,2.63075786497635,4.02057244347129,4.12292148975987,5.04759653096673,6.00564738771202,7.47483347025448,7.94582781614996,9.79426579522483,16.2873997697892,19.7604949121355,18.6118713096307,23.824895330338,39.0091479475924,53.9258351055275,78.3619191405805,106.8010925363,119.067788426671,141.879587766443,126.483240414286,145.076738535395,152.262128249543,184.27381918779,202.368717871931,217.960703413465,266.875053255579,334.184361851436,399.988868795365,401.691730951796,434.331937332992,441.353631768525,514.543730298099,582.684505980572,627.335324935885,647.313882458406,685.18950920516,792.491176619837,879.44920139052,947.443599267487,990.602470455631,1106.03172488426,1089.84880717647,1094.56869755668,1353.91226238263,1462.26288444945,1536.36660341748,1600.82173058355,1602.17334167352,1557.02610903511,1732.54769706522,1752.8463486298,1792.99006021151,1991.47021523758,2112.86232148156,2061.68518110291,2377.01324874053,2964.31789953031,3152.6959508631,3647.66140498131,4322.90458745958,4289.12891405411,4607.658920295,4592.02919221418,5159.08174256242,5203.52059409075,5734.22931526877,5477.16650308189,5493.6640958027,5283.34985726884,5964.7913937727,6346.73729491835,7042.40447424899,7899.56422029809,9051.32274362938,8938.70269802305,9281.75907610793,9795.70916001535,10004.225994321,9301.70625340854,9888.58060105204,11252.3283179029,10577.5189147823,11704.8109177085,13883.84742322,16116.9689005831,15937.6792511092,19481.4685950873,21658.2213279919,23139.3279333992,25052.5561348194,27200.3128586638,30652.5140158208,34156.6398711433,36290.8901045762,39093.8114627718,42548.5989752428,47966.682187628,49822.1405423189,54448.6561642655,64161.9906653053,70630.7569774566,75186.6394248654,81518.4213159549,85591.9225628246,91592.2880717809,101558.742297051,110076.281119436,117221.091911877,120015.568374199,132444.489402444,130388.415483237,119318.432446272,120041.803053078,112646.432155865,109709.165379669,116626.543999607,108053.925597815,88631.1079109663,78603.4193109846,70110.7094768923,70183.5901182722,65044.3901166076,66015.8029521466,63450.3785533526,62110.8633347672,61583.3810687128,70160.0220540978,61728.3244089816,56553.9158272005,40532.1659500753,44981.2367770337,43725.8422401548,39865.8207560538,42442.8491913834,39657.099092391,40303.6309220889,40975.6704887162,35999.7511173824,32816.3772939738,34759.6794603346,32216.7477079077,30138.4503991341,28085.2684656931,26725.8987758155,27884.3454630322,22767.0877390126,21241.3286875564,18437.8249160536,17050.2004289268,13141.6201427891,13141.6201427891,9986.50111662975,9908.01556871533,10818.4479245225,10652.058562944,9625.46759622347,8278.65559401216,8504.69397200566,9474.77534422779,9225.28983707888
"CO2","1A2a_Ind-Comb-Iron-steel","light_oil","ktCO2",0,0,0,0,0,0,0,0,0,0,0,0,0,0,0,0,0,0,0,0,0,0,0,0,0,0,0,0,0,0,0,0,0,0,0,0,0,0,0,0,0,0,0,0,0,0,0,0,0,0,0,0,0,0,0,0,0,0,0,0,0,0,0,0,0,0,0,0,0,0,0,0,0,0,0,0,0,0,0,0,0,0,0,0,0,0,0,0,0,0,0,0,0,0,0,0,0,0,0,0,0,0,0,0,0,0,0,0,0,0,0,0,0,0,0,0,0,0,0,0,0,0,0,0,0,0,0,0,0,0,0,0,0,0,0,0,0,0,0,0,0,0,0,0,0,0,0,0,0,0,0,0,0,0,0,0,0,0,0,0,0,0,0,0,0,0,0,0,0,0,0,0,0,0,0,0,0,0,0,0,0,0,0,0,0,0,0,0,0,0,0,0.0620061357456846,0.167345470593271,0.321521802967918,0.476298413733303,0.220831517975527,0.526678730152419,1.51757968185933,1.99095833354744,2.50830141855067,2.08232436447368,2.91292980376559,8.7968506344907,15.8874825093546,26.0068138999863,41.4210381275933,56.6142485539779,74.541537292975,96.9563324396397,121.875972245379,152.499277281937,188.977224672806,225.702033359363,320.35867200426,763.396557408466,576.358441191189,712.362353378237,923.935440241751,1087.67186324046,1239.7228548469,1539.8132727263,1949.7485214873,1641.02227152871,1857.16280972824,1856.77126081749,1905.92017975983,2175.88886016443,2293.60162960435,2288.59413852677,2240.24105609527,3787.06025857894,3698.4247797982,5136.00080071953,4409.60006018802,4325.46062631338,4305.42926309265,4604.0446197141,4760.66010232005,5172.52212275059,6084.59543736111,5801.13461615776,5829.63953935604,5557.72313180521,5914.88548677048,7289.62373206423,4843.69304879331,5679.57887862247,5126.21502657991,5319.30660933228,5169.63166548578,5367.31709146457,4844.77138141876,5611.78459475836,5436.49181417145,4597.26594314013,4508.60807224468,4754.89204081103,4779.23695657309,5085.82678333332,4384.77472255355,5091.76886574155,5705.53682249761,4562.55057649782,4534.36735399371,4377.79389563757,4427.89740231154,4478.0009089855,4424.76593314441,4243.14072145129,3913.46216838253,3787.62468721699,3486.19225813927,3580.21803059427,3626.45474973309
"CO2","1A2a_Ind-Comb-Iron-steel","natural_gas","ktCO2",0,0,0,0,0,0,0,0,0,0,0,0,0,0,0,0,0,0,0,0,0,0,0,0,0,0,0,0,0,0,0,0,0,0,0,0,0,0,0,0,0,0,0,0,0,0,0,0,0,0,0,0,0,0,0,0,0,0,0,0,0,0,0,0,0,0,0,0,0,0,0,0,0,0,0,0,0,0,0,0,0,0,0,0,0,0,0,0,0,0,0,0,0,0,0,0,0,0,0,0,0,0,0,0,0,0,0,0,0,0,0,0,0,0,0,0,0,0,0,0,0,0,0,0,0,0,0,0,0,0,0,0,0,0,0,0,0,0,0,0,0,0,0,0,0,0,0,0,0,0,0,0,0,0,0,0,0,0,0,0,0,106.252227035006,142.063623617647,193.344216407961,207.693658466552,196.112497498745,251.820266415516,275.086269290864,205.163843537147,206.034763430878,176.361278480234,154.870577189967,162.58983312875,177.910568449592,190.765715156919,233.926203601699,272.051566402464,302.68417241964,325.977764198319,416.624976131765,455.312340828544,482.519665739001,491.294471653064,530.03146786401,609.14738456596,695.847256419313,842.628229071101,938.379296717561,967.788470718073,1000.14211293363,1343.69142974848,1101.06682354103,1744.5051757823,2536.57637670057,3446.31793177044,5315.67120532147,6384.10015107948,8200.24339330797,10301.5841969109,12001.4711489786,15996.3334564813,20498.6063600382,23899.295760625,27527.4855865342,31592.0244483555,37263.2039349073,45842.9431504299,56471.329561505,66979.4256988511,75963.6273435546,125462.317405697,131808.90311753,139234.341129513,151047.021533966,171330.687851422,187990.077463128,196622.592832699,207603.138945761,229328.637070533,251202.000329703,215714.507749108,245384.911214951,252225.159218484,271649.654795847,280882.788504582,275489.240320871,291953.492439934,290643.016951168,301499.347837685,315926.291548683,320745.093785123,323100.366214383,316697.267766708,328988.860644699,358546.754794279,384759.237871988,388809.942094872,408675.004723602,427196.419708881,434898.20388531,485030.986670932,431339.013187401,356285.131691955,322933.756192412,279903.605293103,290406.300465743,250389.014951418,252749.018051122,246941.953514249,237072.356222287,266466.256535994,261560.079,256906.9206,267099.393,297486.07998384,311579.0634,322459.55598384,355348.47126768,358898.91828384,334556.67948384,368938.68648384,400197.479412932,394143.574612558,415004.441046547,422808.503140834,408753.307447378,416503.239150278,435668.998245009,496482.167702694,505200.646345768,497868.688561591,505035.006263808,501584.9809239,520467.33492134
"CO2","1A2b_Ind-Comb-Non-ferrous-metals","biomass","ktCO2",0,0,0,0,0,0,0,0,0,0,0,0,0,0,0,0,0,0,0,0,0,0,0,0,0,0,0,0,0,0,0,0,0,0,0,0,0,0,0,0,0,0,0,0,0,0,0,0,0,0,0,0,0,0,0,0,0,0,0,0,0,0,0,0,0,0,0,0,0,0,0,0,0,0,0,0,0,0,0,0,0,0,0,0,0,0,0,0,0,0,0,0,0,0,0,0,0,0,0,0,0,0,0,0,0,0,0,0,0,0,0,0,0,0,0,0,0,0,0,0,0,0,0,0,0,0,0,0,0,0,0,0,0,0,0,0,0,0,0,0,0,0,0,0,0,0,0,0,0,0,0,0,0,0,0,0,0,0,0,0,0,0,0,0,0,0,0,0,0,0,0,0,0,0,0,0,0,0,0,0,0,0,0,0,0,0,0,0,0,0,0,0,0,0,0,0,0,0,0,0,0,0,0,0,0,0,0,0,0,0,0,0,0,0,0,0,0,0,0,0,0,0,0,0,0,0,0,0,0,0,0,0,0,0,0,0,0,0,0,0,0,0,0,0,0,0,0,0,0,0,0,0,0,0,0,0,0,0,0,0,0,0,0,0,0,0,0,0,0,0,0,0,0,0
"CO2","1A2b_Ind-Comb-Non-ferrous-metals","brown_coal","ktCO2",0,0,0,0,0,0,0,0,0,0,0,0,0,0,0,0,0,0,0,0,0,0,0,0,0,0,0,0,0,0,0,0,0,0,0,0,0,0,0,0,0,0,0.680408362819726,0.712935325104821,0.673827031929356,0.694836665156305,0.850004197302322,0.892276591867386,0.953786722881223,1.06048022173856,0.555068191242949,1.04469880485232,1.5043557622713,2.02426097111825,1.84022349678358,2.32726967440924,3.02779669356256,2.46468698419157,3.82896366543358,3.97745780096872,4.10605222617685,4.35743630444317,4.577028413219,4.80986510739396,5.03148666968519,5.08368653500805,2.62953121664185,2.10996707607117,2.24725776924826,1.5605842101972,1.58798594735537,1.72665044889406,1.75142837517392,2.45932239348372,3.12810456834255,2.81314268464303,2.33778305669122,3.01175763880813,2.88344460239859,3.63368739445582,4.19542413374609,3.68115990841571,4.58848970278767,4.76635528170937,4.90446925536852,4.74277162461767,5.92220777557936,6.48915215868209,7.16526687039483,8.58993012479041,8.3047266081452,9.61943505486977,9.91303851516773,11.9268852219953,13.781995004976,13.495916038155,14.6041535832547,16.5181858551881,18.0605519602544,19.1989707000275,20.3246870966589,25.1358634156579,28.6900401559399,32.4733416930467,35.0885212179125,38.7240870474922,40.1255665981769,44.0817551483226,48.6188585581627,58.5827089951195,60.0849432436834,64.826907827273,72.030129004046,78.1535228490262,87.1597980292324,94.9513925438195,109.346277311489,121.513044605212,126.029227339429,139.398290367195,145.185426631847,175.977712377226,193.000037518345,208.382022254176,256.645361905346,240.451555066667,261.606739926566,259.436150946984,284.279832332787,297.533160520285,327.37467538067,336.157666587414,351.124049058339,390.861250545682,395.749557081332,411.737758427997,422.232789311719,432.137028952649,461.698736341623,502.601431187689,551.067935260077,587.439954259568,607.441793073105,645.507935761484,678.524550990961,734.100415501344,785.980516065167,870.066872569371,949.242897044019,1052.26031166276,1191.0133136485,1237.89686790891,1208.41739395239,1274.69409823359,1379.14119145008,1410.82176106124,1659.53584874428,1767.21310679832,1805.64696092658,1873.75684298531,1873.33624319985,1980.56911055338,2242.55906773719,2443.92999297013,2161.76079486431,2132.66487279187,2323.02980763855,2248.81508133574,1935.34025199194,1681.96407584666,1902.16140336035,2164.40307564463,2419.23049158017,1711.84750914866,2241.84328644075,2485.30576912742,2693.71350146341,3070.58650959946,3393.83692817928,3587.81197277968,3197.15451368116,3149.10631178542,3261.44069489721,3603.45779565262,4200.69619021334,4722.6672273047,5384.24993219843,5879.59088750578,6261.57694479495,6580.15972242119,7809.75734421819,7569.24525451227,6427.32515925215,7453.36465826476,6631.11772112522,5067.63006456811,5155.77465622513,6008.12822927086,6365.61425466711,7073.39473526003,7749.79454747781,8549.98453022637,8714.42072591783,8848.77411204824,9126.65803075778,9684.09207357056,9740.26927598344,9729.36794011584,9393.75295672587,8951.90850360679,8468.13500908109,7884.28049892375,7341.73925649909,6961.70734763868,6462.39188915363,5807.48316793602,5093.04489179165,4276.91984741754,3518.15083471115,2824.99278358595,2430.63319992967,1655.60246426916,1555.70011802041,1584.81391617447,1544.25507763876,1517.95772061107,1545.23348290294,1616.65140064712,1592.82670614901,1576.33096936809,3969.40670479736,4269.82333387822,4337.73802459607,3704.41914266235,4217.68218194674,4196.20646466661,4432.97012038099,4732.50406210886,4898.39078801792,3262.73655141879,3197.38112080765,2885.3919069864,2699.08382064332,2220.92396258014,1900.88937651502,1636.46779778545,1738.50011150001,1649.57277063081,1809.48756356641,1377.8134566674,1452.83486509009,1341.70090425698,144.934186147609,224.556325631945,175.750614906576,156.079800373601,183.63519431195,167.346129639694,166.729370365824,31.3280264573019,248.279688016514,374.955260777205,282.522353153838,377.992834939912,427.256224550519,1466.93569770858,490.818268421002,560.526020072139,764.777805107275,631.802222224548,575.294957851001,782.344938086,877.916316558,852.724117024813
"CO2","1A2b_Ind-Comb-Non-ferrous-metals","coal_coke","ktCO2",0,0,0,0,0,0,0,0,0,0,0,0,0,0,0,0,0,0,0,0,0,0,0,0,0,0,0,0,0,0,0,0,0,0,0,0,0,0,0,0,0,0,0.479075541836218,0.501977776630098,0.474441626625005,0.489234509799263,0.598487972279025,0.628251966135663,0.671561250609698,0.746684145283793,1.66322193979224,1.7040625236329,1.74833342245823,1.74494261674408,2.63661794680426,2.93958933722537,2.63894970859528,3.77420210196091,2.58564495592795,2.61880950511768,2.97213297458178,3.0064888286372,2.70801261491583,2.54044574195073,2.87159640727581,3.35155420193665,7.06086095706925,8.24196237470661,9.11416743537459,9.0294510258119,9.41225202170433,10.0480355327198,10.7039558527912,12.032511851428,11.9858366770419,13.2074368819867,13.269851799523,13.9635187095909,14.05891852766,13.279498264634,13.9133928386926,13.2954103189597,13.0898967813115,16.2890517870538,16.6958621550583,17.8758752332945,20.6700206240414,23.7621419627804,26.8917007389799,29.7724913024461,34.9426783303776,37.5783914894786,40.9427432886508,42.0528643912048,44.9325972184729,49.85877875076,52.2853714207874,54.5740169140929,54.803923057827,56.8495322996796,60.9327629520276,70.5172585568818,82.7811682939584,92.4561044266157,105.884365206057,122.475977335071,130.202586832536,137.421645100784,149.057836504925,148.299388080098,155.139824125638,175.47967379062,198.162521611665,219.952034034627,250.856025731589,282.396300836973,284.342274886953,314.251408756801,348.81870878003,368.93327808607,372.956890953577,432.74130516661,484.913777248197,518.171201943534,485.934564803201,548.039714114108,566.191099606377,553.921583691976,585.159878432567,628.145212488805,691.683582753642,722.961428950769,781.654581338731,841.084561131372,869.27256347565,899.690786254423,915.062258605647,957.041046116667,1053.72565260494,1135.68777582773,1187.72066831255,1267.14874693825,1234.12084738921,1291.71681200739,1357.65810900121,1410.32395943512,1518.31948548726,1629.87064347076,1728.57385693013,1860.19862689678,1998.21378402378,1998.73784653983,1976.61438539605,2127.26082888379,2227.23073238659,2339.47455804626,2498.24233660832,2835.51032780373,2883.6812137896,2918.237893893,2947.5630500905,3080.76157030616,3404.86146638709,3680.6371641866,3219.72174287415,3021.80111380847,3391.6316431127,3518.07836252658,3165.06480301449,1913.87629519421,2524.02929517906,2715.12736830782,2729.49918889339,1692.77628838845,2533.3155732333,2583.47680537408,2516.13198901597,3032.10517912734,3151.69827232591,3436.14115710358,2952.59837328525,2652.69050530442,2497.18429314462,2707.67762764189,3127.65960012879,3510.89095515735,3902.45004165739,4410.48061887564,4712.49977847179,4994.3302499336,6465.43163439734,6274.1636908199,5882.96261314823,6345.72717663051,5727.04029512899,2300.72658684059,3436.14666934656,3875.55125312266,4167.52698553734,4772.12746983883,5389.10130799606,5930.82335390365,6150.30738616355,6346.30587185824,6627.52457746725,7179.07982390713,7515.25893880031,7752.52663472576,7695.56768470739,7670.89851958969,7810.92662035639,7705.56553173596,7690.30416963867,7834.31762222711,8189.73434566872,8191.16379657315,8302.00772190941,8377.30100308566,8507.42701034458,9970.11858830449,10316.0468641377,10654.3632939817,10911.9219353127,11151.1003979467,12229.727614783,12625.1475599448,12401.6981416382,12221.1371615625,11927.2152592242,12810.7463622513,13633.1965753169,11962.528332225,11262.7074877284,11151.1095591381,12099.5532506703,14115.6382408955,14003.0502444096,13877.3167021236,14259.8547863524,15141.9031597808,14645.6097431154,15065.4124256786,13472.0891228389,13157.4907938255,12301.328056096,14819.7463961013,16332.7776264718,12250.6511708646,12085.853428356,12726.5640119437,13534.5048317991,14059.2689245918,13369.9388945127,12901.1944740589,14086.842125795,14163.4343513593,13970.4219429372,17796.969532132,17478.3458737844,21142.5179447828,19279.7950190578,22561.0059622345,20915.8049571123,20284.685018462,20649.2640121484,19880.2780674823,18605.7834340915,18581.273921911,14776.1721558741,15125.4327044475,14907.9107838447,15333.7635579825,14341.1283146686,14562.119916856
"CO2","1A2b_Ind-Comb-Non-ferrous-metals","diesel_oil","ktCO2",0,0,0,0,0,0,0,0,0,0,0,0,0,0,0,0,0,0,0,0,0,0,0,0,0,0,0,0,0,0,0,0,0,0,0,0,0,0,0,0,0,0,0,0,0,0,0,0,0,0,0,0,0,0,0,0,0,0,0,0,0,0,0,0,0,0,0,0,0,0,0,0,0,0,0,0,0,0,0,0,0,0,0,0,0,0,0,0,0,0,0,0,0,0,0,0,0,0,0,0,0,0,0,0,0,0,0,0,0,0,0.000827287551603886,0.000910397138628459,0.000993580354914179,0.00179473033648386,0.00270706719529484,0.00331621777445558,0.00398120747951088,0.00611275185164755,0.0119542415717984,0.0120980420346456,0.012740556697233,0.0110859585931271,0.0128759457232603,0.030218170749093,0.0497921252422909,0.0829442283700315,0.141486087397994,0.209928840301612,0.262741692878605,0.340434947307703,0.400104190470466,0.57180243550445,0.641725948419007,0.732067326206235,1.10026887165697,1.43974608940753,1.54057609232589,2.00697593962831,2.23619020962706,2.29779592977368,2.87942910237821,3.62864951307582,3.87537780204314,4.70434301816329,4.41025412951214,6.1990753773609,6.30803130186321,7.35845501951981,8.5092411292939,9.30820066030326,11.1152188209603,12.7892842718968,12.354735964628,11.3992719250772,12.1406373946715,9.088351176667,10.5595878180479,11.3734733131022,11.6180542018085,12.680355790656,13.3939164289984,12.9033218018237,13.361982751271,13.1951284440049,14.0134402676323,15.6242492822607,17.0206174937332,15.3843267513452,6.62465247175394,8.11452286250574,7.25969199951612,7.18673549753909,8.96046716575411,10.2268349019171,10.7430512370524,11.5940270066993,14.0024048136801,17.0830253561727,16.9096519856657,21.0202453751621,39.3989559994735,48.4346556046359,46.4251815259125,47.5876476359649,54.7033370283895,58.4335899440059,64.4594336492082,68.3602502500616,73.4759124244915,74.9256754011671,77.9263180440338,80.6892674698583,77.3029661165933,68.8646991181091,93.8122142125621,48.9038140937832,56.3667766111143,68.7291539726243,76.7728869609583,89.7736936446671,100.175751168238,109.42532290541,137.498469108485,167.901676443088,206.011655449014,260.9276785083,330.888040684632,396.684965048675,478.583556111089,550.868499619869,640.405916599194,734.677096307153,867.314825293146,1001.73209165829,1022.98281308538,1162.98469748614,1325.56477992684,1598.56811327505,1815.41217551204,2072.03028113705,3551.27438668575,3761.80246380623,4253.23062875706,4978.40523630987,5471.70235370151,5209.27206583803,5621.89823710527,5553.99972391423,5524.14819552626,5884.24524580673,5466.52243186644,5035.29481032189,4866.22136723641,4359.83331351191,4480.51608434446,4737.21122768216,5902.13960183212,5430.54380369222,5304.78350723987,5594.79721124874,5460.67108427374,5659.28373790252,5025.64730396814,5506.56342702618,4660.05525271346,8220.61384370117,8157.55041495296,8275.49858429774,8817.42260561154,8549.6483833153,6337.32326101074,6362.82556789611,6257.62855199402,6662.47767379902,7590.12408675383,5651.94876346683,5457.493673466,5820.90154658231,5741.20683756556,4953.82311248023,5285.35310198985,3889.10180001665,3736.08795870452,3420.49691099825,3146.34711198069,2805.25375738906,2798.06732922359,2913.14920256058,2572.67981410354,2420.21864562324,2354.58359851772,2618.18792067145,3013.85122946944,3188.87561714653
"CO2","1A2b_Ind-Comb-Non-ferrous-metals","hard_coal","ktCO2",0,0.230589735112721,0.461360183183991,0.692040274775988,0.923081792285087,1.15430402275275,1.4805812694189,1.72797730967698,1.97555406289361,2.22331152906881,2.47034614340979,2.97679420975256,3.24849614293594,3.52037878907785,3.79244214817832,4.06468622023734,4.83732447452766,5.14119331433333,5.44524286709754,5.74947313282033,6.05388411150165,7.04916073072837,7.38682289378334,7.72466576979683,8.06268935876889,8.40089366069949,9.64139776468169,10.0146603805714,10.3881037094197,10.7617277512266,11.1382432003703,12.8764307922055,13.2946909347748,13.7161135541187,14.1348254790843,14.6424889725911,17.0873609175848,17.5686962114286,18.046959384977,18.5289271741758,19.0112563892915,21.7537625770209,22.4739482013694,23.0211804373307,23.545635260205,24.090418989743,25.764585423621,27.6390506472749,29.3921630886266,31.577339452629,34.731637639302,35.630435351843,36.5330538203565,41.6216050703488,42.9075308797435,45.6836881633588,48.6883678745344,49.5259570025972,50.3379514957913,51.1207758038213,52.4405609631706,56.8010898110304,59.2308056699185,60.5307647813001,63.1567447840945,65.9676483740997,72.7878197060028,75.3510706957409,77.6090792264313,78.5671447059222,80.0873808985684,82.3450960606262,86.9524830936347,94.1146772516798,99.5829223386984,102.488368309752,104.396950899473,110.305304535383,111.964288351413,113.859914349246,143.801180729282,140.300643366465,142.550959048818,145.443591150881,147.602830019939,149.542470955559,176.770507741224,174.672141556781,182.754098695223,190.591064462764,203.067543851807,209.026554973318,221.202219140817,232.205760182243,246.53051213299,268.242181325743,263.880844516239,286.939843205625,304.263806109674,324.600057793557,347.494176644836,341.47923347224,355.318158611263,367.341732210749,442.175924348741,448.977448680964,507.41578691643,536.060132836908,570.05365420186,639.144148050543,735.202677967977,816.621274638638,864.006397526013,967.356742981965,1103.56355507469,1237.24602608996,1297.79951683476,1405.73836230813,1428.90210329946,1515.66033524112,1598.99658330087,1805.39019818981,1987.15136693631,2114.59061460169,2086.36757824401,2305.31135540813,2343.68413502552,2375.05559017036,2400.99191346223,2496.76187075529,2949.94146871029,3148.43573740231,3361.00800083775,3622.16652903717,3752.94820009086,3803.70991743942,3882.89909387849,4150.48315261619,4659.45567657091,4758.16606024873,5050.02158042054,5329.22022568059,5260.19658103656,5384.15582999385,5839.60986082089,6030.14512483691,6542.43019493113,6927.4776639432,7413.19338722838,8051.45500028954,7963.34216681123,8405.28311202496,8910.85281707766,9613.00471974835,10293.5714879306,10802.9389162991,11406.9861239585,12806.9010519281,12713.6360225101,12814.7190722614,13399.0965875995,13834.7326863933,14366.3252723934,15275.0572587927,13584.0399328433,12864.237316246,14548.669953917,15130.964537472,14371.4557240035,12293.1049266186,13934.1485286084,13006.8084796236,12617.198785103,13685.1794597065,14192.0928841136,14401.9716079991,14210.5669675793,15899.7726263813,15612.7388460435,16316.2129485265,15083.1485740577,12678.6707257775,11722.2002485872,11907.7009370626,13296.0102178421,13854.4324848531,15173.317507637,16521.7027081449,16668.7083698956,17988.0426808758,21228.0101759327,21612.2980203311,22140.6023377229,22448.1817117094,22340.1892430962,18746.9423365056,20157.8410039515,20628.6011091094,21762.8220384396,22138.1452074468,22165.9019423535,23464.7570149906,23723.4699544988,22940.3722427415,22890.5267854686,23723.2264046656,24321.6644120268,23367.12391793,22494.4229671103,21190.7068948378,19890.5336352143,19318.2953110271,18476.0252445616,18246.8553260937,19630.0914555572,19859.9191484841,17872.2586132128,17621.5499032684,17912.0411045903,17908.4338943271,21702.240800791,25264.8647317952,23453.5826704093,25260.8852849956,22955.7255883692,22633.7277977116,22097.0242649605,21319.7741510068,20480.6042231369,20244.5582024843,21939.8012827026,24171.6833169448,21038.0427770438,20965.7823906899,22079.6323493016,36095.6112641572,36809.7896335893,37184.5175463022,39606.7487972156,38055.5488797665,38746.749227829,37788.3249733412,39677.9582716421,37967.1604120704,36446.1013659486,33541.2415057507,30703.8158785518,30599.4583810819,34471.8355840437,32908.4014003874,33856.2643426243,29282.6149495006,33372.9944791923,35380.4475815407,42474.5292356255,43033.9469094617,52738.5147358882,57027.2305517628,58267.512466914,58751.2484805487,64272.2357553608,62128.9427783595,58304.0024746696,63980.583196806,69311.0366258002,70559.1242298269,75103.9171065491,70751.3730782321,79492.1202738794,81993.6633863836,85453.4675322806,92316.1237116119,98501.4366929726,99072.6359665354
"CO2","1A2b_Ind-Comb-Non-ferrous-metals","heavy_oil","ktCO2",0,0,0,0,0,0,0,0,0,0,0,0,0,0,0,0,0,0,0,0,0,0,0,0,0,0,0,0,0,0,0,0,0,0,0,0,0,0,0,0,0,0,0,0,0,0,0,0,0,0,0,0,0,0,0,0,0,0,0,0,0,0,0,0,0,0,0,0,0,0,0,0,0,0,0,0,0,0,0,0,0,0,0,0,0,0,0,0,0,0,0,0,0,0,0,0,0,0,0,0,0,0,0,0,0,0,0,0,0,0,0.00468748744204189,0.00516235743632291,0.00563829088621176,0.0124457493226596,0.0210492322722925,0.0231964489650904,0.0300613251188087,0.0446487492236223,0.0816696706003822,0.0832921437796446,0.0900781098402455,0.0838595026067993,0.0962312700024271,0.202428872702968,0.393883207641334,0.591968385489755,1.03629809876772,1.58918285601695,2.02820274028235,2.87387457177452,3.42667614777121,4.67559343081792,5.73158632997103,6.28095472911982,9.33772871041554,11.4033081899499,12.1762826402103,15.2124778370105,17.2016139887119,18.653348804972,22.42308553002,27.3323480957897,29.7360630779745,35.9453311000221,33.3249631753476,44.9597350767861,47.2054062531823,54.6134405268645,61.1484108892442,66.2027072360668,77.4939733685522,88.017231489281,85.4943778188097,81.8376490604608,87.9058641985133,69.4990165838923,78.2433667866807,85.6823637103836,93.7461992969711,106.474334052321,103.49532087563,97.0774152488234,96.6848774363425,95.1969126452493,94.600856492599,101.889480144375,109.376511642365,98.1274857564973,50.0796740067744,58.5844444392184,51.9226304762895,51.5931526399798,61.3383180951126,68.9331178803812,72.5175114822283,78.1964216321913,86.2524336665992,100.382993382794,91.8825838373104,111.76652635937,204.125427251,248.643845613982,237.022341251776,242.191032497022,276.737387002317,295.157393784066,323.930539957146,345.396266472377,372.381109283117,375.697118467046,388.236643618271,398.775625491011,386.476696279167,344.533478780783,468.293308975527,245.561270110302,291.203308415257,378.838824094785,446.588757243227,520.226982113581,679.441417654913,773.519219643664,904.927863717711,1031.99557083261,1226.44621447106,1479.99744719363,1727.75764715409,1948.02105067177,2204.42200466042,2449.70448844192,2786.02092201725,3117.30033334525,3567.68472795575,4036.9033741585,4389.19035720002,4580.1237646952,5495.04519112977,5907.0118075615,6495.33550889144,7062.46774551424,16033.2140591013,15759.2494343733,15982.1157372065,18209.1044597127,23387.0052478317,23001.2404478151,28068.6912221293,33825.5467958407,33478.4606750228,31338.7646398397,30645.1949304636,27576.7729631337,25736.6487642176,23829.1713726443,24068.7640748065,22630.51885726,22037.3588892793,22156.2146221781,21768.0917319739,22086.3117094184,25531.0422181072,21887.0924910724,20404.2911358155,17831.7860470209,15873.3231658205,16001.4718080341,17302.0652503899,18364.32279222,18303.042106725,22176.0993245115,21959.3127768081,19128.4977377004,19159.8919568662,20782.9730877362,21100.0547013105,19605.68986902,19119.0794719507,17499.1377629972,16237.0901525335,13860.5477616851,17948.0750970677,21140.8671862259,21545.8526134643,17508.556028747,15339.2154843926,14290.6485642561,12852.7933264641,10171.7270097078,7704.14138327865,7923.90091743901,8043.19895026892,8008.66530918657,7157.88196979435,6956.27788846961
"CO2","1A2b_Ind-Comb-Non-ferrous-metals","light_oil","ktCO2",0,0,0,0,0,0,0,0,0,0,0,0,0,0,0,0,0,0,0,0,0,0,0,0,0,0,0,0,0,0,0,0,0,0,0,0,0,0,0,0,0,0,0,0,0,0,0,0,0,0,0,0,0,0,0,0,0,0,0,0,0,0,0,0,0,0,0,0,0,0,0,0,0,0,0,0,0,0,0,0,0,0,0,0,0,0,0,0,0,0,0,0,0,0,0,0,0,0,0,0,0,0,0,0,0,0,0,0,0,0,0,0,0,0,0,0,0,0,0,0,0,0,0,0,0,0,0,0,0,0,0,0,0,0,0,0,0,0,0,0,0,0,0,0,0,0,0,0,0,0,0,0,0,0,0,0,0,0,0,0,0,0,0,0,0,0,0,0,0,0,0,0,0,0,0,0,0,0,0,0,0,0,0,0,0,0,0,0,0,0,0,0.00693164106740316,0.0210253370162495,0.000634148366544686,0.000569167316739052,0.000718293532678243,0.0447126382615374,0.257551077044292,0.401905646191775,0.601150442876799,0.923700279742373,1.26815832138745,2.28563546219339,3.61230938810766,5.66102932847578,7.99473020601777,11.5763783617075,14.3445635001398,18.2119990520594,21.8776693614149,28.0737697420657,38.138867575965,53.3542293687516,75.0364008901094,72.4615217581812,55.0839711406084,64.4243913779289,83.3330688743562,82.392063608969,95.338466850049,255.975034644899,269.639996530613,257.128279996151,332.295045115995,441.911511107696,413.729616116157,441.9227949645,482.638752952016,999.339573106846,1112.08308322379,1256.14969259153,1121.49784591782,1923.15218268449,1920.02268431143,1891.84926395364,1929.42613489678,1926.27924665265,2017.14086450175,2104.90529474402,2223.9805767057,2045.55893773272,2210.0727240296,2224.7788798,2750.291221788,2295.89640122279,2846.81778107038,3316.22584798297,3109.54888295287,3331.35344101397,3628.31294111063,3056.27178514421,2458.39758613129,2430.59561551052,2345.94081825845,2009.96379416528,1706.65069608189,2073.03258863525,1860.0926852709,1916.45913027911,1841.30387026817,1891.40737694213,1590.78633689835,1456.13316271207,1427.94994020796,1374.71496436688,1230.66738267923,1268.2450126847,1280.7708893532,1512.49960772028,1271.37648185183,1246.32472851485,1271.37648185183,1274.50795101895,1288.53091355654
"CO2","1A2b_Ind-Comb-Non-ferrous-metals","natural_gas","ktCO2",0,0,0,0,0,0,0,0,0,0,0,0,0,0,0,0,0,0,0,0,0,0,0,0,0,0,0,0,0,0,0,0,0,0,0,0,0,0,0,0,0,0,0,0,0,0,0,0,0,0,0,0,0,0,0,0,0,0,0,0,0,0,0,0,0,0,0,0,0,0,0,0,0,0,0,0,0,0,0,0,0,0,0,0,0,0,0,0,0,0,0,0,0,0,0,0,0,0,0,0,0,0,0,0,0,0,0,0,0,0,0,0,0,0,0,0,0,0,0,0,0,0,0,0,0,0,0,0,0,0,0,0,0,0,0,0,0,0,0,0,0,0,0,0,0,0,0,0,0,0,0,0,0,0,0,0,0,0,0,0,0,0,0,0,0,0,0,0,0,0,0,0.259828838040009,0.240271967085085,0.171041024123013,1.44086437219536,2.47463216428189,2.97667500053211,3.15463929384227,3.52217968748776,4.43758241799324,5.65255665349451,9.46087208975846,11.6103796933944,13.9070061510859,18.2425743256465,21.8158966780907,27.6088425978418,29.7352944860568,30.4327093020941,30.8560974430448,45.7951390938372,0,0.0226172779824448,0,0.0229974211419672,49.3163309351827,56.916364990397,69.8988612698635,77.792497261559,80.6586306744663,109.823386999056,124.112817802719,134.413266691113,151.255795586488,173.963090119785,216.049179467176,295.336667648567,460.065701838316,692.954311789161,906.737235080466,1729.12528861583,2148.58766831368,2598.68480816988,3143.65444322527,3777.11364038536,4426.53328260343,5047.2468737305,5687.7964828298,6489.39103150184,7347.38818498173,7588.20794994238,10003.186134351,10968.2439859769,12406.9733239808,14941.578694123,15758.9971846423,16537.2414960892,17315.0936696807,19508.1371261615,20482.4370327651,21135.674665138,22339.8273849317,23308.7925935275,25451.2753160248,24422.339122504,27129.0649824873,26447.7159588364,28408.2935884304,29102.2680490418,30749.8386839119,33454.8540620774,32133.7726666399,28357.7221611277,27442.2692039441,25643.7416343606,40754.2044193983,38623.8456021557,40015.9326563218,40623.2866555592,49377.8676923535,52562.539624931,50854.4462280124,41160.0768976536,40409.2774471228,42786.1063326631,38708.5535390696,38505.0642142803,40316.0495340017,40000.932187741,36136.9485755197,37682.7537656954,40311.0916355522,42722.5723177906,46506.5039525645,48744.4854240437,47462.7960485018,47937.4785227817,48158.9284499159,54160.3210532287,53876.0171798229,52022.5851174318,57583.1039349556,66801.1101210132,67670.9010726475
"CO2","1A2c_Ind-Comb-Chemicals","biomass","ktCO2",0,0,0,0,0,0,0,0,0,0,0,0,0,0,0,0,0,0,0,0,0,0,0,0,0,0,0,0,0,0,0,0,0,0,0,0,0,0,0,0,0,0,0,0,0,0,0,0,0,0,0,0,0,0,0,0,0,0,0,0,0,0,0,0,0,0,0,0,0,0,0,0,0,0,0,0,0,0,0,0,0,0,0,0,0,0,0,0,0,0,0,0,0,0,0,0,0,0,0,0,0,0,0,0,0,0,0,0,0,0,0,0,0,0,0,0,0,0,0,0,0,0,0,0,0,0,0,0,0,0,0,0,0,0,0,0,0,0,0,0,0,0,0,0,0,0,0,0,0,0,0,0,0,0,0,0,0,0,0,0,0,0,0,0,0,0,0,0,0,0,0,0,0,0,0,0,0,0,0,0,0,0,0,0,0,0,0,0,0,0,0,0,0,0,0,0,0,0,0,0,0,0,0,0,0,0,0,0,0,0,0,0,0,0,0,0,0,0,0,0,0,0,0,0,0,0,0,0,0,0,0,0,0,0,0,0,0,0,0,0,0,0,0,0,0,0,0,0,0,0,0,0,0,0,0,0,0,0,0,0,0,0,0,0,0,0,0,0,0,0,0,0,0,0
"CO2","1A2c_Ind-Comb-Chemicals","brown_coal","ktCO2",0,0,0,0,0,0,0,0,0,0,0,0,0,0,0,0,0,0,0,0,0,0,0,0,0,0,0,0,0,0,0,0,0,0,0,0,0,0,0,0,0,0,19.6497583733505,20.589116242017,19.4596937462274,20.0664385174282,24.5475776107555,25.7683773311237,27.5447505769289,30.6259905897141,16.0492011634498,30.1915669943962,44.2206605670818,58.4824486307934,53.9287414390531,67.2397215605598,87.4683228169267,71.3983534061846,110.605491847864,114.892749393634,119.436438818521,126.68429221754,133.098068888211,139.763920378409,146.203350235742,147.835115485812,77.0491957453669,62.1354377442832,66.0071498201966,46.6227838327182,47.7091790941574,51.8338771552608,52.6670611207235,73.1332559669709,92.7255792570568,83.8847904123756,70.3359619943803,90.7805733653068,87.2557967724721,108.906593490959,108.282174403856,98.4298960112854,123.316827958037,131.074779382588,137.916223708278,136.058168563228,166.275522822758,185.186766025802,206.312307656463,236.342179170477,228.874073462539,267.155449268803,285.183543976972,342.430382841246,381.681305345825,390.899013110729,428.074214095395,468.30332929026,537.435720176644,570.793252366328,587.881036119468,698.678610268083,791.393311995307,903.806439735044,965.679632110357,1015.31872973148,1109.49994122404,1212.94199202202,1297.61372595362,1506.75486760052,1501.72920328675,1599.87387440214,1788.44677423373,1950.26946217845,2194.31909700441,2420.41507856806,2466.78725597722,2710.05781124117,2915.12221924108,3104.61019182701,3178.17849822803,3719.54305409129,4145.78561773634,4643.95059597187,5908.40842706902,5271.38612591096,5599.64350473977,5516.28169824936,5726.80524512298,6105.69261984275,6537.22345270244,6671.14206704871,6964.17907566031,7614.22431326134,7880.91609520741,8210.71382476099,8493.00227159974,8825.62925469734,9518.63756104379,10238.1643455474,11192.5087896495,12034.4807189321,12296.486036931,12624.6295565609,13078.318286717,14362.7880695701,15556.9042155204,16984.0103008155,18230.623587302,19566.8908844367,22214.6802872915,23830.2541051509,23282.2176895113,24822.4811599144,26158.9114903648,27321.8148064355,32606.1353201387,33703.4277545094,34583.5665160285,35345.2829155476,36007.2068889806,37941.439843552,42419.2147858496,45934.6271313649,40857.815462937,42675.446550978,47229.7190395077,46576.9208881546,48405.7917384543,43889.0457056044,50802.5294330175,57383.8753487561,63504.3492788261,42454.8033572733,55977.3833779023,63547.1027400649,64211.555653397,71325.2260822306,77918.4921551154,82871.6214768573,67473.9118864832,60676.9868289094,56255.7149805735,59062.4526499912,64941.9647974116,70365.0484897263,77797.5291342885,90114.7527004108,95879.6863121077,102923.140520401,115639.873906561,124797.082421529,128366.642401652,132059.303831183,124016.781299483,59967.4604422607,52506.9401105744,57606.0929453738,61721.0103447251,65693.3669817402,70174.0680589707,79103.8588491214,80929.0925165526,84635.2127651239,87298.5312149387,92082.9960327683,91865.0445890337,90560.5221089476,86874.7415022359,83158.0565026904,81972.6785342987,80602.5485558884,79084.4185385453,77045.5453513861,73245.977767234,65007.6859245601,55995.7976297383,46984.5548901172,41428.771840078,35962.2456663875,30816.0392014106,25874.0400663225,22345.7514883723,23667.0129364825,21812.5114545658,20864.9260105946,19456.2220927876,15605.7193208313,15083.3809114785,15517.064224701,17012.850583534,17220.7964845092,16498.4168538405,17664.4704936232,18220.442750617,18122.1560306772,16739.08210813,16202.6822157999,17084.4019270428,16443.9795833365,13847.0799752841,9158.15807409605,8144.09315418345,6615.42781592462,6239.16540574901,5710.41447018768,5527.93854386038,4502.97167833242,3396.14664220925,3401.80651520636,5603.59160257409,4306.7899560866,4298.56496344475,5342.09981582811,5492.88846501535,5404.87501976026,5227.37202201286,3895.50086024678,3852.71444769598,4809.62767363552,3694.24513798196,3225.27947323431,3193.92199130674,2572.74239522837,2657.41484004185,2467.16027857182,2330.80646824902,2798.86785647292,2846.660370342,2699.735131002,2677.934530674,2703.862391568,2567.019696802,2263.55590751381
"CO2","1A2c_Ind-Comb-Chemicals","coal_coke","ktCO2",0,0.151067976021763,0.302254343874264,0.453381515811397,0.604745471410004,0.756227818839351,0.969984269236911,1.13206268551732,1.29425949362846,1.45657469357033,1.61841632618926,1.95020943183267,2.12821154934734,2.30633205869275,2.4845709598689,2.66292825287578,3.16911252519635,3.36818838858239,3.56738264379917,3.76669529084669,3.96612632972496,4.61816933751483,4.83938447324888,5.06071800081367,5.28216992020921,5.50374023143551,6.31644095353689,6.56097927992638,6.80563599814656,7.05041110819747,7.29708048754025,8.43583231149424,8.70985020373748,8.98593995301868,9.26025382483873,9.53675794552745,11.1368827338677,11.4506210853236,11.7623467756569,12.0764994985203,12.3908890050452,14.1860051386111,15.7401011147298,16.1488258660739,16.4285146556276,16.8172884084305,18.1596741196414,19.4534432264059,20.6983549333265,22.2983041677582,23.8755186573596,24.2685638837125,43.8844831110207,28.0489100676243,37.3416120475511,32.5319788750766,34.1084948126853,39.3073182832651,35.0681643467511,35.8090525259899,43.6968764888449,46.2723600008403,48.8471229064387,49.3799658002712,51.0928509574968,54.2418671177064,66.9962701871396,71.4361213614209,72.3600803102876,76.9489287024109,80.9673156549199,83.9092467249366,88.4684427397401,93.2477446337805,98.1333419269527,104.240935859016,107.785765345232,120.37769789713,124.131061868013,124.711068679081,167.797750390198,158.765070041881,161.880234321092,172.354632872233,183.460421809645,190.307305794759,223.089414744367,233.445051237408,249.639643366202,263.821382252018,286.956271201039,306.615783420119,327.802696334526,335.13948212313,360.126870349762,399.441839289067,410.377385006131,443.816871160491,433.348849431189,457.448553141447,495.612796488365,517.280381569975,563.887651341414,617.469264847342,716.39168484236,767.574868931459,819.806774958232,849.046522955878,896.928343534722,921.595061969817,997.669783499451,1102.37341705997,1167.84969587741,1236.07171110225,1350.29880687194,1462.68593261754,1491.19119997938,1601.22314135975,1689.12954271377,1780.96724255792,1795.04685132638,1970.541394321,2207.99933460619,2352.62885922778,2184.74138574954,2383.72019557859,2443.39632868917,2415.35426582636,2481.61169436581,2631.09226354726,3156.18475238579,3107.25380304275,3310.80662358436,3523.00082310492,3556.62955689921,3612.53265496742,3625.39164635904,3850.34083159319,4131.54064642027,4371.70907638865,4617.16242440471,4796.8256511118,4721.85158098713,4762.84861862783,5157.90691410652,5293.12022496463,5604.51431354343,5949.36084134094,6196.65289288773,6626.11920454017,7103.27414746521,7017.16545663426,6986.02773940121,7469.11845980282,7697.17945995805,8019.6260415996,8663.14959286166,9693.77511327359,10082.8415886633,9937.0106183924,10364.674143372,10518.4998075879,11140.4575713727,12041.4840681409,10317.8626138302,9440.30988521072,9840.28654551628,9748.60161422661,9316.3901095427,7830.89994564745,8907.8020849175,9057.96830850377,9692.65527496158,7587.51648547575,10208.4538375098,10260.9890228194,9785.72503083834,11480.699836092,11424.9971192387,12530.3633970132,11175.1339122293,9823.07993111712,8792.0440207848,9184.91803608668,10179.5270341361,10948.1695292189,11107.4965540718,12880.3986113617,12995.8079614316,13803.0509025468,14541.8331258681,14705.148987978,14540.5558363466,13842.1928965976,12209.3696364643,5179.84374822957,8406.31206358343,9642.39767889697,10451.7315258544,11449.977566625,12058.539198722,13343.0806568122,13333.932511182,13288.2045849272,13572.9594366095,14239.8024550696,14714.9502222092,14707.4602712228,13959.2534213684,13444.6881223315,13197.0372055742,13225.3386873086,13636.7471630587,13728.0870393444,13829.0516514966,13481.2576476329,12571.7949610213,12283.6464932339,11618.8878776447,11626.1021977819,11271.4692142999,10547.5858903582,9119.99556240505,9211.99582101058,9720.65692023001,9827.97279343454,9466.54246865619,8768.10498746512,8608.8748914844,8868.30077099186,34779.8353770235,34599.3221669658,35147.8194840738,32764.3641207699,33747.9052118598,31676.9269455986,30011.6694467746,32088.1616680392,33657.8235674343,36937.1166268048,19045.2607646798,18175.5846411313,17765.564060241,17262.0239655437,16904.9353559814,19122.3050683621,23341.9718895415,16296.5312194909,19326.712326708,13076.8104264204,23195.3213444391,24720.9067231491,26617.3302281224,21923.7586455392,17346.6072458136,25140.6321192417,27542.5643129398,41203.5536645969,33452.4204374849,25765.6246798468,36699.9308014132,51175.8614330751,48452.2418920069,43458.4287852114,47597.4726547087,52882.3362186488,45664.2848814646,66013.3073694007,77541.9691613464,78405.9294657123,70464.8475192006,61580.1493537362,30492.8968416784,31786.1635783833
"CO2","1A2c_Ind-Comb-Chemicals","diesel_oil","ktCO2",0,0,0,0,0,0,0,0,0,0,0,0,0,0,0,0,0,0,0,0,0,0,0,0,0,0,0,0,0,0,0,0,0,0,0,0,0,0,0,0,0,0,0,0,0,0,0,0,0,0,0,0,0,0,0,0,0,0,0,0,0,0,0,0,0,0,0,0,0,0,0,0,0,0,0,0,0,0,0,0,0,0,0,0,0,0,0,0,0,0,0,0,0,0,0,0,0,0,0,0,0,0,0,0,0,0,0,0,0,0,0.0017179946888561,0.00188822044810173,0.00205819136151661,0.00371319067251655,0.00559392474281311,0.00684438301236493,0.00820698794799934,0.0125859911074138,0.0245843204368012,0.0248508106210542,0.0261400758638205,0.0225401230094907,0.0259488148086312,0.0603739048499564,0.0986435204254236,0.162967833074361,0.275749898592995,0.40591484461484,0.504110415397693,0.648238442921499,0.756215248707453,1.07258263326821,1.19486079227785,1.3532240741069,2.01945490664057,2.62422630712013,2.78894417543318,3.60910331439339,3.99506269078549,4.07886539595847,5.07926565901509,6.3493657935123,6.72769872728389,8.10386654433712,7.53995549573459,10.5199224404821,10.6273784375038,12.3091940472454,14.1353421965976,15.3572533886209,18.2161247870642,20.6340737399883,19.6331417095,17.850759246009,18.7430202652384,13.838444856367,15.8646259824261,16.8664949828478,17.0127412430785,18.3414836782298,19.1433878116254,18.6022256825316,19.4291447243936,19.3501177003122,20.7238460636221,23.2996448190035,25.5928997761341,23.3231253155703,10.1252547289655,12.5029213527536,11.2757100291295,11.1499552028461,13.886504806528,15.8317630282469,16.6129272420769,17.9448285779934,21.6931835858215,26.4929491319887,26.2527193757031,32.6723839092543,61.3141274342128,74.4521832007501,70.5297905281502,71.4908301046855,81.3082124811247,85.9733746462463,93.9236196667745,98.6905553225586,105.144968453875,106.322597080526,109.699031461271,116.393961985965,114.307645729298,104.558900490389,145.312257330405,78.1375890334587,96.7041388829058,142.112134620316,168.824163951717,196.908666979073,240.078178522599,278.133002196181,336.339977154458,402.970221277163,479.952447113578,615.684575886888,750.922647504697,880.360181703692,1030.88336055104,1182.58472456212,1369.12159209542,1618.33890371161,1779.21759418521,2011.0631389224,2118.49935036433,2302.94969827816,2342.52947075145,2707.64120166997,3077.12578923117,3520.18138954057,4333.53740360278,4547.08374720896,5348.22736717344,6661.11477224669,7724.80037887576,7311.88011627588,8108.96934162972,8408.2093756855,8839.08468603588,9890.0887545557,14603.8618147455,12886.5160020877,13596.4275075176,13446.1957631772,13381.1946542588,13432.6739516811,15118.8713696177,15682.4753821477,14060.8697150719,12584.4480159424,14155.4824810218,14140.7897872137,13535.1877431063,13353.2435034317,13880.8774663016,20077.128763918,21281.2503172319,20926.4641118414,20878.2530585133,20591.7916708805,20567.0350622546,22033.0791908971,22992.4566451755,21117.5117862091,25746.2962504354,26923.8109764553,26128.1804970733,24369.3809473687,28813.7403406388,28428.9109887803,30142.6453099785,19726.0343758222,18658.1252749979,17669.9108831904,17453.1412746649,17475.4557931896,17076.9822481059,16295.9740997419,12936.0451675964,12180.5393261177,11817.1314530014,12645.9564267755,13532.1615910416,13779.2468854448
"CO2","1A2c_Ind-Comb-Chemicals","hard_coal","ktCO2",0,2.97124481598369,5.94481819373539,8.91722729060311,11.8942935110068,14.8736882931786,19.0779065653247,22.2657076257336,25.4558372479104,28.6482954318552,31.8314393687282,38.3572337235826,41.8582263417891,45.3615475217636,48.867197263506,52.3751755670165,62.3309414061532,66.2464180190658,70.1642231937465,74.0843569301953,78.006819228412,90.8313731657398,95.1822908292706,99.5355370545696,103.891111841637,108.249015190472,124.233427446992,129.043071778821,133.855044672419,138.669346127784,143.520904571438,165.918175937064,171.307632149129,176.737838192134,182.133115808617,187.571471817811,219.043148393382,225.213837078612,231.34494021379,237.523778865212,243.707274640166,279.014092447653,287.435742155193,294.416018758488,301.189838775982,308.152559396898,329.504839204447,353.575224754525,376.058554475594,404.054308159141,431.302127237838,441.463041018333,562.684797938192,517.451743466795,539.071107096984,563.630552260998,604.167726026567,617.388096645867,625.464989205565,636.174513029689,656.288553580223,711.156354696533,748.183830695327,767.119726036278,795.928897530763,828.739655995052,907.217128260227,935.989149581515,955.104628873234,974.458287484622,994.898166651694,1019.72859536339,1074.91766091724,1151.36332390162,1220.47628228737,1254.90944772754,1284.07968544377,1362.66821819829,1389.40146887266,1420.57416634288,1964.7060347331,1884.70244344856,1914.23108168997,1944.01285782927,1974.01143948714,2005.13840270653,2374.14067588561,2352.86480541093,2453.2127833755,2561.25582710268,2729.3692669975,2797.18855900821,2955.53219792452,3083.73981812938,3281.95729275168,3561.49457956979,3712.50015404709,4096.61900939675,4246.53011226904,4500.1027368241,4789.72861810855,4691.79481442227,4878.01743657668,5044.10272206039,6119.51207174269,6004.02053924197,6733.37062313728,7045.87677317893,7379.26922633336,8334.00725551144,9691.58218412411,10603.119654937,11110.6505841216,12069.9475492933,13467.3528514492,14893.0924976602,15703.7228247453,16680.6289559491,17185.5626197166,18430.9189272585,19220.381786335,21082.6427802035,23385.1304158443,25137.3821035758,24698.8595511437,27212.2942939263,27642.5201293916,27962.2157375501,28298.3391033245,29165.4944237958,32226.1534482839,34188.0122380607,35659.3467191509,37880.8228362246,37974.4422380679,38394.6748804965,38772.4543959289,40759.0662023419,43658.6738273021,46096.2934526218,48290.434289726,49796.8658032489,48857.3785263792,46231.465387302,51378.1163515832,52231.4798266345,55044.110902281,57898.8847511549,59601.9470474749,64278.9546899913,67507.952788124,66077.3095537128,66961.1735986555,69404.4529773376,70257.393670908,71924.3095072568,75862.6144198972,81785.8251039872,81265.4300948035,82229.0140899556,83295.1145823985,85618.8997583589,86402.3400589724,88712.7054959993,80501.116777826,79353.30500796,83468.0150085364,80739.1261373153,74596.657066156,65735.1014429707,70637.7590337158,58990.0159551127,69228.5741073923,59061.2970681146,70741.8468497344,70640.1135402094,59105.7931287048,76739.8186932431,73417.767483921,79360.8753676533,73284.4070007215,65242.5384661674,59248.8892707964,59064.8564341872,62474.0455219397,64191.2676525487,65962.8351254084,73526.6322047418,73296.0294150192,78691.334469512,87339.1352322439,85297.8660855755,80711.5691602092,75840.387787357,67857.7757906891,40473.9820449178,53529.0953535713,57259.2399083445,63436.8153773358,69801.5662264498,76694.6142530379,82714.3658057471,81801.3393245964,79244.9019843763,78780.0120326317,80396.8973331501,80046.4846316398,76225.4782342541,68221.5492739248,62439.4212162928,53502.2074766985,51276.9002469915,50087.3275334596,48737.925314234,46118.2006265579,43572.8583942019,39735.2019902448,35466.0125352025,34070.6183247006,33345.2675078687,32723.6224860139,55863.7132933763,47632.7208163639,46859.274414613,45718.6447533632,46114.3656076018,50001.1179519797,45995.419218551,41174.985254458,43111.8703102359,140546.154014218,139345.395880102,146116.557534463,153077.580473773,168160.291432009,132854.131908631,132305.947570197,139203.299355916,147296.866103687,144410.491215587,138032.891221939,151117.690215071,143477.299939824,149856.487191428,162738.221943267,204332.447692479,195577.260234017,183528.699856877,195358.49311334,162601.778308108,125479.184463169,130231.695811792,140298.644040364,154718.858124569,223144.979205699,250208.869761966,258834.429112558,280537.501523244,294218.973139799,294446.277484921,303358.809800444,325917.296033068,308321.216010647,309444.530359059,304045.515940426,342560.793251637,283717.878598038,221030.439765681,193565.436470695,137735.626956889,135751.064372182,103564.212382408,127515.150584072,128737.306020976
"CO2","1A2c_Ind-Comb-Chemicals","heavy_oil","ktCO2",0,0,0,0,0,0,0,0,0,0,0,0,0,0,0,0,0,0,0,0,0,0,0,0,0,0,0,0,0,0,0,0,0,0,0,0,0,0,0,0,0,0,0,0,0,0,0,0,0,0,0,0,0,0,0,0,0,0,0,0,0,0,0,0,0,0,0,0,0,0,0,0,0,0,0,0,0,0,0,0,0,0,0,0,0,0,0,0,0,0,0,0,0,0,0,0,0,0,0,0,0,0,0,0,0,0,0,0,0,0,0.0102807451735772,0.0113086930867677,0.0123367292575849,0.099649124732686,0.232333004966942,0.194582103402106,0.328795402163459,0.440300230393258,0.652467440749931,0.682392470782861,0.866879445310463,1.0338731995117,1.14882975760157,1.79179591501577,2.56611125853193,3.381170127014,5.5361244247391,8.72061943157478,12.0216423445479,16.6803840740637,18.8784767419414,25.4274408655863,33.5852151056462,41.3105010607274,51.7067665992751,67.1509819296092,67.7832011236271,79.1488859054239,90.7577830535072,100.671859077963,113.487080222799,133.001556881257,142.747835193756,165.230160925773,171.497769850353,200.770652065164,219.837704520716,237.721060528024,267.425962162191,284.457386192198,321.965432232491,337.612320914529,339.466550541372,325.222383435828,341.435466943399,292.021866131552,306.59467695418,338.119485083625,376.851109155041,400.988805137629,373.518866975351,349.65698108427,338.705096325345,398.883320489481,352.754957890837,326.518023503992,325.840577631564,386.498161345291,407.520465760372,325.19090804397,243.990228101357,151.871565042369,217.527707748108,261.949798753294,287.496665027725,365.14007065102,356.258506541051,392.589698333109,378.740693733139,428.156177578232,649.051497991909,744.466256322661,752.539393624097,830.768895320283,969.6504486141,1086.97208772023,1227.61288135055,1370.92058041658,1432.24081342497,1263.50652487455,1132.93291487318,1026.4406640607,931.692601963507,816.812585179203,1081.65943854761,647.483692306494,1058.8949565721,2048.64139452496,2841.84090134497,3289.42615020402,5383.18652355848,6620.20972451615,7409.51604720526,8380.68121219541,9956.55941984674,11747.5733756592,13642.7817188428,15184.02334816,16986.3115097219,19194.77889924,22256.0651506146,25691.6938576933,31492.0606828644,38822.0020161917,45062.8044695788,50567.8649733219,56648.9662606954,63599.5901869903,69426.1918644385,77000.0485169228,93974.3478008193,99826.3994933134,102148.790378123,107045.15973932,103306.445199374,101230.578790811,117276.782423932,125126.497680035,117084.844572701,119840.189082281,124018.264260048,115548.060771318,115428.653430222,89812.3988225041,82734.7975992722,80601.2479331793,85242.3481183686,86072.5740681068,83674.5653592298,80085.6301210107,89392.6377780969,91554.8162505044,81834.1060448587,77744.0953091198,82134.5766924356,87582.5934035836,87661.5608781567,90073.3424697614,75130.8438014788,74880.3160445745,74372.4050684908,75287.1607960138,69936.0370009271,70508.8629972218,74081.9261446969,72577.7570277286,72518.1447676989,64496.4106818172,57021.0339650732,48919.5460363661,99676.7976572459,86181.1562909001,69384.3637782566,62060.0924468837,56738.7722982865,59090.1993138024,55724.7390192324,59044.8780284713,72662.6529852276,80285.8695136041,91409.6272639929,73189.6997738255,58241.5240240632,65002.2175695711
"CO2","1A2c_Ind-Comb-Chemicals","light_oil","ktCO2",0,0,0,0,0,0,0,0,0,0,0,0,0,0,0,0,0,0,0,0,0,0,0,0,0,0,0,0,0,0,0,0,0,0,0,0,0,0,0,0,0,0,0,0,0,0,0,0,0,0,0,0,0,0,0,0,0,0,0,0,0,0,0,0,0,0,0,0,0,0,0,0,0,0,0,0,0,0,0,0,0,0,0,0,0,0,0,0,0,0,0,0,0,0,0,0,0,0,0,0,0,0,0,0,0,0,0,0,0,0,0.00063619177132853,0.000701252966225477,0.000766554179694857,0.00138681746297121,0.00209499988082408,0.00257026509714645,0.00309018893532771,0.00475147174822122,0.00930509395747465,0.00942991362208373,0.0099440157853949,0.0086261188996381,0.00998908089975035,0.0233750528105673,0.0384074495445931,0.0638031740530336,0.108542735833253,0.160626945812244,0.200521862182006,0.259166799839314,0.303847607928622,0.433616851232249,0.485960014347773,0.553612037316519,0.830938971333656,1.08588474598767,1.16043211124596,1.50983081871579,1.6801758526053,1.72435729529585,2.15824894026417,2.7237345009519,2.91295387466139,3.5407456822677,3.32363286254282,4.67744336993077,4.7652658999092,5.56508774347503,6.44242753331709,7.05472111333273,8.43277204060892,9.6460359592445,9.26588959814785,8.50307960499281,9.00896305957309,6.71020856856985,7.75879043672535,8.31783563089861,8.4584472961176,9.19167627520075,9.66805965294725,9.34600823009591,9.71145673644688,9.62303183902668,10.2547226072137,11.4724247622007,12.5401974237543,11.3730432573745,4.91390318392779,6.03931920595294,5.42126865384636,5.29125146988801,6.50512325556608,7.32178691381235,7.58588089709072,8.08572300332802,9.64630815842056,11.6269050389805,11.3721057857803,13.9706343900826,25.882109311528,31.2366338788554,29.4135109161181,29.6381168367098,33.5118138288667,35.2311493526738,38.2711822623717,39.9890105869447,42.36959225178,42.6112002386741,43.7284479988626,46.5194864324025,45.7732459530672,41.8657369734061,58.6059613538585,31.3997886027852,37.0562175145065,46.3139118191409,52.97721172633,63.5336753184745,72.7134364283239,78.9410746612115,88.314195347528,96.8225520141483,106.428052633035,124.607437271986,142.368747506596,158.174728417425,173.953042754418,192.129529779538,203.767454481667,220.625793304018,245.434414985986,266.179742875733,280.496161787792,310.414264706442,355.943358511553,407.243584764841,434.283021870366,492.602766031457,4426.37225195797,6051.65355895251,6994.09266378589,7170.15317168647,7070.59607646138,5324.49272413287,7077.48427262856,6742.22897651359,5763.24464212426,5083.6832474725,4896.83083083824,5258.23582428961,6575.17468069465,7384.94824825358,7462.53135188704,6976.64112708408,7080.29819471101,9352.52083723481,8654.57227117794,9446.93690088643,35380.9192510659,38608.2821209376,37060.4648908446,38620.4625136119,40672.4418630328,42417.3813597857,44238.3593886005,44713.3151439791,43785.5669555542,43841.8862467483,52342.6817957026,48577.4591905692,51228.4026490154,47523.6141958322,48627.7774224755,48560.6532376229,51582.1447399482,48824.3013848467,43834.5825321915,46513.4322134469,45926.9870306662,48277.8601495312,52639.7287992905,57893.542857158,57156.4389287289,59140.1557959592,60640.684396897,62628.2875775557,73554.0159391925,80409.9563275713,65311.3488450208,83957.9788295881,89452.2465010717,95417.3371217983
"CO2","1A2c_Ind-Comb-Chemicals","natural_gas","ktCO2",0,0,0,0,0,0,0,0,0,0,0,0,0,0,0,0,0,0,0,0,0,0,0,0,0,0,0,0,0,0,0,0,0,0,0,0,0,0,0,0,0,0,0,0,0,0,0,0,0,0,0,0,0,0,0,0,0,0,0,0,0,0,0,0,0,0,0,0,0,0,0,0,0,0,0,0,0,0,0,0,0,0,0,0,0,0,0,0,0,0,0,0,0,0,0,0,0,0,0,0,0,0,0,0,0,0,0,0,0,0,0,0,0,0,0,0,0,0,0,0,0,0,0,0,0,0,0,0,0,0,0,0,0,0,0,0,0,0,0,0,0,0,0,0,0,0,0,0,0,0,0,0,0,0,0,0,0,0,0,0,0,0,0,0,0,0,0,0,0,0,0,1.20405780260428,1.11316188713063,0.792233207626069,6.67230059104915,11.4568452024486,13.7781142063885,14.598695459557,16.2961036371394,20.6779697013656,26.4474616774206,44.1915102238858,53.7872278098016,64.2028591716547,84.1727088312109,100.608020977214,127.424034811359,137.162074694755,140.312737950226,142.201677787303,210.707242815322,1.31707595091087,3.82398083349618,14.9738596028521,20.9496342413576,248.097648480676,291.871041088696,399.342354473673,460.221978540533,531.968613056843,695.122431494173,906.4020891442,1171.99974686069,1653.38168661274,2167.94504282648,2910.17217519272,3969.91451547861,5456.49334799891,7163.17697794351,9401.31805431194,17309.7201966722,21101.0913901036,24996.1607190987,29647.2253341835,34517.9801029614,39351.7438528015,44311.9842968506,50391.3661393169,57447.4440511018,70425.7037927923,78996.8953311257,83227.2996413158,89562.0184414618,95580.1971736963,101330.519926588,98408.0137486224,105055.587872486,111684.991304578,117071.764810834,129487.261488856,138556.522606689,145028.131520497,150970.536425171,160161.506976445,172353.852484871,188887.39768009,186890.033705523,193951.816039041,199075.628715221,205195.69212731,322858.044986057,312768.542394566,279715.540829484,266989.932616597,257228.766976373,261546.545042306,266554.340746784,235562.546991833,221418.20009118,226068.751812845,311357.802977506,292817.14841808,244623.48262704,246543.5231688,247512.56952576,249249.27535728,245722.25938128,267326.73793584,259068.88319136,256980.52882656,318297.97316064,343400.964006049,350524.870670475,351043.455647752,364142.522654684,384864.661371146,390008.549425621,411043.287498025,415329.199720952,435032.76425096,449459.839596105,462758.215234915,460052.856940772,465282.528757008
"CO2","1A2d_Ind-Comb-Pulp-paper","biomass","ktCO2",0,0,0,0,0,0,0,0,0,0,0,0,0,0,0,0,0,0,0,0,0,0,0,0,0,0,0,0,0,0,0,0,0,0,0,0,0,0,0,0,0,0,0,0,0,0,0,0,0,0,0,0,0,0,0,0,0,0,0,0,0,0,0,0,0,0,0,0,0,0,0,0,0,0,0,0,0,0,0,0,0,0,0,0,0,0,0,0,0,0,0,0,0,0,0,0,0,0,0,0,0,0,0,0,0,0,0,0,0,0,0,0,0,0,0,0,0,0,0,0,0,0,0,0,0,0,0,0,0,0,0,0,0,0,0,0,0,0,0,0,0,0,0,0,0,0,0,0,0,0,0,0,0,0,0,0,0,0,0,0,0,0,0,0,0,0,0,0,0,0,0,0,0,0,0,0,0,0,0,0,0,0,0,0,0,0,0,0,0,0,0,0,0,0,0,0,0,0,0,0,0,0,0,0,0,0,0,0,0,0,0,0,0,0,0,0,0,0,0,0,0,0,0,0,0,0,0,0,0,0,0,0,0,0,0,0,0,0,0,0,0,0,0,0,0,0,0,0,0,0,0,0,0,0,0,0,0,0,0,0,0,0,0,0,0,0,0,0,0,0,0,0,0,0
"CO2","1A2d_Ind-Comb-Pulp-paper","brown_coal","ktCO2",0,0,0,0,0,0,0,0,0,0,0,0,0,0,0,0,0,0,0,0,0,0,0,0,0,0,0,0,0,0,0,0,0,0,0,0,0,0,0,0,0,0,1.25104153919615,1.31084765444418,1.23894069097476,1.27757032183536,1.56287108951662,1.6405957684771,1.75369215762318,1.94986552398151,1.02058322953827,1.92084881996829,2.76600296405986,3.72193332625669,3.38355047010351,4.27906415425537,5.56709711825094,4.53172824854993,7.04017301856609,7.31320366021141,7.54964544493276,8.0118559958148,8.41561183535184,8.84372000124034,9.2512073214415,9.34718527149014,4.83482120501736,3.87951795236923,4.13194924142303,2.86938811903992,2.91977067355312,3.17472793292295,3.22028618400439,4.52186457522807,5.75152947522286,5.17242077917653,4.29839471906162,5.53760670507602,5.30168229946834,6.68112580521308,7.02057330826976,6.25563301852055,7.88180061664364,8.28430648918869,8.65991032595995,8.45361070946486,10.4455602446795,11.5608308581229,12.8391704924183,15.0358854337496,14.5231485114118,16.8913635984592,17.7524185436452,21.4292013209411,24.2658320483451,24.3033603571541,26.4862893239696,29.3929277677029,33.2072648687818,35.3004330458355,36.2459615902551,44.5183864077615,50.6020906005781,57.537235591299,61.7417895284194,64.6787067411698,70.688500813831,77.477745591247,81.6528575497804,96.9856444263316,98.2984995668657,107.383360801412,123.126288181428,136.620193899987,155.107597512374,172.621713596306,179.199961349773,198.11281875338,215.19772900357,230.539073065237,239.41157710557,278.823348011443,310.211404235593,345.739044859466,428.190475244578,391.481262376544,449.346157062908,450.201705306163,468.18246245625,499.789269323688,533.403282675526,552.543327621381,574.583783102587,627.180417877792,651.550442627873,680.673432213295,705.612678750948,735.258007579514,794.018222257362,852.578659318942,929.544476750804,992.963686996254,1013.54470704904,1040.73105832425,1077.84544887489,1171.79299565476,1256.92855430396,1362.38393733363,1453.00552636558,1543.24256475604,1714.88607859695,1831.61255952076,1799.3495608233,1904.80475297726,1992.2685282395,2077.52159517173,2430.06835449709,2512.08869061339,2572.88582979754,2629.88060530026,2665.42472799047,2791.94093906793,3102.85029600936,3329.2685359226,2986.91052215148,3113.74060656359,3427.04504163247,3356.82910110518,3421.28653785307,3094.16339028011,3519.63200963423,3931.01076456204,4283.64852062922,2955.28314264808,3872.31522910553,4328.11511008606,4373.59082423818,4843.96233688689,5278.3795453964,5633.26886167016,4589.95292102976,4133.14483594126,3799.39190752543,3949.95282981979,4309.68555366212,4654.86305703393,5144.88250268574,5995.97128504436,6428.17221145979,6930.69304091486,7779.57606324017,8416.33599131287,8726.29085529312,8994.12343206781,8477.15648555339,4016.73851091795,3614.50926699188,3979.8065538917,4297.09872758691,4558.70751235413,4851.77070435474,5455.11847967647,5702.97350533821,6051.09263467824,6311.91310099378,6704.02265350852,6834.3019976931,6860.16744621807,6836.365520751,6673.56448058499,6816.67697777914,6972.80346806205,7112.16731812094,7207.02557680842,7123.59902201495,6588.73287602597,6139.96699710848,5589.53380507965,5486.09389442901,5422.15383515742,6720.42119920597,6660.655184434,6233.359192852,5562.3695559,5057.27629452,5057.834094088,5257.6675746,5210.530138916,5517.01759458,6422.09847239,6078.264530536,6303.12165672968,6177.7642937267,6302.84192935483,6625.80544886557,6592.97508047023,6735.12471648673,7024.74347014875,6725.56776257935,5948.45061061373,3754.70872429795,3386.18919912205,3244.59431894941,2569.83213892167,2799.14949998557,2152.45741854876,2500.02103416758,2271.09317804718,2809.07120288522,1973.86064673377,1936.33748423628,2077.38745500881,1804.105698108,2340.91542330617,1949.31453445335,1506.57974193245,1760.89581254312,1866.54011993257,1804.4261728932,3146.3404850082,3703.59167956182,1890.40590077275,1915.89634873066,2423.77903859247,1817.33575655607,1553.48111455054,1497.17013956923,1663.95985456156,1571.697282836,1535.2903341324,1456.85686258229,1632.228057436,1619.7248381379,1593.79101748701
"CO2","1A2d_Ind-Comb-Pulp-paper","coal_coke","ktCO2",0,0,0,0,0,0,0,0,0,0,0,0,0,0,0,0,0,0,0,0,0,0,0,0,0,0,0,0,0,0,0,0,0,0,0,0,0,0,0,0,0,0,0.224070235972262,0.23478192694043,0.221902889939792,0.228821725351138,0.279921076039753,0.293842106325232,0.314098455782546,0.349234469347393,0.447905523694227,0.430082197631477,0.437409673249164,0.419055858558252,0.831823541109958,0.864714546581771,0.761442501697779,1.41615319844633,0.736867897534878,0.772298714137435,0.837124025240608,0.822213761264928,0.809441772538802,0.798615672999589,0.821734723747305,0.945312969894216,2.57644813954973,3.04615586730609,3.24390499202147,3.37392304003973,3.55314272531709,3.74550002625247,3.9446593241814,4.1823440548226,4.07471179202981,4.56294513679719,4.70166387232293,4.89641788964392,5.04503428247428,4.84406477948086,5.19853514409077,5.13008126465016,4.72735183674615,6.15127488971798,6.26401914712527,6.68807617527672,7.74710572618981,9.02757310393489,10.3058387568912,11.4822034359575,13.4558772116893,14.4015011995721,15.7328225681238,16.2698233958799,17.3462567753111,19.0059982079315,19.8528263361702,20.7489053106057,20.7901983727639,21.7622988519697,23.1840002954358,27.2818265896052,31.8436041112598,35.9889636220117,41.4093562156015,47.274553214866,49.975345648753,52.5469888567927,55.6167662888092,56.1001666456992,58.2889036709433,66.5363749996071,74.511025107446,82.3537946065376,93.8670537414524,106.551976909006,105.252710994992,116.359623222029,129.287085604194,136.076930978062,134.443432600332,156.119903506249,176.003007757073,188.425581172207,167.299098884679,195.702263521337,199.678799928403,196.914185024808,205.190042259079,219.728890568617,245.84589452377,259.067725758943,282.653367493644,300.999432588019,311.395666095775,320.16425016907,324.230105786799,340.967839783879,375.572352214963,403.281396048486,420.400136625657,449.092298650075,436.078738824509,452.518020090319,475.087431078782,492.07441252949,533.035884231918,570.868056237448,598.323110972886,640.631576770218,692.652589300843,685.368646890759,677.356023175832,737.560393499194,769.381137518764,806.084140404749,852.388209914692,973.532998043402,981.953887627571,983.235338744099,999.039588948796,1034.8990361724,1129.68430386475,1222.43090885663,1078.98590504608,1013.08344296984,1140.56070355204,1182.93026628229,1137.02356707324,836.081696191338,921.425284252522,1000.15486582649,1000.32829587662,561.868708090639,945.970684130083,973.981185564277,896.869318431664,1069.24756858289,1105.73419073228,1194.73306984409,993.139315639196,827.087962800843,747.246874784219,790.570511970414,889.730419505755,991.905179282537,1103.53796045827,1291.29038097117,1389.03568969949,1527.71332579976,1694.31666570119,1736.31356634892,1764.71709983906,1817.37839331659,1676.54043573863,310.428236879238,634.46917490591,736.140626108657,852.25237988251,989.561796016679,1172.87315315328,1313.53271878102,1340.47278588865,1355.67976650251,1366.16950003487,1441.65086885253,1466.44411240899,1446.54973807417,1373.10300706502,1304.90218536921,1332.73026162922,1303.88774246762,1293.40959395038,1282.1444058571,1226.34451817778,1187.65492017505,1096.42195523248,1005.6432453959,984.775600096037,978.271477687216,1111.72894033095,1031.710000517,985.754665178394,906.098750591471,899.971372546324,1031.710000517,893.843994501176,832.570214049696,694.704208033869,627.341921818184,774.400839207033,817.25886241875,566.002597593731,642.561058184123,618.017781029575,844.730768700046,808.282439710686,872.54390748227,890.995429362572,848.051522728006,526.408805321486,274.472414815273,319.458381508082,291.612910311686,288.310198332211,306.467867682271,211.416387849298,370.73056382013,223.649298647898,150.120762106123,162.375518196419,134.802316993253,122.547560902958,94.9743596997921,238.967743760768,156.248140151271,425.852774137778,269.604633986507,238.967743760767,153.184451128697,88.8469816546443,85.7832926320703,42.8916463160351,36.7642682708873,42.8916463160351,45.9553353386091,52.082713383757,24.5095121805915,6.12737804514788,36.7642682708873,263.477255941359,52.082713383757,73.5285365417745,88.408829443081
"CO2","1A2d_Ind-Comb-Pulp-paper","diesel_oil","ktCO2",0,0,0,0,0,0,0,0,0,0,0,0,0,0,0,0,0,0,0,0,0,0,0,0,0,0,0,0,0,0,0,0,0,0,0,0,0,0,0,0,0,0,0,0,0,0,0,0,0,0,0,0,0,0,0,0,0,0,0,0,0,0,0,0,0,0,0,0,0,0,0,0,0,0,0,0,0,0,0,0,0,0,0,0,0,0,0,0,0,0,0,0,0,0,0,0,0,0,0,0,0,0,0,0,0,0,0,0,0,0,4.24761927711459e-05,4.66834162910325e-05,5.08840584864386e-05,9.17971490947695e-05,0.000138287971878137,0.000169195120411364,0.000202872398397063,0.000311108678769697,0.000607670778604155,0.000614237101818019,0.000646081899951782,0.000557297650543873,0.000641794332661815,0.00149373076950242,0.00244137048173305,0.00403465589262461,0.00682899719945001,0.0100556699538495,0.0124920538451646,0.0160684029334123,0.0187504123331629,0.0265925430744776,0.0296217213918458,0.0335449167076175,0.0500559060408041,0.0650409319347069,0.0691177721197723,0.0894362938969946,0.0989926103253362,0.101060949000825,0.125837437809652,0.157499358941536,0.167087997880199,0.201507997493045,0.18770736477403,0.262197802756443,0.26517849691275,0.307488798705663,0.353496895672912,0.38447197535186,0.456532231461073,0.516952125564355,0.491707784158663,0.446918048469537,0.469101286069331,0.346235871725445,0.396802282710279,0.421726113376644,0.425248711727401,0.458319057519136,0.478209977252586,0.466793460229108,0.489703102703146,0.489827009374691,0.526830994157484,0.594778434440981,0.655986100050883,0.600200710082629,0.261587383085572,0.32425814470427,0.293535287350838,0.29030476440765,0.361607149429002,0.412320384899933,0.4327246665046,0.467515730821615,0.565289662298605,0.690507423967109,0.684387611462962,0.851918418305021,1.5990670071364,1.94453845880783,1.84471407060521,1.87244532885351,2.13246100886255,2.2577955710024,2.46976715808458,2.59839043220345,2.77173993923939,2.80616185656104,2.89868818233459,3.07948233830618,3.02154797613081,2.77760344119041,3.85731568739567,2.14341276335615,3.79923767332245,5.79021683852516,6.88286201715347,7.66176188943995,8.9461677548994,11.3821684584749,13.8456736524488,16.4615439804683,20.5870886160047,27.098196191096,35.163651013727,37.8615447349418,46.2104891252443,52.0580774987954,64.0752949453847,88.2042245302668,111.90664619522,113.936694907218,148.947696881807,144.320992214538,169.443988573611,177.659229760878,204.307622120804,234.382428078003,1429.91681861184,1540.38303006703,1816.97305555735,2217.40987670415,2585.58725391658,2267.28536825925,2212.19453973334,2198.16339956844,2107.72072882939,1745.83909702384,2882.2179947329,2534.89992792655,2641.62318513939,2636.23029142332,2645.1915455706,3406.43691476107,3126.15896082922,3072.53584461765,2688.91340249936,2878.63918837293,3992.57598175942,4365.12409230104,4402.03131182476,4321.28148725413,4330.5961312495,6416.59873138637,6479.20383971515,6497.66420153682,6121.73358675694,6035.45444708928,5944.70104940492,5988.39930099767,6244.87067709958,6058.74748307839,7312.55831716594,7125.8666493093,6748.02038630142,6806.22966444102,7604.51307485159,7347.87494809078,7877.57454060831,3850.84833968862,3732.90017034386,3882.72622329532,3898.66516509866,3662.76882640913,3889.10180001666,3554.38402214637,3398.18239247357,3292.98537657148,3136.78374689868,3372.68008558821,4223.81957788694,4326.52356092135
"CO2","1A2d_Ind-Comb-Pulp-paper","hard_coal","ktCO2",0,1.58962798643331,3.18050176282464,4.77075264423697,6.36349510556533,7.9574833568517,10.2067571260566,11.9122435785857,13.6189758210729,15.326953853518,17.0299487261312,20.5212750834818,22.3943202853647,24.2686112772055,26.1441480590043,28.0209306307613,33.347305596275,35.4421014106854,37.5381430150537,39.63543040938,41.7339635936645,48.5951517874589,50.9229103240188,53.251914650537,55.5821647670131,57.9136606734471,66.4653858402744,69.0385649985644,71.6129899468124,74.1886606850184,76.7842640625526,88.7668947737666,91.6502756316032,94.5554578137056,97.4419531464376,100.530527223763,117.373116590819,120.679575169011,123.964855317917,127.275674160962,130.588984583922,149.483390011837,153.56943886405,157.288728256065,160.942274326218,164.659359840743,175.99118182952,188.84766588811,200.8430612578,215.759424125272,227.809798757015,233.022391003626,238.827649480683,273.493525270556,280.628865441031,296.561160540989,318.714952113621,325.431565492684,330.168416506635,335.977588270006,341.982752824188,371.21596899709,391.578109559833,402.473625164698,416.761562736167,432.805388161998,470.574544139063,484.08466631557,492.94974972492,503.820831099732,513.600794225263,525.449318900317,553.395837431139,591.02446184291,626.707616080119,642.493333589964,658.189079817599,694.49943689668,708.280359805159,726.724485213289,933.88270693622,916.142746779339,924.542104363711,936.903744002398,948.974095753598,957.038155611871,1133.74681421579,1109.60200353414,1155.11201782541,1199.99331450658,1265.82026622564,1295.16457008078,1366.92901772456,1441.21099643982,1528.48713520508,1653.25075078455,1604.9278041906,1753.49449045045,1867.93434207975,2002.34340790333,2138.74398979825,2031.18364871925,2024.54103759864,2017.15790020128,2406.25118222068,2283.25817041905,2629.82889219084,2778.88021009048,2937.17660559477,3437.08072484839,4049.14760635798,4405.81912316219,4488.90109416898,4970.00867130409,5573.38193547519,6163.6444447894,6539.97138340656,6981.66857001413,7079.09673387395,7615.1677890291,8025.80610056391,8897.85792558482,9730.57613342437,10402.2589401825,10321.49545848,11346.0190605397,11448.7068506429,11727.6937641016,11760.9838859182,12026.0344839507,13680.8018397335,14583.7069258728,15195.8572895938,16161.2022944166,16289.4410489193,16341.2082084311,16517.6164640394,17387.3749124749,18860.1522492585,19463.9302393934,20337.0638208183,21176.8861582468,20823.7889538659,19530.9319014621,21678.6894093885,21945.6135508216,23125.1410783386,24134.3233709833,24787.8745033918,27232.6169359933,28424.5748136768,29847.3263488408,31067.6426806444,31926.0734947539,33178.4860907475,34095.0918863613,35565.3233917268,38764.8080185501,38080.984492637,37665.2904587906,38747.5615207836,40719.5208601335,41404.2334206307,42954.339743099,38605.8688706638,37507.8445781822,40074.3193961286,40215.5611162813,38011.9773462944,34409.3779906958,36417.1353704893,29688.2922044979,33602.1656635265,33426.8552695915,35294.6459247568,35348.7143250882,30253.0119032232,38856.3114792208,36931.8856045209,38860.9683143609,36034.2567809433,30464.6665342301,28818.1805065486,28491.4705505021,30435.220214274,30875.362069406,32653.9907138894,35201.6690546638,33900.2687901954,36863.4084793786,40677.9808975817,41164.9579839267,41437.8813667421,40591.6957347016,38308.5068121128,29609.01438781,33029.7913826593,33321.1860092886,35866.4485204515,35244.5970677607,36950.7146971134,38473.6946551173,37355.1243785541,36286.8593785381,36164.9967511881,35731.0712947394,36065.8369792021,33455.0464633993,30053.219808784,28059.6394585636,22674.0882685967,22019.0611764561,21869.1788686313,22346.4198068233,22049.2460508408,21477.0612361146,19113.2246544387,18194.4185692377,16580.6276575433,14680.2729707001,13660.7107065512,27641.8522720021,26714.07155575,24612.1036908166,25521.3068292172,23357.186742105,26458.1832791917,26598.9384879351,24375.1970413513,23671.1351855256,41042.8333414946,41927.1981862284,45188.9016206943,48157.0614236881,54464.188194715,62344.6017501001,66579.0502782781,71441.9499854582,73121.8511010472,72269.7902086099,68805.7748446718,67104.0931493053,58458.7885875446,63688.461138538,60562.1539023998,67816.2433112906,60117.9612095465,59787.8551242337,60083.8194669899,50128.3185184069,55930.7695334181,58267.7626524286,62561.1641669972,64536.8788573974,74976.1361249871,81242.9958458862,82866.2417170239,85352.5702057057,86752.9152841621,90423.2588518113,92702.6005032433,90244.0715378459,82180.8357985179,75297.784876343,66184.6894835794,66247.6973117038,61308.2939141064,58368.0970597913,49815.4326586178,39801.0653543899,32938.6694620338,30323.2051556699,27807.1696810617,28040.4264687439
"CO2","1A2d_Ind-Comb-Pulp-paper","heavy_oil","ktCO2",0,0,0,0,0,0,0,0,0,0,0,0,0,0,0,0,0,0,0,0,0,0,0,0,0,0,0,0,0,0,0,0,0,0,0,0,0,0,0,0,0,0,0,0,0,0,0,0,0,0,0,0,0,0,0,0,0,0,0,0,0,0,0,0,0,0,0,0,0,0,0,0,0,0,0,0,0,0,0,0,0,0,0,0,0,0,0,0,0,0,0,0,0,0,0,0,0,0,0,0,0,0,0,0,0,0,0,0,0,0,0.000382222829135001,0.000419074990597862,0.000455703854608381,0.0396951571599394,0.0989514662936678,0.0763147762444545,0.12951901429777,0.172438321053845,0.23901215119392,0.252121892545543,0.305428773049137,0.361703300091617,0.401539237378494,0.542096723176548,0.636389597767466,0.776030707947532,1.30381276620715,2.19278639560261,2.88319982983709,3.8953072292064,4.51387424787596,5.8710495135279,7.18060594854895,8.40283065556326,10.9433949096391,12.8176954820129,12.1780707336106,14.1720503324586,15.4500885714419,17.2638641053712,18.7055043665153,20.8688707021784,23.0238225783656,24.7975429190155,26.2393564839728,28.3497361227514,30.9280758916816,32.7918972998767,34.4054700494115,35.0190273426404,37.7730556925191,35.5241433235184,34.1549334585178,32.814372041956,30.7762958798147,26.6820955752477,26.3383637052578,28.0485502469396,30.0645373671485,30.3106490882606,27.9144208284249,25.7005448498258,23.7785623408128,22.0550805211351,19.5238506340324,13.1291225777923,13.8952908473851,12.1587652957184,7.15725131684645,19.1876381506087,20.6259248466168,17.5255443575971,20.402564701081,24.182533486287,25.7268418166601,25.6661100988401,28.0641881403103,32.5077420750361,31.0363019590339,30.6325065324902,37.2458650863197,46.1546877036299,45.1373690195102,50.9924012273654,55.8732689937389,66.9630501942804,74.6521831650604,99.7508900510969,120.594940173615,58.7158059366187,50.3930244401523,37.7858247204016,45.8883226640025,26.9568476855974,33.9408041414114,19.460048488725,51.2534882865083,262.551127026333,392.973148116331,431.974317992419,775.139528404173,968.978332991225,1116.83725859831,1259.79709151402,1612.84603723632,1916.35107450903,2270.50555454132,2431.96280549645,2746.70365352404,3063.66634389731,3665.51978202881,4077.0342558613,4814.42561404995,5837.64665626926,6817.91690895009,8498.81604111647,9198.54027489852,9669.53265086583,10758.339839176,11171.1716866224,45494.7567226348,76214.894334761,81903.9983508841,92990.7201291446,92452.5594667758,82253.4254536173,95797.7075211985,83694.0367511911,79449.6214390588,80485.7137906084,78485.0691483396,67002.8457379712,65994.3835226137,39338.1819800535,36363.2520261028,34395.1881922279,34839.6613773599,33552.0212827959,36082.5086176022,36435.7699504713,35899.5593646604,34610.2816805982,32973.6165100092,32530.0916417924,34350.0760790275,42166.8526885564,43029.7211682268,37796.1514635036,35077.7793385885,32482.9469337859,39055.1797765568,38184.7887713196,34634.1025836716,36426.7124980368,37186.4526018483,35990.3328516327,33786.458666196,28144.9174821081,22676.0445034318,17382.9791520839,15734.7826458813,12655.0097457197,10382.0682781184,8545.50645692116,7788.90577502622,7182.99734512696,7748.09329011072,7223.80983004245,6715.22347955706,5914.67089083007,6175.24290990592,7820.29999419199,8523.53050350512,8092.09190380401
"CO2","1A2d_Ind-Comb-Pulp-paper","light_oil","ktCO2",0,0,0,0,0,0,0,0,0,0,0,0,0,0,0,0,0,0,0,0,0,0,0,0,0,0,0,0,0,0,0,0,0,0,0,0,0,0,0,0,0,0,0,0,0,0,0,0,0,0,0,0,0,0,0,0,0,0,0,0,0,0,0,0,0,0,0,0,0,0,0,0,0,0,0,0,0,0,0,0,0,0,0,0,0,0,0,0,0,0,0,0,0,0,0,0,0,0,0,0,0,0,0,0,0,0,0,0,0,0,1.5358187880129e-05,1.6860764967013e-05,1.83579177381e-05,3.30829737410436e-05,4.97851618930598e-05,6.0848501171634e-05,7.28849371721173e-05,0.000111656965856092,0.000217874752475066,0.000220011468585512,0.00023119227242287,0.000199008429328556,0.000228713532789742,0.000531242660169198,0.000866545864543573,0.00142926892845017,0.00241449349692666,0.00354857159605682,0.00440008849748731,0.00564932522853818,0.00658024467733295,0.00931699025318821,0.0103614581258044,0.0117149962308615,0.0174536166822095,0.0226433740650925,0.0240257966097109,0.0310416458171359,0.0343072262236553,0.0349725180715618,0.0434833235661369,0.054273764940785,0.0574212969052952,0.0690644356051816,0.0641645814314649,0.0893947475319226,0.0901792864503054,0.104303667199195,0.119611669715814,0.129773444310103,0.15372374475673,0.173641723890439,0.164763503535116,0.14939895081755,0.156446980517296,0.115204215643988,0.131728796464643,0.139688766534381,0.140543990539933,0.151143343322146,0.157363797212266,0.15302570212224,0.159941665416863,0.159402508461445,0.170836548859264,0.192200286690665,0.211258432866533,0.19264900797318,0.0836887770696095,0.103406982204902,0.0933158332912057,0.0921367670550025,0.114581328974361,0.130443822503305,0.136686503060174,0.147458145943631,0.178039357883782,0.21716972508846,0.214947400290922,0.26720220481942,0.500879424250006,0.606590378268892,0.573147396066741,0.579494252396454,0.657456347586823,0.693518618672842,0.755888681588172,0.792453971580058,0.842419293364671,0.850025694478356,0.875186608644602,0.92660903482358,0.907551334706723,0.82639322029119,1.1518790240587,0.614604079523556,0.721664586640998,0.897515526542912,1.02170296006231,1.21952794987637,1.38931348397759,1.49296156127452,1.76346151878121,2.06338682513175,2.48204620120028,3.07164670949385,3.85950327364538,4.62595278766311,5.60042517622046,6.795190198654,8.30492689541008,9.82523766481475,15.3901205472536,18.2243415037888,21.2041449004601,27.6714771454673,34.9547100459071,63.9180877394475,41.7332726182219,50.2357099135695,214.471385890722,180.24447929653,205.902724347066,262.762109918761,275.932462068927,322.961953686414,389.149552286689,408.232571732368,330.306363488592,377.733665037059,322.182423960581,319.108556282292,491.264382568514,503.875451189249,698.447067080854,642.049076570571,685.341215078663,744.946616658663,692.450999345967,701.602422326927,1117.01246172291,1202.52518500416,1203.20982571967,1316.79872863354,1515.50819769626,2357.95213844036,2469.9690809027,2432.88494130247,2343.79209736613,2360.30237189196,2398.7979852969,2364.25922117766,2433.15154285436,2282.84102283247,2022.92908196128,2029.19202029553,1922.80468393328,1835.12879015446,1813.17898520515,1537.73083320269,1559.97719052,1663.20297811101,1322.55245942847,1399.50868396863,1346.54489450853,1269.10517649794,1205.21277416419,1186.40221672936,1412.33318521848,1190.85639147553,1185.4239155512,1175.48927324868,1303.39188552715,1267.05450442672
"CO2","1A2d_Ind-Comb-Pulp-paper","natural_gas","ktCO2",0,0,0,0,0,0,0,0,0,0,0,0,0,0,0,0,0,0,0,0,0,0,0,0,0,0,0,0,0,0,0,0,0,0,0,0,0,0,0,0,0,0,0,0,0,0,0,0,0,0,0,0,0,0,0,0,0,0,0,0,0,0,0,0,0,0,0,0,0,0,0,0,0,0,0,0,0,0,0,0,0,0,0,0,0,0,0,0,0,0,0,0,0,0,0,0,0,0,0,0,0,0,0,0,0,0,0,0,0,0,0,0,0,0,0,0,0,0,0,0,0,0,0,0,0,0,0,0,0,0,0,0,0,0,0,0,0,0,0,0,0,0,0,0,0,0,0,0,0,0,0,0,0,0,0,0,0,0,0,0,0,0,0,0,0,0,0,0,0,0,0,0.0505193141517297,0.0466537654594385,0.0331672590549316,0.279042215399394,0.478637180085357,0.57502572713695,0.60866232129843,0.678765135992113,0.854173137596813,1.08679019777176,1.81608227917469,2.22528141479056,2.66155206009978,3.4863988305705,4.16369394903885,5.26250303597261,5.66079026650927,5.78664765611823,5.86042028758355,8.68814634946666,0,0.00754068050678395,0,0.00766742158124135,9.54235085446746,11.0078134222178,13.6361980970306,17.7641487337834,15.8646742855471,29.1848015295556,32.3390773970415,36.1867028988991,43.3693947927619,51.9802796702706,67.0548587499091,84.6815354379557,119.102017891075,177.833571864621,237.181595023278,447.637795815723,547.068355605574,685.02648382822,776.699412566563,929.449054590719,1087.78016181067,1266.80317175256,1504.10554867575,1611.81914235637,1999.7518898174,3533.59213460676,4934.4233300088,6518.83155690088,7703.99481250471,9286.88944189876,9286.2478172494,9917.18363071041,10676.8498650077,15508.9769986929,15927.8332197964,16405.7134628111,16839.7039517089,16575.2640052623,16364.1038582954,17799.8918206444,18932.3630888263,19560.4373971001,21635.0376667178,22494.5596903907,24768.0697771279,28686.2842302864,30528.5328529021,31807.8964941871,31490.1777810117,32636.5408420457,72443.4323003938,73825.1381518264,74133.2159434865,72613.303472228,72609.7824953557,80497.9710526525,73942.2123,73092.129,69011.4150000002,64693.3419,61534.1826,57618.9075,56698.6992,55453.6158,51923.91860304,57188.74508688,56102.3305539267,57964.1451561291,59697.4341029727,60185.9876019413,58058.9199681874,60635.5312755333,63395.9912556288,63791.0338785911,61575.4618004074,71646.2985612031,81615.4364774711,80384.7445461126,79445.3337408864
"CO2","1A2e_Ind-Comb-Food-tobacco","biomass","ktCO2",0,0,0,0,0,0,0,0,0,0,0,0,0,0,0,0,0,0,0,0,0,0,0,0,0,0,0,0,0,0,0,0,0,0,0,0,0,0,0,0,0,0,0,0,0,0,0,0,0,0,0,0,0,0,0,0,0,0,0,0,0,0,0,0,0,0,0,0,0,0,0,0,0,0,0,0,0,0,0,0,0,0,0,0,0,0,0,0,0,0,0,0,0,0,0,0,0,0,0,0,0,0,0,0,0,0,0,0,0,0,0,0,0,0,0,0,0,0,0,0,0,0,0,0,0,0,0,0,0,0,0,0,0,0,0,0,0,0,0,0,0,0,0,0,0,0,0,0,0,0,0,0,0,0,0,0,0,0,0,0,0,0,0,0,0,0,0,0,0,0,0,0,0,0,0,0,0,0,0,0,0,0,0,0,0,0,0,0,0,0,0,0,0,0,0,0,0,0,0,0,0,0,0,0,0,0,0,0,0,0,0,0,0,0,0,0,0,0,0,0,0,0,0,0,0,0,0,0,0,0,0,0,0,0,0,0,0,0,0,0,0,0,0,0,0,0,0,0,0,0,0,0,0,0,0,0,0,0,0,0,0,0,0,0,0,0,0,0,0,0,0,0,0,0
"CO2","1A2e_Ind-Comb-Food-tobacco","brown_coal","ktCO2",0,0,0,0,0,0,0,0,0,0,0,0,0,0,0,0,0,0,0,0,0,0,0,0,0,0,0,0,0,0,0,0,0,0,0,0,0,0,0,0,0,0,3.29424455894261,3.45172611616883,3.26238058627426,3.36410019133089,4.11535462385759,4.3200193713812,4.61782496208917,5.13438898053944,2.73399785345022,5.10979239780239,7.33714267271718,9.8566676187288,8.96624184178758,11.3396741354386,14.7260520340254,11.9822455083751,18.6049074491364,19.3210395860699,19.9578189096682,21.1792866550921,22.2245490094719,23.3423065229529,24.4339077876507,24.7008846858087,12.8335710967292,10.3297435666277,11.0241250552189,7.67559400223908,7.80823623715305,8.49441701155391,8.62957739979813,12.1110735304692,15.3611441740333,13.8479715154845,11.5310197182744,14.8124258362965,14.1765051304699,17.7857612090967,20.5542001020075,17.8533363588375,22.4487195612573,23.199712958914,24.1698648118376,23.3525412294276,29.1997646019561,31.9260401452473,35.2053812087846,42.3710413416433,41.0462457495693,47.4803636048717,48.7507463962357,58.5134165698226,67.864577164612,66.2453591263425,71.5678489289363,81.212831376427,88.1251564309849,93.6347240775281,96.995617665329,123.481510553089,141.115433770374,159.498327627784,172.629759245366,183.664192813207,197.59502023381,217.142549771197,228.805951558132,277.717239859794,282.781408868349,303.062486770203,341.90607575223,372.510594777906,415.511964609787,455.79521389464,485.817380821527,538.295528779346,574.645341600075,619.843506931837,642.687500947888,763.9670932158,845.072598063232,931.008811613024,1141.36655294363,1045.79606252343,1127.94410834666,1121.3767224396,1181.71158694114,1247.81653924899,1349.65995190567,1391.52461046742,1449.37303815791,1599.32048146488,1649.93488078398,1716.25999954959,1759.29010763793,1815.27265885,1955.18492809998,2111.35082691757,2311.56459556564,2473.84827451288,2536.58526398674,2635.15082783933,2748.30921277915,2995.34386509921,3226.19840458269,3515.76636720379,3805.62077034422,4095.5130051873,4635.71972785511,4897.54678054987,4768.62371768572,5051.75252429811,5350.31791914331,5539.96728172001,6532.58601191026,6803.03090247947,6966.88629389636,7186.35001641837,7250.77929924814,7627.36005593476,8532.59498266825,9209.23665214671,8198.12199648722,8395.67872147353,9190.40876760816,8977.19067159892,8731.88799920625,7680.1354686461,8814.11244085646,9993.13435496326,11065.9049745083,7554.36908649196,9889.94016831674,11104.9286643492,11465.8582243433,12830.4905206693,14053.9439470144,14917.0260992053,12473.010169324,11567.7271800948,11145.1702519682,11928.7003816237,13412.8410012827,14754.0245992424,16542.0532334732,18733.6639754847,19982.744366034,21302.2884475793,24526.8555563333,25407.5095246542,24389.2384654436,26146.4957650297,24073.3083234083,13901.5328650723,13147.7763643401,14922.2898384431,15968.7270306084,17478.1185879067,18931.5319978203,21138.9149570254,21716.568918372,22443.5913984589,23126.142798266,24478.1482180588,24481.5083606638,24297.0227927006,23493.550973696,22429.2049988735,21659.8318894673,20805.689886965,19941.0385683511,19199.1863240717,18042.4492683737,16138.1540171863,14075.3217897064,11907.0006874258,10240.1936620259,8728.45254408242,7461.45754312502,6111.43762822632,6466.96291231382,6424.83342732169,7067.68019844591,6582.47269663979,6633.11898880696,7076.28473584283,6279.36796447915,6508.65552835158,7377.89259908276,8138.57591160532,8521.7010285139,8261.92626667574,8484.41965045428,8189.83551744583,8000.26306145574,8481.02477779381,7869.43271467757,7762.07890403631,6706.62784112627,5831.18136473854,4636.25051954422,3453.98369691915,2651.69030296934,2520.48571587015,2697.75720858642,2281.39766583244,1842.63269715315,1416.11464088263,2387.31695211195,2176.56901887783,2104.78573400753,2250.4914289133,1711.56146521939,1889.80534358747,1933.89756554692,1370.55643042705,1157.52556492637,1537.92892280315,1748.68854365031,2066.622531972,2291.58836137694,2086.07816842622,1993.28009811081,2314.57616406998,2245.62415814483,2225.67346613006,2299.91962317816,2073.73367551364,2267.43426186807,2248.78300598321,2544.44635379719,2334.02742044769
"CO2","1A2e_Ind-Comb-Food-tobacco","coal_coke","ktCO2",0,0,0,0,0,0,0,0,0,0,0,0,0,0,0,0,0,0,0,0,0,0,0,0,0,0,0,0,0,0,0,0,0,0,0,0,0,0,0,0,0,0,0.112035117986131,0.117390963470215,0.110951444969897,0.114410862675569,0.139960538019877,0.146921053162616,0.157049227891273,0.174617234673696,0.582471037564135,0.613674662680557,0.63187292518063,0.64091262211485,0.851947511291895,0.986607148183145,0.894403652380734,1.08733079683301,0.881728762974182,0.877803878957406,1.0193223665245,1.0455227339328,0.901349445496872,0.822553195508428,0.97726163961903,1.14867337780812,2.07696427635232,2.40167380176606,2.72890189649485,2.60961314741918,2.6990291963953,2.90928771621728,3.12578954158676,3.66148207505183,3.70088069534189,4.03530521447375,3.98567527343108,4.22394027476524,4.1852667659139,3.9070732258591,4.13338224893296,3.81154447949034,3.96776431943427,4.73314444731665,4.88828097382841,5.21938218885679,6.0566175515617,6.86106345492477,7.6940266466816,8.56009816484429,10.0272933975377,10.8227424497544,11.6815912184887,11.9364376517731,12.8935800120368,14.300661401915,15.005449946971,15.7763563354067,15.6558219499572,16.1252059345809,17.290316594934,20.2033403112305,23.8581958028878,26.3480160432242,30.124268127584,34.901410530444,37.5264019965834,39.7921859156166,43.3171744106933,43.1914446254877,45.4432378105893,50.2563735834334,56.9162361593916,63.6010701745547,71.9447765352198,80.9993474180805,81.3204307368976,90.1177051870286,100.546868517114,106.059872511188,108.224195155271,125.962998635511,140.22730704574,150.568105643897,144.909272548785,159.180889789448,163.766752174989,159.816527742621,168.590615046386,181.208877074099,196.376480024237,203.711047564632,218.771656266396,236.834815964704,245.528686492355,254.21199729568,258.70609029997,268.125484649788,296.198045611287,319.888066336928,334.400840203015,359.226000009745,349.261508198726,366.463057605147,382.369002713644,400.726654011207,432.378793723275,461.926992317696,493.838240026366,525.724414558975,562.664143744426,569.620312156599,560.658771385066,600.600993339695,623.643686237483,658.393580296636,700.949618581244,788.990430456572,808.319102253044,819.581821065749,828.07015533887,869.439913850566,963.658993785948,1036.51367651447,901.358948921748,858.225852887936,968.788183591028,1026.33128122886,917.540645617698,456.194531125718,719.64610708058,768.86373690556,770.484880758018,499.006950057731,683.489829613229,694.839890889338,678.442299392379,818.238797943765,849.249418046455,932.472502979457,786.73417763692,709.941271619382,649.456983160031,697.037246583348,786.825819022901,870.490175951196,973.46200969609,1099.91088781613,1179.30572448469,1235.14040147794,1774.28116344812,1739.00821506121,1692.47092130085,1829.73818000186,1663.31791775666,606.026361067399,930.449796570711,1002.67501703763,1072.8351773734,1235.78235262026,1370.73906280053,1506.76946462209,1570.73244407667,1626.66188539354,1685.53135515771,1803.63142945521,1873.57352496164,1930.75552139395,1910.28630594393,1912.75251830976,1957.77134827602,1923.49768064499,1920.66290464118,1968.47729767108,1952.57613924328,2134.60178096975,2166.25798054878,2109.40032745196,2089.19512236599,2053.31303904937,2881.90220617274,3218.38579279519,3086.01412814795,3116.02636730836,3118.43150497391,3056.43754979824,2963.73311206463,3112.99924004156,3041.64611831756,3113.61587657998,3407.70367870052,3642.82931952521,3507.25586788734,3230.76936282491,3260.59917840116,3268.88940272974,3290.97953530047,3504.49656406753,3109.14451231398,3550.58990398938,3422.65797123078,3342.94293870445,3055.42795738687,2822.0413758396,2574.45491133798,2850.06306980481,3198.18832152793,2322.29231314621,2389.89532022526,2634.98892777147,2573.60994684826,2708.30109595537,2178.28289505007,1979.14310858277,1308.19521263907,1243.85774316502,1936.25146226673,1890.29612692812,2248.74774256927,1838.21341354436,1112.11911519434,1105.99173714919,995.69893233653,940.5525299302,995.698932336531,5146.99755792422,5153.12493596936,4972.3672836375,4917.22088123117,4506.68655220627,1099.86435910404,1121.31018226206,1105.99173714919,1074.32355962613
"CO2","1A2e_Ind-Comb-Food-tobacco","diesel_oil","ktCO2",0,0,0,0,0,0,0,0,0,0,0,0,0,0,0,0,0,0,0,0,0,0,0,0,0,0,0,0,0,0,0,0,0,0,0,0,0,0,0,0,0,0,0,0,0,0,0,0,0,0,0,0,0,0,0,0,0,0,0,0,0,0,0,0,0,0,0,0,0,0,0,0,0,0,0,0,0,0,0,0,0,0,0,0,0,0,0,0,0,0,0,0,0,0,0,0,0,0,0,0,0,0,0,0,0,0,0,0,0,0,0.00418463995415037,0.00459903316825213,0.00501280579470372,0.00904330760198813,0.0136233891176343,0.0166684351043034,0.0199866368990221,0.0306508203705396,0.059870782018146,0.0605205049703398,0.0636615551781517,0.0551232847632131,0.0637196559368379,0.14885103743791,0.244167795040938,0.404958299323396,0.687835481588626,1.01633750200148,1.26688227692356,1.63503650709589,1.91423565543862,2.72637725427529,3.04962501736729,3.46770741600874,5.1954246336218,6.77756591997404,7.23052964601677,9.39205167843321,10.4349275742855,10.6926276835179,13.3628929797711,16.7524619466556,17.8010243385593,21.5021977917333,20.0610613318302,28.0656512270828,28.4282131667137,33.0139642263747,38.0104718293956,41.4022559123064,49.233987599584,56.3607857718012,54.1804027625721,49.7567608948433,52.7552341365208,39.3220475983123,45.4986219988144,48.8105507405915,49.6693489183368,54.0110374833493,56.8476949013891,54.54182240257,56.2487681953589,55.3172754857666,58.5043204748355,64.9574864261667,70.4665503079308,63.4241289048545,27.1955596611182,33.1701350181582,29.5489572278095,29.2077489150801,36.3624625674484,41.4413030388865,43.4712597941338,46.8598685032647,56.5295287272941,68.8901203893848,68.1176028121844,84.5878093942454,158.384432880169,193.526526532189,184.423209987009,187.995304181321,214.962717499572,228.458585422839,250.795566286238,264.735794128933,283.277216173473,287.628649627881,297.915566268612,309.626800015996,297.72965516429,266.277125730188,364.132903848296,190.84487527081,224.460762864501,277.902650683464,312.543342056364,365.54878882869,410.442313478842,451.845206519832,543.894614236161,640.185465291712,763.073417317103,949.910659668152,1174.73661358705,1391.00414999425,1651.00547538339,1917.43346909595,2253.59674321544,2617.12286752574,3118.72263755112,3638.55907791555,4140.96089322655,4675.8343566825,5385.14649709286,6121.3411208994,6997.65666538796,7839.66563179737,11466.3391417365,12597.5367407309,14843.718838821,16998.0987453054,18241.2878588029,18514.8085702639,19346.9376514989,19468.7073014177,20441.490282967,20847.4917887561,21259.8700280926,21743.1273960831,22142.758865663,20632.2109703551,19697.1855458412,19835.1365730413,21590.7824250758,22325.6281387275,22933.7022458487,26060.5574214833,26486.6202364624,25832.5022131724,24521.0967496728,22324.1043655137,21872.6261897029,24829.7078541095,24520.8969157734,24771.6827577334,24552.324789301,24208.8602646926,24736.5083054108,25180.1303323128,25624.2965965393,23028.8733101384,27874.9123997888,26196.4773485012,24178.9977310136,23410.6618447059,23488.016761695,22007.6630881846,23303.3815071009,18352.0975923737,19579.3961112314,19987.4330213971,20911.8916459912,20290.2729156607,19133.6999749668,16710.386586629,14896.5350094081,14121.9024377654,13296.265252352,13560.8516862876,14204.7849351428,14326.4693058147
"CO2","1A2e_Ind-Comb-Food-tobacco","hard_coal","ktCO2",0,1.24518456960868,2.49134498919355,3.73701748379034,4.98464167833948,6.23324172286481,7.99513885486203,9.33107747225569,10.6679919396255,12.0058822569715,13.3398691744128,16.0746887326638,17.541879171854,19.0100454610204,20.4791876001629,21.9493055892817,26.1215521624494,27.7624438974,29.4043114823268,31.0471549172298,32.6909742021089,38.0654679459332,39.88884362643,41.7131951569028,43.5385225373521,45.3648257677774,52.0635479292811,54.0791660550857,56.0957600308666,58.1133298566236,60.1465132819995,69.5327262779096,71.7913310477837,74.0670131922407,76.3280575870553,78.6588399330539,91.8494169926217,94.4368961359798,97.007785829743,99.5986804480178,102.191526766245,116.989328736585,120.445842756793,123.36905107856,126.21355980899,129.130668383315,138.063481819565,148.147721808744,157.564760372821,169.287003230799,188.807100445898,193.982651990359,198.940107652217,226.577388809879,232.769383789098,248.57210154702,264.675871810964,266.951369934157,273.603404915758,277.59039180157,285.400548541939,309.215619502976,321.316847992587,327.795871261243,342.99264555903,358.748384823014,393.346506303107,406.966985655285,420.48664521247,424.024650031806,431.884206290481,444.556942834217,469.926412538938,511.264787579847,541.681504940569,557.118435070185,566.261799609047,598.844171548138,606.666090477431,615.937773063487,776.352993684916,755.787355822502,771.185272909439,784.709910475645,796.827782402775,807.544752004414,954.569759328601,942.179420646018,984.922669801953,1026.36077526416,1093.63232925497,1126.35280853694,1191.59905315514,1249.85027039096,1327.30024492892,1446.7238289655,1417.17443409432,1538.99541932676,1630.72069709293,1736.13441852496,1856.96428808765,1798.47854825034,1845.30362725948,1870.44878144368,2226.31752740705,2211.47436738621,2514.60203967996,2653.70382438857,2827.29113877052,3180.24813930357,3680.04408928129,4015.59709609688,4172.43648321656,4649.48191464776,5240.83905161745,5827.2079333442,6126.99890444926,6581.22361786566,6821.75892412903,7323.9469313877,7671.30648400918,8570.1551777094,9402.18099027349,10084.2270056556,10071.8708873438,10993.2882462422,11135.0714742277,11236.6070692975,11340.9588353663,11688.7960456253,12882.6803651918,13635.0082400523,14213.66485065,15169.8272032037,15284.1223414042,15495.0361345362,15692.2209088136,16374.8288678137,17667.8615045024,18645.4763174175,19457.3187782942,20305.1334604855,19877.8880807876,19048.5480598344,20962.2152376363,21489.8422378312,22734.3010389763,23977.0314487084,24921.7158000314,27069.1750317511,28361.4462631462,28341.8740704612,28832.2513438472,29859.811734975,30657.7841189576,31611.8902807827,33208.3460947498,36186.6647089426,36073.4973916917,36272.8828510358,36713.9825209245,38273.4850404057,39466.6693514512,40846.1468057508,37093.2611686552,36520.028377711,39185.8940415991,39415.4019512457,34737.6669932488,25857.6169429049,30563.8514363622,24959.4789877883,27559.0697843005,23104.1383946034,26029.87820274,25303.1655562346,21350.3152782268,28935.2059949483,28350.112960314,30671.8089097356,28625.9972491584,25826.7980688432,24889.5282886309,25570.6081399506,28086.4189308521,29597.5026163201,32928.4959593927,35947.6556834715,37017.6004637048,39716.6142490853,54695.1610897363,50828.6455144228,45586.9369873436,46573.1122464295,40761.7026164245,28326.4530367921,34059.7848216803,36665.984121762,39691.4854874372,43122.3854946167,47594.7541871218,51245.4823743564,51833.5111057015,51914.1566259939,53390.5899177869,56273.6002456458,57825.1165829534,57487.3596962646,54972.5813419966,53176.8572045921,48876.1714165572,47453.7379795713,46686.2684035565,47322.2697381065,47331.0459712624,47719.6372501321,47538.4378692617,46333.6052864959,45686.0979941712,45762.1963870442,48103.7809769222,55419.3683593724,57277.599675426,58295.0701133335,58791.3725493342,58942.0435538032,59963.742623228,61426.769139606,63152.9153001848,62562.8992954029,93477.6386595705,92805.396708587,96325.8705518234,99429.2400356847,104032.19618182,111842.782171033,116064.677498579,125796.978264273,128733.798691601,133273.880899876,128504.1433226,120102.700703732,104913.05398595,90328.6455061986,82662.2237485191,93263.1002917719,81195.6908946045,77859.4435257167,82299.7755684671,69513.7737614092,66842.9183447816,72313.0106796435,72663.2270830723,71176.1680439752,101234.301201557,113863.159743775,119677.062450332,131551.080398541,135923.227530136,136042.43016258,139165.461406302,139262.821101601,131410.821756232,131398.359535233,118273.537267219,112405.945017103,107744.010270745,95184.5908264681,78170.8683607437,72225.8101224121,63446.6226392942,54687.288648255,49045.8023118819,49156.6083661505
"CO2","1A2e_Ind-Comb-Food-tobacco","heavy_oil","ktCO2",0,0,0,0,0,0,0,0,0,0,0,0,0,0,0,0,0,0,0,0,0,0,0,0,0,0,0,0,0,0,0,0,0,0,0,0,0,0,0,0,0,0,0,0,0,0,0,0,0,0,0,0,0,0,0,0,0,0,0,0,0,0,0,0,0,0,0,0,0,0,0,0,0,0,0,0,0,0,0,0,0,0,0,0,0,0,0,0,0,0,0,0,0,0,0,0,0,0,0,0,0,0,0,0,0,0,0,0,0,0,0.00707142776914338,0.0077679828444357,0.00846286014678185,0.145031210561687,0.349179380256726,0.277829173034805,0.4600260674517,0.618059009709363,0.880738839663901,0.925395279756935,1.10768441093593,1.28363102746516,1.42839314318709,2.01492261328251,2.33091855576618,3.01259007863441,3.97313158124436,5.72633111990623,6.89095935480785,8.4611749283142,9.60256390015967,12.9045604608642,15.591073478091,18.1570153334916,24.5098458387785,28.6830486745432,30.1285597277366,36.3042007698952,40.0579493894051,43.8773957755967,50.2067727690625,58.3803308504532,63.8770181411587,72.401333873509,72.5652363014184,88.6039711652921,91.6759697381823,102.844660433979,113.256567495204,119.231110291296,135.322897301009,145.050049476951,139.765000915495,131.144160441332,131.196501984802,106.33425400703,116.320922847137,120.418089886578,120.637739675424,125.695736022728,126.893809564241,121.585837707803,123.796024704099,120.825517009893,130.36004642215,121.225628101803,128.232486902374,113.03048091113,46.7240022562985,95.1882472763584,96.2397878289479,90.2912100293398,109.126457006264,128.509182937289,137.643987208382,141.60334516743,162.193942883294,191.005254244818,181.538307941557,202.089331783662,322.730512952185,395.625596251517,376.2621402642,396.400954397187,441.078141776376,484.887888288981,542.996863940289,607.262862262616,678.286520868042,451.652604740184,470.505017685654,489.951889134189,471.197908489882,425.096935600417,580.761270339635,308.204632326814,374.031084948601,863.736002702732,1089.84938359374,1170.07458402832,1546.41996172737,1821.29076700323,2080.72067454382,2334.99657318514,2845.89046006747,3398.13031080913,4039.21178936253,4414.72601359134,5139.78867940841,5763.1118266066,6817.23496128058,7550.96115858387,8424.04858789616,9401.3327750047,10503.248710018,11175.9736959123,12263.144638219,13168.1381268824,14622.1319185028,15265.387118782,44208.3834678316,56002.6013612674,60081.1837819239,64055.4091460622,68373.0585284212,66863.2245958238,70747.0119700318,69937.9281657555,68305.9526712445,69555.8665531001,68079.0776612826,67427.7472896481,62652.094864136,52125.8117979544,48336.4114028793,47193.2152926647,44464.1486066348,42046.730396832,42328.9599159198,39615.8971338804,38714.4962804996,38844.981557379,37749.3881712726,41956.5671818764,36891.6759215986,37048.3531953505,34202.0140707627,32993.2031662882,31464.0073093843,29336.8537460303,28023.9632884973,27749.3503206194,26848.336230562,26581.485367653,25780.932778926,23746.5873769844,22942.8953663408,20293.2232687503,18874.2045624577,16378.3641387794,16211.9747772009,13022.3221099592,10950.3036450187,9170.25141831987,8328.88634467737,6790.5696055549,7071.97650411029,7019.74740546499,6338.27462644345,5548.34029688046,5369.38110059714,5916.01620134488,5919.84749248015,5913.90836910262
"CO2","1A2e_Ind-Comb-Food-tobacco","light_oil","ktCO2",0,0,0,0,0,0,0,0,0,0,0,0,0,0,0,0,0,0,0,0,0,0,0,0,0,0,0,0,0,0,0,0,0,0,0,0,0,0,0,0,0,0,0,0,0,0,0,0,0,0,0,0,0,0,0,0,0,0,0,0,0,0,0,0,0,0,0,0,0,0,0,0,0,0,0,0,0,0,0,0,0,0,0,0,0,0,0,0,0,0,0,0,0,0,0,0,0,0,0,0,0,0,0,0,0,0,0,0,0,0,9.59614208028349e-06,1.05106899976893e-05,1.14179014305043e-05,2.05299457013179e-05,3.08258362381849e-05,3.75930555131517e-05,4.49313289598689e-05,6.86849860226029e-05,0.000133738982948175,0.000134766512627372,0.000141320715890542,0.000121364255701886,0.000139158519472468,0.00032249360560258,0.000524857464823142,0.000863767158862072,0.00145597112494247,0.00213518339974051,0.00264185300241451,0.0033846986671355,0.00393416054793262,0.00555727878179628,0.00616589140230247,0.00695532385855457,0.0103388542967594,0.0133829324852932,0.0141684491332706,0.0182656303915164,0.0201433547833131,0.0204899106184362,0.0254222150479606,0.0316553382253619,0.0334124595482908,0.0400940798478044,0.0371640632275139,0.0516598794777864,0.0519963768325148,0.0600070020591052,0.0686630290279864,0.0743349594856224,0.0878651710215363,0.0990116392179317,0.0937263635437154,0.0847869311674157,0.0885810889542974,0.0650798157129033,0.0742462032970825,0.0785564558923106,0.0788625229746305,0.0846245437035087,0.0879167943099929,0.0851540625627132,0.0886550347249123,0.0880164745372329,0.0939728252739959,0.105330292670961,0.115349475073837,0.104808056939652,0.0453675096161135,0.0558599331455041,0.0502344017973116,0.04940011199014,0.061190668001522,0.0693901663222715,0.0724317907765379,0.0777777719597288,0.0934759787675928,0.113499541747667,0.111828070713757,0.138386878654308,0.2582475450968,0.310477156646106,0.291243378129848,0.292360150205178,0.329335259747126,0.344948231114586,0.373335804509854,0.388671473932114,0.410321133411964,0.411181978341528,0.420463158908627,0.526168212226263,0.695575719697585,0.82880537404156,1.04211588312523,0.443221423663698,0.995494201296044,1.6660821330943,2.50690661753578,3.00283022910444,3.55504576187477,4.61475682808865,6.34026728712122,8.45415783388894,13.153038192301,17.3516900015623,22.1208221591287,26.8513342712467,31.7960172554653,38.8109057010027,50.1051991442833,66.4991756668213,78.0954465586671,98.9865144493345,121.222552928933,88.543865520725,103.314086206259,119.209752341382,129.557679699974,140.686684654126,265.972249586151,418.248035816912,536.049875118836,603.385075457845,765.148322619969,677.650627924955,801.14125015946,792.686999131365,740.604172711937,1196.12206485813,1295.80225276683,1339.8274817631,1267.56490337374,1242.78587339266,1406.96581475132,1541.51784797892,1504.72576000843,1617.34965336707,1584.40514166873,1670.09829705314,3241.63564118431,3331.69719893116,3542.50738412355,3783.10945008289,3486.33357769218,4555.53760675389,4478.95357019428,4559.55225853065,5334.51544585694,5111.9226172306,4559.62800482796,4712.06531038776,4708.71265360281,4231.18979288489,4085.32023455577,3881.50625856844,4494.40179270041,4275.24613710741,4087.85068679921,3676.63259717613,3933.39260479615,8380.42343434079,4946.09200349401,5494.06870119351,5589.84783192419,5914.3443929063,5493.93422307346,5230.01361342381,6416.86741358797,5915.85385429931,5586.34056929419,5567.81610316095,5871.21953690699,5680.5415071061
"CO2","1A2e_Ind-Comb-Food-tobacco","natural_gas","ktCO2",0,0,0,0,0,0,0,0,0,0,0,0,0,0,0,0,0,0,0,0,0,0,0,0,0,0,0,0,0,0,0,0,0,0,0,0,0,0,0,0,0,0,0,0,0,0,0,0,0,0,0,0,0,0,0,0,0,0,0,0,0,0,0,0,0,0,0,0,0,0,0,0,0,0,0,0,0,0,0,0,0,0,0,0,0,0,0,0,0,0,0,0,0,0,0,0,0,0,0,0,0,0,0,0,0,0,0,0,0,0,0,0,0,0,0,0,0,0,0,0,0,0,0,0,0,0,0,0,0,0,0,0,0,0,0,0,0,0,0,0,0,0,0,0,0,0,0,0,0,0,0,0,0,0,0,0,0,0,0,0,0,0,0,0,0,0,0,0,0,0,0,0.213745914163499,0.197497938640555,0.140480558835946,1.18250438802351,2.029369132366,2.43926709081268,2.5832222753099,2.88213354806025,3.62865558234228,4.61898954975311,7.71804148800249,9.45644950317542,11.3096949466144,14.8138130301291,17.6906381227159,22.3579997418728,24.0488583299888,24.5822778333721,24.8944395973033,36.9045577715177,0,0.0432195794302278,0,0.0439459987407475,39.5614790789207,45.5974070855989,56.2671088767141,65.2336063786028,65.2287659607051,95.151955948256,104.960829130697,112.852011980701,128.605883454139,148.299377774367,185.784817950917,247.860737099804,379.62553003707,567.642780946579,750.329669718704,1610.88506962903,1898.96435105027,2245.26732823498,2651.47259854453,3179.18791820097,3720.16881489223,4257.9402808885,4901.40139881025,5630.82833626708,6497.83305635005,7914.04736137371,10087.7141474842,12017.7869749404,13623.7333410228,15501.9930095782,16832.9842967737,17798.5367159521,19023.6774124026,20270.1493851608,21414.1223032281,23700.7418989278,24424.8763233567,25706.3170754248,26624.2569847992,28752.1580980461,30962.1675022421,32575.9234775408,35926.4924975665,36818.3245338392,39279.7090163137,43699.8462023636,43685.1954089555,42642.3951452869,43016.3995821908,43042.0921494408,76082.536191954,78869.4111787671,83067.0228004757,82665.5442257851,80136.6735348564,86051.8380831446,83879.3736,88132.5950999999,89181.6090000001,88927.3077,87615.13848384,90527.1675,91788.5394676801,95433.2808000001,93584.8249353601,100043.7960192,103670.008309933,107749.79341631,110687.057666162,114685.128405788,113908.140527637,122981.191333428,124991.336784594,129522.534429267,128776.748253878,132535.287096112,142842.2652566,140741.353097479,138978.127823588
"CO2","1A2f_Ind-Comb-Non-metalic-minerals","biomass","ktCO2",0,0,0,0,0,0,0,0,0,0,0,0,0,0,0,0,0,0,0,0,0,0,0,0,0,0,0,0,0,0,0,0,0,0,0,0,0,0,0,0,0,0,0,0,0,0,0,0,0,0,0,0,0,0,0,0,0,0,0,0,0,0,0,0,0,0,0,0,0,0,0,0,0,0,0,0,0,0,0,0,0,0,0,0,0,0,0,0,0,0,0,0,0,0,0,0,0,0,0,0,0,0,0,0,0,0,0,0,0,0,0,0,0,0,0,0,0,0,0,0,0,0,0,0,0,0,0,0,0,0,0,0,0,0,0,0,0,0,0,0,0,0,0,0,0,0,0,0,0,0,0,0,0,0,0,0,0,0,0,0,0,0,0,0,0,0,0,0,0,0,0,0,0,0,0,0,0,0,0,0,0,0,0,0,0,0,0,0,0,0,0,0,0,0,0,0,0,0,0,0,0,0,0,0,0,0,0,0,0,0,0,0,0,0,0,0,0,0,0,0,0,0,0,0,0,0,0,0,0,0,0,0,0,0,0,0,0,0,0,0,0,0,0,0,0,0,0,0,0,0,0,0,0,0,0,0,0,0,0,0,0,0,0,0,0,0,0,0,0,0,0,0,0,0
"CO2","1A2f_Ind-Comb-Non-metalic-minerals","brown_coal","ktCO2",0,0,0,0,0,0,0,0,0,0,0,0,0,0,0,0,0,0,0,0,0,0,0,0,0,0,0,0,0,0,0,0,0,0,0,0,0,0,0,0,0,0,0.316469005962663,0.331597825630149,0.313407921827608,0.323179844258747,0.39535078944294,0.415012368310412,0.443621731572662,0.49324661476212,0.66657569286445,0.940008007559451,1.170358878045,1.43292661504512,1.35262600954991,1.7138222014144,1.99343647167595,1.57839171012037,2.36563075423145,2.41004635477626,2.59414512093415,2.74940645503033,2.69458255869136,2.71928456126173,2.98543178858253,3.13458689239173,2.12152754565404,1.98222846848489,2.30621247860699,1.77688746923232,1.78941170410202,1.98386037839841,2.12857635354909,2.93268233281123,3.34992896418187,3.30630883211841,2.94966520812393,3.42363366534943,3.23525059455522,3.38176458309294,12.1370178113804,8.55649996392118,10.665856534837,9.32591666511118,9.50855967340252,8.23937751539309,11.7191231743877,11.1055327798193,11.1266442109338,18.2823222267214,18.5265718955039,20.2228008757002,15.8864782065677,17.1874872461436,26.9178758700617,19.2092090166793,17.9230505235603,28.1314303426692,14.392984811505,14.9034966122382,18.4083858785279,43.9741311499705,53.7847863210666,56.3274870293194,67.5808603985638,81.267492868436,78.0748044190931,88.1148506103641,88.2628721276394,131.430601997051,151.330998027549,165.490613038306,190.969361243921,204.397830336334,215.36016292252,227.522116094454,301.150797026658,349.524882493794,356.796646204888,408.401567733193,441.922410035707,556.963972833446,594.636863656569,612.481399222572,629.878012376319,654.318262686293,721.384201626146,734.989612443822,824.926127210022,841.482902591146,964.198788472019,1004.33708456155,1040.4161318609,1185.58839129123,1200.60728633014,1239.07308993305,1227.76645808716,1231.56997774259,1316.79558508642,1444.60314115266,1587.84683489293,1673.33941403244,1747.55038173154,1903.30843636566,2035.70247474706,2158.57782659517,2284.49764899288,2477.19733171553,2773.80556179507,3022.33851008736,3402.03124526446,3394.04502395074,3247.67764013685,3359.70619250765,3632.38614880071,3636.75463935257,4080.13990288312,4423.76328488271,4540.17542174957,4810.26785494717,4703.01840004543,4943.21271282672,5519.44907468194,6019.47314727109,5242.75531364914,4856.14977581327,5043.89424352525,4763.66179120223,2943.7689978677,1764.17536012477,2066.88659149294,2446.81549358713,2775.56254899208,2487.64298493509,2952.1880459048,2944.26244086894,3794.86145181911,4560.4170819814,5091.39261411955,5350.20206042478,5565.28663070231,6206.43535771367,7186.17595124483,8249.55730262606,10040.1719949786,11556.9819144798,13473.2747291451,14089.6541682916,15063.6683464696,15514.2413115188,19638.9212639704,17394.4500260681,12100.5549207652,16082.4218102734,13415.8151396447,14592.0391172854,16375.0937211237,19745.2358035643,21102.0454761257,24252.8690050531,26763.0119865663,29236.1091550055,29984.7229197622,30272.7119684663,31071.6718657342,32911.5074122687,32872.3162511249,32927.3027785731,32056.0395153464,30598.2378404947,28584.0772397704,26274.486390154,24108.0499327749,22868.7189925064,21252.9029190821,19386.6042866875,17184.5740327197,14517.4300908592,11894.7001369455,9550.46139490847,7648.60872727017,5305.71502652562,5360.50746908643,5404.40205815418,5523.20948534291,5402.06778655297,5612.9075540828,5884.60267058978,6101.68615805978,6311.27059339028,6534.98941662417,6919.96564391874,7040.08960187251,7158.56934345399,7777.11312862109,8186.95707896365,7943.74411067116,8679.98255756367,8441.85817302227,9223.57084007047,11267.0171449935,10998.6108914133,9622.99013621824,8495.23655878842,8294.72488017396,8771.1001907929,8342.60494613233,7637.53736534597,8563.93541392844,8116.40474959457,6487.72086097192,7431.45126185358,7784.07889171066,6261.73482922848,9225.23296149872,9311.70264007551,7026.59370706272,6153.58319552845,6524.06802714029,6625.35900112397,7808.44303298438,10608.6503901432,9187.99342687006,9820.43175176274,7879.26626951521,4996.31221914897,4996.39930362708,6210.30201217224,7272.60850096136,10083.1828701029,10544.5162898982,12345.9938881539,12520.4111856351,12356.7556682857
"CO2","1A2f_Ind-Comb-Non-metalic-minerals","coal_coke","ktCO2",0,0,0,0,0,0,0,0,0,0,0,0,0,0,0,0,0,0,0,0,0,0,0,0,0,0,0,0,0,0,0,0,0,0,0,0,0,0,0,0,0,0,0.681407620587291,0.713982352449444,0.674816624257203,0.695857112541711,0.851252526016414,0.893587002444272,0.955187468144684,1.06203765864972,2.17656500479532,2.21349541818796,2.26879742065498,2.25436623737617,3.52017726487662,3.88875336285862,3.48253925202669,5.16815638940853,3.40692627851808,3.46551162252347,3.91050957932029,3.94162371339193,3.58976510054789,3.39013408853793,3.78563885648856,4.4104811220069,9.62691550961419,11.2594474304578,12.3795737389226,12.3562857941454,12.900860630889,13.7449888534569,14.6162592673372,16.2860489626046,16.1704951375571,17.8603915414457,18.011927346068,18.9242454714685,19.1195282744866,18.1046608989395,19.3284339914943,18.4509434074028,18.0473202078942,22.4903347194339,23.0642457198164,24.6178968910427,28.5499952343341,32.8118569469155,37.1369683588167,41.3755047199877,48.4679662073595,52.0800698897193,56.5448623112425,58.1487242196371,62.4144688705256,68.7332881265702,71.9374824494478,75.4392473562702,75.1749763605997,78.0933158633183,83.4122662422978,97.9934019612565,115.019156607738,128.574508240999,147.522635999815,169.445834971931,180.680332408158,190.761294730453,204.380779930223,205.189935142709,214.489995589244,241.10189054232,271.552589413436,301.698705877506,342.559567684411,387.338411237019,385.017262196791,426.155767276528,474.740428751974,499.943040193222,501.718911074452,583.084984841144,653.413719871864,700.797897902649,647.14410964296,733.442034398308,750.951951364391,736.838001816061,771.596392284804,827.952367463865,911.70679379576,953.649781539305,1032.59591999682,1108.14801965556,1148.23955221048,1184.50782856929,1202.17961440245,1255.56099280539,1385.33274058553,1491.43466258432,1556.71447374206,1667.68331279223,1619.89361102826,1689.14439305519,1767.82774547327,1840.54235720781,1990.41830971918,2127.52593874415,2251.1465836279,2401.30955260471,2582.62299217221,2583.20513112629,2546.27316677857,2751.02797677845,2861.68221573984,3010.83768363598,3192.24089089631,3620.00755770407,3679.23625501556,3706.62652070566,3755.46005927225,3914.81626835425,4303.08160682096,4641.19183367076,4066.18618860895,3846.48947928832,4335.6634779881,4547.02602904777,4229.61990149207,2605.3914406556,3370.19531879454,3632.46661290013,3634.88465679117,2180.55066894376,3323.96405152182,3402.28343354354,3208.48014083652,3847.95014632924,3985.90081459647,4343.44057566807,3618.56810123127,3121.62061559609,2818.82932853413,2992.39661298714,3363.99382789302,3731.64435716597,4158.28793883008,4799.46965573331,5156.27843963284,5542.97518786277,7045.55787002193,7072.03153673121,7085.74221448686,7450.76018153297,6833.36153718173,1796.56919876503,3133.15633817414,3455.4684507835,3821.79884439764,4428.36528077763,5060.78643923191,5609.23589390729,5784.26383241657,5926.58524011616,6049.72761654517,6410.27566690425,6579.36411148829,6636.76934874125,6429.63522772943,6287.23189192267,6435.21370377372,6381.89149356096,6481.16948637022,6525.41299501529,6541.45609630378,6543.92228592162,6455.69320118081,6360.0939691683,6339.88652126778,7534.99025173975,9094.86572785696,8690.51570033454,8381.02957537414,8249.23987915949,8344.15981098108,8316.5249554668,7841.58292591547,7623.98379046861,7400.25302758086,7777.85570540746,9608.1460331223,9387.41090645059,9077.73099941991,9313.38940750465,9696.1011622273,10226.0369685822,10343.304316002,10605.8615568529,11033.2221172453,12313.1720166585,12195.708314475,12202.2681702749,12671.8827027508,11597.8985985592,12086.3934968732,14494.7525056419,15401.4148593712,13164.7294730974,14560.7284307183,14140.5273880838,14574.2075301883,15217.3433751247,16663.4045937796,14635.2424608357,10725.9752680314,10297.058804871,14390.1473390298,14782.2995339193,15520.6485883596,14825.1911802352,15113.1779483573,30756.3740976198,33412.5924801914,35057.7934853136,34984.2649487718,30783.947298823,29959.8149517506,26497.846356242,32640.5428465028,44077.2939677713,47419.7786913995,42030.7497006919,34126.4320224511,35273.0667895781
"CO2","1A2f_Ind-Comb-Non-metalic-minerals","diesel_oil","ktCO2",0,0,0,0,0,0,0,0,0,0,0,0,0,0,0,0,0,0,0,0,0,0,0,0,0,0,0,0,0,0,0,0,0,0,0,0,0,0,0,0,0,0,0,0,0,0,0,0,0,0,0,0,0,0,0,0,0,0,0,0,0,0,0,0,0,0,0,0,0,0,0,0,0,0,0,0,0,0,0,0,0,0,0,0,0,0,0,0,0,0,0,0,0,0,0,0,0,0,0,0,0,0,0,0,0,0,0,0,0,0,0.000412014585119552,0.000451571873102577,0.000490861282785074,0.000883149558487857,0.00132688248304148,0.00161917416667468,0.00193642550572917,0.00296193970264061,0.00577075447839946,0.00581854102482463,0.00610510094835558,0.00524950435588387,0.00602660084650704,0.0139834256723654,0.022785495663904,0.037543372566929,0.063358338979974,0.0930241333208575,0.115232131097941,0.147803455628969,0.171993284828582,0.243208764407988,0.270125749053349,0.305025435909006,0.453873967724066,0.58810373569912,0.623247362502462,0.804274002900436,0.887826705818425,0.903981128431069,1.12266840819009,1.40044784795595,1.48082042497408,1.78008354036364,1.65288195240348,2.30156366454246,2.32052470196464,2.68257092600922,3.07468888642113,3.33421142998842,3.94758567897287,4.45592935061513,4.22516473050411,3.82854123749813,4.00645961852538,2.94831799636476,3.36901951892558,3.5703068334089,3.58989644597357,3.85823341487418,4.01456329437189,3.89941845589342,4.07107673716239,4.05289179227045,4.33892900649288,4.87637563261963,5.35436253018772,4.87775626135675,2.11684431184261,2.61305471178925,2.35580466090566,2.32032778931814,2.8785989733026,3.26933799339341,3.41781498558661,3.67681800765118,4.42700592671923,5.38510207796908,5.31541137312578,6.5896721424573,12.3192629847146,14.9369928817007,14.1294910698546,14.3014038105118,16.2421295467011,17.1497662019627,18.7093977800105,19.6316171260652,20.8866542486585,21.0916202251045,21.7317609706388,23.131927809437,22.773027879339,21.082672574963,29.0830098735898,15.9827000871619,23.8050196077577,37.2646522443781,48.2127898071237,57.1429295719083,77.8002273680732,99.5213992439304,120.711659564207,149.05242023648,197.733753347335,259.927514339781,336.629887208791,406.229956852456,513.530955603035,661.041795635525,848.748616845473,1265.81297422341,1525.03692815498,1897.01211134736,2283.31190510652,2741.35254406765,3346.72488761266,3745.76769009678,4520.51292336469,5116.5068233099,7836.63983364695,8731.7154782679,10194.7193183426,12601.0022572591,11574.4329188535,10643.9320567207,10874.3189981141,10818.202064785,10982.7461165593,10238.466423999,8818.37774736801,8651.62715312422,9141.03184566538,8859.27069282661,8793.27045908383,9775.79434396724,10254.6001580323,11198.4447963073,12570.0894711562,15184.1429291213,14772.8763839053,15072.6167542251,15024.2787150173,15352.151553597,15500.7325387498,21366.9564308218,20596.7170674732,20564.2832124845,22435.2564906498,23794.3160279486,23219.1655379383,24118.3993958087,24363.9888046318,22473.8814617613,25701.2400210556,26004.6322155916,25393.5981284758,25434.2706196868,29420.3447089265,27106.3774424736,28513.5675796384,19384.9410212306,21444.252302223,21638.7073922238,21243.4216355008,22151.9413182916,20876.8259740238,21335.8674979602,20648.6072488086,20701.4976141871,18275.5906717176,19400.8799630339,22873.2972912024,24406.1345763758
"CO2","1A2f_Ind-Comb-Non-metalic-minerals","hard_coal","ktCO2",0,0,0,0,0,0,0,0,0,0,0,0,0,0,0,0,0,0,0,0,0,0,0,0,0,0,0,0,0,0,0,0,0,0,0,0.0903150635349357,0.0928954939216483,0.0954759243083606,0.0980563546950733,0.100636785081786,0.103217215468498,0.10579764585521,0.435495373452369,0.453713665703492,0.437492153225987,0.450173303727457,0.527353028455686,0.550256594494983,0.582409012687551,0.636284063898001,45.917805172421,50.9445940175679,52.7876646579419,55.0567910481682,56.247499520911,71.1804128724793,65.9250724001674,49.9599052597158,65.8455626299286,63.1755097109924,77.0083733199286,81.2261736091735,63.8636714819969,54.6120258780065,72.669784688248,86.6534802661749,103.228394910327,115.228882158112,144.268233924561,121.258851814152,121.49867555236,136.143917296377,151.156915360844,203.98494969708,215.565471086073,227.649930538186,212.875119977173,230.89881204508,216.894765355938,194.231684839647,183.455729946591,153.282998445847,195.166977918931,206.970912644405,219.756216552214,238.092071651549,273.093962112358,297.819404976919,325.143259362615,349.194559323933,412.901028799898,453.432576866638,489.313529754988,487.60290475489,524.728616565191,616.68700338796,659.182563689112,683.320736439149,695.420499551428,695.280804119964,748.825053615051,826.199471694944,1000.88001416376,1071.7927983355,1212.24515235823,1444.22734727745,1599.16140967422,1686.78943291811,1949.99299808998,1842.01021667824,1927.4770012986,2171.59718999204,2633.54554052445,2962.49542248828,3456.24631236396,3766.55353208129,3774.4221368132,4018.52418052229,4504.97763041638,4691.32671603815,5157.67183819081,5754.49153943594,6466.80510646234,6915.92156611052,7403.15123088753,7541.2925753894,7949.42631601912,7482.95139642494,8004.81773676677,8661.4828579013,9182.18981762836,9557.94606115008,10162.1399521112,11133.3709607541,11848.942118048,12507.0674201057,12852.5057199035,13765.5143025516,15397.1507452961,16305.2565165687,17205.4972757838,17961.7712270199,17440.1464272624,18178.2634568202,19354.3191248914,20073.3791290459,21241.0931781562,22467.7269445804,24359.0310586305,25879.292328858,26729.385947111,28323.7810392992,28936.088467209,30619.7517137699,31905.3181390603,34586.8886796358,37537.4985002457,41752.0409466696,43327.8310842763,44612.209352837,45548.4829260223,47126.8753642215,50958.9206704124,53111.3300044783,44732.2957045896,41828.2858880343,46676.9499299678,48454.8189362498,43737.537870333,18235.0264486297,35582.0602672276,34523.5179462107,31485.9538117881,28479.3001161891,29788.8677760906,28407.7665196719,32280.2268081639,37707.4455854462,38732.2009723699,45109.388361048,42044.3342976069,35543.8631019545,28995.6522024952,29398.2765343799,33222.21467839,34768.3763322597,34686.7457999704,44222.3128061814,48642.4344530748,51297.7252374768,99874.8855147678,86804.0129022633,77762.7981965151,62905.3379013577,50624.3583576774,24581.516865613,34771.5737732295,38063.7878256209,40747.1085471062,45208.0683857354,49083.069698862,52430.0180728176,52988.1860459886,51700.4584489735,50475.1736341077,50608.1050835686,51862.8133260731,50116.5747963711,47154.7275846161,44085.4099814664,43727.7884595138,42944.0227175846,43873.2540382418,44690.0138798984,43819.7508218228,43343.3187242196,41590.2748705187,50260.2874772453,49116.5216455245,50564.0580745904,52141.1942938276,59745.2247900506,57137.0278938558,62437.655648873,64711.4449458327,73426.2884896469,76981.0086582311,82185.8030319511,88688.4510199033,90418.4806753668,198319.913423401,221860.717681384,244125.364692007,245826.334883372,263796.56616227,313644.897317608,317452.10861634,331790.745834522,340143.671820759,344707.971843593,344024.541504679,352626.969527803,358758.299288032,374907.003482705,397490.261547271,416160.370289843,399746.740258353,396521.827278147,397748.035236884,358187.239439932,342968.029434903,374231.321549106,375912.316640392,452687.542128115,583736.014367379,637339.882885338,650869.456644802,723979.049243911,729886.480486615,748858.433007736,782546.513717204,835011.857438094,813532.859395992,807873.132284804,863616.41489002,850831.349933324,825167.046958629,768818.376289763,734727.166503465,690257.271211211,692225.467835242,673215.302889025,684873.780202531,704364.698090382
"CO2","1A2f_Ind-Comb-Non-metalic-minerals","heavy_oil","ktCO2",0,0,0,0,0,0,0,0,0,0,0,0,0,0,0,0,0,0,0,0,0,0,0,0,0,0,0,0,0,0,0,0,0,0,0,0,0,0,0,0,0,0,0,0,0,0,0,0,0,0,0,0,0,0,0,0,0,0,0,0,0,0,0,0,0,0,0,0,0,0,0,0,0,0,0,0,0,0,0,0,0,0,0,0,0,0,0,0,0,0,0,0,0,0,0,0,0,0,0,0,0,0,0,0,0,0,0,0,0,0,0.0162300928535967,0.0178054908231765,0.0193731316390428,0.06963201924018,0.153970194450475,0.146128679002766,0.207056662366057,0.286309147543134,0.492533663596128,0.509362067917445,0.591683582747809,0.634122016502726,0.727481815333991,1.19271397674335,1.73377735444881,2.4460463743997,4.46080232639833,7.26384687586425,9.48771278487022,13.5001757613723,15.5470050452051,24.1733019825639,32.2938058879957,39.2029920830066,52.4959784011494,67.0414245953575,70.2515237424364,84.2215696094819,98.5020537597552,111.250174797522,124.851322361885,150.37218448077,162.574890791016,193.135746006801,189.405841331154,231.193019941497,244.755826014735,270.609597389674,303.2106712795,328.602028227956,370.119188284392,390.044957051344,386.571560879005,371.727008031449,384.728330015322,328.897333332936,346.917303804995,357.526156919344,385.546294357029,416.32314424928,390.654177457971,383.570915288884,400.457434042672,418.877281382408,450.804561931778,441.485247658563,425.575489401169,523.489792000179,585.397705165108,422.303908156104,301.92762335219,185.185389373194,231.625099238393,280.146760824856,316.367440561487,337.974601585212,361.827066149614,425.130216368762,346.513613050072,382.437598248736,619.952625508688,715.985643276143,692.032461190339,713.539974974554,811.611249591241,860.562546899498,956.625990279556,1030.06756771215,1144.5166050051,1114.21740794505,1077.73441542295,1064.71704255314,1009.11093679263,931.80578708617,1262.21109636748,736.728956943205,1101.94700139943,1509.36286335117,2091.14207514155,2340.44601681003,4297.28649854339,5110.16602543856,5552.77019056417,6062.83471312414,7089.88230585513,8291.26394408594,9511.29975132278,10443.8282585834,11888.7548292514,13546.5757800728,15448.684877207,18132.0625426457,21668.0515205269,23639.487458805,26135.3361552047,28552.6256994475,30924.345142124,32173.7857090037,35672.034586057,36958.496106792,100696.305599398,115743.544173002,121539.060111346,119264.645654305,119860.666289468,107544.226634355,112838.959179106,115142.271055456,117440.847301022,120526.933073004,112763.582357887,97245.5354851406,83165.3225509884,82110.5215253348,71874.0507392101,75257.0869480732,80727.8361869825,79158.2794277866,79860.0615737013,82546.0613986678,89997.6842513939,87446.5147867797,82422.7014964577,80114.3624531968,83672.9168129768,83615.2891762917,83419.2722925187,90147.9042305486,92866.5143699235,93975.4167297944,99273.3078181203,102750.139907631,102015.515179152,101117.640511011,115103.76514936,121056.109103189,125426.184411063,128926.639848046,126440.217690117,115342.36121502,111854.463465703,118657.590758924,110918.915734563,107826.585146735,104382.639304251,109675.704655599,106433.652218152,120939.048732192,115670.073218485,117100.928373447,111797.953871205,113060.001481668,113204.414889831,112025.369056888
"CO2","1A2f_Ind-Comb-Non-metalic-minerals","light_oil","ktCO2",0,0,0,0,0,0,0,0,0,0,0,0,0,0,0,0,0,0,0,0,0,0,0,0,0,0,0,0,0,0,0,0,0,0,0,0,0,0,0,0,0,0,0,0,0,0,0,0,0,0,0,0,0,0,0,0,0,0,0,0,0,0,0,0,0,0,0,0,0,0,0,0,0,0,0,0,0,0,0,0,0,0,0,0,0,0,0,0,0,0,0,0,0,0,0,0,0,0,0,0,0,0,0,0,0,0,0,0,0,0,2.55360474845452e-05,2.80290163794633e-05,3.05121047647485e-05,5.49759459662528e-05,8.27158530441669e-05,0.000101078918156535,0.000121051881544599,0.000185414549875538,0.000361734782953179,0.000365220532230968,0.000383716774709149,0.000330237347343332,0.000379459211661164,0.000881223273853995,0.00143716151745073,0.00237001009846254,0.0040030009081882,0.00588217294813692,0.00729241441523041,0.00936123917154703,0.0109020141748172,0.0154332712797018,0.0171601922708956,0.0193982968982803,0.0288953717086396,0.03748060567941,0.0397618923320138,0.0513640118741263,0.0567578444022337,0.057848805596059,0.071914841659825,0.0897436738427986,0.094930607494088,0.114158523830653,0.106040332236863,0.147710290762018,0.148980613830254,0.172285176426387,0.197536971048539,0.214283279855434,0.253788605079492,0.286618254246436,0.271913415629677,0.246512113290647,0.258095373789426,0.190022451905492,0.217241080120047,0.230328959273185,0.231700144780522,0.249132920432461,0.259343924362748,0.252112566993646,0.263422852184112,0.26245296669384,0.28119288721713,0.316262291153413,0.347520028782921,0.31681626033011,0.137589483448256,0.16996033711973,0.153332800653475,0.151346942775369,0.188156108021651,0.214138382408021,0.224318889274629,0.241882173742425,0.291908622942934,0.355899079449115,0.352092897330055,0.437485170375768,0.81970089916771,0.991505396626243,0.935729141539441,0.944982898818203,1.07087615389808,1.12832521659279,1.2284118838699,1.28640046542081,1.36600481547164,1.37683978527506,1.41607067748524,1.49598877715573,1.46206013647832,1.32848712533072,1.84785562235127,0.983922355074428,1.16752872347037,2.07852708109698,2.51248522289721,2.97925599839499,3.26894984567394,3.7771840787728,5.3675636768856,7.48800367854097,11.135762141463,15.7213779156692,22.343643498796,28.691571522882,38.1945869517478,50.7777871087524,69.8596196500253,82.9675353466942,112.087185298594,144.54715140766,177.115226224124,216.890461807049,263.9154895806,297.060306632964,352.983718610713,416.14557255073,778.605527643071,920.34454562503,1088.70544704576,1491.47869241907,1710.09081629201,1785.48245043777,1912.43075170782,1919.86420841033,2246.96984438697,2405.3499539313,2396.04757184097,2700.04483851343,3576.58002458852,3436.0176584204,3703.86485526227,3753.85814764981,3920.89315039167,4292.93901922956,4140.69499451438,4070.65133806546,6355.26890179881,6391.21661051913,6983.07015610679,7418.31613383228,7753.93084199185,9032.94483812576,8523.85907290808,8505.07025790533,9246.16894490419,8855.37087518924,8905.9235519537,8536.67638448647,8464.55300600716,7875.95856336935,6933.88035342161,6921.19324354259,7738.19077323995,7212.73993230962,7027.60018543433,6562.22262657644,7117.63302205024,8303.9744099558,7539.59122706977,7305.66182454958,6717.08904778331,6819.54707662427,6882.47500190036,5318.10159435405,6174.48398015115,5662.6181795748,5393.69259214727,4904.58716062288,4883.03323440178,4825.14491654345
"CO2","1A2f_Ind-Comb-Non-metalic-minerals","natural_gas","ktCO2",0,0,0,0,0,0,0,0,0,0,0,0,0,0,0,0,0,0,0,0,0,0,0,0,0,0,0,0,0,0,0,0,0,0,0,0,0,0,0,0,0,0,0,0,0,0,0,0,0,0,0,0,0,0,0,0,0,0,0,0,0,0,0,0,0,0,0,0,0,0,0,0,0,0,0,0,0,0,0,0,0,0,0,0,0,0,0,0,0,0,0,0,0,0,0,0,0,0,0,0,0,0,0,0,0,0,0,0,0,0,0,0,0,0,0,0,0,0,0,0,0,0,0,0,0,0,0,0,0,0,0,0,0,0,0,0,0,0,0,0,0,0,0,0,0,0,0,0,0,0,0,0,0,0,0,0,0,0,0,0,0,0,0,0,0,0,0,0,0,0,0,0.143541826560679,0.132382934747926,0.093991729313218,0.789759598599453,1.35296416514392,1.62342284254634,1.71630594461947,1.91170502021837,2.40291961770856,3.05379382739888,5.04456741831583,6.11259400420333,7.23232499506876,9.37487353511482,11.0827843799571,13.8699302784208,14.7772987658031,14.965796352484,15.0199993494956,22.0721848127475,0,0.0563002545228549,0,0.0572465291653135,31.442995711579,37.4549460305901,46.5347396200013,61.0419570193301,55.8715554135072,110.271656446135,135.368435120462,161.893330502285,196.218181739802,242.257131719378,311.943917924209,394.215598184664,516.202345424178,706.233100731299,924.086486962947,3021.57710974678,3443.65462630938,3844.17226153675,4362.04331440896,5082.44819779747,5927.42519941438,6861.39080118015,7904.13771321527,9066.50870062172,10758.6772046593,18688.1548381283,24662.1967880039,29414.6378795684,33210.3748636758,37970.6616464543,39470.651375753,42262.1372254904,45096.424310086,45406.1454025409,48337.4762153913,50099.8491178515,49757.6270178738,47122.1322837469,45768.7593296863,47507.9388623111,48269.9932188001,49092.2478008732,50787.9171540394,51542.5505774888,54350.3047588227,60285.6936728492,57916.9884745317,59055.8424782741,59079.6827975688,57667.5319318617,106515.539413579,100848.323222741,102331.442568605,98162.7779104636,97812.3108114744,107318.344160819,107782.5177,103838.4072,110235.378,120945.429,139003.18728384,140190.55877376,137843.49786768,146402.487,126421.99905456,130830.87848688,139493.22078384,138786.4632,143804.6643,151066.101838052,146519.355350571,145695.703651177,151289.678587979,166393.246383596,175643.803432356,181587.746297434,205568.075007913,200292.861002675,198355.236902257
"CO2","1A2g_Ind-Comb-Construction","biomass","ktCO2",0,0,0,0,0,0,0,0,0,0,0,0,0,0,0,0,0,0,0,0,0,0,0,0,0,0,0,0,0,0,0,0,0,0,0,0,0,0,0,0,0,0,0,0,0,0,0,0,0,0,0,0,0,0,0,0,0,0,0,0,0,0,0,0,0,0,0,0,0,0,0,0,0,0,0,0,0,0,0,0,0,0,0,0,0,0,0,0,0,0,0,0,0,0,0,0,0,0,0,0,0,0,0,0,0,0,0,0,0,0,0,0,0,0,0,0,0,0,0,0,0,0,0,0,0,0,0,0,0,0,0,0,0,0,0,0,0,0,0,0,0,0,0,0,0,0,0,0,0,0,0,0,0,0,0,0,0,0,0,0,0,0,0,0,0,0,0,0,0,0,0,0,0,0,0,0,0,0,0,0,0,0,0,0,0,0,0,0,0,0,0,0,0,0,0,0,0,0,0,0,0,0,0,0,0,0,0,0,0,0,0,0,0,0,0,0,0,0,0,0,0,0,0,0,0,0,0,0,0,0,0,0,0,0,0,0,0,0,0,0,0,0,0,0,0,0,0,0,0,0,0,0,0,0,0,0,0,0,0,0,0,0,0,0,0,0,0,0,0,0,0,0,0,0
"CO2","1A2g_Ind-Comb-Construction","brown_coal","ktCO2",0,0,0,0,0,0,0,0,0,0,0,0,0,0,0,0,0,0,0,0,0,0,0,0,0,0,0,0,0,0,0,0,0,0,0,0,0,0,0,0,0,0,0,0,0,0,0,0,0,0,0.00274096940351372,0.00304766165569065,0.00315878203691419,0.00329805291471434,0.00333361143670587,0.0042373905373239,0.00392724120662001,0.00289950114739261,0.00392427799645405,0.00375883209552124,0.0045929757572392,0.00485028117331677,0.00379685995931775,0.00323582550122917,0.00433023778919069,0.00516833239779658,0.00603013268773017,0.00671710357787206,0.0084629282339839,0.00705392180006965,0.00705244019498666,0.00792461172050113,0.00881851345389929,0.01200544598739,0.0127180980323036,0.0134085260009726,0.0124988204800225,0.0135759473753493,0.0127121716119717,0.0113535397508787,1.00793074854911,0.633048023497499,0.803026448711237,0.616679334067298,0.648775296520552,0.488061993615509,0.80410778573216,0.675984698281063,0.614966799682841,1.36788492478063,1.35085682904522,1.44050470457339,0.871521865336416,0.917595661519671,1.94069940026705,0.94431960820222,0.688509899289081,1.77895225616101,0.0402196515825855,0.0400922335454492,0.112465396543755,3.06568660318622,3.87754168863475,3.9181510937295,4.99874990697676,5.48869747194681,5.58151183969018,6.4500678242723,4.90698270349251,9.5674413866705,11.6813889659983,13.2630685117663,16.4431475458738,17.9600476503559,18.9080255240663,20.3714687270578,24.7728802863103,29.3170895337464,31.4261523767744,35.1683824515597,38.5100728766044,47.3400386092379,50.799601673148,53.3079776971367,50.4516796202606,53.2563105595702,64.7025064793927,68.1916097406853,72.0170242933945,74.2817283686472,84.1294594750725,89.6768454952277,92.0346347561907,103.558109035837,108.272724762854,111.891057031242,110.635669656679,112.961424130469,122.170203598978,132.023999386479,145.077313052101,152.28593012292,158.30358016476,166.741406996202,177.138253842669,187.441788941858,197.706762628042,206.884471506011,228.210247501233,233.170475393636,257.156811720423,258.99836244837,247.147165514134,254.118921164162,262.571596021394,265.250952845466,286.407902565257,299.562415956964,309.785193714925,327.642045153741,321.32572518259,328.79670664734,348.418414061138,369.581533910433,325.720940330445,312.844274791691,311.656468867748,285.926358732318,203.980467657111,133.347746666752,132.308410384139,151.702766403573,155.90578126091,163.668459058555,182.475903835528,167.748852039803,195.232089946958,220.218973339935,235.302637595479,252.330639772683,241.639178536193,251.91399551409,265.758650351121,284.028989209947,327.786003033361,367.268711878031,426.659752318554,464.596692539713,513.93839876119,541.895998443764,662.347823248507,606.829386827508,478.052236470959,593.144791222667,505.928426611295,468.21020446288,558.962821290789,696.159524484672,776.280569798034,919.691970343026,996.73916413421,1103.37031623446,1198.83406132719,1260.81954864248,1316.46888763825,1404.11932095888,1419.29058132554,1451.4353846627,1496.21686793861,1473.29635134134,1463.69208806276,1469.27423522375,1463.69764375365,1499.61279330323,1503.41522893752,1457.43407956349,1401.25153074637,1311.82537992824,1295.88047464438,1290.68797647535,1398.30739081187,1459.41306867975,1976.43205885648,1912.04021971989,1801.80933030117,1898.94823047638,2009.08543634489,2174.06969742716,1892.45786361223,2120.68912142244,1939.43778426064,2457.47760767277,2578.00064412446,2776.35643609773,2993.3781909305,3080.96758106117,3123.33257888323,3453.81321568564,3581.27706855611,3068.82711860712,542.566807720563,296.020954636575,254.174635352843,191.837675451792,175.78821778204,160.131784676014,177.008988092522,108.268849758214,129.455511839878,69.4854072294133,112.242776062564,70.568409075197,65.1062878179764,78.046520786957,33.3986459390603,35.6509451797655,47.0081724340302,180.887546670899,226.25553309594,140.138548771722,115.991634866413,124.565665975922,85.8540337564546,93.7736569082477,73.0327817240387,88.7632254461158,218.454830936673,73.2484713019373,82.0124149293406,71.5918243799439,70.5107850462782,108.299737287484,102.558902376016,103.003684898238
"CO2","1A2g_Ind-Comb-Construction","coal_coke","ktCO2",0,0,0,0,0,0,0,0,0,0,0,0,0,0,0,0,0,0,0,0,0,0,0,0,0,0,0,0,0,0,0,0,0,0,0,0,0,0,0,0,0,0,0,0,0,0,0,0,0,0,0.524660891293202,0.583366191021681,0.604636227155192,0.63129467244252,0.638101084005244,0.81109737789111,0.751730343705137,0.555006142843673,0.751163142741577,0.719494422276133,0.879161493518336,0.928413443854145,0.72677350130849,0.619383452207754,0.82886967474933,0.989293013942945,1.15425396084504,1.28575005089708,1.61992595192797,1.3502218937551,1.34993829327332,1.51688444354787,1.68799006755521,2.29801470386421,2.43442653560045,2.56658436010998,2.39245366429699,2.59863121455113,2.43329213367332,2.17323049188097,2.16653032507029,1.77184038538021,2.28494688763899,2.37564828843306,2.52348013607105,2.70960585904707,3.13688454152339,3.38669933997759,3.67494481240407,4.0264580634175,4.73094217337855,5.19668956996042,5.52131023027002,5.49793651243347,6.03607580908978,6.9542933127817,7.38501083955123,7.77757563465192,7.69861867840281,7.67422903696973,8.29033853054327,9.38202981436199,11.333845030612,11.94154560196,13.4228443981555,15.9501854547786,17.9463799600861,19.3172167756978,22.147493614734,21.2538558117753,22.7498339721325,23.6146308839525,27.3800917554573,31.3531401215814,35.0844921957179,39.0187710555941,39.3746959803684,43.6755484794663,49.6199442700104,52.0954370347512,56.1358440952123,65.0545719565059,71.1277092049312,77.2301762931149,84.2511926562154,83.8750614164133,86.8615933672328,82.9827235868578,88.4590639763654,96.2527419302307,97.9061604998531,98.6324671113043,103.039310336579,114.526700588069,119.835132949883,125.770885269017,129.470964937208,131.104289395157,146.260335365295,159.32496326536,166.630714417344,181.310750251841,175.321348144886,186.503455373081,191.822477047604,204.462954999034,219.733277819451,232.595833112379,255.725029925301,268.211772069002,279.770648748354,294.41616942218,287.498822141137,300.55709196715,307.452670074565,331.509947093484,354.399837788453,390.10428009566,410.367032199038,422.434696345814,423.456074242454,454.040363147187,514.806860042875,547.045072622947,463.284175728094,453.205787932777,516.730853720998,570.560341229092,467.1301139416,21.2160574265676,345.233578616056,353.071959433113,347.86441558869,266.872750457255,249.336386614101,245.908260567887,262.556458844154,329.258338722831,343.665685896325,395.718460539434,322.714526977342,323.677698436258,276.807693867762,293.36090811319,322.049365837442,342.992018286368,380.158862347456,416.609075069579,442.236605175896,412.150933225578,1016.65558477764,974.985353000504,982.792216986828,1083.15343195734,994.590456018184,425.247198924457,636.287742594846,617.806054296317,617.302973942802,719.393312684345,765.028889435403,821.746967132775,859.471694508807,907.214316055727,949.156985393511,1005.12113397924,1050.99873106263,1102.70254294734,1098.74315931392,1129.27017924168,1164.80727361242,1111.19646219441,1047.0791078512,1082.04480030647,1048.20070154391,1506.51649623501,1515.10513847269,1570.6207393335,1423.81961523752,1511.33544992904,1399.37080549796,1522.24095749524,1577.44529425191,1439.63776524395,1387.61296330343,1154.82922702553,1185.5215864369,1283.61421406289,1292.85863109268,1329.5848274929,1661.09100835531,1724.14347089221,1710.55539601892,1430.42488415862,1361.6903629999,1334.16645163191,1373.91936137718,1452.86688890023,1165.50527313287,1250.92315782287,1217.40209645757,396.361608826242,587.7985544596,738.279654923657,729.519919600159,593.701593646285,808.850310779015,597.424197819656,603.546737447066,661.763697712729,701.588903498549,857.832926320704,839.45079218526,658.693139853398,526.954511882718,637.24731669538,674.011584966267,640.311005717953,373.770060754021,214.458231580176,199.139786467307,162.375518196419,217.52192060275,254.286188873637,309.432591279968,217.52192060275,223.649298647898,419.725396092629,330.878414437986,300.241524212246,113.356493835236,76.5922255643485,73.5285365417746,72.87903771789
"CO2","1A2g_Ind-Comb-Construction","diesel_oil","ktCO2",0,0,0,0,0,0,0,0,0,0,0,0,0,0,0,0,0,0,0,0,0,0,0,0,0,0,0,0,0,0,0,0,0,0,0,0,0,0,0,0,0,0,0,0,0,0,0,0,0,0,0,0,0,0,0,0,0,0,0,0,0,0,0,0,0,0,0,0,0,0,0,0,0,0,0,0,0,0,0,0,0,0,0,0,0,0,0,0,0,0,0,0,0,0,0,0,0,0,0,0,0,0,0,0,0,0,0,0,0,0,0.00615658646236893,0.00676946916915934,0.00738196190235529,0.0133234839319037,0.020080385323681,0.0245796085452114,0.0294856051759854,0.0452376063972702,0.0884009029960489,0.0893975660038126,0.0940760254708036,0.0814914502970145,0.0942369210214423,0.220224618849907,0.361380319174656,0.599576302111456,1.01876222541503,1.50583195465883,1.87767939610265,2.42412885077087,2.83898614869417,4.04486930158808,4.52597050676293,5.14814371080668,7.71557921672106,10.0683189935225,10.7444858772911,13.9606297457831,15.5152860736537,15.9029435325367,19.8798588534407,24.9308688663248,26.5000281596257,32.0201576567245,29.8834405361114,41.82007396933,42.3730000654035,49.2225819208152,56.6884014257658,61.7641466618325,73.4676716786258,84.1107679664054,80.8645345462315,74.2689672666081,78.7514363801593,58.7036379022619,67.9299825156686,72.8802450452846,74.1679040298301,80.6566386199216,84.8983448121809,81.5239472792505,84.1473366949116,82.8252192566826,87.6732066993311,97.4289509062691,105.785087630825,95.2974706789454,40.8990411603715,49.9290735035747,44.5187015830658,44.0284732651463,54.8426845504134,62.5350540579676,65.6314572803113,70.7915450353778,85.4523028289647,104.200828352904,103.094929631176,128.09952178609,240.000536691552,293.514225606698,279.95071558139,285.614068216053,326.852884187846,347.651369786878,381.939833376908,403.476614604097,432.056444993742,439.012808881921,455.038371861596,659.428704612859,816.28669728782,998.682970118694,1465.06390851356,1477.49784229745,1795.61369457058,2259.33334079309,2819.37310227479,3037.22296532489,3696.25356182377,4336.87357399279,5041.55869003545,5834.74304702747,6533.03241800048,7741.42351629934,9365.39806474334,10468.281523065,11648.2846269614,12674.176379662,13281.7803493434,13900.8355444389,15172.9705885873,16132.0101020999,16879.4496823373,18049.0005908328,19171.1181721444,20643.0105015455,22518.5913075073,24104.828856357,34955.888597327,37173.4870590338,41846.8915979615,46060.2052382095,47181.4475363334,47212.0623472199,51040.2204009958,53577.2440968858,59581.6645650322,60428.6081440637,60496.7416766395,61255.9054314333,64032.5471470845,62755.5799125316,63604.7739206684,63179.2571153695,70354.4537835881,69549.4151594514,72277.1092446767,74095.1056465349,71248.8658390876,63169.0360480145,59523.1990376848,61775.5203146303,58376.8025729087,57404.0838565844,58807.2183872556,58799.0790533118,57734.5179248353,58313.4886616345,60319.2350432533,63004.3116259742,59703.1793206986,60946.8983828618,64055.2236082121,68052.5856018445,70517.4329698459,71017.4219859318,69729.2812172864,63472.4074730082,66747.3239582931,69624.4855853802,69120.8150243944,70625.4511306303,72038.6045821104,82811.8023052718,84607.6851147554,87606.7997279161,98700.3032230457,101997.251401625,105564.648278908,109499.022986602,106021.296905942,106210.994072688
"CO2","1A2g_Ind-Comb-Construction","hard_coal","ktCO2",0,0,0,0,0,0,0,0,0,0,0,0,0,0,0,0,0,0,0,0,0,0,0,0,0,0,0,0,0,0,0,0,0,0,0,0,0,0,0,0,0,0,0,0,0,0,0,0,0,0,5.61429840489882,6.24249287506856,6.47009956715908,6.75536662124581,6.82820076271482,8.67940185838413,8.04412629112709,5.9390172856146,8.03805677933804,7.69917570444773,9.40774327307373,9.93477921342546,7.77706777240757,6.62790687367517,8.86957989444195,10.5862401454534,12.3514564907774,13.7585716405457,17.334525669612,14.4484728139045,14.4454380580099,16.2318976945958,18.0628670843015,24.5906270134567,26.0503445987305,27.464540845586,25.6012007263385,27.8074682616693,26.0382055751524,23.2553344198594,21.85180460037,18.1102657640815,23.3931518657777,24.6023120358782,26.171734834512,28.3749676139481,32.5366295306605,35.3791842185463,38.5454462018496,41.3242710159498,48.889917461038,53.7596890864762,57.9800229504829,57.6694662639418,62.0931287728829,73.2286597352477,78.1753118433482,80.952113486852,82.38148351318,82.1204945062498,88.4230794948147,95.4668655514806,113.918495797076,118.991691969902,131.601593717905,154.675498007033,172.557506060462,182.090797252446,207.311310894353,189.766900157083,198.029902048907,205.040769193364,237.875430743636,274.397528401132,309.2445581742,345.744797851402,339.807285200725,373.140589708579,425.393150262367,441.065951200295,472.345138488857,543.621566227237,596.327174120932,651.336661628781,715.873770822789,709.759707689605,720.472691496213,674.316641368521,703.280532867048,757.060331032609,750.219775205598,748.393064882288,776.14362047668,853.723421062318,890.019798928059,927.993914425267,953.325176017052,961.892518215269,1072.14259488952,1161.09182453651,1201.89662574352,1305.42463989265,1244.23018660266,1311.64614337399,1333.99841790267,1415.2863744716,1535.29599892588,1632.91334316596,1801.4278127375,1893.98801373894,1964.40914494531,2088.18311977638,2048.03363138438,2145.9606469993,2177.54070200661,2376.69781765922,2543.65659415577,2824.83303466628,3001.35343134407,3092.6720486422,3134.61133963828,3312.7967462671,3701.78192065899,3847.94814315344,3186.15099640069,3088.87089641136,3444.89358329041,3734.97344002156,3037.00464194842,23.565561400105,2114.66061855828,1715.01388161547,1275.14038413465,662.537903751126,351.08508125144,90.976302106649,293.997391581297,616.267362298398,894.00275368022,1347.5959378398,1278.61580313997,1121.24706115996,768.271027595383,690.946530246493,619.982139546791,527.057574252703,889.190798041188,1364.70003942024,1830.68706894464,1963.27828671484,7507.54498414786,6135.67873120872,5400.46940619569,4547.89811737032,3174.46107212833,699.567230097547,1324.1666159556,1278.62752614092,1318.29711425841,1630.83580622284,1769.7012613868,1857.04524358081,1867.81943606242,1927.10232306776,1936.50447358839,1883.07757781511,1845.7535156178,1816.85557711043,1571.65927890999,1448.87027170716,1270.73038136891,1083.24309794673,941.962430672674,938.468597237032,980.148434001886,980.930936081974,908.431719998242,853.514442610725,995.081781535471,1008.38666326053,974.994937260737,1017.63523870534,1161.87973534943,1270.7452916071,1217.88051211487,1268.03258614752,1396.02616389164,1519.70843886911,1290.55428834229,1642.85566691084,12091.0879137739,8224.43475668866,9172.84581777428,10200.8284199287,10919.9294410728,12026.9756922961,11701.3289684084,10703.7512096165,10645.2367095572,10503.2247286938,8992.76486333024,8770.55772853163,9364.28252698476,10244.1086138146,10213.1939925006,9099.02558161541,12865.459422936,7673.7091063967,12421.7551553873,10701.5267359819,10853.2260080492,10611.4332633486,10314.8485819955,10524.3296360936,11479.4248478191,12179.7013828681,13129.2595847912,12948.6926981279,12648.004346363,13403.1139014369,14730.5757808887,15877.4723467481,15136.1331867779,16098.1051687034,18586.2602096235,17968.5878343662,16589.83105637,14954.9032933578,13450.0712347556,13130.7246840075,13077.4313243221,9199.23177010663,7386.7892758465,7710.03902429062
"CO2","1A2g_Ind-Comb-Construction","heavy_oil","ktCO2",0,0,0,0,0,0,0,0,0,0,0,0,0,0,0,0,0,0,0,0,0,0,0,0,0,0,0,0,0,0,0,0,0,0,0,0,0,0,0,0,0,0,0,0,0,0,0,0,0,0,0,0,0,0,0,0,0,0,0,0,0,0,0,0,0,0,0,0,0,0,0,0,0,0,0,0,0,0,0,0,0,0,0,0,0,0,0,0,0,0,0,0,0,0,0,0,0,0,0,0,0,0,0,0,0,0,0,0,0,0,0.0337815174645326,0.0372132895136468,0.0406542572661264,0.0735071637602542,0.110981020132244,0.136083017415327,0.163523099417475,0.251302536205755,0.491892867948792,0.498247063123946,0.525160640304524,0.456362780972116,0.529378281670849,1.24085547493473,2.04218478481592,3.3979461289932,5.78967188751494,8.58095368695484,10.7282390764962,13.8861483439147,16.3034937840763,23.3005390334002,26.1505255668588,29.8326088855285,44.8380818013416,58.6733319999462,62.7831870338264,81.7911841397152,91.1330727271461,93.6441244007218,117.348132027486,147.747637835635,157.654299561228,191.212840136572,179.109078691393,251.550981937538,255.768388619454,298.127501356932,344.490065646577,376.556240076927,449.332494881463,516.460624420237,498.408345771234,459.418174106643,488.842440875792,365.615750643805,424.437890229099,456.774388757806,466.226215600054,508.465871029044,536.681615190396,514.717055540773,530.622592609554,521.634182124768,551.473252777021,612.062360752958,663.709593938104,597.140974431975,255.944777923215,312.047017247622,277.867703205593,273.508274521141,339.102966099214,384.898636103023,402.140617040351,431.797965529027,518.899728929207,629.966745912797,620.57748811881,767.791223725557,1432.41431279971,1747.34945580025,1662.51416392623,1692.12786070434,1932.01369571642,2050.40005435004,2247.79660345021,2369.609043434,2532.34194523574,2568.07867439937,2656.76261228614,2774.9851727852,2681.42737631652,2408.96384750159,3312.96207083425,1744.16608287637,2026.05890927708,2492.8290319847,2807.57236149497,3315.81065435667,3755.49457938866,4097.35087355637,4669.60652782318,5203.35990680061,5827.09526922389,6854.25233155856,8011.75827415919,9144.96720509465,10317.83690993,11352.7210472691,12495.4428499963,13636.7352557748,15371.3737911933,16963.0388343893,18343.4634493672,19719.7100240005,21262.9513201378,23361.1122478579,25107.6265287833,27117.667651998,31400.7307281654,33305.8726632225,35815.4567030954,51061.9889087048,56012.2894071944,60146.950167569,62054.8468207303,64326.6903747177,66737.1344072152,67373.6828753124,70260.2333974604,65643.2193563395,63963.0350239989,62393.3910826762,59349.4024777745,56702.5012907032,56203.750136655,54438.8946274354,49923.2703379905,43797.6103898784,61239.0036363035,31590.8872882554,20664.2765568563,18888.7198785649,12850.3508153273,9589.55667905385,4581.07356123079,4371.16876808734,3647.24960085655,3661.01243167584,3559.50247622234,3126.86422891016,2979.31139883107,3023.26330566314,3038.96041524602,3305.81127815502,3491.03717123304,3296.39301240529,3434.52757673466,3352.90260690367,5035.63275418865,5041.9115980218,4596.11368586795,5679.21424708683,5453.17586909333,5650.95944983764,5595.4202577157,6124.11039915758,5350.78706998805,4954.49866950258,5076.90179967837,5114.11830210307,5327.59899243026,6791.56952091292
"CO2","1A2g_Ind-Comb-Construction","light_oil","ktCO2",0,0,0,0,0,0,0,0,0,0,0,0,0,0,0,0,0,0,0,0,0,0,0,0,0,0,0,0,0,0,0,0,0,0,0,0,0,0,0,0,0,0,0,0,0,0,0,0,0,0,0,0,0,0,0,0,0,0,0,0,0,0,0,0,0,0,0,0,0,0,0,0,0,0,0,0,0,0,0,0,0,0,0,0,0,0,0,0,0,0,0,0,0,0,0,0,0,0,0,0,0,0,0,0,0,0,0,0,0,0,0.00162627018627616,0.00179264667824098,0.00195964784607588,0.00354543498793363,0.00535610564242101,0.00657139878526936,0.00790095484101406,0.0121489071493667,0.023792726717586,0.0241126776681306,0.0254280869210473,0.0220626950919197,0.0255539200041479,0.0598096432965719,0.0982920779877121,0.163315603665592,0.277885894497914,0.411303641992533,0.513549656867436,0.663857487068286,0.778438619031768,1.11113591003237,1.24552260285034,1.41920231897574,2.13055812693373,2.78478271627749,2.97651846099328,3.87343619455042,4.31122046340357,4.42535680502246,5.53982884833052,6.99370570729284,7.48202318248958,9.09742269717298,8.54221408522116,12.0252883315706,12.254614117139,14.3154906128414,16.5768435041089,18.1571107743289,21.7094355324479,24.8422868309036,23.8719751176204,21.9144388136847,23.2261077803535,17.3053385744491,20.0159287042041,21.4647155344859,21.8340448029175,23.7335605544961,24.9705555942682,24.1281609911597,25.0606854277103,24.8217445512751,26.4397539356959,29.5667173668471,32.3048657025576,29.2858069179735,12.6480999297766,15.5383931610168,13.9424696523421,13.5985915275211,16.7065341289314,18.7906485141305,19.4546349855026,20.7203078905283,24.6999275844833,29.7476561552576,29.0723690867337,35.6864494169756,66.0588919793743,79.7376527645438,75.0950187867813,75.6793455336039,85.5824396078816,89.9851787456957,97.7622042512741,102.16266178936,108.256945413425,108.886167704925,111.752692741444,119.149963588888,117.803435139593,108.559819851489,151.514870261085,80.7621505590105,97.3848012351095,122.656971011486,142.212782271061,169.675105658196,193.359166165306,211.568733543949,257.579506015407,305.574260026841,368.951683825074,458.58988379709,565.852949727084,677.707949351949,801.084151378699,926.851081324798,1075.15931830548,1216.70718126345,1414.29192694941,1614.11766299572,1811.03664047735,2008.7136357129,2244.53985398969,2543.17085216015,2814.32703173363,3126.04479808823,5148.16974399585,5211.13982265263,5486.88756070505,5581.16869429627,5597.99487366454,5738.84763490658,5833.77984813985,5826.62172287871,6138.27097528203,6018.69961139669,7247.25036826217,7262.92230192701,7214.0747085118,7484.69975821511,8507.9691039811,8568.07416797307,11240.1886360266,12346.0685502677,13780.8971023895,14634.4498543595,14028.3178827524,12873.5538914524,12957.3214179074,11075.5053001611,9279.16351546414,12505.8664244868,12018.1444452858,11533.0094481177,5692.89124853632,4976.69097672163,4710.71299573967,7203.61208411522,7609.72872976128,7415.63259580231,7744.12325029452,7541.54733073356,7772.55431875837,6095.3640157425,6453.21831935764,6488.51243710691,6385.06563176325,5592.80393248119,7005.9696783999,9473.64994513604,7324.71682423221,6132.31049026164,6563.4680020319,5669.25073868195,8738.18105637916,6439.68349572968,5009.17322777215,5122.28040629785,5366.10422842722,5478.76099194356
"CO2","1A2g_Ind-Comb-Construction","natural_gas","ktCO2",0,0,0,0,0,0,0,0,0,0,0,0,0,0,0,0,0,0,0,0,0,0,0,0,0,0,0,0,0,0,0,0,0,0,0,0,0,0,0,0,0,0,0,0,0,0,0,0,0,0,0,0,0,0,0,0,0,0,0,0,0,0,0,0,0,0,0,0,0,0,0,0,0,0,0,0,0,0,0,0,0,0,0,0,0,0,0,0,0,0,0,0,0,0,0,0,0,0,0,0,0,0,0,0,0,0,0,0,0,0,0,0,0,0,0,0,0,0,0,0,0,0,0,0,0,0,0,0,0,0,0,0,0,0,0,0,0,0,0,0,0,0,0,0,0,0,0,0,0,0,0,0,0,0,0,0,0,0,0,0,0,0,0,0,0,0,0,0,0,0,0,0.0817649103899129,0.0755437284150586,0.0537303241439042,0.452245279041753,0.776070219756335,0.932757250606998,0.987736189450859,1.10195481632257,1.38728759149419,1.76579121398164,2.95098242872996,3.61619560701181,4.32549999431889,5.66645432078221,6.7677573703072,8.55438428625114,9.20243391660111,9.40764293577696,9.52817336872116,14.1264856239469,0,0,0,0,14.9651708168482,17.2613352714408,21.2913696034345,23.6945388181741,24.6736547715013,32.7797081650649,35.8139240941032,37.8325233207997,42.1307735177423,47.6145168901581,58.741541596104,80.9296878613842,129.001758221039,196.480743345776,257.377720189212,336.076807448788,446.944293255184,570.088773901819,717.705045676782,896.04672808833,1065.8115806379,1216.24076810214,1369.44402113993,1527.03482927003,1677.82718079113,1603.21535273833,1822.43770836308,1907.05631436656,1989.86284850129,2091.10843665606,2233.17345269728,2331.25723556919,2462.968458917,2602.15473828801,2733.58073142752,4302.42014302068,4282.95052068272,5380.40756635765,5697.42958333106,6227.64403812014,7852.09877529774,8237.46321932733,7343.99355136029,7383.39408771125,9091.58231336497,12459.1670267601,11845.8178532402,11080.9260416828,9091.34460231223,7805.22854431776,7968.24420509526,7119.14587413794,6527.60437677016,6537.05307420904,6486.06011193293,7281.06831204984,7336.8141,22986.5262,23019.8496,24415.90788384,23328.01668384,40521.1983,38690.04798384,35957.9121,26723.796,12006.0171,11595.5156241007,17241.3308797995,17882.2846349679,16811.1167239343,15136.6894796338,19680.6645963977,20765.2739743893,22473.5245758492,19915.6038164955,17204.7211716317,32884.4392947131,33453.081036119,21062.2913167319
"CO2","1A2g_Ind-Comb-machinery","biomass","ktCO2",0,0,0,0,0,0,0,0,0,0,0,0,0,0,0,0,0,0,0,0,0,0,0,0,0,0,0,0,0,0,0,0,0,0,0,0,0,0,0,0,0,0,0,0,0,0,0,0,0,0,0,0,0,0,0,0,0,0,0,0,0,0,0,0,0,0,0,0,0,0,0,0,0,0,0,0,0,0,0,0,0,0,0,0,0,0,0,0,0,0,0,0,0,0,0,0,0,0,0,0,0,0,0,0,0,0,0,0,0,0,0,0,0,0,0,0,0,0,0,0,0,0,0,0,0,0,0,0,0,0,0,0,0,0,0,0,0,0,0,0,0,0,0,0,0,0,0,0,0,0,0,0,0,0,0,0,0,0,0,0,0,0,0,0,0,0,0,0,0,0,0,0,0,0,0,0,0,0,0,0,0,0,0,0,0,0,0,0,0,0,0,0,0,0,0,0,0,0,0,0,0,0,0,0,0,0,0,0,0,0,0,0,0,0,0,0,0,0,0,0,0,0,0,0,0,0,0,0,0,0,0,0,0,0,0,0,0,0,0,0,0,0,0,0,0,0,0,0,0,0,0,0,0,0,0,0,0,0,0,0,0,0,0,0,0,0,0,0,0,0,0,0,0,0
"CO2","1A2g_Ind-Comb-machinery","brown_coal","ktCO2",0,0,0,0,0,0,0,0,0,0,0,0,0,0,0,0,0,0,0,0,0,0,0,0,0,0,0,0,0,0,0,0,0,0,0,0,0,0,0,0,0,0,1.08786220799666,1.13986752560363,1.0773397312824,1.11093071463944,1.35901833871011,1.42660501606704,1.52494970228102,1.69553523824479,0.906650463683966,1.69163695330139,2.4273314430061,3.25955013236533,2.96555308014697,3.75058708528768,4.86844470431672,3.96092976764036,6.14935952733701,6.38561935528725,6.59705991285087,7.00078326892176,7.34450135480374,7.71284208393501,8.07483977012568,8.16416551938466,4.24640328100312,3.42051359667053,3.65223983800574,2.54449755611347,2.58829810184588,2.81610526719388,2.86197844983325,4.01609427428398,5.0903566646808,4.59161688129073,3.82522628167463,4.91034180995439,4.6991437225606,5.88914939148492,7.76632405615848,6.50825272528141,8.19412375145468,8.26017490737632,8.61741417491921,8.19177325451962,10.4306828974671,11.2070492337883,12.2313331768672,15.3299035587207,14.8773970816437,17.0902478191972,16.9576851774941,20.2263346884449,24.3095238521702,22.8087802241419,24.3188374093358,28.5641621350832,29.1574200556709,30.9766743703272,32.1198708894562,43.7761768260974,50.3924187939904,56.5037926387977,61.8932460171405,65.8975040559536,70.7135220569545,78.0155250636628,80.1998504327942,100.86569859822,105.241155160754,115.037967526115,132.665913545972,145.945203878282,162.77221499276,179.285526100746,194.53969033207,217.949328369901,234.088570519251,254.159523433983,266.744571720246,316.775406791646,348.836384766153,381.839843991035,450.168448160492,423.072657273898,481.932802694479,486.133288036995,511.675735290266,540.339942130365,586.807528779466,610.098259233128,633.306558995373,698.5733909445,723.402105045773,753.161681926626,770.947315121074,796.955438636426,859.445489183307,926.503246981252,1012.92328948465,1078.36264166406,1106.99795427152,1149.81730787844,1200.50229675305,1297.56846596445,1387.71305791821,1499.37514706293,1618.42204748527,1720.23043983058,1919.25328566166,2016.6733344079,1966.48964338483,2070.62794400074,2176.71355217126,2249.30409913838,2603.45540262945,2712.52512698253,2781.52330520141,2869.53489878663,2885.21245494448,3017.78447703759,3343.8517944292,3593.79865396021,3203.22620353553,3262.60489868436,3536.8097277314,3430.80643144258,3262.51226481401,2840.32802665391,3214.57903611637,3614.6203642836,3951.64087926423,2808.04993108961,3632.92345692947,4009.38724045574,4147.19295080672,4629.85857590434,5055.4597187188,5384.6802846455,4525.155597998,4211.94627939982,4043.38245302773,4291.11760860046,4801.40643432267,5270.02869296235,5912.43383798935,6712.8894076578,7203.94589202769,7692.4502107864,8872.81973752884,9141.23172745184,8778.62310616264,9454.34841242619,8697.26161872283,5068.31621396394,4932.19381845106,5638.52088010139,6067.69167532281,6679.60250894934,7194.08208943452,8019.20719361569,8357.83142375063,8714.05696772766,9050.24720773826,9607.10463215236,9693.8008753986,9725.25817029813,9636.34328960675,9319.75221450044,9195.87701555093,9097.60772361438,8966.56060232434,8915.62450298328,8670.00866472502,8027.94169042824,7355.0797110614,6587.29372094134,6205.70065181083,5878.90658139107,5916.04774379931,5816.728744193,6161.68586251189,5900.52369478379,5051.49200732649,4817.56644194962,5056.87942722049,5322.17846747871,5179.65081736913,5764.98049518428,5881.39707312762,6340.92427843427,6469.84379724236,6964.17628457485,8174.97758247503,8668.03420565189,8693.40325911116,9615.68543645103,9087.49324179825,8125.75017719594,4839.69022418272,3852.83161236463,2951.25311625122,1506.0577947273,1050.78454469486,697.204711298918,695.328339288981,537.775582190317,392.342719625864,270.137869617025,516.661584445252,396.126044506359,346.137127848081,578.638188839123,157.425729161298,143.56374980672,131.648831570643,96.5010442443236,134.38266871494,54.9601176447736,49.7803985423522,45.5939278861591,49.1962539986878,40.0583621984397,29.1765339134344,104.325418272229,112.776760728253,88.807404047387,50.5663425378794,44.7039378029742,53.633360774,67.2961739061693,56.6453730036696,53.1766064890233
"CO2","1A2g_Ind-Comb-machinery","coal_coke","ktCO2",0,0,0,0,0,0,0,0,0,0,0,0,0,0,0,0,0,0,0,0,0,0,0,0,0,0,0,0,0,0,0,0,0,0,0,0,0,0,0,0,0,0,0.341957934748714,0.358305254174015,0.338650305915579,0.349209274882894,0.427192985448729,0.448438139876941,0.479351747817394,0.532973499862255,1.65019932319084,1.73115820305254,1.78152899547476,1.80263474718916,2.44510773716279,2.81403394841534,2.54704988521593,3.18376937050743,2.50850108659005,2.50422588304014,2.89732972552107,2.96531731275276,2.57432169451913,2.35994295836548,2.7811855164728,3.26534671096255,6.05857992466081,7.01768009897817,7.93515887786224,7.63667569819424,7.90966382809677,8.51080778412844,9.12999586796034,10.6166484279868,10.7037156666736,11.6923073326879,11.5831880401286,12.2602701103329,12.1824536097092,11.3966092189631,12.200626128757,11.2757837653356,11.6435012105175,13.9388722144675,14.3740435106198,15.3221239664142,17.807073713163,20.1878598349143,22.6534710225633,25.2914876228472,29.5961205833688,31.9200107856249,34.4016042849866,35.1900680968263,38.0893536115302,42.0539738862872,44.0728571623749,46.446382322424,45.9123597657954,47.3509653778983,50.810296213182,59.7045493306804,70.4706656431329,77.9263391364975,89.20637006214,103.374337201998,110.758560233638,117.432609683252,127.559631000636,127.907837719449,134.686672340957,149.356051319103,168.991903098343,188.531341565979,213.162350996844,239.899859447191,242.146799756712,268.569597318532,298.815919914354,315.86676337734,321.941383395681,375.535640385688,417.984912962204,448.03962841803,429.250415085731,473.586071450849,488.000605399966,477.114943046576,504.398464255013,541.12367085616,589.095157371663,611.86996070598,657.384074225752,711.997038662361,737.064007202448,762.729402991363,775.49682775157,803.798382751243,886.769919277573,957.964846494046,1002.67485432125,1076.08814842127,1048.79098000798,1101.90243111156,1151.69035082018,1204.82397184356,1299.5663616455,1390.23950089745,1486.56672180923,1587.95073741287,1703.95749687144,1718.1986297312,1689.00118532313,1809.53751240191,1885.99762480224,1985.13272143017,2116.86535701091,2386.01153900951,2440.99734518222,2478.27037488095,2499.03893471791,2622.03150570389,2906.40572020146,3132.35281544654,2726.33396878909,2584.79522206051,2906.51991621992,3059.32521424992,2703.95009929553,1378.81898042773,2107.21418349125,2265.6538848412,2275.40909144358,1467.2689260724,2036.07981828093,2064.41434816583,2030.60613988308,2456.47909549582,2565.75334398569,2811.91952814652,2393.39775388404,2183.54947881437,2037.8631468698,2194.52377453489,2500.78055971267,2783.75556055279,3127.88427200585,3507.93379271406,3756.78313068392,3932.28721860315,5506.50199819311,5353.55331466824,5093.47179676953,5585.7067043398,5053.48974294401,2049.90384301197,3031.7175960118,3336.53427213846,3573.64104189844,4126.49914953658,4604.73500163472,5055.86808663641,5277.5906873141,5479.47452288916,5718.50586800777,6158.43226943916,6420.73909845835,6650.46979058211,6619.05385291295,6634.0371819564,6760.11894929595,6661.02051197473,6615.10755231576,6779.34569170809,6828.78221329646,7347.09927027652,7303.24289753693,7217.77996106545,7201.47806723728,7301.39768911636,8400.1708391985,9847.3109191661,9896.51563126892,9666.92674249653,9789.65926818332,9072.93498599842,8999.57950490475,9201.95140265777,9398.19079683513,9142.75852571277,18316.1061111319,16654.9434423088,16712.223728975,17253.5621075999,17776.5220669209,16223.3805806526,18021.7896194028,18139.2911202121,19155.5502141026,19154.1654039016,23754.2025119454,23048.7925133795,23502.5516754201,19415.2247674532,19234.0716187813,20270.1093494217,23009.1645077614,15095.6962978103,16216.515265245,14566.1900354614,14559.6893226217,16096.6221246035,16249.8065757322,16029.2209661069,14782.2995339193,19757.7305065794,20131.5005673334,22894.9480656951,25548.1027592441,27009.4824230119,27851.9969042197,41954.1574751276,31402.8124813829,28394.2698612153,27830.5510810616,27101.3930936891,26078.1209601493,18176.8669709312,24711.7156560814,22266.8918160674,30976.9597072451,22343.4840416318,19929.2970918435,20832.9119803345
"CO2","1A2g_Ind-Comb-machinery","diesel_oil","ktCO2",0,0,0,0,0,0,0,0,0,0,0,0,0,0,0,0,0,0,0,0,0,0,0,0,0,0,0,0,0,0,0,0,0,0,0,0,0,0,0,0,0,0,0,0,0,0,0,0,0,0,0,0,0,0,0,0,0,0,0,0,0,0,0,0,0,0,0,0,0,0,0,0,0,0,0,0,0,0,0,0,0,0,0,0,0,0,0,0,0,0,0,0,0,0,0,0,0,0,0,0,0,0,0,0,0,0,0,0,0,0,0.000691852990637588,0.000760646258147171,0.000829382798446604,0.00149677644791242,0.00225563011988688,0.0027607576405635,0.00331147591627213,0.00508007526724035,0.00992628931690025,0.0100372867165325,0.0105616238914321,0.00914976301461012,0.0105819078323515,0.024731639199809,0.0405877311667872,0.0673468219234817,0.114442412892591,0.169173132911372,0.21096783577522,0.272389065904678,0.319033046739453,0.454571074905128,0.508666893339833,0.578623971453589,0.867237154740374,1.13174732967909,1.20781640631667,1.56943265456818,1.74429318033773,1.78796442729724,2.2351978414211,2.80356609215791,2.98049944233703,3.60192079001749,3.36207944540407,4.70573637453009,4.76865838479759,5.54031433760314,6.38154880015546,6.95391030867046,8.27272503562027,9.47361548266678,9.11024277168626,8.36918257620944,8.87634652419401,6.61816203759001,7.65997220098431,8.21988405741689,8.36679403340155,9.10054857956301,9.58094563378302,9.19959869300703,9.49507829182654,9.3453424729702,9.89176817984751,10.9918156130547,11.9338393235868,10.7500725418806,4.61336045228078,5.63160214227682,5.02105638605097,4.9653181461051,6.18434949851598,7.05117840100475,7.39969862740201,7.98036627039557,9.63173767707556,11.7433348544676,11.6170778258462,14.4326574970422,27.0364748698801,33.0745820422234,31.5549534693083,32.2017937475494,36.8605135358313,39.2153399503648,43.0927928036713,45.5324090984775,48.7674994826129,49.5621703833017,51.3806814170928,53.5214924461773,51.6175940461642,46.4058418891884,63.4428330122472,33.4617465027155,43.0360885911754,56.2524537558553,64.4310249016218,74.0842151170524,83.8739008250338,96.8389417292543,121.488659572798,149.464946103714,189.67218297491,247.985506628692,321.414329430449,383.022708708486,472.305260936743,571.080664173739,710.340134123009,921.39458995985,1085.96248652684,1310.40171000229,1540.84989851967,1802.72194089051,2160.18844306681,2361.33134116616,2772.01586947789,3165.7333609212,6234.81178869035,6711.17662636758,8159.89104940168,9189.85501896262,8917.6436371179,8995.30073599945,9721.89931866522,9665.93205271445,9584.05495785128,9733.7362350915,10731.3692162698,10580.0310458147,14016.3221229051,13023.9387653768,13238.6317003414,15722.0407793668,16247.7417050141,16262.0302420396,16591.0786537006,16476.6672476139,18631.4265510844,19691.9378640668,19420.1986455465,17123.4613537938,16433.7433103969,20558.2396599713,21628.7284183393,19254.7364752823,18651.0037961111,19077.0227011719,19465.1832061493,19888.6115822163,20637.7418469736,19872.672640413,21638.7073922238,20624.990693531,19796.1657197569,19786.6023546749,19573.0205345101,19015.1575713929,19933.2406192657,14077.273400716,12368.6188393972,12798.9702680876,12129.534712347,11813.9436646408,11138.1325321788,9461.35585446675,8020.47551544419,7714.44783281993,6678.41661560238,7229.90400199818,8221.30618216635,8613.00163169083
"CO2","1A2g_Ind-Comb-machinery","hard_coal","ktCO2",0,0,0,0,0,0,0,0,0,0,0,0,0,0,0,0,0,0,0,0,0,0,0,0,0,0,0,0,0,0,0,0,0,0,0,0.0071932351488002,0.00739875615305164,0.00760427715730307,0.00780979816155448,0.00801531916580595,0.00822084017005739,0.0084263611743088,0.704532813897761,0.738005920365525,0.698212671298861,0.719906204703669,0.878812347413228,0.922252784934259,0.985368992846164,1.09469737200504,6.55790965066754,7.07973820384315,7.31175064946082,7.51696330357709,8.86600840079836,10.6686360022489,9.76462558383573,9.86470539097818,9.68313995867195,9.48213200986129,11.2529343059802,11.6908990174677,9.66964624671242,8.58075971175317,10.7116748158873,12.67238055691,19.3597434906387,22.1111251200595,26.0098898300724,23.7631445802571,24.3171701462395,26.5555934408584,28.8560227269852,35.589959982468,36.5965950726237,39.4120159780136,38.1316230643355,40.7630706241581,39.5998243752485,36.4198914624506,36.2936944715045,32.6725274479858,36.2365711744515,41.7932641814281,43.4944499322901,46.8390998317829,53.9432734987165,60.534132034122,67.4138800728042,73.6019936223624,86.6811970298192,94.0889188272553,102.113635891071,103.495286106808,110.877384491751,126.28369833825,133.581773812545,138.930637395244,140.455101131936,143.277423086867,154.24502874848,202.778139668096,273.981097381116,340.563902609537,432.766586366497,552.321971317525,587.129396134243,615.489070775173,665.040556067489,651.377222329145,675.806980545853,790.268771996741,931.541114412744,1084.29710090261,1284.32339646677,1510.76469425418,1492.20472142886,1634.75098188672,1799.57813866458,1876.34709704255,1872.60964090835,2193.05955425404,2472.2782488098,2669.66468154336,2516.37491036801,2854.90737217817,2913.20850594357,2836.77950401537,2967.36113156266,3169.47665218748,3479.22226154804,3685.43481787656,4050.90386670134,4414.21356284004,4634.95164137906,4845.72709120361,4964.67159962636,5229.96459342072,5823.87697524973,6300.91813228631,6626.59578075762,7067.67663846438,6833.18313739279,7103.66355533099,7389.18473717745,7642.61235934551,8320.49542853954,8974.5587588185,9556.33388427111,10328.3092485572,11176.5508618696,11160.2640753192,10997.3892230362,11845.1536285138,12343.5646755828,12938.2779427775,13605.9602964626,15342.1648426255,15433.5683227633,15381.0178843857,15443.1222515611,15968.2616720666,17412.0866919091,18603.6964883545,16073.4786151738,14957.9537718496,15878.0589173553,15592.6969334524,13237.1468454964,7230.71077228574,8973.65200923602,9518.49375463817,9459.20351837627,5832.44852447,9051.08515561981,9372.96239083184,8985.48604255486,10769.7771489182,11260.1292622335,12251.3191464458,10565.2366196152,8891.46101576932,7995.42314103745,8229.32279183536,9031.72373059721,9638.0443714665,11409.7469213161,13447.4827228484,15004.0037190142,16565.152772259,23993.2490229004,22743.6780979269,21157.5663899326,22177.2572886925,19486.0764862092,7111.07069087781,11163.3367996706,13392.5212446958,15466.1278907078,18426.4475171561,22046.6664248922,24782.1701935341,25607.7566803997,25050.8246960116,25105.307007072,26847.3542266205,27632.7241842157,27193.3708321264,25497.937228695,23950.1470526585,24038.2096030587,22929.6268856994,22497.4132594771,22492.9403304208,22017.5616402491,21406.1917925484,20432.6728630888,19453.2644060237,18945.2522006525,19073.6718343931,19674.9475926924,21931.1839782853,22080.7374696138,22814.6666382181,23881.4543758174,24385.2611935024,25218.2198284577,24758.8308481656,25620.325987973,25369.6093263447,73510.5631638822,67248.2976623738,70817.4210609355,71713.1525191481,76026.3229952116,76611.1339423894,77856.9355784408,82886.3987454065,84564.7988671041,81795.8548194381,84309.1216310241,75400.3609510798,75050.4899556898,59377.0772684433,57166.0719505266,53587.7488249183,48138.7705189654,44002.7827239212,41592.5080096357,30750.4612682616,27485.3513891245,26362.8497012965,25821.2816512405,26581.8055908782,34212.7261270002,39051.8894716604,51081.4144953204,54852.5674958576,55345.6648073015,53256.2280055776,54892.3200381732,49975.6701740964,39101.4095022734,36636.8580905711,31553.2830772859,28004.0268562803,21807.6728684427,14774.1795585599,9794.02568409297,7037.72287289433,6255.59903701131,6153.00309374666,5503.17021185542,5674.16851624433
"CO2","1A2g_Ind-Comb-machinery","heavy_oil","ktCO2",0,0,0,0,0,0,0,0,0,0,0,0,0,0,0,0,0,0,0,0,0,0,0,0,0,0,0,0,0,0,0,0,0,0,0,0,0,0,0,0,0,0,0,0,0,0,0,0,0,0,0,0,0,0,0,0,0,0,0,0,0,0,0,0,0,0,0,0,0,0,0,0,0,0,0,0,0,0,0,0,0,0,0,0,0,0,0,0,0,0,0,0,0,0,0,0,0,0,0,0,0,0,0,0,0,0,0,0,0,0,0.0065971749893503,0.00726129522375582,0.00792621736516713,0.0143199031549548,0.0216030950836074,0.0264688005305786,0.0317818053174286,0.0488057901672744,0.0954609558852099,0.0966243054198464,0.101771379133347,0.0883375251720468,0.102357032726902,0.239664502810767,0.432928854624115,0.695466465227669,1.25512270806033,1.9341355266303,2.47931999746201,3.62658656815171,4.35206793769662,5.98885681009748,7.6147499449167,8.13860337499213,12.511477339664,14.9433780394925,16.567446612392,20.6260616073278,23.5206478032849,25.9129011072646,31.0083467507987,37.8001479034243,41.4222467599915,50.6228330369774,45.7371032414644,61.8741988986321,64.0848000220038,75.3376749391734,83.8769634382785,91.1668205770769,106.687097579881,121.775330438899,116.993602962073,111.433122474337,119.385666756427,94.0780532734498,106.98963775464,113.64866475913,120.988358036743,137.741727374399,132.97504025178,127.395646738077,130.38160004563,129.846534919851,129.79143109832,141.815772150885,150.736194240682,134.96493229337,69.4762009158758,79.6073029862269,70.5186901540176,72.9509000541481,86.9529631028643,97.7151762868178,103.566259900803,111.552797914091,120.316971483764,136.946688147287,119.935986490044,147.02392890073,271.463168189469,331.313637409653,315.784022140126,322.035371119031,368.295246011918,391.748463288245,430.294156424049,455.182482404618,488.789339404607,496.964198017622,517.359659313282,536.444329516826,516.324729048477,462.845742448924,630.095688022772,331.266043234471,385.369744504474,471.916310707348,550.677967258041,637.282881465519,760.100388225403,845.484868715265,965.039662557641,1095.70655903154,1265.36140047734,1511.54748464367,1765.10686678535,2023.00613804147,2289.78718744807,2564.71561087606,2869.72217843615,3191.64662281193,3671.49647991921,4133.42621307351,4535.35558168065,4957.01973945681,5428.4548213908,5846.98218441541,6468.10435888185,7041.50771941053,19961.264125011,21769.8727551086,21685.8274646639,24870.6719550707,23464.1644370011,23414.6874325552,24522.1513661579,24509.0593456666,24343.0854333909,25680.8748208127,26502.1936501863,26055.0920312823,26475.7456753453,24448.5970609618,23451.2257964551,22668.4699405843,21991.5891126046,21510.7222753472,20969.4530716394,18488.6634975795,22016.4038138017,20710.0270308,19023.1652698397,15394.0110130506,12745.9803927828,11566.3416365586,10674.9961981525,11864.3635049152,10417.5096753888,11021.2513495086,10355.3831133546,11367.8467599234,11669.2312639147,10033.5924453784,8963.04957182581,8598.87662950296,13399.0527399484,11327.0342750079,7613.09814769795,6611.62255631005,6238.03134823744,5971.18048532845,6294.54094273582,5233.41633493298,4184.84941479643,4332.40224487553,3811.25820672383,3299.53243432187,2844.31625641828,2549.21059626009,2015.50887044209,2351.42701551578,2175.61938818749,2242.87598857531
"CO2","1A2g_Ind-Comb-machinery","light_oil","ktCO2",0,0,0,0,0,0,0,0,0,0,0,0,0,0,0,0,0,0,0,0,0,0,0,0,0,0,0,0,0,0,0,0,0,0,0,0,0,0,0,0,0,0,0,0,0,0,0,0,0,0,0,0,0,0,0,0,0,0,0,0,0,0,0,0,0,0,0,0,0,0,0,0,0,0,0,0,0,0,0,0,0,0,0,0,0,0,0,0,0,0,0,0,0,0,0,0,0,0,0,0,0,0,0,0,0,0,0,0,0,0,0.000736060357630576,0.000812814740932203,0.000890090366844172,0.0016131263984432,0.00244104033118642,0.00299982033271775,0.00361254896083681,0.00556357214289606,0.0109126225028,0.011076058644814,0.0116975599892,0.0101793310790152,0.0118238318208698,0.0277507477160606,0.0457287314897395,0.0761783296966246,0.129948371654138,0.192812998603967,0.241321361910158,0.312679314483841,0.367478732123402,0.525945780497403,0.591092829380583,0.675218962032819,1.01614907596064,1.33133697402054,1.42629109156625,1.8602463155514,2.07501617504203,2.13447288249291,2.67753250819019,3.3913314466848,3.63959438823049,4.43887490593756,4.18020778886059,5.90134015774474,6.03031142824723,7.06302458345503,8.19959098205275,9.00339653232161,10.7905270838825,12.3873868023603,11.9402678924662,10.9936175527179,11.6848012927443,8.72996610220649,10.1239818249174,10.8843363089893,11.0987110182177,12.0927540202848,12.7520179617216,12.3114303803375,12.7765254623711,12.6441483317874,13.4571801932201,15.0363023819747,16.4153086544517,14.8690545925005,6.41650238017215,7.87640313380024,7.06174664049666,6.87290646636994,8.42557501660461,9.45614549246416,9.7689314649821,10.3807084052255,12.3459217289701,14.8343230617548,14.4634693090409,17.7117815658285,32.7074481719755,39.4540285011109,37.1324502062937,37.3969664957241,42.2631712862073,44.4087572413356,48.2159320638395,50.3541629661363,53.3241734040865,53.6003675982652,54.9770185311683,58.689463279628,58.0180048999277,53.172569885351,74.5435229311382,39.9766422257359,47.6758832781266,60.8229956821399,70.4555983533806,85.2136188798938,98.8558579745756,109.18961689732,120.373452257711,129.866690390258,143.026109791372,162.841151152057,184.554072423495,201.890190312508,217.527533044732,231.708601765725,252.56739876159,263.827230038132,290.530374601345,309.214714303587,316.388638563895,339.991449429025,360.371386457993,373.660646624248,387.147015270031,395.22049180889,995.826297639473,1008.00160229019,1196.70861892931,1243.18466367146,1131.71806781812,1151.22247986118,1303.40795399632,1501.02853122527,1455.1680257697,1579.51173161063,1874.01344546634,2009.39809561944,4156.77654757149,4186.01599114932,4428.97103879615,4541.407296051,4316.70550004427,4421.7553251705,4628.38466119984,4477.42140419354,8966.73379535533,8695.31885182538,8473.09318043952,8574.15128465208,8253.57429225314,9539.04790240594,9597.78811616235,8189.17103888019,9959.84252208467,9121.92968346802,8388.29583957886,8258.94707831229,8408.50630645633,8086.02833761297,7092.06904660151,6823.79450726111,7083.54848667145,6225.36070423998,6510.47024205088,5862.55896121733,5763.92544867733,6426.75685685793,5328.41650478023,5558.09973790761,4769.24946260419,4653.67236843019,4883.63622145958,4416.38000675942,5045.89477241859,4166.65020821102,4227.80904720617,3991.86839006966,4047.8362696504,4133.0363505202
"CO2","1A2g_Ind-Comb-machinery","natural_gas","ktCO2",0,0,0,0,0,0,0,0,0,0,0,0,0,0,0,0,0,0,0,0,0,0,0,0,0,0,0,0,0,0,0,0,0,0,0,0,0,0,0,0,0,0,0,0,0,0,0,0,0,0,0,0,0,0,0,0,0,0,0,0,0,0,0,0,0,0,0,0,0,0,0,0,0,0,0,0,0,0,0,0,0,0,0,0,0,0,0,0,0,0,0,0,0,0,0,0,0,0,0,0,0,0,0,0,0,0,0,0,0,0,0,0,0,0,0,0,0,0,0,0,0,0,0,0,0,0,0,0,0,0,0,0,0,0,0,0,0,0,0,0,0,0,0,0,0,0,0,0,0,0,0,0,0,0,0,0,0,0,0,0,0,0,0,0,0,0,0,0,0,0,0,0.254092869919913,0.23484339088195,0.167090054435725,1.40686780827011,2.41504579996697,2.90358919580173,3.0757204443507,3.43246635969446,4.32257907476974,5.50360365834779,9.18526970291039,11.2413580567869,13.4297331488637,17.5722727465123,20.9636467133771,26.4688577916026,28.4440456921567,29.0488230053561,29.3922171028918,43.5358359592657,0.00779447229560015,0.220587273940859,0.032701620608608,0.241351567126523,47.9984177637201,55.4109918053959,68.3157960674216,76.663432442119,79.6871289040416,110.566887700881,126.954133889137,139.160133994128,159.850031745608,186.501536501058,231.531156226097,311.160948321373,467.945103636442,684.609768662444,889.70411848406,3804.69998755326,4077.27058609377,4553.84404371635,5114.18525634312,5806.21503562885,6569.3641509657,7141.31319967106,7825.33876592473,8581.82529198165,8979.71661340526,11975.3307778709,14456.4036953249,16599.1808860172,18691.0709436065,20583.3558225051,21581.7027354948,24068.6222078542,24508.4580087109,25932.5302224478,27187.5519328223,29135.3894721788,28443.4664392714,30600.43359336,31676.260047814,31941.2081538292,34060.7382233961,34610.2499415256,35818.5784989719,36453.4707145246,37297.9459288877,40762.1850271926,42657.4178443444,40449.5012115096,36687.4215272558,35608.3393313325,59903.0458360825,60492.6293820353,61782.0971465367,57926.2708707204,57811.2382348187,63074.8044026005,61839.9837,60081.3048,56516.3181,58454.1243,55740.6795,58830.2748,59328.6672,63090.6771,53784.56055456,59737.18282224,60529.7019785472,61824.4263348011,64006.4459826746,65855.4204557636,60675.3287893109,66423.89598797,69578.6595923255,79347.5981397226,85742.3635919307,88643.0807506404,85867.4059027482,85878.6274248039,87295.5524406507
"CO2","1A2g_Ind-Comb-mining-quarying","biomass","ktCO2",0,0,0,0,0,0,0,0,0,0,0,0,0,0,0,0,0,0,0,0,0,0,0,0,0,0,0,0,0,0,0,0,0,0,0,0,0,0,0,0,0,0,0,0,0,0,0,0,0,0,0,0,0,0,0,0,0,0,0,0,0,0,0,0,0,0,0,0,0,0,0,0,0,0,0,0,0,0,0,0,0,0,0,0,0,0,0,0,0,0,0,0,0,0,0,0,0,0,0,0,0,0,0,0,0,0,0,0,0,0,0,0,0,0,0,0,0,0,0,0,0,0,0,0,0,0,0,0,0,0,0,0,0,0,0,0,0,0,0,0,0,0,0,0,0,0,0,0,0,0,0,0,0,0,0,0,0,0,0,0,0,0,0,0,0,0,0,0,0,0,0,0,0,0,0,0,0,0,0,0,0,0,0,0,0,0,0,0,0,0,0,0,0,0,0,0,0,0,0,0,0,0,0,0,0,0,0,0,0,0,0,0,0,0,0,0,0,0,0,0,0,0,0,0,0,0,0,0,0,0,0,0,0,0,0,0,0,0,0,0,0,0,0,0,0,0,0,0,0,0,0,0,0,0,0,0,0,0,0,0,0,0,0,0,0,0,0,0,0,0,0,0,0,0
"CO2","1A2g_Ind-Comb-mining-quarying","brown_coal","ktCO2",0,0,0,0,0,0,0,0,0,0,0,0,0,0,0,0,0,0,0,0,0,0,0,0,0,0,0,0,0,0,0,0,0,0,0,0,0,0,0,0,0,0,1.52795191941348,1.60099575187056,1.51317262257392,1.56035268556176,1.90880303027919,2.00373159074872,2.14186117274926,2.38145631189836,1.2547059830221,2.35515992318922,3.3877171203973,4.55565462440941,4.14247947170928,5.23892096080136,6.81112168227416,5.54349703625608,8.61024501872029,8.94321298247359,9.23449213867177,9.79978207951507,10.2897465368888,10.8109307191253,11.3118960980531,11.4316324631635,5.92306965636505,4.75837679406204,5.07191967640043,3.52567136533432,3.58720134480597,3.90120834612273,3.95953234216941,5.55876793379411,7.06274958201733,6.35753000790624,5.28731451752719,6.80404986532166,6.51331371062926,8.19401268965123,9.45080432745238,8.19072370192768,10.3306166117507,10.6626211889027,11.1583874700634,10.7714368798467,13.478646740845,14.7342990933883,16.2467812208769,19.5758473108691,18.9429977542558,21.9170894523814,22.4870780889259,27.0167292850062,31.3598926584197,30.5661950436793,33.0189480957674,37.5034165145649,40.6781484585169,43.2342443336922,44.3982754122716,57.0922811377635,65.2369167072331,73.7485666541778,79.8220527003558,83.6659885159635,91.2968531208193,100.34504089643,103.886439952858,126.55873681968,128.141589841502,136.427265221775,154.298544442343,167.860925146928,186.919197855333,205.234107569021,211.409873451693,233.660338993358,252.105574484058,268.759904469657,277.50394565656,327.528649503367,363.870974790026,404.712896137652,497.311159873052,449.17834610355,475.92643324993,472.593995755465,488.682881436957,517.694920451953,555.633056451472,573.28755850859,596.578401572614,655.958846555286,682.710063298631,709.590251872974,726.383350648354,751.837665256174,812.653428359687,874.555900858724,957.758786224169,1027.97762331143,1050.19050585918,1078.87133154965,1121.16538292304,1228.94782153811,1329.965522556,1439.62664037353,1554.46521541175,1649.90915968908,1876.1519102792,2000.15614622528,1942.31037665088,2064.73293090356,2165.41092018398,2256.40030373018,2674.8379608443,2750.57455691692,2819.72321099819,2901.11595076554,2943.1205577283,3089.98508120107,3437.93008766239,3693.38844243885,3298.4357123698,3449.8577080414,3788.32696469368,3718.26682614295,3845.40291709272,3412.04102849586,3936.94697646113,4469.36551546282,4945.28521352039,3300.99151471837,4330.26602325898,4904.70878377203,4955.77211877602,5499.13823382751,6001.27728053412,6375.74826884727,5159.83996793425,4626.25148948121,4271.58955098522,4486.07294094588,4925.2158005197,5335.44817455242,5907.8443601012,6871.1287894527,7329.2948396512,7893.07462249468,8868.32625991624,9638.17858092421,9951.02121712899,10182.6638706872,9568.20637514974,4480.31959727222,3896.19220852812,4290.95467411324,4645.25992577959,4995.10494268178,5345.03680733082,6065.26793950672,6269.47739549166,6599.88305409995,6772.1874053807,7118.20778608861,7022.91183017241,6889.36761880126,6618.05845162229,6300.66944884201,6187.79691438249,6095.2199543571,5953.08634561527,5753.48983668807,5415.46561488146,4750.46015154734,4025.33528388855,3311.82448346682,2858.29381978557,2436.38670209074,2111.97617002005,1783.20631384219,1681.40312067838,1694.90047333539,1595.82660740494,1385.91590543756,1410.68190644155,1339.63394471417,1298.087350285,1371.11991794759,1404.9206070295,1495.34715016226,1573.8722102143,1642.14783220201,1793.89161607651,1844.70722780791,1786.53129156614,1943.68382115322,1841.02844059687,1716.78110085322,996.164561474276,486.6878155272,266.681351916788,45.7535005636168,53.3842377525233,70.2124751037135,49.6883800751725,51.2038129595955,33.5789513155167,44.981320364281,32.9078839119744,28.3551339730641,35.2372451307276,46.8059239527283,29.3874020005581,60.9735565306763,113.898309452272,45.7161003828771,110.074504949745,89.1943363552326,111.81266567968,111.08899272333,66.6184971018922,106.604065007942,287.113678825743,292.980818804096,174.554530529923,312.587943510676,163.842645356636,189.969613094512,142.951054345786,130.490420347529,180.412620870795,159.808633246257
"CO2","1A2g_Ind-Comb-mining-quarying","coal_coke","ktCO2",0,0,0,0,0,0,0,0,0,0,0,0,0,0,0,0,0,0,0,0,0,0,0,0,0,0,0,0,0,0,0,0,0,0,0,0,0,0,0,0,0,0,0.416369319082784,0.436273879165425,0.412341937276182,0.425198579197264,0.520151850252974,0.546020033395395,0.583660563357118,0.648950618414184,0.893468988320553,0.867193608084401,0.883289329427366,0.852292048071698,1.62009416918619,1.70138108641895,1.50255881644252,2.69621325157714,1.45682794050176,1.51897374307961,1.65804730228266,1.63608289320116,1.58884192914049,1.55620483961234,1.623587555711,1.87192451351021,4.92214625839611,5.81029167146688,6.21671034490978,6.42686793614512,6.7598624970728,7.13676576417461,7.52679349004045,8.03958034346656,7.85548051147949,8.77812753946436,9.01559512692861,9.40152573752726,9.65841019985016,9.25464790876873,9.90659079283631,9.73534317616093,9.04605969262656,11.7035199743355,11.9305390792327,12.741118835789,14.7570957160836,17.1663116141043,19.57554672702,21.7983061335377,25.5480503128803,27.3590336452932,29.8739076924868,30.8687870282577,32.9261223057387,36.1228534119183,37.7480784918592,39.4529294598985,39.53006661654,41.3335889965691,44.043629357045,51.7724475970214,60.4723010295347,68.2458862304705,78.484871844726,89.6653900818709,94.9265494387405,99.8602545492635,105.888317202264,106.655559343731,110.882146927644,126.297432300776,141.543896404935,156.575057365013,178.399736951719,202.426900691003,199.971028780202,221.076573930767,245.802556512274,258.658598418135,256.068555743876,297.294499877982,334.928838550801,358.72851489561,320.27351921788,372.968630829044,380.637860560515,375.037977245797,390.943814526957,418.863759790927,467.468531102089,492.093203601444,536.399373953842,571.701063101643,591.654708300914,608.607229408608,616.59562291855,647.89347649025,713.911340396387,766.807442982223,799.34828310567,854.308261182265,829.333795109494,860.992641198796,903.408367739964,937.2544624346,1015.06926989293,1086.8055192359,1140.40831330891,1219.91529669668,1317.92983279091,1307.46004005986,1292.5965063299,1406.27314016317,1465.4756097263,1536.7502496771,1625.68232143887,1854.01156231733,1872.46583872087,1875.7648036767,1906.29743178975,1976.75467447305,2159.91204477842,2335.13481331791,2058.66157961015,1936.08432531506,2181.35434205735,2267.30808484333,2172.53069881986,1562.26278493853,1756.41090555768,1904.24955486094,1902.35440718484,1078.56432678287,1791.94578613567,1843.39519059704,1700.97093322627,2028.09879639599,2096.41545734542,2268.39217824798,1884.39950097692,1573.1137119383,1417.84083591064,1501.61085758,1688.59910885924,1879.65004609551,2089.15678852687,2442.47237201152,2626.72413605452,2879.63067612614,3256.08448836106,3332.57739823574,3393.55521032908,3498.31154925684,3229.60533867489,619.888185329998,1243.1001831036,1425.36066781421,1640.16573576728,1901.67615962356,2241.49006960551,2508.40466349569,2560.12464518352,2591.12321747067,2611.61222346856,2752.46994470115,2800.4445455688,2764.20486325023,2624.19443062968,2499.19719011165,2554.63053346206,2512.00011142226,2513.51904564135,2492.35574739334,2413.99633875871,2255.65593441117,2097.41769122432,1971.5841935698,1937.37426581265,1932.07686108981,1882.68649201423,2123.13649264374,2162.9644499372,2398.86850467539,2215.04716332096,2221.17454136611,2254.87512061442,2202.79240723066,2723.61954106824,2653.15469354903,2738.9379861811,2291.63938888531,2484.65179730746,2432.56908392371,2401.93219369797,2303.8941449756,2809.40283370031,2095.56329144057,2447.88752903658,2745.06536422625,4828.37389957653,3854.12079039801,4362.69316814529,4586.34246679319,4684.38051551556,4381.07530228073,7178.22337989074,5324.08715107423,4626.17042408665,3458.90490648598,4074.70640002334,4028.75106468473,4307.54676573896,4678.25313747041,3311.84783340243,6571.6129534211,6936.1919471074,6421.49219131498,6461.32014860845,4889.64768002801,12996.1688337586,7447.82801387725,6755.43429477554,6985.21097146858,6976.01990440086,6323.45414259261,5900.66505747741,4613.91566799635,5447.23908213646,6237.67084996054,7061.80319703293,7401.87267853864,8106.52115373065,8311.40650828064
"CO2","1A2g_Ind-Comb-mining-quarying","diesel_oil","ktCO2",0,0,0,0,0,0,0,0,0,0,0,0,0,0,0,0,0,0,0,0,0,0,0,0,0,0,0,0,0,0,0,0,0,0,0,0,0,0,0,0,0,0,0,0,0,0,0,0,0,0,0,0,0,0,0,0,0,0,0,0,0,0,0,0,0,0,0,0,0,0,0,0,0,0,0,0,0,0,0,0,0,0,0,0,0,0,0,0,0,0,0,0,0,0,0,0,0,0,0,0,0,0,0,0,0,0,0,0,0,0,0.00128966150293614,0.00141806619190541,0.00154639142080649,0.00279107041587143,0.00420658834374777,0.0051491737130438,0.0061769896274952,0.00947698798253427,0.0185195720675606,0.0187285056975076,0.0197087572259836,0.017345603502393,0.0203667884696686,0.0482986480577599,0.0803822151343661,0.135188260018951,0.232729770541585,0.348367493238497,0.439716703681818,0.574402352583859,0.680394498210088,0.974815294803856,1.09667285294749,1.25398974914274,1.88896212462609,2.47719023551936,2.65628506387137,3.46754578138574,3.87123054258702,3.98551990273279,5.00365417515227,6.42838359128701,6.99255280548541,8.63784307562058,8.23382753573984,11.7589604554316,12.1488239445101,14.3793864979331,16.8613123372398,18.6923350264344,22.6088806314277,26.0483396277483,25.1946849304929,23.2736950842859,24.815074656339,18.5960197638825,21.6281442071591,23.3174417535016,23.840544882256,26.0429379051003,27.5311157940896,27.4832936031061,29.4557308922918,30.0717739782335,32.982425193499,37.9405259135287,42.6035145375046,39.6586068106782,17.5733755347337,22.1336027146791,20.3463396591115,20.149822510113,25.1325291497427,28.6950813862214,30.154310996286,32.5696747458754,39.3677530397575,48.0688166118822,47.620718878778,59.2466635842922,111.1419711957,137.948607680426,133.429586335658,137.949616690217,159.873473338644,172.10218202324,191.254191281499,204.259044953551,221.024326364131,226.839168854717,237.382271737869,245.150001681315,234.374154723398,208.51268391219,282.918596423999,146.873960436175,170.422917895538,208.090815504578,232.503723974582,269.973976896068,299.761892088662,330.558038624478,380.25092558511,430.417615139101,496.341928072755,595.325986955088,708.55378923178,816.165537104811,935.055874869703,1043.11571912606,1180.27310597795,1313.00643677452,1478.08936116415,1632.46563463922,1782.29710944131,1919.26470477865,2111.93051741302,2315.68917389679,2546.42934887857,2669.60252155898,4374.18105037606,4484.95394549876,5137.17216641112,7278.0898349442,8604.21435678664,8530.92419122573,8797.45123352732,9243.77658684262,10115.3579654819,12195.1159479713,12473.7759855953,12457.8884431566,13412.3690068555,13702.0286699607,14203.7521037869,14181.0794783783,13886.4457098738,14987.879058752,15461.8971152122,17307.0994611003,23245.7309837725,23271.1297647968,24332.5948000414,24581.5896831641,24274.6275909875,26381.681129476,25661.7414343254,27353.039238231,28462.3778170133,27418.1676901174,27446.8577853634,27118.5155842145,27787.9511399551,27972.8428648739,29598.6149288153,30459.317786196,30602.7682624261,33474.9655753893,34007.326231621,35001.9162001499,37599.9637140955,49535.0433364417,56299.5302377821,58837.009772875,61568.9443979686,63918.3444197819,61685.6484814392,63089.4005833689,62550.9178200981,65724.7822053183,61275.5125841109,65978.8427609136,67741.4535146993,69911.2398607668
"CO2","1A2g_Ind-Comb-mining-quarying","hard_coal","ktCO2",0,0,0,0,0,0,0,0,0,0,0,0,0,0,0,0,0,0,0,0,0,0,0,0,0,0,0,0,0,0,0,0,0,0,0,0.0215797054464006,0.0221962684591549,0.0228128314719092,0.0234293944846635,0.0240459574974177,0.024662520510172,0.0252790835229264,0.954250881077053,0.999247521336295,0.946504380577976,0.975786674419205,1.18811520126152,1.24640859618216,1.33095013017467,1.47714025396092,5.10389830721039,5.39066375405117,5.55207152653197,5.64012089796841,7.39263174846544,8.59037085807192,7.79906509045167,9.30588730026811,7.69500389683484,7.64821604599887,8.89652592760676,9.13739064392533,7.84859164521558,7.14581530627147,8.5268318698158,10.0232012139751,17.793421434881,20.5464669384263,23.4156248814608,22.3010417994516,23.0424522118622,24.8637823548252,26.7388009352682,31.464981448261,31.8561686657978,34.6900263643392,34.1975678388871,36.2694032815752,35.8718642431119,33.4450814687239,34.0777462829438,31.6622827490108,33.0167365294792,39.6155674244998,40.9823910762175,44.0076417068106,50.7709192789424,57.7097501616072,64.8228447018386,71.2659654012791,83.780025836995,90.4864116458172,98.439458709143,100.4855166415,107.448676115566,120.738871064235,127.446060152785,132.839390932381,134.011019687677,138.017871029611,147.706167171854,208.88448205032,291.952993828135,377.608537311663,492.548528736456,634.16057862426,672.145459093187,704.004836694577,749.601616693165,742.815740972003,769.081729295467,919.101564168297,1090.42426464943,1270.36894791363,1517.41268163574,1795.89590413383,1759.33765778516,1926.24716731776,2113.740081453,2195.94371350899,2175.21426728421,2544.23221313593,2884.99309903127,3114.08733897768,2858.65124108229,3308.17335091921,3370.9427317071,3301.17577562539,3430.12428482263,3670.00864045651,4103.47870899658,4388.04404990654,4863.11961814809,5288.08698775518,5588.21774655119,5842.98311520193,5985.72255488795,6361.87110904521,7118.22830447614,7660.7221952967,8081.04300261221,8602.22794885626,8326.56060562021,8717.0265723525,9120.81662347134,9464.07024673989,10362.7978328514,11167.4258884264,11909.4599826521,12788.2697815247,13571.3430532453,13657.8283503412,13655.4663248658,14874.0807228269,15543.9166580309,16326.7539475381,17164.5604447917,19376.2493218963,19406.1448825496,19373.428544894,19677.8146776359,20180.3442436673,21783.2884625751,23310.1018339903,20327.6599948772,18952.1607531085,20274.1977071623,19945.1775875194,17810.5997288858,11861.6032695293,13117.6352924994,14084.5197941439,13878.5033281097,10020.1240805384,14458.1077041276,15169.9938924966,14414.2898840862,16343.9941434303,16586.9337027663,17660.4886497708,14967.3972558746,12092.0210019122,10471.0016690464,10607.6350814921,11502.479016566,12105.7684894062,13794.6911536195,16338.3855992603,17908.6299837926,19962.0191824405,25265.6378819768,25674.854041784,26441.1871687051,26906.4231759559,25555.7831978833,9688.69501346946,14168.2332605444,16104.1031402469,18634.8183601625,21623.7612345246,25091.8178537485,28225.2715180995,28983.065273026,27550.8621877946,26738.353635961,28085.1536965523,28343.6855838853,26743.906819613,24210.5562919107,21586.7950313932,21662.7777392148,20281.0202049119,19609.4161541312,19000.8667875049,18103.0740651793,16773.9955495241,14439.6627644254,12644.5105420175,11868.23859775,11706.4861644946,11417.4290191957,12277.2369269678,12034.6111787093,11362.33415631,11010.9664991863,10332.9957345169,10450.5232551781,10764.0132249222,10576.9879953092,9810.10846154385,9421.74315830267,9339.61600349979,9062.95137538665,10167.2919405765,11604.9448589794,11082.8453493778,10677.9903192546,10722.4930551605,10584.3544991842,9531.74306786776,20117.2911122505,15295.2576335371,15767.9700780187,14665.2771255625,16939.4409329448,20050.1188295073,18675.1326110315,18760.9954677448,20835.9839730344,15573.0904392555,16328.8874960773,18279.6405827075,18567.1409141518,19658.2900413229,24145.5750697508,27834.2241150002,33222.2462340374,35012.9029490248,38847.3697197843,36864.8404991093,35137.1279370847,35058.1006966759,34757.2934499522,34739.0938621648,32313.621008545,27969.0246410846,23417.3257112822,18884.2276033561,22919.6969527716,21006.6997628352,16007.0362613524,21223.6952808322,18177.1522408011,18618.9572405662
"CO2","1A2g_Ind-Comb-mining-quarying","heavy_oil","ktCO2",0,0,0,0,0,0,0,0,0,0,0,0,0,0,0,0,0,0,0,0,0,0,0,0,0,0,0,0,0,0,0,0,0,0,0,0,0,0,0,0,0,0,0,0,0,0,0,0,0,0,0,0,0,0,0,0,0,0,0,0,0,0,0,0,0,0,0,0,0,0,0,0,0,0,0,0,0,0,0,0,0,0,0,0,0,0,0,0,0,0,0,0,0,0,0,0,0,0,0,0,0,0,0,0,0,0,0,0,0,0,0.00218871964463647,0.0024175617982764,0.00264805423262766,0.00480026795073259,0.00726564169953883,0.00893087316986722,0.0107574631774321,0.016570864573233,0.0325097653088558,0.033003592479686,0.0348626657441409,0.0303517443896775,0.0352707823480057,0.0828166449764687,0.175430215198536,0.268051097489703,0.465342766804527,0.704801808412454,0.896831496631229,1.17460493408259,1.36167252849899,1.96488494993926,2.28432119088975,2.62747679367638,3.8600195279748,4.93383509328655,5.12494742314858,6.59592564384446,7.42316638348394,7.76903202841899,9.55616607790203,11.7936056170717,12.7265126717815,15.2462439266812,14.6899545506811,20.2212677806126,21.2519911943023,24.4327196403701,28.0387959042228,30.525671653639,36.2199527827045,41.044503170112,40.0050682032711,37.6572019455535,40.2018768187758,30.900766549159,34.8497570976486,38.8462364094934,42.1029278224129,46.699862006498,47.2985498830652,44.1515339847621,43.9511506303463,43.0348749250252,43.8066598699364,47.9359062123143,52.5761623892162,47.6461799543988,21.9861059776747,26.6365573222353,23.6631780796354,22.347423908382,26.7894565726937,29.8763008138044,30.7008654819424,32.8148125475995,38.4103691295046,46.2524282457226,45.247431725637,54.849147916357,100.125933632359,120.251273225013,112.991975126571,113.820333768456,128.407553961433,134.995982325279,146.699839661482,153.722335383558,163.287590711972,164.198479980234,168.732923832011,178.422551860274,176.054080174721,162.323806472877,226.059319690096,121.040833800027,144.592145467656,180.786228220502,214.513763282567,254.911752765546,604.169262264692,693.715715726075,797.54372884156,860.718489319495,1002.94192258159,1157.56451084211,1275.98273214845,1365.6792247282,1534.26540914218,1622.67667084584,1803.32243702711,1944.38483884548,2191.40713399357,2400.36969822998,2574.94713842806,2736.10892418563,2993.55533593935,3135.23888075609,3478.5999320654,3728.80842769491,8517.61555995025,9439.75021361773,9186.73270100122,17387.8022335261,19866.8884174371,18343.6424662195,18286.7677963021,18976.7524528566,17640.5380732357,20931.9998979545,20797.7382781159,17662.2888735516,14594.9499473933,13937.4223407725,13906.1440497635,11171.7659012054,10015.7139605537,10236.9884983193,9827.97243431846,9529.82175067975,14693.9391445309,10750.3847426802,9968.43643884402,9188.43783587185,9614.7428206016,9212.45443549547,8855.93537444485,8843.14550445891,8875.12755758828,9189.70132510012,10255.7921587813,9307.81481923054,9115.82606693176,9101.56352903464,9952.47218293031,11714.5483165636,14051.2707782158,15177.9673170755,13456.4539332628,10877.2551990536,10346.4047931745,8443.94810192704,9889.17903721588,8740.15061574889,8435.62668984097,8149.93929543252,7675.88658602947,8679.06526733778,9460.85741781399,8521.28379023899,6749.75712063941,8090.29027901757,9167.1119964033,8776.15445611428
"CO2","1A2g_Ind-Comb-mining-quarying","light_oil","ktCO2",0,0,0,0,0,0,0,0,0,0,0,0,0,0,0,0,0,0,0,0,0,0,0,0,0,0,0,0,0,0,0,0,0,0,0,0,0,0,0,0,0,0,0,0,0,0,0,0,0,0,0,0,0,0,0,0,0,0,0,0,0,0,0,0,0,0,0,0,0,0,0,0,0,0,0,0,0,0,0,0,0,0,0,0,0,0,0,0,0,0,0,0,0,0,0,0,0,0,0,0,0,0,0,0,0,0,0,0,0,0,0,0,0,0,0,0,0,0,0,0,0,0,0,0,0,0,0,0,0,0,0,0,0,0,0,0,0,0,0,0,0,0,0,0,0,0,0,0,0,0,0,0,0,0,0,0,0,0,0,0,0,0,0,0,0,0,0,0,0,0,0,0,0,0,0,0,0,0,0,0,0,0,0,0,0,0,0,0,0,0,0,0,0,0,0,0,0,0,0,0,0,0,0.448328073036749,0.938541028328961,1.63542533926254,2.43162302984605,3.14754321808581,3.99812793139239,5.2798362963942,6.26643713533033,7.63086166531003,9.06031598595739,11.5417520354468,13.9111009682139,16.4926300301533,18.7259618811261,22.9220297805196,25.5007270009938,30.4074847267347,33.968661408171,270.065258024703,370.273554746621,373.704957531425,571.231301009027,565.286763144643,593.499709144562,578.054185940826,622.041579161143,531.408690674996,384.45621110594,463.147054004374,472.572354547626,422.43447578782,362.981112458383,350.664981941688,372.57158485085,553.901667628164,529.924028713958,544.236250797974,689.906699543508,760.26612232817,801.729670296424,986.812398300212,1243.03365118938,1450.2011948748,1636.58687849316,1600.18074439972,1659.67865857504,1700.38775774764,1850.69827776953,2254.65780032836,2345.47040617493,2339.20746784068,2326.68159117219,2458.20329619134,1287.68021188879,1236.93032101348,1221.36083339841,1271.46398801347,1099.14567766008,1371.58349519976,1803.72624026269,2426.88860452012,2624.17116204885,2746.29845956663,1875.75003110652,2282.84102283247,2642.95997705158,2962.41042294423,2190.9117363868,2037.88497840274,2117.46732476379,2133.80789653432,2166.91833537576
"CO2","1A2g_Ind-Comb-mining-quarying","natural_gas","ktCO2",0,0,0,0,0,0,0,0,0,0,0,0,0,0,0,0,0,0,0,0,0,0,0,0,0,0,0,0,0,0,0,0,0,0,0,0,0,0,0,0,0,0,0,0,0,0,0,0,0,0,0,0,0,0,0,0,0,0,0,0,0,0,0,0,0,0,0,0,0,0,0,0,0,0,0,0,0,0,0,0,0,0,0,0,0,0,0,0,0,0,0,0,0,0,0,0,0,0,0,0,0,0,0,0,0,0,0,0,0,0,0,0,0,0,0,0,0,0,0,0,0,0,0,0,0,0,0,0,0,0,0,0,0,0,0,0,0,0,0,0,0,0,0,0,0,0,0,0,0,0,0,0,0,0,0,0,0,0,0,0,0,0,0,0,0,0,0,0,0,0,0,0.00435267515608149,0.00400669606821046,0.00283944221467866,0.023814387746044,0.0407233743964794,0.0487768388741546,0.0514769214326206,0.0572381618544453,0.0718227147568923,0.0911235574671895,0.15069734356765,0.182804695329654,0.216525780622651,0.280968130235095,0.332499412601194,0.416540583088954,0.444232282862625,0.450337551690268,0.452400448765813,0.665433996776599,0,0,0,0,0.991724965582374,1.17796638099409,1.49592791447072,2.77260556095637,1.82214530277519,5.95414362737474,6.85859997794251,11.3263079692718,17.7836743203866,25.9463386578291,36.5613008906737,47.3838942346098,61.9322303499535,102.300126484259,141.011531128588,255.677082242444,327.516428706756,447.254669911941,523.133623817222,747.440657976894,926.478389729471,1052.97964408343,1286.78864420826,1511.80061746047,1791.51148649696,2280.53533359726,3112.4008560261,3371.21434867612,3802.60483179274,4411.4774361557,4404.11064420864,4582.84691422052,4607.7239647366,8231.08202895236,8172.83545575563,13644.0646682798,14250.8905432102,13023.5298666317,12665.9779799096,13266.7364063051,13255.8324846278,13023.7330697322,13583.6006226401,10180.6434962138,11082.3132644081,11169.8304191965,10760.1699749851,10096.0476513435,12501.4774316964,10746.1836408924,11300.7613223845,12015.7118631849,11239.6684927998,10134.1101613061,10550.7536982876,11024.6517549154,11700.3843,18539.1987,22366.2285,23284.9782,15139.68087984,21496.5102,20256.9246,21539.034,17109.6024,18294.8271,19244.318753969,19517.508050566,19594.1554590846,19451.7253206632,21651.3095731198,20733.8694207538,21124.4333734434,24340.9534825375,32078.642799038,34796.5570733925,26359.0911586739,25316.6414716838,25561.3171576478
"CO2","1A2g_Ind-Comb-other","biomass","ktCO2",0,0,0,0,0,0,0,0,0,0,0,0,0,0,0,0,0,0,0,0,0,0,0,0,0,0,0,0,0,0,0,0,0,0,0,0,0,0,0,0,0,0,0,0,0,0,0,0,0,0,0,0,0,0,0,0,0,0,0,0,0,0,0,0,0,0,0,0,0,0,0,0,0,0,0,0,0,0,0,0,0,0,0,0,0,0,0,0,0,0,0,0,0,0,0,0,0,0,0,0,0,0,0,0,0,0,0,0,0,0,0,0,0,0,0,0,0,0,0,0,0,0,0,0,0,0,0,0,0,0,0,0,0,0,0,0,0,0,0,0,0,0,0,0,0,0,0,0,0,0,0,0,0,0,0,0,0,0,0,0,0,0,0,0,0,0,0,0,0,0,0,0,0,0,0,0,0,0,0,0,0,0,0,0,0,0,0,0,0,0,0,0,0,0,0,0,0,0,0,0,0,0,0,0,0,0,0,0,0,0,0,0,0,0,0,0,0,0,0,0,0,0,0,0,0,0,0,0,0,0,0,0,0,0,0,0,0,0,0,0,0,0,0,0,0,0,0,0,0,0,0,0,0,0,0,0,0,0,0,0,0,0,0,0,0,0,0,0,0,0,0,0,0,0
"CO2","1A2g_Ind-Comb-other","brown_coal","ktCO2",0,0,0,0,0,0,0,0,0,0,0,0,0,0,0,0,0,0,0,0,0,0,0,0,0,0,0,0,0,0,0,0,0,0,0,0.265871346951414,0.265871346951414,0.265871346951414,0.265871346951414,0.265871346951414,0.265871346951414,0.265871346951414,131.394144657151,133.744720075324,122.887922752612,123.228238781326,146.612056589718,149.793972238061,155.905761519776,168.841049319024,89.6112946880206,161.653399001552,251.040497470945,294.894851421859,286.91552414858,323.354100388228,409.122185831679,360.665208484682,492.838524430407,500.085908092618,529.240506929408,547.450304867329,562.770679908948,575.437202252658,589.595362975482,586.700431927491,315.306122262403,257.415609643193,264.882633409075,244.543269741643,264.519208175274,281.677929596997,284.392377557106,344.359875405434,415.415258563106,388.104574843326,354.541059369606,433.030321175689,417.117871258259,475.68149976053,515.016803857308,460.154676711332,543.141497614359,540.979923380943,599.322731601416,598.360640339188,701.384712234574,751.622962987656,824.178844280013,950.255777058352,947.484850220954,1080.33603101216,1130.73022514281,1211.16847431639,1388.89480866199,1441.16333776641,1596.74272604841,1724.03005502939,1813.08343360751,1855.1571361262,1923.65128922477,2207.54511874287,2505.56040345665,2828.09439662446,2991.40954809213,3231.78667747103,3487.73672821681,3790.35387097793,4362.90909315357,4535.14643953336,4661.25278408703,4942.62196396401,5293.17214310934,5476.30689557075,5691.61475247074,6110.53082150889,6051.00108122894,6809.10807250562,7250.59147642731,7644.1489387258,7924.46793504016,9374.6425506361,10096.9403293303,10873.3364854858,12008.7749250904,10949.5574226203,11637.2933649419,11360.2206974912,11644.5562635659,12559.2650116666,16538.6255204048,14077.835838105,14657.8643070094,15989.93139065,16196.6487911242,16585.2455666872,16639.0043309175,17264.0305122752,18452.4243042612,19082.2480123882,20543.7633136248,21905.5582951164,22010.3805022891,22977.6940485647,23520.0406334399,25129.4721342918,26367.6473849644,28053.954619766,29826.4895986807,31571.0846705014,35321.5508521174,36947.2922118646,35674.6761682212,37228.9495748792,38791.3166969918,40106.7697813119,45762.7097034462,49631.7453269233,52897.9666804781,49994.4849438075,53832.4587624151,53811.6235444668,58070.1398695489,64331.463288162,54769.797312051,50901.2795822801,49332.1835452011,47977.459040263,47266.0827757139,42351.1403116203,50217.9532895934,52246.5031429978,54722.0953338501,47690.241707423,53386.0997767585,56137.5131025874,57214.1841885934,61098.8119323177,62922.6154132014,65644.2103323831,56134.453000311,49809.2056310407,46039.8947702792,46755.0861363816,50657.0761876217,53185.2121241573,56967.3254403897,62461.6965939739,61419.3641638404,64863.0073923581,71427.1352283093,68632.1164927806,66189.8186293461,67474.3151906724,60770.7362543939,43651.4819630973,45048.4444159792,49586.7900618116,51836.9279138624,50670.5907536183,50968.1170865126,53151.5654431575,52344.4903054743,51388.9314756528,52155.0784474116,53735.3846755458,53037.9651609657,51533.259118421,48657.2798938941,46214.1816743662,45640.6388316178,42314.3742629895,40794.9099704284,39901.3233639108,37539.1591663802,34746.2122913672,30593.1824840777,26937.372375703,24567.5204294019,22571.0692480531,21602.8553931004,21201.8891679369,18761.1960728675,19730.6849992929,19560.0610315695,21511.1902086809,19056.7006653621,18328.4645918132,18613.0861293981,19066.7515749418,12236.6052246397,9489.89854598655,9352.13933387469,9211.24268526363,10791.4808523564,12480.7334065601,11302.9313842139,13574.4162463904,14611.8901785939,14970.7472677716,14740.4575850005,19077.9412231257,14932.5602037376,15419.8892472031,11639.5994424203,11010.5887484139,12635.26463981,12433.4024436381,9837.01406254364,8162.37613437341,11058.9815083646,8356.97086939049,10671.6800774712,13134.7082079185,11950.2900257277,11240.8846814009,12940.9979040697,14113.787119274,8473.45709957504,7996.18186115411,8186.08337206324,9767.85914442337,8003.01648084926,7290.08368753009,6201.19447882254,1901.22210310995,1418.52236476904,789.850145808739,858.258708928831,1051.33573887263,719.383014302,647.486577594,465.690356470569,497.84462404535
"CO2","1A2g_Ind-Comb-other","coal_coke","ktCO2",366.177443778552,365.099196099696,364.163589858309,363.084919668609,362.148045894685,361.210327099067,384.938257246669,383.92490900963,382.910715750896,381.895677470472,380.740532817654,415.822325367113,414.695321712514,413.567473036221,412.438779338237,411.309240618562,457.486151703696,456.20873418794,454.93047165049,453.651364091349,452.371411510517,500.090012136136,498.654575563995,497.218293970161,495.781167354638,494.343195717421,543.784831090358,542.182925244913,540.580174377778,538.976578488952,537.502948712215,599.39649963925,597.584183392523,595.900565725352,594.086136924397,592.496987295458,670.468093485825,668.515691730553,666.434168884879,664.478809553685,662.521760179106,737.522764592156,763.137944934767,761.411953840868,756.756749000878,754.601372977387,789.957291711116,826.119253068606,857.467187442834,900.350072379332,966.601314809678,965.613413420026,1505.99863875093,1073.28694918107,1234.93476974509,1152.51499435213,1193.54972073979,1261.61057513491,1182.62038709894,1179.39454717789,1303.9103379939,1368.49167674679,1409.8973687885,1405.78094018659,1434.06203590916,1482.93991340894,1683.19819064639,1735.39606862462,1737.23163739552,1781.49645533108,1819.56266937002,1846.68895548362,1914.11242566019,2002.7452056753,2086.20350147567,2150.16861436505,2180.09957894924,2354.12091722624,2378.0465726107,2374.29838127471,3211.37444648711,2998.76548196304,3050.99961537632,3135.32284056812,3225.93196201925,3307.68750911408,3819.1703169044,3873.11153791272,4019.84919501074,4173.26304988756,4433.65990309171,4609.12032133667,4845.34300080057,4934.33276638565,5260.20051074888,5762.76638032307,6068.46430510866,6602.47647927694,6541.45859636932,6798.95186175884,7224.33911977391,7419.36850904639,7891.32462040135,8414.09942643667,9750.15521052652,10040.9649621819,10597.6032370359,10703.7268072398,10997.821267067,11380.2211242911,12298.6762619427,12964.2056493123,13366.9394346608,13984.4152909071,14882.0545174168,15750.898364633,15979.7726277801,17102.7799687847,17741.4718369564,18688.1442081268,18973.9196396461,20236.6600874608,22516.7242589574,23730.6800341223,22394.108168695,23547.7280920008,23770.3445861463,23827.1270706051,23913.2135212926,25607.3843332782,29850.68279723,29363.9208036923,30980.1041629833,32898.1435166412,32992.6778513886,33050.4881838307,33024.0488924678,34590.9286832681,37840.599151614,37764.6320519842,40719.9822253765,42435.564268508,42419.3208125137,41878.9006316087,43338.3480301742,45340.0205814121,46524.8977435541,48425.1967621037,50740.3543147254,54805.1878995678,57698.0436359464,58637.3406592465,59208.8272976654,64246.4625931474,64265.3804888318,67681.5755292083,72065.8419427851,80010.2811004944,77630.0470776686,78924.4091615864,83078.2983906919,83076.2864615646,86863.7646638995,92160.6450635625,80266.2810321914,76926.5115539296,79948.7330562168,80436.1810930687,80036.2124869085,68967.3985812553,79016.2862919878,67504.2330698913,70500.4354907175,73502.9783249599,73945.7727290161,74022.013981346,76493.576261605,78671.1144128092,76297.0985557893,81489.128892371,73580.1050212953,64437.6049438187,56016.4475270219,57960.81940547,61958.2768237993,62969.865110187,66576.9968514712,70803.3298688747,63529.5134470466,66949.1941633553,69448.8984010331,71278.5515982813,72352.2036203189,70287.0753828898,65158.0464220892,52125.9591865919,56045.051438081,62690.392389844,63472.8701229334,52397.1952124477,50725.6122229729,54881.6642203397,52579.028529995,51597.9334592758,49102.3455952072,51308.211466277,53184.6673739484,51927.8550877222,48981.2035936312,46634.051492556,53000.2977818622,49834.7323111708,48523.1638994259,52099.0057505106,48484.8629718442,49426.3987299398,47783.420508884,41656.4122922718,43453.2067211801,41848.1086618356,22632.4938970218,16916.9034902014,15452.9926410358,16727.9269516087,13070.3096435226,8993.01068168103,9731.88700712644,9732.45509839091,8366.65069987436,9510.1931628692,10505.0651755892,10507.0327517342,6651.69320984157,6785.24676300364,7203.65576801671,10810.1183886713,10275.8323850538,17166.0967502606,19864.2444676678,19113.5863831054,11140.8695714913,6369.11557296531,4958.62801847719,20111.3685357757,5205.97795314539,4185.12720012429,4859.65158502536,4574.18931747536,5821.08314076061,5606.57151782059,5490.13278711706,5269.54511882718,3704.0000282919,3164.79076031888,2316.1489010659,2692.98265084249,4528.13237536429,3633.53518077269,4145.17124754253,2481.58810828489,2322.27627911104,2015.90737685366,1730.98429775428,1936.25146226673,2573.49877896211,1369.46899309055,995.698932336531,912.979328727034,1577.79984662558,3275.08356513154,2380.48637053995,1718.72954166398,2193.60134016294,2291.86114436524
"CO2","1A2g_Ind-Comb-other","diesel_oil","ktCO2",0,0,0,0,0,0,0,0,0,0,0,0,0,0,0,0,0,0,0,0,0,0,0,0,0,0,0,0,0,0,0,0,0,0,0,0,0,0,0,0,0,0,0,0,0,0,0,0,0,0,0,0,0,0,0,0,0,0,0,0,0,0,0,0,0,0,0,0,0,0,0,0,0,0,0,0,0,0,0,0,0,0,0,0,0,0,0,0,0,0,0,0,0,0,0,0,0,0,0,0,0,0,0,0,0,0,0,0,0,0,0.260488356059376,0.267368801349678,0.270442095220296,0.434371093387898,0.595809700014836,0.676460346898126,0.759423314024565,1.0799176637891,1.96710099701049,1.87500821821423,1.86511980509438,1.53294002892991,1.68356230812614,3.72309476191173,5.79988597804381,9.14410448652577,14.8236767890497,20.9667557429432,25.0460320549059,31.0190113113015,34.8982481385591,47.7499830306857,51.3957606547667,56.2491766599034,81.200256265197,102.159337133758,105.236399252054,132.03727811173,141.806980824615,140.583255036415,170.056742262591,206.725483955215,213.087769684027,249.785680308909,226.295791639209,307.485601049998,302.676805460238,341.658542836398,382.471751541694,405.22054536678,468.845971277021,522.079406981735,488.396532256688,436.582360876727,450.66029929844,327.206320813444,368.671070591219,385.367730810133,382.116960185128,404.915676515292,415.448566455368,389.573612707009,392.667024763895,377.593026655101,390.85295186542,424.426802806957,450.38648890045,397.562247674002,168.170804398008,200.006014567268,175.393893106176,170.329309056128,238.772325956728,259.493197911586,265.829805805705,291.631284881608,350.67591577848,412.611712554204,423.256924467098,504.829184453029,872.057325090772,954.493484754669,912.72682627221,906.680253354291,1002.63175517579,1038.96946302036,1126.39185816671,1163.63600433245,1153.09139301004,1140.55331926943,1143.09859665802,2357.63565334334,3281.9913562125,4540.8083982325,6699.71130747774,7707.70909549667,9677.86310075215,12542.7968364776,16049.1151125852,17440.6108730549,22770.8712655924,27439.25327118,31783.2740911849,36768.9670547636,42282.7037890375,49871.7074484843,59899.4999594773,66065.6890840694,72803.7272235052,80581.8126622841,85850.8354627976,88459.2143512051,96813.2494634283,103138.257121464,110357.986676595,124841.27522831,140042.532444176,150203.363398406,163799.845665227,178725.657678052,163652.83403122,163503.376505469,162109.600636195,177772.289862666,166490.383477403,169844.362359707,171790.687775749,194944.11993535,200608.184066941,215772.233504233,192326.77294515,179244.566058426,168755.36236355,157948.658621932,157730.023781517,147706.878502317,146730.883009131,158277.115602368,159827.760833473,153356.841208696,143162.020997138,149956.72858235,138589.478946797,129343.856049579,122858.275209128,95155.3873484638,109639.473238992,117488.763555143,102877.801634837,102713.783618451,103446.036454443,108690.1088785,107899.055420394,105852.067300482,111976.219504303,102563.248763979,105041.245214828,110940.858397109,111015.747073838,106434.904472236,106356.138603485,98702.2921911592,105718.086538581,109276.035042111,106497.925241905,104140.247051047,102531.042952545,99694.0356378303,99583.0300349797,95725.9238241754,92818.2587591945,98247.2643231775,115507.098520499,105722.575990689
"CO2","1A2g_Ind-Comb-other","hard_coal","ktCO2",2972.61874648873,2964.76620521759,2958.07232917526,2950.2167108895,2943.51360380336,2936.80434268799,3130.70143236351,3123.4413856339,3116.17518487511,3108.9028300871,3100.49027215789,3387.26143164409,3379.17366798583,3371.07975029836,3362.97967858168,3354.8734528358,3732.75418348706,3723.57100262955,3714.38166774281,3705.18617882687,3695.98453588172,4087.25024919154,4076.91626487187,4066.57612652299,4056.22983414489,4045.8773877376,4452.08846857087,4440.54214049695,4428.98965839383,4417.43102226149,4406.93874091984,4916.17800888745,4903.09932754042,4891.07776994023,4877.98370352016,4868.60965227942,5511.10364550792,5497.11148387505,5482.05912148072,5468.04542074563,5454.01941195213,6073.56470723444,6084.62238334622,6069.17118397094,6049.95950075646,6034.07279884472,6292.04129609626,6588.08817024914,6840.12439198382,7177.1100909245,7808.48326374975,7835.67642211839,12201.906464835,8763.61689202923,9026.95225118089,9187.61552745325,9594.74290084516,9619.48477724159,9553.36177850455,9514.32743385025,9754.45733164858,10350.3846987032,10628.5011879052,10667.1959507399,10923.6147013454,11215.4537790939,12049.5934177675,12250.6828163029,12364.0356252795,12422.3596801645,12512.9379212025,12657.9326266019,13134.0854957554,13900.7958645959,14554.4526993862,14794.1310256542,14956.7706910773,15732.8233132718,15818.4964531502,15963.6898788581,23649.3190489546,21896.3547784169,22514.1331271815,22700.4559704049,22713.0852679194,23407.9987902018,27116.7031564182,27134.0156646731,27711.4689756575,28895.4640000632,30695.2373517489,31195.1757123192,32776.2431461948,33656.8595044648,36175.8312995984,39525.8362151875,42415.1619242191,46684.1601527997,47821.8577589387,50063.3711788704,53647.4638903359,54475.0515793233,57252.935671354,60056.2442836147,69536.3666658916,70603.6819390208,75460.5236588541,76807.2399704994,78933.712269038,84642.4508222575,93362.9207273819,97170.6865440385,99100.2277133454,104837.421350261,111733.023048107,118858.481114612,123766.666918049,133111.872530909,136757.875769345,146456.084068937,152510.522053267,163936.704607099,183414.227731781,196597.782549908,191546.769630045,205203.916250367,206779.599491804,210578.720676977,212547.64103153,227580.725104176,259398.565141279,263722.318176573,275614.847582392,291935.950290783,291646.905406838,290343.406717594,290466.642289494,303263.615979488,330957.093555294,329807.060048401,353345.292240479,365148.254005834,364593.410732389,351315.708339391,367894.806062281,383169.949603757,398661.050253944,419431.073419705,446352.165411546,491429.803485133,523286.071302018,540169.462121145,557638.86959083,612005.90764724,615413.421709702,656594.893380014,716326.052324857,796585.983381744,762486.020223853,795141.877301844,845564.935159353,832674.590246627,824812.672175148,841331.671004006,732612.990948718,698255.724052952,739589.790042001,762154.331780725,762051.341873661,672665.666824001,759392.672186168,602338.076947651,621187.728734643,629186.455666535,610155.042497959,598927.259361242,637215.694092179,674348.561176482,673114.67965005,737369.27359117,692486.454101144,609990.243442417,530911.306628449,564366.022486029,609234.67633648,626580.842562306,683928.530311632,699164.089459984,611239.149331696,652076.894936186,707206.910285469,738728.26246048,732971.769356151,696440.591369766,652769.074366859,529141.876111333,503566.258016774,543565.202171893,534508.434955029,457582.227174656,474000.417810969,510600.839589375,498304.962172211,487412.417040113,470481.052584121,503036.94218649,530721.045855139,545788.448895926,679986.502980215,774527.511812523,824631.653785935,666970.634590912,583741.381636733,572201.714888792,551546.945689067,550387.575111944,560864.201674916,520492.195001502,521293.634302517,531551.841394078,570396.357479635,448181.51212951,458842.146741594,465515.937507056,466855.979475299,520761.938483365,534315.66395945,589775.367387016,650992.946133698,662857.135254317,212569.182793936,216641.17409612,230057.379496195,229880.331290116,266310.335906116,247331.963485135,248774.797499869,252411.274710083,260547.917399786,239928.41685383,239625.625615569,229837.466348794,228187.049628191,202876.603093754,180466.553714456,156107.015168093,147835.644322968,150466.447159383,148897.8908116,141730.172389826,140722.787304687,136700.491242702,137731.177516362,168105.620402388,167097.907271595,357878.841792524,388916.868227075,358380.860901741,353437.054547186,382640.323160875,482951.364543351,472244.521182952,474393.837161557,411018.217598872,374350.28275626,352221.270026342,311188.785396428,338414.58119383,329797.506028327,327852.605215777,325075.815905995,332599.502234968,300690.009789666,316944.503722977
"CO2","1A2g_Ind-Comb-other","heavy_oil","ktCO2",0,0,0,0,0,0,0,0,0,0,0,0,0,0,0,0,0,0,0,0,0,0,0,0,0,0,0,0,0,0,0,0,0,0,0,0,0,0,0,0,0,0,0,0,0,0,0,0,0,0,0,0,0,0,0,0,0,0,0,0,0,0,0,0,0,0,0,0,0,0,0,0,0,0,0,0,0,0,0,0,0,0,0,0,0,0,0,0,0,0,0,0,0,0,0,0,0,0,0,0,0,0,0,0,0,0,0,0,0.884578413227223,0.884604205270686,23.6694143000216,94.0186523134671,137.085053355828,127.075037253484,114.194710848244,130.789056414438,188.161724619055,183.705112486854,209.791044615003,236.089025588986,291.330367185512,296.252748236313,343.328249624601,526.653998074623,567.213101661287,518.45207375179,645.263440954808,1009.3288173466,1297.21195617166,1829.40658044763,2414.26033560761,2686.46047733874,3031.56190101287,2675.66246724534,2966.24116768903,3134.36757473807,3599.01918762094,3837.9790580704,4062.58908041087,4717.52542218063,5726.36742193422,6738.51574125294,6616.01763345193,6913.30515548103,6839.48526666959,7710.27939498841,8426.85262622757,8739.66711116043,8899.80781049495,9251.27423833298,10335.4848386543,10954.4866391508,11672.8911233642,11932.7064908685,12935.6068820488,12807.0591926947,12697.207766306,15230.0770217343,16423.7658558892,16941.4306146794,18020.1139917212,19300.1518381864,19371.6858985945,21420.976128572,21763.180288425,21618.8446456813,22688.8155066164,24611.8862125453,25848.5768489922,26997.5545117982,31539.2408885808,32679.9221365866,37616.523503787,43602.7265966724,43669.9798645172,46697.6025028733,46650.6074358084,50751.335604971,51761.7353735261,55124.4047016618,51460.8469694877,51119.0611604352,49539.6200167023,54740.9227714961,59079.3256183927,64574.5912530775,68863.0648825053,75099.0624622014,72499.0781437361,76747.5404786208,77782.1652882165,77108.1340180141,72261.7081826335,75642.0521835635,83275.7797901387,83204.3874400722,94146.4935622985,108400.417495058,121592.007653523,122525.096629161,148574.498692891,161978.245289697,169278.326536182,177300.946707822,188675.658671136,207860.646770862,225296.777604482,235831.755963551,246343.107228151,263756.509963417,284315.673044743,295067.528399733,322408.33199537,349727.735030465,381270.835932945,408653.505042771,447636.764596224,467615.290905006,498203.644331527,543712.636293713,386899.042388693,344128.314104051,345089.116562626,341428.492752429,351078.983025881,345363.499569259,377841.741533066,415376.745031547,431772.933396938,447321.513177146,355430.8623767,324218.05906271,309164.050107594,335248.326482251,311528.89999621,278634.624719529,282111.398488886,272666.982883169,268261.955489046,247682.871646886,238193.890266137,250540.356309047,231428.815889253,214262.896595646,202407.69505054,177189.537693222,167506.191900026,165780.944021811,165035.341156373,159945.498720219,151668.815042032,157730.422794901,156226.827318508,161260.092987592,182596.573926882,183289.892562133,188231.400601515,199810.297110458,189018.261304001,196508.010914862,198654.917815291,175758.246262402,196642.740231488,200232.371204191,216195.218892518,233034.869048157,243818.356782424,227546.291018598,227942.271482284,250018.686668844,293817.090838829,276493.454658568,322639.269861561,383559.297050181
"CO2","1A2g_Ind-Comb-other","light_oil","ktCO2",0,0,0,0,0,0,0,0,0,0,0,0,0,0,0,0,0,0,0,0,0,0,0,0,0,0,0,0,0,0,0,0,0,0,0,0,0,0,0,0,0,0,0,0,0,0,0,0,0,0,0,0,0,0,0,0,0,0,0,0,0,0,0,0,0,0,0,0,0,0,0,0,0,0,0,0,0,0,0,0,0,0,0,0,0,0,0,0,0,0,0,0,0,0,0,0,0,0,0,0,0,0,0,0,0,0,0,0,0,0,0.0793369944579512,0.0792860205653089,0.0792298280963331,0.131947571454411,0.184572001904674,0.21074980451587,0.236865981406439,0.341791007729725,0.630318765088121,0.60336991245107,0.602651220867272,0.496934636541458,0.548209167928565,1.22456232070972,1.92418256143328,3.0619937733796,4.99763182501177,7.10561806272526,8.53370353653593,10.62377225745,12.0108291967167,16.5522902735637,17.9312858261745,19.76389858144,28.7253383626101,36.3796971289904,37.7054696384177,47.6138584838576,51.4605329349447,51.3262282936847,62.4697295278116,76.7855083917773,80.0223204953636,94.8290922895848,86.8212172117003,119.227097222304,118.573162789487,135.230752019551,152.940016653579,163.672836928336,191.268208959938,214.125058448711,201.35965887485,180.944212084103,187.775429359698,137.026348211058,155.264138662688,163.154113770331,162.662354806138,173.338408364239,178.82778043172,169.108725931959,171.940100133396,166.748735736593,173.954442617398,190.556738567602,203.997689691827,181.235805794329,76.7241851559829,92.4069637402489,81.3057354393262,77.7004402953549,93.7474462530108,103.313447550518,104.853562527915,109.54355654304,128.012450852992,151.172471104732,144.928439331686,174.429088856307,316.523824065354,374.921397420803,347.03763134547,343.61084862045,381.782653866011,394.480302365862,421.331575259677,432.772691790708,450.445887258333,445.46464215479,449.569521191007,1403.26465794916,2240.93419674135,3302.12560211106,4955.1310950233,5976.5286957533,7268.81085237778,9142.0042430371,11504.2448833022,12153.5684100682,14991.1121300348,17772.7533242213,20402.9785383029,23573.1659274524,25951.7869478289,30305.5810554938,35795.3559820678,39254.1214731428,42584.733842173,46105.0270774451,48753.1531025065,48602.8879460999,53846.4063453549,72575.9684020227,80124.3299440249,92713.7485886555,103666.820327668,99853.2653537056,103733.741035682,117253.032917572,88523.3371070058,84788.3145488307,94443.3184720425,93954.5480298977,87700.9369781547,76271.3472190279,75912.9613505769,112071.605515379,82545.5939180517,130504.362250515,123102.716298859,100261.917097171,110621.943010386,88365.3070875102,90445.7086936791,114709.029808205,111795.497756962,116856.1217048,108538.161335383,111411.216007317,68535.6265182439,67694.3951409647,66874.4578876287,66571.3017834642,66241.5491863155,27865.2692690144,29713.2324280853,30794.9877063996,35956.7386108926,39993.5347033083,35717.4123202408,39550.5522671442,40640.3668341796,42945.0726939397,40900.11879179,41993.1631271661,43919.0202995362,35592.5421281786,33246.9248222242,32041.5514622906,33553.6921257201,24071.6034876724,25158.9382692658,25169.0544138813,24992.2685754523,22662.4423624672,18087.3659093009,19997.5621012457,20337.8754779705,18822.1444829756,19824.6298476598,19976.2359848647,21334.1227538875,20817.2326570304
"CO2","1A2g_Ind-Comb-other","natural_gas","ktCO2",0,0,0,0,0,0,0,0,0,0,0,0,0,0,0,0,0,0,0,0,0,0,0,0,0,0,0,0,0,0,0,0,0,0,0,0,0,0,0,0,0,0,0,0,0,0,0,0,0,0,0,0,0,0,0,0,0,0,0,0,0,0,0,0,0,0,0,0,0,0,0,0,0,0,0,0,0,0,0,0,0,0,0,0,0,0,0,0,0,0,0,0,0,0,0,0,0,0,0,0,0,0,0,0,0,0,0,0,0,0,0,0,0,0,0,0,0,0,0,0,0,0,0,0,0,0,0,0,0,0,0,0,7.01589542009213e-06,1.58921113100157e-05,4.79518360445541e-05,0.000149079891649561,0.000302343086710548,0.000455933879867653,0.000637459628694886,0.000456712027377163,0.000429301059538058,0.000323091303775865,0.000276125422374186,0.00025464977813881,0.000230351874245582,0.000238467568813961,0.000228398433175854,0.000239479560132473,0.00027399598333131,0.000348154153373349,0.000363408182709153,0.000398284849248195,0.000417232118632613,0.000435627371903129,0.000447766536708195,0.000499341102273821,0.000545033371583238,0.000561202386438282,0.000547680362714174,0.000645687171763237,0.000674676561383835,510.958386288796,669.862107168059,894.121700689701,942.228055266219,872.984178682101,1100.16449266941,1179.76689322108,863.933025947887,852.040557874916,716.390081697042,610.743694445074,630.855048566752,680.898825347755,682.639693108528,802.737639302452,914.244020746226,1003.53885342558,1058.49048759733,1328.13411095313,1403.82614757605,1368.96680153858,1317.55438808937,1359.21020291469,1472.33554291116,1623.55141775245,1893.46354506419,2094.65161177027,2125.22138303913,2172.11290833177,2749.98440922294,4241.85094056242,7268.83421152824,10921.4547769492,15030.2475691923,20557.1563345979,24748.2366042829,31395.9290006751,39591.8969836846,46238.4349311499,61469.3394904526,78765.4237707547,91582.9382365099,104545.418369622,118396.941213985,137436.2665209,165961.072640795,196270.970326026,221840.943975949,239772.134008223,270876.486507199,274788.896107937,290752.890463539,310664.593121964,345732.800957532,363984.615062221,401031.626593974,490424.278079857,526962.809372294,506115.515034404,548014.643933213,575880.567278713,582682.530640321,626823.162165011,612974.678314585,546982.02257041,575044.793442106,589087.868364718,579359.353111012,600203.803135503,624649.774770654,630123.149158543,553926.83838954,555315.783040299,607671.188081296,553063.121832822,549282.414444231,590140.615167518,626316.927527793,619589.040922818,515500.95793038,484308.813355482,445744.576040567,406120.989846939,404471.296260812,233490.724733659,231876.904640586,272086.423265058,286929.589167035,287470.530295786,247432.223540481,259299.670718134,306834.660772136,306063.554087444,286478.232834774,298405.45874212,320096.039780556,336950.730130323,362652.609420354,344777.941017594,427965.004275183,424727.083355523,440925.519049003,441212.134095624,435025.62930519,440099.55612933,434368.674976644,427947.763146031,402373.092473163,441799.422922615,428815.799271063,471575.339927993,482748.017912575,488426.541208656
"CO2","1A2g_Ind-Comb-textile-leather","biomass","ktCO2",0,0,0,0,0,0,0,0,0,0,0,0,0,0,0,0,0,0,0,0,0,0,0,0,0,0,0,0,0,0,0,0,0,0,0,0,0,0,0,0,0,0,0,0,0,0,0,0,0,0,0,0,0,0,0,0,0,0,0,0,0,0,0,0,0,0,0,0,0,0,0,0,0,0,0,0,0,0,0,0,0,0,0,0,0,0,0,0,0,0,0,0,0,0,0,0,0,0,0,0,0,0,0,0,0,0,0,0,0,0,0,0,0,0,0,0,0,0,0,0,0,0,0,0,0,0,0,0,0,0,0,0,0,0,0,0,0,0,0,0,0,0,0,0,0,0,0,0,0,0,0,0,0,0,0,0,0,0,0,0,0,0,0,0,0,0,0,0,0,0,0,0,0,0,0,0,0,0,0,0,0,0,0,0,0,0,0,0,0,0,0,0,0,0,0,0,0,0,0,0,0,0,0,0,0,0,0,0,0,0,0,0,0,0,0,0,0,0,0,0,0,0,0,0,0,0,0,0,0,0,0,0,0,0,0,0,0,0,0,0,0,0,0,0,0,0,0,0,0,0,0,0,0,0,0,0,0,0,0,0,0,0,0,0,0,0,0,0,0,0,0,0,0,0
"CO2","1A2g_Ind-Comb-textile-leather","brown_coal","ktCO2",0,0,0,0,0,0,0,0,0,0,0,0,0,0,0,0,0,0,0,0,0,0,0,0,0,0,0,0,0,0,0,0,0,0,0,0,0,0,0,0,0,0,1.15016704354556,1.20515084752457,1.13904191589221,1.17455674647788,1.43685302538168,1.50831057607815,1.61228773068439,1.79264316552608,1.16030966473047,2.01282674242962,2.79883482103877,3.68896715442113,3.38074916410472,4.27726152790981,5.43631519269735,4.40118366650683,6.79037341146169,7.02798781620034,7.31293036634174,7.75871350478776,8.04458641916653,8.39273140033675,8.85600943075561,9.01213411057965,4.93341866188417,4.11078845589887,4.48427739863255,3.20939010251982,3.25559018017517,3.5606355145696,3.67492633442756,5.12969685698669,6.31793572692822,5.84144662677621,4.96420924802701,6.19074786230718,5.90388077351963,7.06204724271668,8.45916214609183,7.1842983949244,9.076947565343,9.28313319838709,9.72081935495711,9.43405203914974,11.7875280085509,12.777806765043,14.0070398185215,16.9923220731555,16.7965174401636,19.2657286739948,19.5740004902597,22.994671355091,26.9400633636082,26.2741521646734,28.1826416067332,32.2048651651397,33.7874748156544,35.701544934815,36.9444434724397,48.1801248100369,55.4711836863099,62.1450066052244,67.8043131900429,72.2148379860727,78.551995723362,86.3108300286268,89.8311551017273,108.636914865411,112.948070495407,123.731450100639,143.488122009144,159.504756202198,179.421946497741,199.042806789429,211.064862263237,235.656451638908,256.237945514281,276.143114871095,290.07480478242,340.523735756264,376.080384717913,414.203556851403,490.589796545182,460.411768763635,531.51754755448,534.951727814825,559.515710726932,595.109766282049,638.92797760383,663.640153145466,688.94368498199,756.387681870999,786.261609221456,820.480015895695,844.598923890003,875.863465104413,947.690128184171,1019.67860235371,1109.83474086561,1183.23012019687,1207.17527388313,1248.0314995253,1297.12124786722,1401.34113596762,1498.17067277828,1613.91202631531,1732.25557836809,1829.85170795367,2020.41130594272,2136.82671026619,2091.77352597687,2203.15038889132,2299.41981941082,2391.37741058292,2753.1574359252,2863.90331493971,2940.66763289818,3019.21953046431,3044.22628847031,3183.61929139476,3523.78928470463,3774.13681170992,3366.76357935238,3459.24796882172,3775.83930762974,3699.92466613647,3602.07252755699,3035.77364896733,3559.42787591285,3959.9502962285,4284.43855699281,3040.33480767022,3907.66938011607,4307.56028423274,4396.13486975429,4893.36829228016,5323.26220592823,5695.87009533041,4700.49243534466,4303.13355378015,4005.72469581265,4185.52042406559,4602.89041828652,4996.40033520851,5558.86623899067,6411.2928151288,6893.92943531223,7386.19929860585,8614.94588750224,9066.95495069188,9119.24248956833,9581.98804213898,8927.01697413288,4582.58247715021,4400.55119430385,4907.46374639916,5278.82364953757,5739.21309621828,6116.03523083433,6819.48925281746,7146.52888957346,7554.22532280973,7878.64821724536,8384.20832191764,8487.1350409579,8540.07787033903,8575.74480803998,8369.51670944244,8422.93701151291,8549.1837335049,8630.65155667249,8768.47839496281,8681.3280411369,8134.13290960779,7583.20519670319,6965.23158176946,6819.9918292579,6724.79841552837,7108.31117655338,7351.76640032385,7608.16996882358,7021.1404349009,6113.0646811173,6324.9464507354,6606.81924191608,6965.27342189477,6885.87972430592,7680.74743821919,6101.74307773216,6750.74000866669,6611.79370932621,6668.10580351648,7401.72544572656,7198.525910302,7356.80587647117,9568.49562572008,9453.33852515601,8244.88278077981,4147.15133810033,4157.18491010112,3670.16129088607,2827.13635655359,2625.23088756301,2374.86128643651,2324.74024705746,2116.12413695369,1995.63787150947,1346.36881604316,1677.96149714501,1441.1074459853,1328.21591778352,736.440201694837,1501.29132145027,1216.469412004,943.470140030452,841.330457126,2441.04138522197,798.850892037295,1150.14333828921,4087.80792003177,3921.36419188566,1226.55758124322,3335.070525048,2613.619466864,2457.564921152,3523.231077616,3448.677356764,1370.574535506,1362.539305776,3021.517740432,3383.48681344,3569.43218806389
"CO2","1A2g_Ind-Comb-textile-leather","coal_coke","ktCO2",0,0,0,0,0,0,0,0,0,0,0,0,0,0,0,0,0,0,0,0,0,0,0,0,0,0,0,0,0,0,0,0,0,0,0,0,0,0,0,0,0,0,0.0200659912810981,0.0210252471886953,0.0198719005916232,0.0204914977926393,0.0250675590483361,0.0263142184768865,0.028128219920825,0.031274728598274,0.112240938918233,0.118715581936645,0.122295962830216,0.124317321239852,0.162217331814216,0.188946199241441,0.17153621987535,0.203121528951645,0.169257530680199,0.168076647048281,0.195832811236588,0.201268685910141,0.172403613558158,0.156670206517414,0.187540582287022,0.220662174511041,0.389412691359435,0.449554056474124,0.513205192344922,0.487769882511513,0.503780417378904,0.543958079250005,0.585316716593901,0.690467658226804,0.699582747215402,0.761474097579046,0.749957309909882,0.795743107341726,0.786321341849297,0.73257098817396,0.775815603859516,0.710422851972454,0.747326742430776,0.8847415052782,0.916192143404449,0.977642135995165,1.13532500189097,1.28264608346913,1.43592804795171,1.59941870113779,1.87274684860965,2.02260035036454,2.17899137448332,2.22447151124633,2.40818965504649,2.6699708563098,2.80164736460204,2.95009114109467,2.9202092878422,3.00390999199197,3.2124003258654,3.7724197621348,4.45975124071501,4.9150130736993,5.61809458048256,6.48288912429161,7.01439989860457,7.44441882806696,8.06762600657045,8.04759981328721,8.46611022071795,9.32676569723871,10.5941671345451,11.85123204596,13.3933397265694,15.0809127522489,14.9740760933837,16.5896635745955,18.6067211066566,19.5473554792044,19.9730148507465,23.1761088948856,25.8167422869067,27.8080907455593,26.7810519032247,29.2572585192689,29.9813570818463,29.2328641670347,30.6250409713774,32.9970808489037,35.5659969641052,36.8881683230781,39.5877039609871,42.8215713328995,44.5751608972463,46.1640069003166,46.9690895501062,48.7024660347721,53.937045410639,58.1962311144233,60.7615238178023,65.3674033778148,63.358967010099,66.2527750142731,68.9983193610668,72.2903743774136,78.1118224915632,83.0508575893675,88.7166386296243,93.7611659209699,100.017839041902,101.456436430536,99.6686624283586,106.860239789959,110.296016769796,116.99533348557,124.043955105059,139.329819548548,142.958870410574,144.775642030911,146.441370819765,153.622207814544,169.772855119841,182.03431556792,158.055968312593,151.449951663404,171.305873596952,182.75403951535,166.854955857061,77.6760811027729,130.134115570458,138.965255720846,138.415260134345,88.0772090880515,119.454389375783,121.366822022227,115.921807463201,140.011214160687,144.793646922915,160.172893092061,130.568711418472,114.515946943727,99.2026780384572,103.974737305191,114.713797775373,125.163155896071,138.338986038632,160.441386431119,172.303878115962,180.518727828604,274.783533025782,275.765503963875,286.183134146931,298.973328718267,276.178422157584,68.9963038053623,124.964431682283,127.480535165208,136.416075773317,159.259703060364,176.927067893176,194.731072572478,200.846657296716,207.402732872524,210.149646525085,218.371483084093,222.151952375465,223.709217773228,214.646638500414,211.276444714011,218.491894276829,208.080256841682,189.160104993292,189.228549622805,167.595122312068,273.698944067674,261.634120606252,257.089811629047,275.157865417164,285.356150509556,387.070692857307,329.09313106998,332.157105483442,353.603216705538,326.030300780418,172.846128614468,185.101157951984,261.693652377927,316.840317591952,264.88249253579,641.722404827253,663.060651982139,616.997266491822,699.608812599744,708.691829299605,800.602742783893,497.361103386989,426.894040639361,528.028717892034,518.939845986506,583.563280127316,559.824815609207,527.90411857781,309.931639530953,367.715069154385,316.041891783018,379.904720563067,422.789085115204,588.228292334196,242.031432783341,248.158810828489,266.540944963933,370.706371731447,238.967743760768,116.42018285781,143.993384060975,410.534329024908,367.642682708873,422.789085115204,254.286188873637,318.62365834769,318.62365834769,202.20347548988,159.311829173845,119.483871880384,119.483871880384,110.292804812662,64.3374694740527,64.3374694740527,36.7642682708873,134.802316993254,171.566585264141,199.139786467306,205.237128812296
"CO2","1A2g_Ind-Comb-textile-leather","diesel_oil","ktCO2",0,0,0,0,0,0,0,0,0,0,0,0,0,0,0,0,0,0,0,0,0,0,0,0,0,0,0,0,0,0,0,0,0,0,0,0,0,0,0,0,0,0,0,0,0,0,0,0,0,0,0,0,0,0,0,0,0,0,0,0,0,0,0,0,0,0,0,0,0,0,0,0,0,0,0,0,0,0,0,0,0,0,0,0,0,0,0,0,0,0,0,0,0,0,0,0,0,0,0,0,0,0,0,0,0,0,0,0,0,0,2.09187378422065e-05,2.29662750028389e-05,2.50066455213284e-05,4.5066748027979e-05,6.78222480183152e-05,8.28979166809498e-05,9.93010571324021e-05,0.000152133597364427,0.000296872723266551,0.000299801378301916,0.000315055712726694,0.000272429295026816,0.000314493142309226,0.000733700395374739,0.00120197145511605,0.00199096854673573,0.0033775059620834,0.00498443336066153,0.00620567399124975,0.00799950830576813,0.00935453959846109,0.0132833438238347,0.0148144877129252,0.0167967363606149,0.0250939238287025,0.0326443823263891,0.034730692298972,0.0449917858117644,0.0498553553146727,0.0509537368197054,0.0635155896108732,0.0798544388428655,0.0850891660451347,0.103060052472159,0.0964073369182012,0.135223268292888,0.13731513401244,0.159857268998633,0.184492220494593,0.201425264070623,0.240074451870661,0.273016159012189,0.260778059967157,0.238002455660452,0.250827156891502,0.185866153458171,0.213840388722289,0.228139992618285,0.230907645091342,0.249779943342126,0.261561303554126,0.256128732600114,0.269530954530901,0.270411967251769,0.291694656834871,0.330258742646182,0.365262411413521,0.335110938596956,0.146440882489054,0.181996352048457,0.1651703942989,0.163216740705569,0.203140321588087,0.2314473203546,0.242714971202344,0.261807671653298,0.316050475480327,0.385434648735568,0.381398490733523,0.473986980188744,0.888226046094697,1.0857037755494,1.0350576731908,1.05558230001221,1.20759724067276,1.28409704200465,1.41045405432815,1.48976460596628,1.59514279735184,1.62076453134981,1.67995511207198,1.78008766218566,1.73717854156554,1.6112474711257,2.20391070680513,1.30573126689384,3.62172590372311,6.23507347721448,7.56107464393993,8.10285517579658,9.56927775106001,13.2056069360074,17.5124022188065,22.8962969342373,32.2293447320031,45.5484701921834,63.9184047679192,74.2777652422499,97.0499876520364,122.801587964108,165.589480635843,212.596612823722,266.473627489251,337.619281407318,415.670258645492,502.767394386982,609.015407353514,675.41971235877,812.721473034274,936.068386307402,1945.58575402061,2070.39813388741,2742.80250052131,3102.5525484444,3066.81698728456,3092.57868684782,3227.68125485633,3078.87120351882,3245.7038823335,3294.33800762974,3327.03385216605,3950.42796650148,4875.70705698868,4410.64455733479,4341.71137348804,5452.23905601813,5638.00000480185,5299.03903500452,5604.67757039167,8696.10266451719,8589.27826008865,8827.864336424,9052.7571916693,9000.5678013594,9219.57027640046,12186.2474352549,12416.2755478278,13074.5187717216,13395.4503776079,13571.1823241344,12196.4782679211,12244.2950933311,11485.6014634918,10647.2131246358,12725.6511357922,11813.9436646408,11042.4988813588,9933.14853184582,8575.15069020066,8447.63915577389,8495.45598118393,7940.78080642745,8814.23481725086,7602.87524019649,7105.58025593206,7574.18514495046,5161.02935592375,4934.69638231622,3503.37940837567,2907.26298493048,2422.71915410874,2649.05212771626,2773.37587378237,2869.33175759604
"CO2","1A2g_Ind-Comb-textile-leather","hard_coal","ktCO2",0,0,0,0,0,0,0,0,0,0,0,0,0,0,0,0,0,0,0,0,0,0,0,0,0,0,0,0,0,0,0,0,0,0,0,0,0,0,0,0,0,0,0.4228767741592,0.443092423519116,0.418786448218671,0.431844027182665,0.528281327242034,0.554553805398503,0.592782620919591,0.65909309722469,3.09804004531198,3.31646516639837,3.42162083996747,3.50144561798844,4.30966643873761,5.1145320434745,4.66472828300039,5.05565945269382,4.61591445334166,4.54680570821246,5.35470784633205,5.53804091873198,4.64815807241813,4.16662719543053,5.1097270189944,6.03175787004627,9.81841008348062,11.2694695729398,13.0775186882425,12.1648704383016,12.5018852745221,13.58172637697,14.6922640352769,17.7600899249864,18.1426706055802,19.6315338650009,19.1456681461069,20.3984798250692,19.9690419167281,18.473138606762,18.5725916930537,16.9492305138958,18.3033567014008,21.480287154913,22.3139846547682,24.0006627009166,27.6646530616078,31.223654270373,34.9074225495486,38.2316861690174,44.9925083525381,48.7298699096847,52.944040885814,53.832219556244,57.6239943287154,65.2388985626944,68.825635054231,71.6152529447309,72.2917850925993,74.021661183944,79.296416608769,108.013397213346,148.344349983364,187.957439095482,241.948495789894,309.749100216254,329.184952071744,344.833563851274,389.069521716942,395.777548407819,409.288739628444,469.641178033376,553.418408778263,643.510527548493,757.392036001956,888.685653580949,875.06236851309,919.493149932315,1015.38099992945,1056.62215162565,1047.01035283427,1223.75777186977,1384.36243577831,1497.82059813887,1390.3911726468,1593.30475834675,1621.76862952044,1581.96963792453,1751.5219939368,1856.28030859954,2036.86411866082,2158.5166904451,2384.63825451201,2602.30162416316,2740.04822389344,2850.51048688341,2910.33921280889,3065.34522382583,3387.87516799938,3658.06480287556,3826.20097277911,4081.77838420921,3959.5147491467,4100.99004236357,4285.84094013585,4475.46328686577,4883.76893135872,5265.85262806529,5616.28903914954,6057.10585417221,6610.66081457674,6559.02108981168,6453.25749480512,6873.38446416918,7080.52043921126,7344.31931253895,7708.82238031841,8668.09240774335,8721.5472467108,8632.46949298337,8656.78001247858,8960.35658325825,9795.85408733599,10517.1678779766,9251.02371227998,8752.61564581394,9199.19422713908,9016.08256315696,7978.27744486602,4950.27538629,5510.15915007582,6035.89158408262,6237.38497747308,4209.15892040644,6442.06814823396,6843.36175503174,6496.61066270467,7546.62661945585,7767.22605943513,8364.19702221923,7354.322783889,6128.68672799672,5361.70384202078,5370.91622290437,5748.04156335189,6004.71557672094,6796.9073970668,8153.30439409708,9272.50906142397,10218.8224534172,13559.985962356,13141.8837393723,12724.5160095305,12470.3206477146,11133.9239542275,3433.13131245315,5865.64362405405,7167.34502640308,8606.37336749396,10467.3907180418,12484.2706347624,14054.344781685,14614.9489424391,14122.9115496929,13844.1483909621,14568.9208361323,14696.091174349,14443.7332518899,13397.9312860687,12494.6446197087,12892.1499152909,12488.375050201,12516.2591714107,12411.4584859784,11634.8321884003,11181.4826007262,10119.2993369545,9306.30369881385,8957.06976366386,8709.29468486478,8461.99819778067,11960.44704505,14266.7188435898,14032.681930891,13183.9568011929,13513.9296431526,14561.8368568459,14548.4532787802,13934.091038474,13092.2632548942,42388.1830881128,44517.7508533796,46442.9812202895,47727.8847326628,48990.1414345233,47530.2144249659,49591.1044977057,52473.9009115973,54971.8807461035,49251.3376113787,58007.2322274416,56277.8800470474,57561.9435830839,53633.0672444288,56522.7990878754,63385.7263539754,48513.0606767794,46290.1707389542,46918.6342037538,35684.1225388823,38844.1266290012,40420.0456939356,40975.1812158487,43206.7150543897,58598.8807646304,66561.5735996639,68830.5882342852,71814.4891012212,67976.0725836578,67599.179062247,68031.2862770269,65254.4583318223,57511.1789667646,56542.0455382307,48156.6780423988,44510.4748928613,36499.0470693272,28096.3571669423,18915.8637234113,13613.3636373778,9822.89415068621,8939.81779603369,7716.49411238608,7896.76852737932
"CO2","1A2g_Ind-Comb-textile-leather","heavy_oil","ktCO2",0,0,0,0,0,0,0,0,0,0,0,0,0,0,0,0,0,0,0,0,0,0,0,0,0,0,0,0,0,0,0,0,0,0,0,0,0,0,0,0,0,0,0,0,0,0,0,0,0,0,0,0,0,0,0,0,0,0,0,0,0,0,0,0,0,0,0,0,0,0,0,0,0,0,0,0,0,0,0,0,0,0,0,0,0,0,0,0,0,0,0,0,0,0,0,0,0,0,0,0,0,0,0,0,0,0,0,0,0,0,0.000966750376816851,0.00105975049933271,0.0011521544540804,0.0020732971467935,0.0031155542072099,0.00380252573050822,0.00454836510429685,0.00695835930831556,0.0135593705607211,0.013674060858193,0.0143500333849821,0.0123464885644775,0.0141827655829316,0.0329278735871361,0.0536869214058059,0.088511876259357,0.342789860207893,0.693365193789217,1.01279713584912,2.19161384330929,2.78658642900963,3.51661874500566,5.80145036890044,5.46621882567492,8.91973970785903,8.73085551965712,10.7432235604525,12.0373750242058,14.4796648467368,18.5088786909944,20.1449169221992,23.0309640503226,26.9289932098094,33.6907668667417,27.7189508171875,34.0576135601829,36.1613217817491,44.243385902842,44.7617302614075,48.2550485567636,53.5874290589641,59.8908208538954,55.610225110534,57.173062303686,61.6295947352103,54.5509298435428,60.2331878701334,58.5731286700915,64.9396924706647,80.8558270067606,63.0023348515531,63.3516963907841,67.36460142518,70.7021009774544,62.2112965911145,66.5979098054951,65.4485070972918,57.637278049818,46.3364455551586,46.5253854028893,41.1777473692202,49.27845622408,54.7568884967291,60.2022714424217,66.0664362810848,70.9772122764191,57.2183111265305,49.5305209988986,16.4198298957535,18.0974451976492,29.2517123629471,36.0875494679695,34.9217645239531,35.8576189752202,41.6387081784844,45.0344880956517,50.5374011802125,56.1931659335039,63.4936530589752,65.576414302661,73.7646898371945,74.1130222116758,68.1366676944431,61.0551066219134,75.7656546894226,41.9517489449483,50.892137339608,60.647210458733,109.228079151559,107.321673139661,379.87963591832,472.621360475146,556.416260966024,642.628349510138,830.163418684101,1012.85876665013,1187.91029801522,1295.35516150391,1496.95604552095,1684.26180116695,1990.98470275855,2277.21298961584,2714.53261545992,3139.7637564863,3503.75958985599,3902.31570082235,4480.6461617286,4692.38094700232,5605.12391636403,6188.22434847207,29701.027847332,31126.8926428802,33487.5378705467,39827.7050082647,39450.214375549,39132.2125283593,41710.9663656949,39267.3541088116,38822.8170466021,37015.7708725984,41778.7154221575,45665.6232875816,42735.6129160559,38287.7540581247,33989.1916557027,28670.6276950271,28952.2163352333,28581.3155645916,28030.8120382675,28008.7488368718,24469.6965493861,23187.9218144703,22715.8578466366,23009.8098068424,22418.7455330767,24430.847575058,23219.4051878284,23615.8842639957,23897.3885179515,25733.5698395678,24708.065437167,23407.5298099942,22164.3187310299,20104.8579537557,19571.1562279377,16940.3206618466,15358.0520158921,13593.6968987761,11107.2747408476,9270.7129196503,8262.95848442927,6416.9783974823,5186.32500618432,4159.73403946382,3717.07554922654,3312.09012198817,3412.55162331863,3362.32087265339,3089.19116591125,2696.76342633919,2244.68667035218,2652.81151950712,2969.89313308134,3048.2228096637
"CO2","1A2g_Ind-Comb-textile-leather","light_oil","ktCO2",0,0,0,0,0,0,0,0,0,0,0,0,0,0,0,0,0,0,0,0,0,0,0,0,0,0,0,0,0,0,0,0,0,0,0,0,0,0,0,0,0,0,0,0,0,0,0,0,0,0,0,0,0,0,0,0,0,0,0,0,0,0,0,0,0,0,0,0,0,0,0,0,0,0,0,0,0,0,0,0,0,0,0,0,0,0,0,0,0,0,0,0,0,0,0,0,0,0,0,0,0,0,0,0,0,0,0,0,0,0,0,0,0,0,0,0,0,0,0,0,0,0,0,0,0,0,0,0,0,0,0,0,0,0,0,0,0,0,0,0,0,0,0,0,0,0,0,0,0,0,0,0,0,0,0,0,0,0,0,0,0,0,0,0,0,0,0,0,0,0,0,0,0,0,0,0,0,0,0,0,0,0,0,0,0,0,0,0,0,0,0,0,0,0,0,0,0,0,0,0,0,0,0.11840028979264,0.262197622788832,0.482487570540045,0.76597141520384,1.09012855704209,1.33945798763727,1.74930283521566,2.08482530253088,2.75506111357662,3.31361619020259,4.12464914774772,4.86322500325446,9.17053580214206,9.71000428363972,11.9674472309409,14.4127185164831,18.8923496393366,19.3280928781709,40.6838873881974,44.3575606179732,47.5128407892132,66.3210921172981,110.186680649965,141.505209321985,166.574636578181,169.719183734957,191.655237463423,204.200593457454,298.177742429523,363.943601485962,642.644500600739,620.73033679249,664.589509430859,670.853568219956,670.859111305816,752.395690024097,749.426341797243,762.025740108986,1469.79885370271,1419.26869879019,1793.68160413043,1591.61967636571,1431.85898781849,2021.93382514338,1799.35279752105,1778.0438547783,2273.0330188763,1863.61112759988,1717.15398890969,1835.13807690389,1863.22415443802,1734.83391858599,1343.40027269565,1227.53591351211,1321.47998852579,1177.43240683815,977.018380142292,879.942835961487,955.098095972433,1074.0939243231,1023.99041764913,942.572219303941,870.548428460119,754.684069276577,695.186155101245,673.265870931387,830.896682625272,784.88208034869,700.747644041332,742.752360396914,815.459377175649,774.570445545634
"CO2","1A2g_Ind-Comb-textile-leather","natural_gas","ktCO2",0,0,0,0,0,0,0,0,0,0,0,0,0,0,0,0,0,0,0,0,0,0,0,0,0,0,0,0,0,0,0,0,0,0,0,0,0,0,0,0,0,0,0,0,0,0,0,0,0,0,0,0,0,0,0,0,0,0,0,0,0,0,0,0,0,0,0,0,0,0,0,0,0,0,0,0,0,0,0,0,0,0,0,0,0,0,0,0,0,0,0,0,0,0,0,0,0,0,0,0,0,0,0,0,0,0,0,0,0,0,0,0,0,0,0,0,0,0,0,0,0,0,0,0,0,0,0,0,0,0,0,0,0,0,0,0,0,0,0,0,0,0,0,0,0,0,0,0,0,0,0,0,0,0,0,0,0,0,0,0,0,0,0,0,0,0,0,0,0,0,0,0.0410116222678751,0.0378288460933123,0.0268622428845504,0.225739753551308,0.386775464014671,0.464154723060138,0.490776053344682,0.546721474632462,0.68729023380193,0.873565400747985,1.44522507358706,1.75379394733041,2.07806194990619,2.69749126244979,3.19333547178977,4.00182731161443,4.26928641036079,4.3293668157054,4.35058130705684,6.40124393896991,0,0,0,0,7.35145092041542,8.57720011083918,10.7269953559038,13.5192397831118,12.7371376254322,21.6563680082054,23.8289689683047,25.7253657610949,29.816222345257,34.7508505566258,43.9587465998838,55.1485626674167,78.2499962561676,110.519659350814,146.794202043053,215.351048040344,258.155567130077,305.997511322034,361.839160105587,438.400408610937,526.771927580751,613.807694010956,704.569877805562,823.578060577982,938.818624665232,1730.67340650716,2512.69687036685,3197.44094736364,3347.05494640363,3659.16573380411,3784.52962800145,4189.72786346597,4460.38097505447,5917.36532482282,6308.61304929941,7208.98495228607,7241.31225338464,7273.73224782606,7654.70583792839,7611.15298116505,7574.3194838692,7858.09516452328,8505.06492426366,9161.5925303303,9866.1383646504,11308.9507616539,12046.5119196293,11665.643642756,12941.4140315585,12623.5640441506,23277.3229011009,24153.4260614774,24881.2497232958,24507.4588506292,23505.6468431592,29167.7423271416,28083.9405,24714.5184,25440.8451,24152.0037,21623.2401,21012.6477,18808.8153,18074.9151,16547.38776768,17405.88606768,17485.7194569349,17429.8043695208,17524.4699362493,17638.6895854904,18992.6784699817,21626.4310666559,25234.8252630151,26520.3130019938,29391.7498281745,30348.1606259352,34232.2227416134,28755.9081713012,28954.1940665862
"CO2","1A2g_Ind-Comb-transpequip","biomass","ktCO2",0,0,0,0,0,0,0,0,0,0,0,0,0,0,0,0,0,0,0,0,0,0,0,0,0,0,0,0,0,0,0,0,0,0,0,0,0,0,0,0,0,0,0,0,0,0,0,0,0,0,0,0,0,0,0,0,0,0,0,0,0,0,0,0,0,0,0,0,0,0,0,0,0,0,0,0,0,0,0,0,0,0,0,0,0,0,0,0,0,0,0,0,0,0,0,0,0,0,0,0,0,0,0,0,0,0,0,0,0,0,0,0,0,0,0,0,0,0,0,0,0,0,0,0,0,0,0,0,0,0,0,0,0,0,0,0,0,0,0,0,0,0,0,0,0,0,0,0,0,0,0,0,0,0,0,0,0,0,0,0,0,0,0,0,0,0,0,0,0,0,0,0,0,0,0,0,0,0,0,0,0,0,0,0,0,0,0,0,0,0,0,0,0,0,0,0,0,0,0,0,0,0,0,0,0,0,0,0,0,0,0,0,0,0,0,0,0,0,0,0,0,0,0,0,0,0,0,0,0,0,0,0,0,0,0,0,0,0,0,0,0,0,0,0,0,0,0,0,0,0,0,0,0,0,0,0,0,0,0,0,0,0,0,0,0,0,0,0,0,0,0,0,0,0
"CO2","1A2g_Ind-Comb-transpequip","brown_coal","ktCO2",0,0,0,0,0,0,0,0,0,0,0,0,0,0,0,0,0,0,0,0,0,0,0,0,0,0,0,0,0,0,0,0,0,0,0,0,0,0,0,0,0,0,0.467780749438561,0.490143036009564,0.463256084451432,0.477700207294959,0.584377885645345,0.613440156908828,0.655728371980841,0.729080152445258,0.381609381479528,0.71823042833597,1.03424458656151,1.3916794176438,1.26515365403871,1.59999790115636,2.08161022682426,1.6944723016317,2.63241251998559,2.734502238166,2.82291090549659,2.99573745930467,3.14670703408808,3.30678226133335,3.45914708540857,3.49503449281804,1.80780271144127,1.45060236479893,1.54498971635818,1.07290164451058,1.09174033880681,1.18707218361467,1.20410700793207,1.69078414552007,2.1505718907355,1.93403559569209,1.60722585147522,2.0705833766806,1.98236816414902,2.49816008368837,3.76143905185573,3.04424444553417,3.84886082866707,3.78217257025439,3.96935293035775,3.70618248288789,4.8120660710262,5.08016279486053,5.48621204775026,7.17177215695956,6.95622633293815,7.94208033209571,7.60742835974772,9.03537749249994,11.2699588723729,10.1320570152199,10.6513640332372,12.9904757296895,12.4166294726749,13.1992923562689,13.5528378120084,20.1169287508251,23.3140772201125,25.9502899152353,28.7568390433326,30.15007646162,32.7454547131154,36.2751451660911,35.6776574666012,46.752571948267,49.3123392191183,53.835266010874,62.8691669142422,69.0452810442534,76.3748249173146,84.0302310762511,89.4204258849445,100.755604702148,109.370015013684,117.966373603299,124.188126695068,147.195487143974,162.078434997261,177.880533724446,203.819916366719,191.934363310763,218.419712709243,221.859803592188,229.634894926503,242.406422418588,263.170562526396,275.159462135607,284.770308396821,314.00044781101,328.33568669753,341.27447318911,347.109539719817,359.311299441801,388.886630558035,417.976743585129,457.355678559804,486.758129451035,499.069661329008,514.191345071957,536.583692056725,580.323807608071,621.315752289755,663.280428681273,716.041771180816,745.498191676494,831.802818778038,875.840903163959,849.718759254364,894.036873361431,927.529229179601,961.353363503149,1105.80100963946,1137.76894207071,1169.3597195718,1206.82304883126,1215.77157447279,1264.16073812546,1382.69237214675,1475.06421393947,1318.00457441297,1363.05834951502,1467.3502676139,1421.11222405864,1413.518276043,1225.07357507115,1382.67926227752,1557.42019614463,1694.53745255798,1200.76030621717,1542.59166604518,1701.99649019929,1724.51473848028,1905.72376995497,2068.45511734427,2207.774914469,1797.85505117484,1619.58398783837,1486.15711941357,1538.00712352875,1672.77711928289,1803.893605292,2000.39403138735,2341.72201135103,2526.71599067499,2731.40983136669,3074.07516453361,3314.29556388359,3428.75107642728,3526.01395659262,3305.36170422276,1566.64432570081,1449.37420972463,1633.95998973422,1798.45689321307,1976.13389003515,2091.04883075166,2366.55939074289,2531.33119993447,2710.26417813388,2820.69635002207,2986.0134018576,2996.91606652962,3005.21165401806,3032.84680065195,2960.11218887315,3007.63861020191,3099.52757052765,3155.75933291282,3212.12667587499,3189.16672596129,2981.96479839785,2763.53590558933,2519.92357900205,2483.19316983872,2459.53339194796,2620.52258046389,2722.935387714,2532.64262051,2412.717002756,2053.593858056,2074.310399124,2011.061640996,2146.38675198,2062.908138858,2332.954739174,2069.671359438,2134.223864956,2098.183109796,2238.475056976,2652.782669748,2693.70883452772,2759.490996636,2981.323739022,2817.47200038,2752.440544984,1712.084841464,1322.433377982,1339.05634716944,1081.52205773186,804.55970640867,508.620594557117,296.265489361953,249.889941638,108.251995536,99.813590976,128.81609387,83.870382022,82.489768582,98.748773024,70.62155128,87.1446224541456,55.9295996274804,50.412623688,57.8809977352527,42.7120994569832,46.615341636,49.044804726,50.189761734,45.724984822,55.975275022026,54.1050898843355,38.0200759320901,44.9764961178417,37.086072612615,22.8895306467189,26.1728984648423,26.3285840654701,23.7569216517751,21.7600171766714
"CO2","1A2g_Ind-Comb-transpequip","coal_coke","ktCO2",0,0,0,0,0,0,0,0,0,0,0,0,0,0,0,0,0,0,0,0,0,0,0,0,0,0,0,0,0,0,0,0,0,0,0,0,0,0,0,0,0,0,0.0928052096750788,0.0972417682477156,0.0919075402362573,0.0947731772909565,0.115937460598555,0.1217032604556,0.130093017133816,0.144645619767018,0.503811733167443,0.532044719218855,0.547983604797722,0.556554849454742,0.731643878023931,0.850219164636504,0.771429548565428,0.923249392235085,0.760907154399294,0.756369238615243,0.880084541741601,0.903788946888656,0.776169152251649,0.706534354453648,0.843199827563956,0.991708177540234,1.76736795701273,2.04168646804166,2.3263261743307,2.21655423471456,2.29061123015696,2.47156365359445,2.65785677060976,3.12638749043626,3.1645660985829,3.4469589907999,3.39877265979122,3.60451846103106,3.56576518548754,3.32475493095804,3.524727955748,3.23389579502081,3.38955721127273,4.02250478567035,4.16362526431601,4.44244399693376,5.15918502369532,5.83329172837165,6.5338295802486,7.27953006944799,8.52313057307128,9.20259650471066,9.91658224924339,10.1275978484075,10.9613386499814,12.1455503769612,12.7420573650707,13.4168827949205,13.2814249114834,13.6692520327179,14.6155165713858,17.173030471185,20.294806421227,22.382658263615,25.5909324104403,29.5166010626745,31.9167656339897,33.8654010320219,36.6652408099352,36.5974398679763,38.4887919585673,42.4437311478863,48.1950968302799,53.8929331817048,60.9162428349471,68.6063884986369,68.0995949693036,75.4450587434726,84.6006931854537,88.8775823256428,90.7276321046196,105.278680768995,117.313524509458,126.345240773135,121.390387745637,132.852467114422,136.112178567365,132.762785509959,139.038536546377,149.781470676842,161.61014748853,167.702482292224,180.057843950589,194.674494389107,202.629820925026,209.803605124194,213.419179990101,221.388212294838,245.15363868774,264.466667067233,276.11298943319,296.985734441902,287.869401496717,300.922295197159,313.462008171905,328.317127722576,354.793848685465,377.256903801515,402.779087484985,425.739629815237,454.330570173665,460.551266198747,452.482260575732,485.352724890804,501.023417591911,531.300753859795,563.208779053988,632.839131547553,649.020327915506,657.049867354895,664.722909181021,697.047701026482,769.965908128159,825.737631375478,717.330748976043,687.106342805217,777.103386490181,828.506209764014,758.024252527157,358.612760829217,591.782343609915,632.376839656283,629.971244287794,399.509157328236,545.132026240865,554.074909693763,528.370750683522,637.802459339732,659.468246411035,729.050079804172,594.225797794913,519.881067292589,450.317588639608,471.787019134904,520.430814399005,567.959979185294,627.582210860257,728.629240792637,782.583338927631,821.344056391523,1239.20699810987,1245.41556848877,1294.04547103902,1350.06254852099,1247.55275112003,305.947326925495,558.739462865887,571.008142190498,612.561012161911,715.464816343031,796.175658645785,876.752670878822,903.801872625025,932.597327796622,943.952613545867,980.207472955914,996.235133750374,1001.79527227314,959.895795376406,943.34153202957,975.628203505328,963.970662583787,958.498849354045,954.96867891628,933.179182223468,964.651271150428,861.281734937653,870.31686983456,824.336377379038,768.736266937666,2431.91236695353,1807.70506337728,1819.95981946758,2037.48174007033,1908.80680112222,1262.36841735912,1176.58512472705,1326.70588683318,1201.09463690764,1222.80034425681,1164.60258309975,1335.94437802337,1059.98662716875,903.512748194513,557.090149820691,575.472283956135,548.994827413439,542.200217153421,690.671510939042,479.759291320574,482.578118629289,386.126236172552,340.51444822958,1573.8867239385,1718.98807696577,1598.91741270534,1669.61101333502,1739.04838504699,1786.1307001606,1825.95865745407,1648.26469414478,1914.80563910871,1954.63359640217,2282.44832181759,2650.09100452646,3651.91731490814,3875.56661355603,5064.27795431472,6470.51121567616,6479.70228274389,5793.43594168732,5977.25728304175,6712.5426484595,6881.04554470107,5775.05380755188,4451.54014979993,4175.80813776829,2536.73451069122,1378.66006015827,814.941280004667,603.546737447066,594.355670379345,723.030609327449,730.336089585985
"CO2","1A2g_Ind-Comb-transpequip","diesel_oil","ktCO2",0,0,0,0,0,0,0,0,0,0,0,0,0,0,0,0,0,0,0,0,0,0,0,0,0,0,0,0,0,0,0,0,0,0,0,0,0,0,0,0,0,0,0,0,0,0,0,0,0,0,0,0,0,0,0,0,0,0,0,0,0,0,0,0,0,0,0,0,0,0,0,0,0,0,0,0,0,0,0,0,0,0,0,0,0,0,0,0,0,0,0,0,0,0,0,0,0,0,0,0,0,0,0,0,0,0,0,0,0,0,2.32280458633761e-05,2.55407379904654e-05,2.78519989651914e-05,5.02698665348808e-05,7.57647078357081e-05,9.27415782302339e-05,0.000111253532836641,0.00017068968175277,0.000333555330895768,0.000337318426814936,0.00035497370101615,0.000312411026276461,0.000366825477527313,0.000869905172536001,0.0014477611183167,0.00243487077559584,0.00419168733160256,0.00627443409904891,0.00791972136623478,0.0103455396315026,0.0122545602653344,0.0175573623966239,0.01975213439138,0.0225855632187025,0.0340220273033676,0.0446165821589235,0.0478422525207843,0.0624538394454753,0.0697245908218493,0.0717830522810135,0.0901206311891164,0.115781380265936,0.12594261121861,0.155575873719087,0.148299164700092,0.211790203974102,0.218812020926964,0.258986600980785,0.303688475925229,0.336666958189501,0.407207716932527,0.469155686325933,0.453780542992433,0.419181665574456,0.446943396316208,0.334932227540562,0.389543709291042,0.4199695852236,0.429391176422777,0.469058396098127,0.495861913284307,0.495000589562605,0.530526084982552,0.541621614329968,0.594045246241567,0.68334541582706,0.767330332312139,0.714289707631635,0.316513419967797,0.398647503866579,0.366457174752988,0.362917711615192,0.452661057512987,0.516826054724426,0.543108185524339,0.586611213120703,0.709051151068459,0.865765686823253,0.857695015044555,1.06708947724255,2.0017739526242,2.48458729573204,2.40319536861405,2.48460546897024,2.87947524415725,3.09972606619775,3.44467220005833,3.67890214090188,3.98086100734145,4.08559192142405,4.27548335941345,4.53127222888399,4.52447663939474,4.34203787760998,5.78688111186414,3.12782165593748,7.29598421036124,11.8058321355338,14.5461293388249,15.6539987907711,18.0015021750097,24.3173757796465,30.1853903197409,36.9692518541277,49.5917883219745,66.6622416733015,88.8405579522772,98.667781701431,123.386671421673,147.957944976896,190.608384647828,260.628543412136,296.916651151867,377.921376030434,458.24862749923,536.182938941344,653.075428115565,635.601995745896,732.818140706327,839.383484792429,1614.24042363996,1767.06800960995,2118.6047177184,2644.85490726061,2434.23408276574,2265.89617805333,2469.67826111021,2478.51335144381,2691.48987254087,2747.64988556205,2689.04951759914,2470.20848117373,2771.82819796646,2414.2190282913,2450.77438700156,2563.79291383345,2338.67694975993,2231.01359645454,1972.49100732025,1848.80547975667,2642.79536157072,2815.73270104065,2691.63853113747,3718.76817783232,3800.40004594751,5643.01148271922,5836.84048838565,5818.10877182702,5856.37616029464,6031.29557838648,9993.71651069854,10736.4711987345,9818.38815086172,9075.63346282575,6123.74144084589,6315.00874248605,6136.49259428858,6302.25758904339,7395.66899675299,6190.68499641996,7169.33602314546,5636.00982166348,5097.27358871036,4727.49013887271,4462.90370493714,4303.51428690368,4233.38294296895,4153.68823395221,3828.53382116394,3037.96230771793,2562.98184197819,2808.44154574973,3066.65240296395,3184.86262575126
"CO2","1A2g_Ind-Comb-transpequip","hard_coal","ktCO2",0,0,0,0,0,0,0,0,0,0,0,0,0,0,0,0,0,0,0,0,0,0,0,0,0,0,0,0,0,0,0,0,0,0,0,0.0396960013767124,0.0408301728446184,0.0419643443125245,0.0430985157804303,0.0442326872483364,0.0453668587162424,0.0465010301841485,0.23038229506571,0.24025270221206,0.230882994984873,0.237660026852084,0.280469781751006,0.292957660287395,0.31061249533399,0.340402879552588,1.62362085460274,1.74466907066501,1.8004932884101,1.84771322848709,2.20108071485316,2.62524656249629,2.40618824220407,2.49074152742133,2.38711500397344,2.34461622819842,2.7642996592955,2.86607308364342,2.39498284160728,2.14133636281739,2.64110381870667,3.1104369898554,4.81969499923491,5.50507336970308,6.43283728576566,5.92231916867372,6.06897172460151,6.60933861517162,7.16477935032639,8.7568791794248,8.98264920814347,9.68465223605127,9.40011804487983,10.0322897439106,9.77596296092393,9.01758181690985,9.00091224133956,8.14769153758317,8.95012328940191,10.3724771671845,10.8015647484044,11.6211094260894,13.3747173781807,15.0293637070537,16.7510793930142,18.3016942718089,21.5318956740471,23.3459789640122,25.3397322534654,25.7120779742221,27.5315523238383,31.2758780022161,33.6812744799459,35.22759317464,35.8105330252802,36.7845414815392,39.645572203652,52.6631930171187,71.2251197103055,89.0159252546534,113.399833489162,144.147086152887,154.033639583312,161.992805874608,174.431383074217,172.242211247681,179.385992268366,210.885041268526,249.735788295491,291.825814149978,347.006451541564,410.125378487041,405.73793417923,448.282356708625,475.283721298985,486.737584387963,494.12321854117,584.723297590345,657.593951470154,703.682962403653,661.859771512256,754.344389278053,768.569231243655,757.057392554727,786.277723431648,844.976034839831,1019.49254414522,1087.61373819517,1215.69812905846,1334.23658688676,1433.72703780405,1479.71355548621,1526.33168576231,1644.97324553859,1904.27185134366,1959.79018663616,2082.1816269602,2246.46173688269,2181.56001774581,2275.94066878166,2322.61124465602,2363.85431841438,2581.96649605577,2753.17862816097,2931.90659402487,3246.61764378785,3517.38238311143,3636.00435141392,3668.7158281657,3974.06032881833,4278.73783699299,4512.27649070763,4676.35190317603,5349.83512073712,5293.39040734786,5129.55319392582,5221.01676117682,5472.88751612894,5876.60483070966,6323.06096414819,5341.88833989756,4833.23514562312,5381.6617544948,5515.29067393618,5157.45570741853,3417.7130929842,4084.97381542985,4225.55932587018,3997.27365430927,3781.62562089707,4273.1724739283,4400.07211534956,4484.58129074928,5085.69659311055,5155.59327899025,5478.05016454353,4870.83042048535,3764.72204022398,3298.10384773826,3192.71696601191,3456.24773149642,3391.65022146016,3909.71290598433,4590.19495829645,4762.72789949668,5396.19672926849,7289.340701811,7360.62499534731,7607.02451973526,7682.09182570045,7098.0342528663,3410.29219032271,4391.75194070962,4752.42475701068,5378.1229462572,5539.45123362212,6204.9000136805,6738.34901261517,6692.20184614624,6308.19365826643,6086.05259228029,6088.2735521684,6321.01348863356,5746.17979044399,5070.9530357161,4547.17528780702,4395.69839477947,4106.4310775113,3813.2752712196,3781.72535783276,3461.4181874163,3256.79174750479,2916.90867666993,2585.69383424719,2467.53081030436,2183.09759766689,2054.95294898196,7234.90633926798,8826.25238243996,8501.52945598099,6930.4581874874,6413.62881233558,6461.9238944458,6926.98750226878,6774.74972636974,6945.33395055691,7846.99595382882,7702.81029169264,6611.10839548761,6498.251234579,6495.97737594416,6405.28842776858,6295.31674761857,6051.92836115196,5782.11619970819,5193.74798571524,4970.09372217216,3860.32554385358,4266.94949420787,17298.7285658937,15710.4095182598,17429.4509510033,16302.8591633374,15865.6571253327,16174.582563551,14503.2953540993,14558.960002289,13086.3465467001,14536.9727015415,11361.3845648312,10681.5944321809,11884.1856807902,14172.7021759811,13775.9966113374,12546.950614213,12211.4107390964,13696.285478683,12392.6802281338,12573.7613461764,11749.4959875499,8128.46450937063,7189.47054380575,5972.10649588817,6055.24712270712,2918.71239564036,1960.2294817585,1681.34121712956,1682.33667369749,1832.70337511195,1761.53190467582
"CO2","1A2g_Ind-Comb-transpequip","heavy_oil","ktCO2",0,0,0,0,0,0,0,0,0,0,0,0,0,0,0,0,0,0,0,0,0,0,0,0,0,0,0,0,0,0,0,0,0,0,0,0,0,0,0,0,0,0,0,0,0,0,0,0,0,0,0,0,0,0,0,0,0,0,0,0,0,0,0,0,0,0,0,0,0,0,0,0,0,0,0,0,0,0,0,0,0,0,0,0,0,0,0,0,0,0,0,0,0,0,0,0,0,0,0,0,0,0,0,0,0,0,0,0,0,0,0.000315218059254971,0.000345264339152098,0.00037507041474875,0.000674404235467525,0.00101263578847434,0.00123495717110684,0.00147604415182008,0.00225640816128871,0.00439359050815691,0.00442740463571589,0.0046427860336406,0.00398721738520749,0.00457188332415781,0.0105952842776337,0.0172440390118874,0.0283792141546681,0.228219321286779,0.512220403732838,0.777853191268226,1.07472869595221,1.17649168318308,1.83449503228357,2.42727377903059,2.88518983746899,4.05364543486688,4.71560667998175,4.52930781109109,5.48244349481887,6.26039210860543,7.06333861416627,7.71178617854392,8.43145839315861,9.41659900391243,10.1054249640371,10.5064993736192,11.5379824468764,12.3428355838655,13.396181060736,14.1006823673033,14.6216941292881,15.9909428439368,14.9367223795973,13.6989832009534,12.5712048152355,11.4419203245244,8.88443621224709,8.66065381084456,8.55598058666667,8.15226786783559,7.25838958357665,6.70480730752698,6.35662274401306,6.69495427966053,6.20041925731288,3.38691217184582,3.71487218037085,4.02693583072632,3.67189792810918,1.58568444909724,1.92671067474057,1.73480775547278,1.70924631186139,2.0974243871002,2.37691445965179,2.4788672015511,2.67237109424972,3.19904534226137,3.84437264782871,3.77535203597276,4.63449906981023,8.56295343032356,10.2758359500385,9.63702161244114,9.66755339413438,10.877909410439,11.4869443146535,12.6528041544742,13.3964286048048,14.6417509812291,15.3144298903618,16.9581165579074,17.5717744379704,16.9304569064687,15.7463769313967,20.9359006244719,12.1153182966008,16.0906909977713,19.7029017181191,60.2176522306922,51.3127436331352,70.8309789387875,98.9773388560549,118.581655151434,154.79723884081,210.698186276015,260.255116816437,309.551789386934,355.585855539495,413.318598461675,507.664731366305,631.95405430967,749.067992730853,931.704593880328,1152.02795511054,1351.75104466654,1560.09771735312,1780.67994234336,1916.98801556737,2206.12450185605,2482.6359619486,6813.35678725608,9160.82956421127,9512.94580719218,10547.0673576152,9222.05596647052,8895.13053687011,9498.57975258737,9554.7209306115,9237.93820687775,8491.054680573,8563.08362712708,7182.79305875222,6618.83461674088,3972.50192147794,3533.24569128309,3374.56939107874,2834.9546412526,2344.71015934177,2022.06162533023,1803.13717645424,1787.56444008805,1802.30999360785,1624.93391007163,1911.9414075218,2616.35362204082,3158.77395396215,2912.54723784455,3045.31766726097,3874.43449957155,4223.11678678779,3971.59510049985,3691.96017389393,3494.17659314961,3023.26330566314,2502.11926751144,1958.99927594372,2228.98956076929,1814.5858677812,1704.70610070102,1704.70610070102,1849.11950886354,1880.51372802931,1569.71095828823,1026.59096672051,797.413166810424,891.595824307718,891.595824307718,835.086229809341,766.018947644659,543.119991567729,700.091087396553,1597.96575553742,1767.49453903255,873.794077616781
"CO2","1A2g_Ind-Comb-transpequip","light_oil","ktCO2",0,0,0,0,0,0,0,0,0,0,0,0,0,0,0,0,0,0,0,0,0,0,0,0,0,0,0,0,0,0,0,0,0,0,0,0,0,0,0,0,0,0,0,0,0,0,0,0,0,0,0,0,0,0,0,0,0,0,0,0,0,0,0,0,0,0,0,0,0,0,0,0,0,0,0,0,0,0,0,0,0,0,0,0,0,0,0,0,0,0,0,0,0,0,0,0,0,0,0,0,0,0,0,0,0,0,0,0,0,0,0,0,0,0,0,0,0,0,0,0,0,0,0,0,0,0,0,0,0,0,0,0,0,0,0,0,0,0,0,0,0,0,0,0,0,0,0,0,0,0,0,0,0,0,0,0,0,0,0,0,0,0,0,0,0,0,0,0,0,0,0,0,0,0,0,0,0,0,0,0,0,0,0,0,0,0,0,0,0,0,0,0.0297487218287653,0.0936344763715546,0.177472954535759,0.204661157352576,0.0650194686210362,0.238389151180414,0.334597029678444,0.554257353117367,0.586856464034906,0.565246649807645,0.740705007309478,0.980090327379902,1.32270981028623,2.25269265581721,2.81817636845522,3.44693062156976,4.22571019657769,4.87461727151183,6.38980601099436,7.8390453420981,11.3368602934678,12.1559249487776,16.5338215378181,19.3352842572178,24.3040212407183,33.507743235841,39.5161697671321,47.6260297273107,56.3654931380183,95.7687437341139,135.320470502393,154.137605773187,179.212369327967,169.84805211141,323.292696325554,385.941992356487,364.035425816468,276.371104296191,273.260875330112,382.90035153961,360.982722394881,351.584774860006,301.485209774174,386.054481579119,417.367655125674,429.862693640148,464.406878483594,433.258773938034,445.943557828539,1999.29647182747,1954.25540903704,1949.87769662681,2127.54088539619,2242.90563068486,2906.45645412566,2990.55305460221,3231.67618047065,3009.34186960495,2937.31807876112,2852.80445254814,2902.87191792277,2808.92784290909,2364.25922117766,2464.46623452559,2403.29121563618,2499.82116388307,2092.52426940233,2038.81977756127,2023.91617876116,2204.45609624454,3350.57946312089,2228.34797286963,2323.49437965733,2032.38048426094,1780.70400063799,1837.11957702722,1892.69892313193,2916.65810215963,1856.98503355179,1659.25277455818,1474.44008704584,1465.89966106679,1481.56970760781
"CO2","1A2g_Ind-Comb-transpequip","natural_gas","ktCO2",0,0,0,0,0,0,0,0,0,0,0,0,0,0,0,0,0,0,0,0,0,0,0,0,0,0,0,0,0,0,0,0,0,0,0,0,0,0,0,0,0,0,0,0,0,0,0,0,0,0,0,0,0,0,0,0,0,0,0,0,0,0,0,0,0,0,0,0,0,0,0,0,0,0,0,0,0,0,0,0,0,0,0,0,0,0,0,0,0,0,0,0,0,0,0,0,0,0,0,0,0,0,0,0,0,0,0,0,0,0,0,0,0,0,0,0,0,0,0,0,0,0,0,0,0,0,0,0,0,0,0,0,0,0,0,0,0,0,0,0,0,0,0,0,0,0,0,0,0,0,0,0,0,0,0,0,0,0,0,0,0,0,0,0,0,0,0,0,0,0,0,0.00942365520596435,0.00867931122805221,0.00615409777219468,0.0516416491400757,0.088354903966621,0.1058823887441,0.111800267124368,0.124375038140969,0.156143451169236,0.198200262235264,0.326236074223703,0.393915965233169,0.464463625787294,0.600012148797963,0.70695022686094,0.881827070519401,0.936476046774566,0.945402240151224,0.945853857909917,1.38566548436418,0,0,0,0,1.85503268392996,2.20492403701784,2.72110282421334,3.12822807765862,3.23609514730995,5.04744469903247,6.2939223637098,8.13736268045894,10.3738551178471,13.3011382362164,17.5086291391958,22.5280465890541,29.2554260513984,41.2668396767693,53.2069879884612,128.958287226414,157.623447042761,193.969503179553,224.793759732816,259.383310150984,314.101992111772,369.031044832158,472.668863634974,618.392314118726,767.229055746901,1014.27807400923,1701.10668173111,1869.6327682541,2082.49266946863,2740.29829139376,2708.30368604936,2999.21858390192,3201.42528573353,3390.46816001952,3677.52307975371,3529.28194467517,3760.00559104951,3714.17233010309,3795.21533660857,5694.77585549047,5958.93917385813,6049.10690389129,6520.04646506004,6134.47202640029,6413.03119748702,7438.54939463029,7500.10709523847,7587.84512224574,7528.09087188585,7192.06746894843,16211.8255903523,16988.5115709742,18048.2630592991,17970.5320894629,19921.2559788315,24019.2887120498,23303.3229,22932.2775,22740.3594,23387.1363,25036.0275,28298.2425,29836.6728,27682.3206,24655.9989192,23744.38370304,27407.5620477993,30750.7566475227,31201.8257391523,31218.3438928178,28439.1455375516,30501.8803837001,32974.1108961988,48092.7903444006,35668.4723152371,33655.336984657,38314.1976802404,37962.6901363631,38248.3930831071
"CO2","1A2g_Ind-Comb-wood-products","biomass","ktCO2",0,0,0,0,0,0,0,0,0,0,0,0,0,0,0,0,0,0,0,0,0,0,0,0,0,0,0,0,0,0,0,0,0,0,0,0,0,0,0,0,0,0,0,0,0,0,0,0,0,0,0,0,0,0,0,0,0,0,0,0,0,0,0,0,0,0,0,0,0,0,0,0,0,0,0,0,0,0,0,0,0,0,0,0,0,0,0,0,0,0,0,0,0,0,0,0,0,0,0,0,0,0,0,0,0,0,0,0,0,0,0,0,0,0,0,0,0,0,0,0,0,0,0,0,0,0,0,0,0,0,0,0,0,0,0,0,0,0,0,0,0,0,0,0,0,0,0,0,0,0,0,0,0,0,0,0,0,0,0,0,0,0,0,0,0,0,0,0,0,0,0,0,0,0,0,0,0,0,0,0,0,0,0,0,0,0,0,0,0,0,0,0,0,0,0,0,0,0,0,0,0,0,0,0,0,0,0,0,0,0,0,0,0,0,0,0,0,0,0,0,0,0,0,0,0,0,0,0,0,0,0,0,0,0,0,0,0,0,0,0,0,0,0,0,0,0,0,0,0,0,0,0,0,0,0,0,0,0,0,0,0,0,0,0,0,0,0,0,0,0,0,0,0,0
"CO2","1A2g_Ind-Comb-wood-products","brown_coal","ktCO2",0,0,0,0,0,0,0,0,0,0,0,0,0,0,0,0,0,0,0,0,0,0,0,0,0,0,0,0,0,0,0,0,0,0,0,0,0,0,0,0,0,0,0.0128565533672332,0.0134711616662248,0.0127321968242466,0.0131291811730115,0.0160611258211195,0.0168598774626105,0.0180221328451394,0.0200381437247111,0.0735305033827898,0.0898361664283855,0.101077313752408,0.114104334225258,0.11144472795439,0.141434554694671,0.147537822485274,0.11325964673086,0.16260799806181,0.161608590831572,0.183223731573912,0.193891745994659,0.173812327569899,0.165308065592401,0.194667164944856,0.214929675607323,0.188378961434573,0.194361946228449,0.237110068858706,0.191727984443118,0.192211672908559,0.214891732123302,0.235919659551981,0.322595012238008,0.351622881761084,0.361551410377541,0.331646097402416,0.369155000831443,0.346863638690438,0.329791205153823,0.417449703266077,0.343500739385933,0.423707701525466,0.431879953570497,0.432294651238651,0.442342614082481,0.533944500402999,0.567260855621439,0.611090015774103,0.72326810258701,0.801342441488598,0.887143264802379,0.899008789816831,0.93689864869077,1.09505499697408,1.14263413553301,1.2005474303031,1.34622583934383,1.26631241588102,1.28489262023771,1.55158004844106,1.77507119044505,2.12267353057953,2.26932475177541,2.5581822499434,3.49433227665876,3.22892529160104,3.51773611686784,4.63183900048048,5.03561029696507,5.81966637366035,6.8727705113767,7.96942220410703,9.17877523530742,10.4962314523671,11.6236704774095,15.9435902645503,18.1659597559701,18.645499328592,21.6332306065098,23.5407552876099,28.7525778187142,30.856198942121,31.8763752570882,35.9057886257018,37.7768628767731,47.8031177157881,48.1924899930127,55.2849967676404,58.0371038036391,64.2410194935828,66.3306415953723,69.1761336618447,77.3529792797966,77.4008437461142,81.0805350705142,83.8361420977423,85.4465393532077,91.3194815962192,99.9720713672442,108.234609756116,114.139808948957,117.837338950041,128.593919204112,135.777383646381,142.962906523166,149.764227589088,166.012418444437,181.014144085457,203.111113549079,219.56317301111,222.368068755983,219.968194572148,227.810641559667,248.576116913429,251.653636176628,280.667469382954,311.683865193479,319.189587424868,332.097069453867,326.170817787049,345.290342369944,393.203008149511,430.388745048948,376.554890741054,347.258939339658,373.921448127136,361.436911073128,224.186742832199,140.857866439077,180.2370979882,192.09538691467,202.963383098157,189.693887787057,229.878330168357,226.272241130509,286.243611674188,344.46967735656,383.98097811223,409.942818902669,425.248331549249,473.183230789975,536.71607899207,609.027130919021,735.717735118175,843.849855211427,979.161396368082,1023.93668593324,1095.61229978828,1124.86184908527,1455.15493474066,1284.94420125161,914.558053204931,1216.00233379148,1029.3778726959,1078.23216112687,1220.16870071295,1443.28040755904,1520.90060529751,1716.25415485259,1888.96590957832,2052.98215423059,2101.92153870209,2129.75542905672,2217.29296836289,2375.78253168963,2426.06647939031,2464.03299991217,2439.73793780219,2362.39408063812,2258.80688129011,2132.74761413051,2024.33267998168,1990.70933756149,1918.75404351167,1813.31288720474,1701.81222635293,1549.75156166383,1418.28763717205,1309.39453904625,1283.98918452931,1192.43984562583,1168.13665000583,1104.2293564857,1042.13124783848,1062.19159078222,1097.49200022469,1142.08270389129,1118.54330228605,1213.78491952987,1085.55443144822,1145.14565579352,1114.23444288622,1135.7591980542,1184.97436657444,1156.15875075823,1205.03295246232,1263.25467956569,1191.38114983503,1091.42857513656,803.395543402277,694.78267311654,578.778640296502,347.552795239424,390.743249981017,203.000844555119,254.392709883545,172.053250621068,113.949363957165,57.5409570865109,68.9589558774989,50.4879054734084,49.5401371326201,71.6662114477546,9.86305866880118,8.230221542,47.4741647240882,62.8227720746553,79.4458749276147,45.4629658363673,46.9856473761362,53.6664110624618,29.5063314970747,18.6453464213093,34.8402612978808,50.2910870219174,30.3134274494053,21.1787732119158,39.774362368,13.5021180509853,18.8992340400069,15.430685969,66.430913416,21.3510586556369
"CO2","1A2g_Ind-Comb-wood-products","coal_coke","ktCO2",0,0,0,0,0,0,0,0,0,0,0,0,0,0,0,0,0,0,0,0,0,0,0,0,0,0,0,0,0,0,0,0,0,0,0,0,0,0,0,0,0,0,0.00250824891013726,0.00262815589858691,0.0024839875739529,0.00256143722407991,0.00313344488104201,0.00328927730961081,0.00351602749010312,0.00390934107478426,0.0745118589999676,0.0820886058737468,0.0849881159841672,0.0883139121171052,0.0938360414384928,0.11711977818985,0.108099830994873,0.08937006591899,0.107749609178847,0.103951299004534,0.12582688468516,0.132184024405287,0.105331285873387,0.0909849237775153,0.11899282695837,0.141626272032303,0.181736418017344,0.204412665704346,0.250892112945924,0.216621814732929,0.218590438758037,0.242857827704131,0.267752333472963,0.351218485640475,0.3680831245892,0.39105440371006,0.369541405595194,0.399032320095137,0.378794677585172,0.34209655522469,0.34400387247564,0.29129419525496,0.354658595467102,0.382765553447582,0.403752285682927,0.433315260482255,0.501455380350307,0.549009272802627,0.601562382038844,0.660543489818444,0.775975376917809,0.848167835450511,0.906640321089193,0.909509277650103,0.991824079712476,1.13303195815783,1.19982290951257,1.26076766977157,1.25250581418504,1.26015681853856,1.35659771243158,1.54515196313646,1.85395930801922,1.98082287850393,2.23664507077857,2.63338996490454,2.93117470111029,3.14068684957551,3.5468877051858,3.42895005299717,3.64827095747983,3.85225815185563,4.43856500693605,5.05139057669272,5.67319651938124,6.33592095617424,6.34402912208874,7.02937259042559,7.9660226592486,8.3555004167508,8.86555684661258,10.264435213615,11.2862989124276,12.2363746644529,12.9203777045674,13.1757993553832,13.5937112438295,13.0468782899845,13.8271748152002,15.0201012867811,15.4959344779683,15.7324014668955,16.5679125471275,18.2561170579844,19.0840752676908,19.9567362905017,20.488335719243,20.8930619533819,23.2740272348136,25.277217789368,26.399761374453,28.6401887619998,27.6649109795022,29.2562303786288,30.1603967570308,31.9868216305349,34.4297234313796,36.4522526108375,39.7158727520602,41.6718259581249,43.639844521711,45.5216852984194,44.5427155963502,46.9094909159637,48.0177769710493,51.6374237658722,55.00650332474,60.893857636935,63.6421137894518,65.1505128766365,65.5194536423697,69.8116209101124,78.5716765176968,83.5623826245066,71.1483572956595,69.3114790848234,78.9845826139623,86.6814012813027,73.6423087773479,11.5195893617316,55.4053240265552,57.1919685727555,56.3592960832331,40.6596020801691,42.4666791771579,42.4191327912335,43.2683172810803,53.7134436260985,55.8425816375278,63.715337832889,51.5816202839395,49.5601271811547,42.0339592934051,44.3677026142004,48.6707421857131,52.1504533563926,57.8209256675003,64.8322287296136,69.2399044980226,66.9274002494746,147.958580699126,143.201952775773,146.203334984721,158.086199421923,145.478712501458,53.0547267947932,83.2712685865319,79.6383318889627,79.5898869785363,92.256573985392,97.9791673036369,105.591755815418,109.758906740755,115.351583941227,119.376076100414,125.088957695169,129.818953050525,134.705911531792,132.489279126593,135.145125758172,140.027606466192,127.296126966879,108.565575145165,110.585761956746,93.4128317081778,200.513770443495,194.455549331093,204.883534459563,219.167149564936,231.585365809528,228.716492967098,248.555786170031,254.68530464684,205.668440766244,202.606891329011,138.271514075564,150.528319520009,171.976159139983,181.169197265417,182.105859722381,225.043724899923,202.791081718413,198.917016558035,198.106585296224,188.105140469549,181.979583477425,136.50105192318,139.54812673256,124.476727927684,106.861057508693,167.215883938276,155.475900957105,160.566435752135,112.219598299941,120.135349889995,121.239407436838,113.422029710325,128.679777365843,98.0380487223661,76.5922255643485,76.5922255643485,82.7196036094964,85.7832926320703,107.229115790088,85.7832926320703,85.7832926320703,612.737804514788,618.865182559936,655.629450830823,591.29198135677,193.012408422158,156.248140151271,128.674938948105,85.7832926320703,91.9106706772182,101.10173774494,79.6559145869224,36.7642682708873,27.5732012031655,18.3821341354436,3.06368902257394,0,0,0
"CO2","1A2g_Ind-Comb-wood-products","diesel_oil","ktCO2",0,0,0,0,0,0,0,0,0,0,0,0,0,0,0,0,0,0,0,0,0,0,0,0,0,0,0,0,0,0,0,0,0,0,0,0,0,0,0,0,0,0,0,0,0,0,0,0,0,0,0,0,0,0,0,0,0,0,0,0,0,0,0,0,0,0,0,0,0,0,0,0,0,0,0,0,0,0,0,0,0,0,0,0,0,0,0,0,0,0,0,0,0,0,0,0,0,0,0,0,0,0,0,0,0,0,0,0,0,0,0.00123068334901113,0.00135406174878086,0.00147750763397356,0.00266837252634613,0.0040240942774569,0.00492873321535588,0.00591604556007037,0.00908195065044124,0.0177578869643181,0.0179685247656832,0.0189197316300731,0.0164234004524181,0.0190311123052563,0.0445634612017449,0.0732700131254941,0.121796419069778,0.207334469112153,0.307018716506613,0.38351397436413,0.495985821580399,0.581853524170032,0.830684519169359,0.93132780602561,1.0614012241448,1.59373158811022,2.08353956634416,2.22745893680065,2.89928021585587,3.22766592675427,3.31385141580266,4.14934218533023,5.20958504846877,5.54372320136259,6.7059176219408,6.26520489156396,8.77708106630346,8.90238055592639,10.3519995282612,11.93406863379,13.0153860059063,15.4965577998909,17.8086883060166,17.1835429863501,15.8370140941656,16.8490907334063,12.6002542345661,14.6257971359414,15.7384522797081,16.06258747699,17.5163095813188,18.4868434978101,17.6863816133783,18.1872542453085,17.8338345814521,18.8055695247887,20.8174167304808,22.5145817235745,20.2023780410822,8.6356819601704,10.4997692250772,9.32376746160767,9.2262899839653,11.4988026943526,13.1187945563036,13.7757451700704,14.860159988615,17.9389005184611,21.8758100690909,21.6442335035018,26.893999351199,50.3864949428495,61.7443984399946,59.0023282406624,60.3033846294572,69.126849219881,73.6428868917831,81.0282334138939,85.7192523921648,91.9146768893513,93.5132880225069,97.0431279920447,100.636049643362,96.5312458162726,86.1103519889233,117.504527527741,61.5099150111508,72.7890678232516,90.4867509117144,101.655420508476,118.450980203998,132.92905350595,147.366087030839,178.145664344669,210.202742965345,250.589050338612,312.73865205549,388.382666271552,458.730497618216,545.194362081282,630.72375846278,737.568506680434,854.076549381025,1037.19354852387,1183.08011769401,1356.38827914241,1528.72112983195,1739.28639793907,1964.66395893729,2219.98819712793,2491.40465441688,3024.2952797942,3073.00359310329,3613.23337973239,4398.68823716523,4550.86061979487,4516.02958079532,5045.0535715677,5230.88382835779,6680.4003179108,7013.95624826169,6853.40498270884,6666.96790020409,6538.29451825793,5071.97095556472,5010.74113987973,4931.96786591722,5685.45948386554,5789.37217938593,5712.25353326902,5517.18579426718,6317.52273617132,5566.01600109587,5516.05378947063,4627.875094799,3066.16642443479,6957.08612769307,7105.52424837343,7856.33248698656,7130.7609787276,7050.65949516489,6092.34947086268,6726.79876913832,6453.52762660218,5784.5264047943,7525.65412392953,5614.12239728534,5765.11287154291,5817.32958509514,8259.85966119595,8279.85093550232,9935.29760487147,3771.15363067188,4383.20899592041,4564.91293247857,4526.65947215053,4768.93138756141,4778.49475264342,4469.27928165848,3745.65132378653,3758.40247722921,3509.754985097,3675.51997985181,3548.00844542503,3586.25937607018
"CO2","1A2g_Ind-Comb-wood-products","hard_coal","ktCO2",0,0,0,0,0,0,0,0,0,0,0,0,0,0,0,0,0,0,0,0,0,0,0,0,0,0,0,0,0,0,0,0,0,0,0,0.00168730207194079,0.00173551070256767,0.00178371933319455,0.00183192796382143,0.00188013659444831,0.00192834522507518,0.00197655385570206,0.0213959543881764,0.0223702040007182,0.0213050014896653,0.0219513533226186,0.0264171737969332,0.0276688753768191,0.0294682743467871,0.0325540415289872,1.76899829630321,1.96083982540869,2.03157011798377,2.11782587501594,2.17597399551828,2.74859439934128,2.54420112954961,1.95297817250293,2.54030507416618,2.43912172559754,2.9706057648022,3.13156641530191,2.46644961401069,2.11189422594335,2.80384211788085,3.34289604958568,4.02722413447134,4.50093534021091,5.61862078844916,4.74169282747696,4.75630085233981,5.32278240627531,5.90355039803776,7.93314101801791,8.37312936988776,8.85062143186379,8.28919742645476,8.98508695542581,8.45347204342051,7.57968510729227,7.20318822816954,6.05167660733857,7.63267527047877,8.13378181063509,8.59981958252654,9.31470551471442,10.6869010072322,11.6725622987692,12.7576137443463,13.714079919244,16.2131846279952,17.7936547611159,19.2080315547908,19.1588962930461,20.6127633979732,24.1840495016347,25.8076357212749,26.74866703665,27.2031733012644,27.216965969964,29.5031845042162,32.6637468780102,39.8670753995942,43.1695643317904,49.3147838178153,59.7831618859893,65.2167971792906,68.7267851635917,78.1411067975735,72.9116807873448,76.266877218821,81.8269287096213,94.9101924606222,109.59615503787,125.278486024931,141.923192907495,143.327039272773,157.445252756865,174.761355428743,182.603225268304,191.945321917878,223.676415573547,246.449251655017,266.234479289923,282.643036776276,292.01736552644,299.259488457025,283.554298039202,300.403273760501,321.148922404939,334.445682250459,340.301472456175,361.188031266207,397.906947161698,413.526285618705,431.23895592018,444.884261550184,457.350974695408,510.996218157262,552.255324034066,579.430293784579,624.806981266981,604.249420705479,640.185740831558,658.180790582915,690.027347342289,746.977150700295,804.467327335518,878.881569914755,950.745988418118,1008.94182116137,1045.37234150908,1030.72884579421,1088.80456729077,1137.31642052511,1210.14697234994,1295.64590198743,1456.04430553265,1507.74931641044,1536.25056942892,1546.43246454574,1628.92905852692,1814.36966217499,1921.75429406478,1616.49670973925,1517.50146628689,1668.40680430111,1736.3575859273,1363.31653388222,318.463617949762,963.104780624726,870.517982285294,748.029838861206,509.556397190351,520.581388182177,453.952541055945,567.913564035434,758.29389457278,881.774770091418,1050.24049139145,1027.7891672619,970.899935284292,923.286849081551,980.04363129312,1113.01000075817,1202.95377729634,1488.2771085954,1706.37681426917,1929.6606101983,2041.53709404681,4074.7679968381,3476.77944535199,2835.86479514383,2912.81732626632,2278.0347383858,1445.47266018177,1843.46322515826,2100.39530596731,2236.4055688577,2560.47731031707,2860.00100414889,3106.28967015479,3228.37493596391,3304.49096416753,3468.97256861736,3760.28312775242,3956.77592771573,4089.86934315124,4060.49253812253,4034.74623678227,3976.04670800604,3897.34851299482,3872.14219409503,3984.45363435297,4060.28177623597,4140.3470210148,4203.88092306239,4190.62449953758,4156.86184577702,4187.22636784594,4397.15924763277,5130.88617007565,5306.10487090462,5504.87406407281,5552.01621334292,5650.92579027632,5930.51492981873,5705.17156399974,6015.19708126442,6078.23266726155,13511.5997384544,12656.7083875851,12704.8730294892,13066.2282431273,13672.9182997283,28500.7321576104,29089.2357490558,31228.3230766853,33104.5305886968,33791.7610914175,12095.3135849973,11146.6845760522,11264.7367080387,11242.1546508104,8862.16896313091,9907.53747211449,7925.62725374704,7632.79177066303,8405.06005189044,6670.90213943589,6894.01214935603,6800.48421711438,6909.67723272063,8046.78469845626,10947.3595144198,12334.5793451403,13256.3396728121,14079.4490798076,14677.7579317409,15407.6318374513,15465.727072583,14850.981504159,13732.8489059262,12986.9130783641,11235.1301818432,10327.9569934786,7231.6440117832,4603.30378037691,1687.04457240801,1383.8257008314,1013.52323675592,945.607119184724,540.670793252988,525.637114434136
"CO2","1A2g_Ind-Comb-wood-products","heavy_oil","ktCO2",0,0,0,0,0,0,0,0,0,0,0,0,0,0,0,0,0,0,0,0,0,0,0,0,0,0,0,0,0,0,0,0,0,0,0,0,0,0,0,0,0,0,0,0,0,0,0,0,0,0,0,0,0,0,0,0,0,0,0,0,0,0,0,0,0,0,0,0,0,0,0,0,0,0,0,0,0,0,0,0,0,0,0,0,0,0,0,0,0,0,0,0,0,0,0,0,0,0,0,0,0,0,0,0,0,0,0,0,0,0,0.00321861367905375,0.00353848295114343,0.00385806434926324,0.00696229085205734,0.0104916689420963,0.0128406534893805,0.0154015084931789,0.0236262759016153,0.046163226536035,0.0466777896319858,0.0491145293419571,0.0425565350449745,0.0492261770468597,0.115069281729273,0.188874937877602,0.313450137979674,0.594441999580303,0.938864234416456,1.21878400443408,1.59820049662763,1.84429487372546,2.68317012997666,3.1319308332554,3.60661583997106,5.31517100898935,6.74260957130539,7.02657035926387,8.99618771801843,10.0597397422302,10.5367489478778,12.7947669884164,15.6232035816415,16.7637928286699,19.8225340369752,18.8696469510316,25.3268274782379,25.8875899906361,29.753253373789,33.8155804918975,36.5935640761722,43.0527605005726,48.206554686601,46.1846312365614,42.471468022609,44.4475923175106,33.2963072401627,38.0223536410532,40.5903575762532,41.165832276292,44.2681790783668,46.3278903979625,44.3470271961909,45.7039192890944,44.7377233400564,46.1471957766022,51.1283873067107,55.3613907455096,49.7519819935854,21.2967668203686,25.9234881882702,23.0552758896111,22.7969479586854,28.3828006534,32.3558885514408,33.9496548385953,36.6053065411221,44.1610046615827,53.8108989951711,53.210208569177,66.0712804811801,123.698701947561,151.243221578118,144.223329152097,147.106966787222,168.305401959984,179.005716471993,196.688843301171,207.803402654548,222.634176594288,226.373774662113,235.009616668813,243.929394638796,234.241087450955,209.315085097208,285.808424317411,149.884943830309,173.713837431292,212.374430340798,250.704521794162,287.541634388481,326.581338617214,363.25745931186,415.94421901056,471.160675075679,540.415768418384,639.98816714827,750.638190777755,856.314420286598,969.920520317182,1086.22437110185,1221.31951003238,1352.74853638114,1554.45017440212,1757.73845789284,1934.95830136689,2115.55261376058,2312.69995669699,2519.65760479576,2757.44798024056,3011.4617116399,5166.94803540032,6102.9781236986,6441.05910720334,8175.95529498298,7487.92014543187,7838.92559717986,8499.11107095171,8724.8377570549,8796.64668171662,9009.72761279002,9011.6287918313,8881.46459951738,8690.18622836476,7351.78817474565,6840.18213594957,6364.63302193579,6259.13160365204,5898.72608362291,6145.23855774645,5672.53825255281,6122.54460565619,5610.23269765314,5244.22165412885,5108.49247873167,3599.43913230297,2933.68905334681,2743.39054994178,2912.52311834261,2808.42332911969,2816.62809508595,2444.00858522843,2279.22031143452,2159.92227860461,2078.29730877362,2068.87904302389,1472.38887887436,1591.68691170427,1359.36968987761,1192.98032829906,935.547731139788,913.571777723752,725.206462729164,693.8122435634,461.495021736741,361.033520406294,357.894098489718,370.451786156023,291.966238241612,307.663347824494,970.081372222129,291.966238241612,489.74981898593,505.446928568812,243.294435285537
"CO2","1A2g_Ind-Comb-wood-products","light_oil","ktCO2",0,0,0,0,0,0,0,0,0,0,0,0,0,0,0,0,0,0,0,0,0,0,0,0,0,0,0,0,0,0,0,0,0,0,0,0,0,0,0,0,0,0,0,0,0,0,0,0,0,0,0,0,0,0,0,0,0,0,0,0,0,0,0,0,0,0,0,0,0,0,0,0,0,0,0,0,0,0,0,0,0,0,0,0,0,0,0,0,0,0,0,0,0,0,0,0,0,0,0,0,0,0,0,0,0,0,0,0,0,0,9.59614208028349e-06,1.05106899976893e-05,1.14179014305043e-05,2.05299457013179e-05,3.08258362381849e-05,3.75930555131517e-05,4.49313289598689e-05,6.86849860226029e-05,0.000133738982948175,0.000134766512627372,0.000141320715890542,0.000121364255701886,0.000139158519472468,0.00032249360560258,0.000524857464823142,0.000863767158862072,0.00145597112494247,0.00213518339974051,0.00264185300241451,0.0033846986671355,0.00393416054793262,0.00555727878179628,0.00616589140230247,0.00695532385855457,0.0103388542967594,0.0133829324852932,0.0141684491332706,0.0182656303915164,0.0201433547833131,0.0204899106184362,0.0254222150479606,0.0316553382253619,0.0334124595482908,0.0400940798478044,0.0371640632275139,0.0516598794777864,0.0519963768325148,0.0600070020591052,0.0686630290279864,0.0743349594856224,0.0878651710215363,0.0990116392179317,0.0937263635437154,0.0847869311674157,0.0885810889542974,0.0650798157129033,0.0742462032970825,0.0785564558923106,0.0788625229746305,0.0846245437035087,0.0879167943099929,0.0851540625627132,0.0886550347249123,0.0880164745372329,0.0939728252739959,0.105330292670961,0.115349475073837,0.104808056939652,0.0453675096161135,0.0558599331455041,0.0502344017973116,0.04940011199014,0.061190668001522,0.0693901663222715,0.0724317907765379,0.0777777719597288,0.0934759787675928,0.113499541747667,0.111828070713757,0.138386878654308,0.2582475450968,0.310477156646106,0.291243378129848,0.292360150205178,0.329335259747126,0.344948231114586,0.373335804509854,0.388671473932114,0.410321133411964,0.411181978341528,0.420463158908627,0.440243672542011,0.426447300408282,0.38406607375792,0.529514377549229,0.279475596223311,0.325000259575779,0.400337763824365,0.451420491089398,0.533771664222514,0.602428671118371,0.649397107502536,0.715735270877026,0.771529787168677,0.836527237777658,0.9533330790003,1.0819393479588,1.19568856743095,1.30833621229788,1.39822013358883,1.49433132764617,1.5831514319159,1.7307238906797,1.85216990751256,1.94030691303918,2.02121371904825,2.10938591473491,2.24234903171253,2.3286449244864,2.42661075536029,55.8029947761657,102.919909925629,115.561118686706,153.232511366145,169.012423562141,122.051396943146,131.52699952365,128.45153934527,31.4446124208947,34.6627124096105,66.1324584774653,63.0120493242516,62.9979106655672,69.2771611477413,100.671920606571,131.980751780929,59.5637134991704,62.5062196460769,53.2674653659515,97.4817988379898,263.165661374315,247.078830985272,231.511476727655,322.942792459653,353.636008478928,939.068326869783,962.052462574292,930.692111041603,839.734292781059,776.991326608297,628.470842803666,591.847672586196,594.979141753318,573.058857583459,529.218289243742,507.298005073883,519.823881742372,513.648801628672,454.092197953342,438.585155542614,479.873100509092,549.867476606666,383.11170929165,421.053586110389,369.517745935735,377.772116544906,377.14060704926,516.550880038533,728.615553447972,587.599522819959,569.225939022177,561.127148703796,508.575398797622,516.189485889016
"CO2","1A2g_Ind-Comb-wood-products","natural_gas","ktCO2",0,0,0,0,0,0,0,0,0,0,0,0,0,0,0,0,0,0,0,0,0,0,0,0,0,0,0,0,0,0,0,0,0,0,0,0,0,0,0,0,0,0,0,0,0,0,0,0,0,0,0,0,0,0,0,0,0,0,0,0,0,0,0,0,0,0,0,0,0,0,0,0,0,0,0,0,0,0,0,0,0,0,0,0,0,0,0,0,0,0,0,0,0,0,0,0,0,0,0,0,0,0,0,0,0,0,0,0,0,0,0,0,0,0,0,0,0,0,0,0,0,0,0,0,0,0,0,0,0,0,0,0,0,0,0,0,0,0,0,0,0,0,0,0,0,0,0,0,0,0,0,0,0,0,0,0,0,0,0,0,0,0,0,0,0,0,0,0,0,0,0,0.00962097683390834,0.00886841660274686,0.00629333453238403,0.052852655345339,0.0904987226850733,0.108536426097253,0.114691081940206,0.127688031575969,0.160422816034828,0.203782705931983,0.337316310842178,0.409548064549065,0.485516457170487,0.6305500275535,0.74681519410918,0.936335028712889,0.999373745122529,1.01389338991498,1.01930968946054,1.50041027510833,0,0,0,0,1.6997897915552,1.98337636600106,2.47733482934832,2.92549624133207,2.93987463412492,4.37984195830153,4.769332543624,5.06857263869677,5.73818845982377,6.53876210233103,8.04575989753461,10.2865972144218,15.145377383555,21.8406755703914,28.5483517766687,38.8642035305255,48.6612972438877,59.1522613440822,72.9592006295398,88.2754924746196,103.083528390617,117.728926578287,132.318830397553,149.195041986502,164.616172859959,173.041132697693,263.09384363114,274.570798118144,302.93658638915,321.007780788923,401.370361477588,425.223938544765,465.712892874901,534.023611524831,516.301620993297,521.510844299176,546.241104630573,526.964562269795,557.261550396703,777.13329440811,830.381078710622,911.948222356677,1019.82999470215,1121.60222810812,1187.34291158416,1508.24308851972,1525.71585516661,1239.78931417532,1052.47132499159,1203.10537419354,5168.60290372069,5216.66416731853,5716.26902255807,5576.40068196802,6739.87921550173,7842.56091184412,7198.75199999999,5455.7811,5231.9982,5711.48489999999,6379.2432,7445.25539999999,6961.22460000001,6969.52739999999,6100.85803536,6392.0268192,6591.26044930339,6341.2829074726,6773.21902754016,6830.6490099814,6992.68020833679,7815.42027671671,7962.36573293207,8344.88157564656,7980.90912797181,8386.45134772165,9007.525914198,8623.74529443111,8610.90078644955
"CO2","1A3ai_International-aviation","biomass","ktCO2",0,0,0,0,0,0,0,0,0,0,0,0,0,0,0,0,0,0,0,0,0,0,0,0,0,0,0,0,0,0,0,0,0,0,0,0,0,0,0,0,0,0,0,0,0,0,0,0,0,0,0,0,0,0,0,0,0,0,0,0,0,0,0,0,0,0,0,0,0,0,0,0,0,0,0,0,0,0,0,0,0,0,0,0,0,0,0,0,0,0,0,0,0,0,0,0,0,0,0,0,0,0,0,0,0,0,0,0,0,0,0,0,0,0,0,0,0,0,0,0,0,0,0,0,0,0,0,0,0,0,0,0,0,0,0,0,0,0,0,0,0,0,0,0,0,0,0,0,0,0,0,0,0,0,0,0,0,0,0,0,0,0,0,0,0,0,0,0,0,0,0,0,0,0,0,0,0,0,0,0,0,0,0,0,0,0,0,0,0,0,0,0,0,0,0,0,0,0,0,0,0,0,0,0,0,0,0,0,0,0,0,0,0,0,0,0,0,0,0,0,0,0,0,0,0,0,0,0,0,0,0,0,0,0,0,0,0,0,0,0,0,0,0,0,0,0,0,0,0,0,0,0,0,0,0,0,0,0,0,0,0,0,0,0,0,0,0,0,0,0,0,0,0,0
"CO2","1A3ai_International-aviation","brown_coal","ktCO2",0,0,0,0,0,0,0,0,0,0,0,0,0,0,0,0,0,0,0,0,0,0,0,0,0,0,0,0,0,0,0,0,0,0,0,0,0,0,0,0,0,0,0,0,0,0,0,0,0,0,0,0,0,0,0,0,0,0,0,0,0,0,0,0,0,0,0,0,0,0,0,0,0,0,0,0,0,0,0,0,0,0,0,0,0,0,0,0,0,0,0,0,0,0,0,0,0,0,0,0,0,0,0,0,0,0,0,0,0,0,0,0,0,0,0,0,0,0,0,0,0,0,0,0,0,0,0,0,0,0,0,0,0,0,0,0,0,0,0,0,0,0,0,0,0,0,0,0,0,0,0,0,0,0,0,0,0,0,0,0,0,0,0,0,0,0,0,0,0,0,0,0,0,0,0,0,0,0,0,0,0,0,0,0,0,0,0,0,0,0,0,0,0,0,0,0,0,0,0,0,0,0,0,0,0,0,0,0,0,0,0,0,0,0,0,0,0,0,0,0,0,0,0,0,0,0,0,0,0,0,0,0,0,0,0,0,0,0,0,0,0,0,0,0,0,0,0,0,0,0,0,0,0,0,0,0,0,0,0,0,0,0,0,0,0,0,0,0,0,0,0,0,0,0
"CO2","1A3ai_International-aviation","coal_coke","ktCO2",0,0,0,0,0,0,0,0,0,0,0,0,0,0,0,0,0,0,0,0,0,0,0,0,0,0,0,0,0,0,0,0,0,0,0,0,0,0,0,0,0,0,0,0,0,0,0,0,0,0,0,0,0,0,0,0,0,0,0,0,0,0,0,0,0,0,0,0,0,0,0,0,0,0,0,0,0,0,0,0,0,0,0,0,0,0,0,0,0,0,0,0,0,0,0,0,0,0,0,0,0,0,0,0,0,0,0,0,0,0,0,0,0,0,0,0,0,0,0,0,0,0,0,0,0,0,0,0,0,0,0,0,0,0,0,0,0,0,0,0,0,0,0,0,0,0,0,0,0,0,0,0,0,0,0,0,0,0,0,0,0,0,0,0,0,0,0,0,0,0,0,0,0,0,0,0,0,0,0,0,0,0,0,0,0,0,0,0,0,0,0,0,0,0,0,0,0,0,0,0,0,0,0,0,0,0,0,0,0,0,0,0,0,0,0,0,0,0,0,0,0,0,0,0,0,0,0,0,0,0,0,0,0,0,0,0,0,0,0,0,0,0,0,0,0,0,0,0,0,0,0,0,0,0,0,0,0,0,0,0,0,0,0,0,0,0,0,0,0,0,0,0,0,0
"CO2","1A3ai_International-aviation","diesel_oil","ktCO2",0,0,0,0,0,0,0,0,0,0,0,0,0,0,0,0,0,0,0,0,0,0,0,0,0,0,0,0,0,0,0,0,0,0,0,0,0,0,0,0,0,0,0,0,0,0,0,0,0,0,0,0,0,0,0,0,0,0,0,0,0,0,0,0,0,0,0,0,0,0,0,0,0,0,0,0,0,0,0,0,0,0,0,0,0,0,0,0,0,0,0,0,0,0,0,0,0,0,0,0,0,0,0,0,0,0,0,0,0,0,0,0,0,0,0,0,0,0,0,0,0,0,0,0,0,0,0,0,0,0,0,0,0,0,0,0,0,0,0,0,0,0,0,0,0,0,0,0,0,0,0,0,0,0,0,0,0,0,0,0,0,0,0,0,0,0,0,0,0,0,0,0,0,0,0,0,0,0,0,0,0,0,0,0,0,0,0,0,0,0,0,0,0,0,0,0,0,0,0,0,0,0,0,0,0,0,0,0,0,0,0,0,0,0,0,0,0,0,0,0,0,0,0,0,0,0,0,0,0,0,0,0,0,0,0,0,0,0,0,0,0,0,0,0,0,0,0,0,0,0,0,0,0,0,0,3.18778836066939,0,0,0,0,0,0,0,0,0,6.37557672133878,6.37557672133878,6.37557672133878,6.37557672133878,6.37557672133878,6.37557672133878,9.56336508200817,9.56336508200817,9.92216377195363
"CO2","1A3ai_International-aviation","hard_coal","ktCO2",0,0,0,0,0,0,0,0,0,0,0,0,0,0,0,0,0,0,0,0,0,0,0,0,0,0,0,0,0,0,0,0,0,0,0,0,0,0,0,0,0,0,0,0,0,0,0,0,0,0,0,0,0,0,0,0,0,0,0,0,0,0,0,0,0,0,0,0,0,0,0,0,0,0,0,0,0,0,0,0,0,0,0,0,0,0,0,0,0,0,0,0,0,0,0,0,0,0,0,0,0,0,0,0,0,0,0,0,0,0,0,0,0,0,0,0,0,0,0,0,0,0,0,0,0,0,0,0,0,0,0,0,0,0,0,0,0,0,0,0,0,0,0,0,0,0,0,0,0,0,0,0,0,0,0,0,0,0,0,0,0,0,0,0,0,0,0,0,0,0,0,0,0,0,0,0,0,0,0,0,0,0,0,0,0,0,0,0,0,0,0,0,0,0,0,0,0,0,0,0,0,0,0,0,0,0,0,0,0,0,0,0,0,0,0,0,0,0,0,0,0,0,0,0,0,0,0,0,0,0,0,0,0,0,0,0,0,0,0,0,0,0,0,0,0,0,0,0,0,0,0,0,0,0,0,0,0,0,0,0,0,0,0,0,0,0,0,0,0,0,0,0,0,0
"CO2","1A3ai_International-aviation","heavy_oil","ktCO2",0,0,0,0,0,0,0,0,0,0,0,0,0,0,0,0,0,0,0,0,0,0,0,0,0,0,0,0,0,0,0,0,0,0,0,0,0,0,0,0,0,0,0,0,0,0,0,0,0,0,0,0,0,0,0,0,0,0,0,0,0,0,0,0,0,0,0,0,0,0,0,0,0,0,0,0,0,0,0,0,0,0,0,0,0,0,0,0,0,0,0,0,0,0,0,0,0,0,0,0,0,0,0,0,0,0,0,0,0,0,0,0,0,0,0,0,0,0,0,0,0,0,0,0,0,0,0,0,0,0,0,0,0,0,0,0,0,0,0,0,0,0,0,0,0,0,0,0,0,0,0,0,0,0,0,0,0,0,0,0,0,0,0,0,0,0,0,0,0,0,0,0,0,0,0,0,0,0,0,0,0,0,0,0,0,0,0,0,0,0,0,0,0,0,0,0,0,0,0,0,0,0,0,0,0,0,0,0,0,0,0,0,0,0,0,0,0,0,0,0,0,0,0,0,0,0,0,0,0,0,0,0,0,0,0,0,0,0,0,0,0,299.388259232917,146.629574917265,84.823095700261,46.2134046089654,24.2607679926859,0,0,0,0,0,0,0,0,0,0,0,0,0,0,0,0,0,0,0,0,517.039081272634,827.997147441787,989.668656964407,399.710142346847,103.917594870267,185.950351769151,0,0
"CO2","1A3ai_International-aviation","light_oil","ktCO2",0,0,0,0,0,0,0,0,0,0,0,0,0,0,0,0,0,0,0,0,0,0,0,0,0,0,0,0,0,0,0,0,0,0,0,0,0,0,0,0,0,0,0,0,0,0,0,0,0,0,0,0,0,0,0,0,0,0,0,0,0,0,0,0,0,0,0,0,0,0,0,0,0,0,0,0,0,0,0,0,0,0,0,0,0,0,0,0,0,0,0,0,0,0,0,0,0,0,0,0,0,0,0,0,0,0,0,0,0,0,0,0,0,0,0,0,0,0,0,0,0,0,0,0,0,0,0,0,0,0,0,0,0,0,0,0,0,0,0,0,0,0,0,0,0,0,0,0,0,0,0,0,0,0,0,0,0,0,0,0,0,0,0,0,0,0,0,0,0,0,0,0,0,0,0,170.642972705357,342.838546184998,575.23707183303,801.536478166522,1100.84217298097,1451.45752167976,1751.15279072121,1950.5764686323,2377.21547595841,2958.93727637678,3586.06167261755,4260.4841343999,5015.28197429557,5467.64498315676,6184.04352499711,6560.01038564143,6950.74878788667,7093.17361470608,7728.12086290466,9506.06086566257,8801.84251927658,10189.3726563443,11669.3577208753,13013.6970668578,13652.0370324417,18654.9361444712,21071.150353884,22509.9490493783,23942.8430994451,26084.4660764886,29428.6085620377,33022.9907293775,35753.8156808123,39036.5603832547,41829.4267410251,47005.3224147616,52289.5525627163,56907.8799129668,61856.4356273983,67740.0977660167,72700.6084199144,80739.587429826,90984.9979720024,102304.628480394,109122.452644599,116266.844978714,125596.672989256,134347.671496683,141953.313432969,133075.710541098,137649.81158289,136830.892138526,151248.143868409,157073.334168297,162622.552998007,161526.10479105,159310.819125209,165201.386353971,165981.747489023,173660.674783959,179319.152622263,200073.880518509,213759.006562392,226845.8131077,240407.554815912,251325.49071944,243710.662171306,254384.151292784,260913.861785096,275339.043630795,286283.14319316,298599.421794166,314458.409262775,325783.4110212,340802.205284071,354732.677107161,349301.779081331,369147.220124481,367340.707940261,403124.86836643,429065.464878116,444792.086117691,459784.996850503,467129.088932492,443877.359203316,468284.106528511,480331.909040626,482956.059142459,491728.466532947,506355.655275879,535619.720350405,559561.772909009,589390.459474766,615306.530192381,625281.347309794,297606.846579129,328519.668177589,473664.909885633,551686.07395617
"CO2","1A3ai_International-aviation","natural_gas","ktCO2",0,0,0,0,0,0,0,0,0,0,0,0,0,0,0,0,0,0,0,0,0,0,0,0,0,0,0,0,0,0,0,0,0,0,0,0,0,0,0,0,0,0,0,0,0,0,0,0,0,0,0,0,0,0,0,0,0,0,0,0,0,0,0,0,0,0,0,0,0,0,0,0,0,0,0,0,0,0,0,0,0,0,0,0,0,0,0,0,0,0,0,0,0,0,0,0,0,0,0,0,0,0,0,0,0,0,0,0,0,0,0,0,0,0,0,0,0,0,0,0,0,0,0,0,0,0,0,0,0,0,0,0,0,0,0,0,0,0,0,0,0,0,0,0,0,0,0,0,0,0,0,0,0,0,0,0,0,0,0,0,0,0,0,0,0,0,0,0,0,0,0,0,0,0,0,0,0,0,0,0,0,0,0,0,0,0,0,0,0,0,0,0,0,0,0,0,0,0,0,0,0,0,0,0,0,0,0,0,0,0,0,0,0,0,0,0,0,0,0,0,0,0,0,0,0,0,0,0,0,0,0,0,0,0,0,0,0,0,0,0,0,0,0,0,0,0,0,0,0,0,0,0,0,0,0,0,0,0,0,0,0,0,0,0,0,0,0,0,0,0,0,0,0,0
"CO2","1A3aii_Domestic-aviation","biomass","ktCO2",0,0,0,0,0,0,0,0,0,0,0,0,0,0,0,0,0,0,0,0,0,0,0,0,0,0,0,0,0,0,0,0,0,0,0,0,0,0,0,0,0,0,0,0,0,0,0,0,0,0,0,0,0,0,0,0,0,0,0,0,0,0,0,0,0,0,0,0,0,0,0,0,0,0,0,0,0,0,0,0,0,0,0,0,0,0,0,0,0,0,0,0,0,0,0,0,0,0,0,0,0,0,0,0,0,0,0,0,0,0,0,0,0,0,0,0,0,0,0,0,0,0,0,0,0,0,0,0,0,0,0,0,0,0,0,0,0,0,0,0,0,0,0,0,0,0,0,0,0,0,0,0,0,0,0,0,0,0,0,0,0,0,0,0,0,0,0,0,0,0,0,0,0,0,0,0,0,0,0,0,0,0,0,0,0,0,0,0,0,0,0,0,0,0,0,0,0,0,0,0,0,0,0,0,0,0,0,0,0,0,0,0,0,0,0,0,0,0,0,0,0,0,0,0,0,0,0,0,0,0,0,0,0,0,0,0,0,0,0,0,0,0,0,0,0,0,0,0,0,0,0,0,0,0,0,0,0,0,0,0,0,0,0,0,0,0,0,0,0,0,0,0,0,0
"CO2","1A3aii_Domestic-aviation","brown_coal","ktCO2",0,0,0,0,0,0,0,0,0,0,0,0,0,0,0,0,0,0,0,0,0,0,0,0,0,0,0,0,0,0,0,0,0,0,0,0,0,0,0,0,0,0,0,0,0,0,0,0,0,0,0,0,0,0,0,0,0,0,0,0,0,0,0,0,0,0,0,0,0,0,0,0,0,0,0,0,0,0,0,0,0,0,0,0,0,0,0,0,0,0,0,0,0,0,0,0,0,0,0,0,0,0,0,0,0,0,0,0,0,0,0,0,0,0,0,0,0,0,0,0,0,0,0,0,0,0,0,0,0,0,0,0,0,0,0,0,0,0,0,0,0,0,0,0,0,0,0,0,0,0,0,0,0,0,0,0,0,0,0,0,0,0,0,0,0,0,0,0,0,0,0,0,0,0,0,0,0,0,0,0,0,0,0,0,0,0,0,0,0,0,0,0,0,0,0,0,0,0,0,0,0,0,0,0,0,0,0,0,0,0,0,0,0,0,0,0,0,0,0,0,0,0,0,0,0,0,0,0,0,0,0,0,0,0,0,0,0,0,0,0,0,0,0,0,0,0,0,0,0,0,0,0,0,0,0,0,0,0,0,0,0,0,0,0,0,0,0,0,0,0,0,0,0,0
"CO2","1A3aii_Domestic-aviation","coal_coke","ktCO2",0,0,0,0,0,0,0,0,0,0,0,0,0,0,0,0,0,0,0,0,0,0,0,0,0,0,0,0,0,0,0,0,0,0,0,0,0,0,0,0,0,0,0,0,0,0,0,0,0,0,0,0,0,0,0,0,0,0,0,0,0,0,0,0,0,0,0,0,0,0,0,0,0,0,0,0,0,0,0,0,0,0,0,0,0,0,0,0,0,0,0,0,0,0,0,0,0,0,0,0,0,0,0,0,0,0,0,0,0,0,0,0,0,0,0,0,0,0,0,0,0,0,0,0,0,0,0,0,0,0,0,0,0,0,0,0,0,0,0,0,0,0,0,0,0,0,0,0,0,0,0,0,0,0,0,0,0,0,0,0,0,0,0,0,0,0,0,0,0,0,0,0,0,0,0,0,0,0,0,0,0,0,0,0,0,0,0,0,0,0,0,0,0,0,0,0,0,0,0,0,0,0,0,0,0,0,0,0,0,0,0,0,0,0,0,0,0,0,0,0,0,0,0,0,0,0,0,0,0,0,0,0,0,0,0,0,0,0,0,0,0,0,0,0,0,0,0,0,0,0,0,0,0,0,0,0,0,0,0,0,0,0,0,0,0,0,0,0,0,0,0,0,0,0
"CO2","1A3aii_Domestic-aviation","diesel_oil","ktCO2",0,0,0,0,0,0,0,0,0,0,0,0,0,0,0,0,0,0,0,0,0,0,0,0,0,0,0,0,0,0,0,0,0,0,0,0,0,0,0,0,0,0,0,0,0,0,0,0,0,0,0,0,0,0,0,0,0,0,0,0,0,0,0,0,0,0,0,0,0,0,0,0,0,0,0,0,0,0,0,0,0,0,0,0,0,0,0,0,0,0,0,0,0,0,0,0,0,0,0,0,0,0,0,0,0,0,0,0,0,0,0,0,0,0,0,0,0,0,0,0,0,0,0,0,0,0,0,0,0,0,0,0,0,0,0,0,0,0,0,0,0,0,0,0,0,0,0,0,0,0,0,0,0,0,0,0,0,0,0,0,0,0,0,0,0,0,0,0,0,0,0,0,0,0,0,0,0,0,0,0,0,0,0,0,0,0,0,0,0,0,0,0,0,0,0,0,0,0,0,0,0,0,0,0,0,0,0,0,0,0,0,0,0,0,0,0,0,0,0,0,0,0,0,0,0,0,0,0,0,0,0,0,0,0,0,0,6.37557672133878,6.37557672133878,0,3.18778836066939,3.18778836066939,3.18778836066939,3.18778836066939,3.18778836066939,3.18778836066939,3.18778836066939,3.18778836066939,0,0,0,3.18778836066939,3.18778836066939,3.18778836066939,3.18778836066939,9.56336508200817,12.7511534426776,6.37557672133878,9.56336508200817,9.56336508200817,9.56336508200817,6.37557672133878,22.3145185246858,22.3145185246858,22.3145185246858,31.8778836066939,207.20624344351,41.441248688702,102.009227541421,86.0702857380735,82.8824973774041,57.380190492049,60.5679788527184,57.380190492049,57.8932013231056
"CO2","1A3aii_Domestic-aviation","hard_coal","ktCO2",0,0,0,0,0,0,0,0,0,0,0,0,0,0,0,0,0,0,0,0,0,0,0,0,0,0,0,0,0,0,0,0,0,0,0,0,0,0,0,0,0,0,0,0,0,0,0,0,0,0,0,0,0,0,0,0,0,0,0,0,0,0,0,0,0,0,0,0,0,0,0,0,0,0,0,0,0,0,0,0,0,0,0,0,0,0,0,0,0,0,0,0,0,0,0,0,0,0,0,0,0,0,0,0,0,0,0,0,0,0,0,0,0,0,0,0,0,0,0,0,0,0,0,0,0,0,0,0,0,0,0,0,0,0,0,0,0,0,0,0,0,0,0,0,0,0,0,0,0,0,0,0,0,0,0,0,0,0,0,0,0,0,0,0,0,0,0,0,0,0,0,0,0,0,0,0,0,0,0,0,0,0,0,0,0,0,0,0,0,0,0,0,0,0,0,0,0,0,0,0,0,0,0,0,0,0,0,0,0,0,0,0,0,0,0,0,0,0,0,0,0,0,0,0,0,0,0,0,0,0,0,0,0,0,0,0,0,0,0,0,0,0,0,0,0,0,0,0,0,0,0,0,0,0,0,0,0,0,0,0,0,0,0,0,0,0,0,0,0,0,0,0,0,0
"CO2","1A3aii_Domestic-aviation","heavy_oil","ktCO2",0,0,0,0,0,0,0,0,0,0,0,0,0,0,0,0,0,0,0,0,0,0,0,0,0,0,0,0,0,0,0,0,0,0,0,0,0,0,0,0,0,0,0,0,0,0,0,0,0,0,0,0,0,0,0,0,0,0,0,0,0,0,0,0,0,0,0,0,0,0,0,0,0,0,0,0,0,0,0,0,0,0,0,0,0,0,0,0,0,0,0,0,0,0,0,0,0,0,0,0,0,0,0,0,0,0,0,0,0,0,0,0,0,0,0,0,0,0,0,0,0,0,0,0,0,0,0,0,0,0,0,0,0,0,0,0,0,0,0,0,0,0,0,0,0,0,0,0,0,0,0,0,0,0,0,0,0,0,0,0,0,0,0,0,0,0,0,0,0,0,0,0,0,0,0,0,0,0,0,0,0,0,0,0,0,0,0,0,0,0,0,0,0,0,0,0,0,0,0,0,0,0,0,0,0,0,0,0,0,0,0,0,0,0,0,0,0,0,0,0,0,0,0,0,0,0,0,0,0,0,0,0,0,0,0,0,0,0,0,0,0,140.33824651543,68.732613242468,39.7608261094974,21.6625334104525,11.3722349965715,0,0,0,0,0,0,0,0,0,82.1640238237811,3.16023295670129,0,0,0,0,3.13942191657647,6.27884383315294,0,6.27884383315294,3.13942191657647,0,0,22.0626770660855,601.138875498013,292.85867645257,416.024515822506,3.13942191657647,2.98293982727671
"CO2","1A3aii_Domestic-aviation","light_oil","ktCO2",0,0,0,0,0,0,0,0,0,0,0,0,0,0,0,0,0,0,0,0,0,0,0,0,0,0,0,0,0,0,0,0,0,0,0,0,0,0,0,0,0,0,0,0,0,0,0,0,0,0,0,0,0,0,0,0,0,0,0,0,0,0,0,0,0,0,0,0,0,0,0,0,0,0,0,0,0,0,0,0,0,0,0,0,0,0,0,0,0,0,0,0,0,0,0,0,0,0,0,0,0,0,0,0,0,0,0,0,0,0,0,0,0,0,0,0,0,0,0,0,0,0,0,0,0,0,0,0,0,0,0,0,0,0,0,0,0,0,0,0,0,0,0,0,0,0,0,0,0,0,0,0,0,0,0,0,0,0,0,0,0,0,0,0,0,0,0,0,0,0,0,0,0,0,0,776.560961461462,1591.34359891293,2769.78707598778,3910.86133547904,5441.85013302598,6025.7277399908,6740.75909281155,7212.63382620365,9006.93705171858,10295.0214832378,12331.9923208571,14950.3347920411,18618.9515111322,19258.8376731566,21943.9508552147,25692.7751601719,28748.1124196231,29022.929253185,32976.8384135126,39826.0251826848,42062.9239426982,43138.5117104284,46804.8863307814,52063.1534923049,49552.4401673278,55907.0027949568,60237.6189749457,63224.4451628087,66478.2488392743,68317.369323843,74556.5633225172,78660.4786768561,79097.3389283297,81572.8286922719,84876.0815321668,86978.6186553033,93165.5061141389,102643.339685455,107562.293437827,111728.640670474,118495.429563597,127539.02159665,147482.967116971,166051.598551061,172167.812285165,173876.211144246,181483.215341634,186636.280270971,192814.955633172,188996.865216688,196306.469979729,196348.149827478,201526.80721553,207922.922056482,218228.369962966,222507.394524425,214084.498191841,212674.329430666,218359.675691689,237743.373546555,245355.552300261,248966.535123257,257062.823954603,267549.313788282,275817.15772941,273050.292023856,263429.342023805,259075.61498994,258963.024179506,268818.748972843,272330.756893493,287006.68581547,292965.806919463,294957.385119839,303204.720434438,317267.661192425,309135.588532744,295843.262372474,293791.670727735,300234.1481177,303953.97479582,297952.709843043,303147.014971107,289625.805496803,271383.864206431,286530.117116119,293956.215687212,298449.98195176,308779.410836543,319883.593893839,336986.862519144,354847.104958203,379441.132685614,394496.046905831,401097.735460906,278854.030715342,329846.668943405,330765.799784603,395006.594278519
"CO2","1A3aii_Domestic-aviation","natural_gas","ktCO2",0,0,0,0,0,0,0,0,0,0,0,0,0,0,0,0,0,0,0,0,0,0,0,0,0,0,0,0,0,0,0,0,0,0,0,0,0,0,0,0,0,0,0,0,0,0,0,0,0,0,0,0,0,0,0,0,0,0,0,0,0,0,0,0,0,0,0,0,0,0,0,0,0,0,0,0,0,0,0,0,0,0,0,0,0,0,0,0,0,0,0,0,0,0,0,0,0,0,0,0,0,0,0,0,0,0,0,0,0,0,0,0,0,0,0,0,0,0,0,0,0,0,0,0,0,0,0,0,0,0,0,0,0,0,0,0,0,0,0,0,0,0,0,0,0,0,0,0,0,0,0,0,0,0,0,0,0,0,0,0,0,0,0,0,0,0,0,0,0,0,0,0,0,0,0,0,0,0,0,0,0,0,0,0,0,0,0,0,0,0,0,0,0,0,0,0,0,0,0,0,0,0,0,0,0,0,0,0,0,0,0,0,0,0,0,0,0,0,0,0,0,0,0,0,0,0,0,0,0,0,0,0,0,0,0,0,0,0,0,0,0,0,0,0,0,0,0,0,0,0,0,0,0,0,0,0,0,0,0,0,0,0,0,0,0,0,0,0,0,0,0,0,0,0
"CO2","1A3b_Road","biomass","ktCO2",0,0,0,0,0,0,0,0,0,0,0,0,0,0,0,0,0,0,0,0,0,0,0,0,0,0,0,0,0,0,0,0,0,0,0,0,0,0,0,0,0,0,0,0,0,0,0,0,0,0,0,0,0,0,0,0,0,0,0,0,0,0,0,0,0,0,0,0,0,0,0,0,0,0,0,0,0,0,0,0,0,0,0,0,0,0,0,0,0,0,0,0,0,0,0,0,0,0,0,0,0,0,0,0,0,0,0,0,0,0,0,0,0,0,0,0,0,0,0,0,0,0,0,0,0,0,0,0,0,0,0,0,0,0,0,0,0,0,0,0,0,0,0,0,0,0,0,0,0,0,0,0,0,0,0,0,0,0,0,0,0,0,0,0,0,0,0,0,0,0,0,0,0,0,0,0,0,0,0,0,0,0,0,0,0,0,0,0,0,0,0,0,0,0,0,0,0,0,0,0,0,0,0,0,0,0,0,0,0,0,0,0,0,0,0,0,0,0,0,0,0,0,0,0,0,0,0,0,0,0,0,0,0,0,0,0,0,0,0,0,0,0,0,0,0,0,0,0,0,0,0,0,0,0,0,0,0,0,0,0,0,0,0,0,0,0,0,0,0,0,0,0,0,0
"CO2","1A3b_Road","brown_coal","ktCO2",0,0,0,0,0,0,0,0,0,0,0,0,0,0,0,0,0,0,0,0,0,0,0,0,0,0,0,0,0,0,0,0,0,0,0,0,0,0,0,0,0,0,0,0,0,0,0,0,0,0,0,0,0,0,0,0,0,0,0,0,0,0,0,0,0,0,0,0,0,0,0,0,0,0,0,0,0,0,0,0,0,0,0,0,0,0,0,0,0,0,0,0,0,0,0,0,0,0,0,0,0,0,0,0,0,0,0,0,0,0,0,0,0,0,0,0,0,0,0,0,0,0,0,0,0,0,0,0,0,0,0,0,0,0,0,0,0,0,0,0,0,0,0,0,0,0,0,0,0,0,0,0,0,0,0,0,0,0,0,0,0,0,0,0,0,0,0,0,0,0,0,0,0,0,0,0,0,0,0,0,0,0,0,0,0,0,0,0,0,0,0,0,0,0,0,0,0,0,0,0,0,0,0,0,0,0,0,0,0,0,0,0,0,0,0,0,0,0,0,0,0,0,0,0,0,0,0,0,0,0,0,0,0,0,0,0,0,0,0,0,0,0,0,0,0,0,0,0,0,0,0,0,0,0,0,0,0,0,0,0,0,0,0,0,0,0,0,0,0,0,0,0,0,0
"CO2","1A3b_Road","coal_coke","ktCO2",0,0,0,0,0,0,0,0,0,0,0,0,0,0,0,0,0,0,0,0,0,0,0,0,0,0,0,0,0,0,0,0,0,0,0,0,0,0,0,0,0,0,0,0,0,0,0,0,0,0,0,0,0,0,0,0,0,0,0,0,0,0,0,0,0,0,0,0,0,0,0,0,0,0,0,0,0,0,0,0,0,0,0,0,0,0,0,0,0,0,0,0,0,0,0,0,0,0,0,0,0,0,0,0,0,0,0,0,0,0,0,0,0,0,0,0,0,0,0,0,0,0,0,0,0,0,0,0,0,0,0,0,0,0,0,0,0,0,0,0,0,0,0,0,0,0,0,0,0,0,0,0,0,0,0,0,0,0,0,0,0,0,0,0,0,0,0,0,0,0,0,0,0,0,0,0,0,0,0,0,0,0,0,0,0,0,0,0,0,0,0,0,0,0,0,0,0,0,0,0,0,0,0,0,0,0,0,0,0,0,0,0,0,0,0,0,0,0,0,0,0,0,0,0,0,0,0,0,0,0,0,0,0,0,0,0,0,0,0,0,0,0,0,0,0,0,0,0,0,0,0,0,0,0,0,0,0,0,0,0,0,0,0,0,0,0,0,0,0,0,0,0,0,0
"CO2","1A3b_Road","diesel_oil","ktCO2",0,0,0,0,0,0,0,0,0,0,0,0,0,0,0,0,0,0,0,0,0,0,0,0,0,0,0,0,0,0,0,0,0,0,0,0,0,0,0,0,0,0,0,0,0,0,0,0,0,0,0,0,0,0,0,0,0,0,0,0,0,0,0,0,0,0,0,0,0,0,0,0,0,0,0,0,0,0,0,0,0,0,0,0,0,0,0,0,0,0,0,0,0,0,0,0,0,0,0,0,0,0,0,0,0,0.475398499469377,0.627647921807712,0.857960777165055,1.09056253816567,1.15124896658219,2.60089073660568,7.66575936728672,12.2852115751305,12.6120665171474,11.8611425025098,16.2646464726142,27.1794602775001,32.9275429157856,40.3058222546026,49.8098045260612,62.978854116098,74.7208523122352,84.1349158543557,129.199322121244,139.660640806127,149.1637199228,171.809677503677,227.155931768946,255.200712542112,322.131960152849,381.057525323263,459.306381800765,530.44986067938,497.013470522418,580.825388759334,621.456864966779,698.522861199202,770.062103346846,847.295827419469,1004.74297853285,1194.16869191531,1397.1014360126,1452.86775011038,1569.68379737634,1579.51769523811,1830.87066959795,2058.17313460266,2211.59115467781,2301.62987230384,2396.44144743343,2669.59721487877,3039.08817602731,3327.64813127144,3787.46790288919,4312.04507230006,4547.54589257769,4601.83655622187,5652.62209598542,6434.85864374315,7014.48491223143,7392.09165710838,7724.06506668734,7924.74818090078,9158.0025068995,8939.94511477603,9460.57739815092,10447.0288960371,11560.7695307658,12432.4163445463,13452.2231444451,15899.289371425,16623.5628004998,19220.1876537756,22717.1267469778,23137.0606690157,25952.9383517628,25768.5257620115,28818.5833502615,30257.7291795076,33836.8349204279,32456.2412273419,31615.1295869179,30628.4963144228,34254.650915542,36605.3455718896,40369.9421524861,44360.8699142141,50014.2062511337,49748.599697352,52106.8057427999,53560.5794469656,52867.2767658432,47964.0594357112,51773.1486547173,55289.4288135136,53300.4210143743,57545.7393561245,64772.7229065946,74459.9022873362,73839.1771614029,87275.7775934405,95333.2442815369,100133.202942867,104544.644471459,111670.609499477,123285.756865751,126819.56658035,129287.785098457,131478.855361167,139933.168696152,149690.814976098,161128.296158263,179420.172423267,200441.03031901,218440.333217141,230143.97876893,242380.990550011,247209.330812848,284968.478244075,306240.140375517,336377.308555493,367201.48449433,404012.179877755,448749.943049315,461250.129381825,478746.060515882,526856.96404716,572061.116862289,626482.686763605,671830.804517275,679830.797296104,707629.603933441,706031.154355063,754988.181335716,792493.415139188,826810.575944626,904135.882802004,951192.507380205,1028884.15252738,1081778.38333595,1143795.67798649,1168620.50142259,1203577.45852097,1246702.56544834,1300989.4420437,1347491.21703644,1428656.50366366,1462564.54816987,1511703.25265169,1574552.57859174,1696198.36939528,1738448.09676324,1801737.02599464,1886603.66888229,2002043.69846716,2064223.42212444,2130137.25389071,2238333.66600727,2268546.74553927,2232147.8261543,2326670.22125996,2410919.36410136,2465171.39838888,2526305.64201557,2560008.204522,2615459.96816583,2633201.34792712,2695561.775767,2762532.64627183,2720378.22658137,2484341.45934641,2648382.79758372,2719388.98270617,2738862.04303424
"CO2","1A3b_Road","hard_coal","ktCO2",0,0,0,0,0,0,0,0,0,0,0,0,0,0,0,0,0,0,0,0,0,0,0,0,0,0,0,0,0,0,0,0,0,0,0,0,0,0,0,0,0,0,0,0,0,0,0,0,0,0,0,0,0,0,0,0,0,0,0,0,0,0,0,0,0,0,0,0,0,0,0,0,0,0,0,0,0,0,0,0,0,0,0,0,0,0,0,0,0,0,0,0,0,0,0,0,0,0,0,0,0,0,0,0,0,0,0,0,0,0,0,0,0,0,0,0,0,0,0,0,0,0,0,0,0,0,0,0,0,0,0,0,0,0,0,0,0,0,0,0,0,0,0,0,0,0,0,0,0,0,0,0,0,0,0,0,0,0,0,0,0,0,0,0,0,0,0,0,0,0,0,0,0,0,0,0,0,0,0,0,0,0,0,0,0,0,0,0,0,0,0,0,0,0,0,0,0,0,0,0,0,0,0,0,0,0,0,0,0,0,0,0,0,0,0,0,0,0,0,0,0,0,0,0,0,0,0,0,0,0,0,0,0,0,0,0,0,0,0,0,0,0,0,0,0,0,0,0,0,0,0,0,0,0,0,0,0,0,0,0,0,0,0,0,0,0,0,0,0,0,0,0,0,0
"CO2","1A3b_Road","heavy_oil","ktCO2",0,0,0,0,0,0,0,0,0,0,0,0,0,0,0,0,0,0,0,0,0,0,0,0,0,0,0,0,0,0,0,0,0,0,0,0,0,0,0,0,0,0,0,0,0,0,0,0,0,0,0,0,0,0,0,0,0,0,0,0,0,0,0,0,0,0,0,0,0,0,0,0,0,0,0,0,0,0,0,0,0,0,0,0,0,0,0,0,0,0,0,0,0,0,0,0,0,0,0,0,0,0,0,0,0,0,0,0,0,0,8.78403248185149e-05,9.66766145909082e-05,0.000105522709973964,0.000190631135823223,0.000287570729079799,0.000352321406970975,0.000423019608065543,0.000649578315972615,0.0012704723847506,0.00128589686338883,0.00135433689744719,0.00117644128635342,0.00136413826643945,0.00319633392612943,0.0052586081608173,0.00874667507849868,0.273094385391811,0.166461967251174,0.0275892638988474,0.0746740919713909,0.10243519484881,0.163587441417891,0.225293920486838,0.167826438066106,0.300955412011323,0.282919183799052,0.407673725594192,0.463228928888318,0.578672309822504,0.765285620265506,0.917033699876241,0.96918425381254,0.945510941828667,1.09928253685605,0.82940518568675,0.952262672793606,1.03842863469757,1.18987679792494,1.26661427514529,1.32066987833144,1.49562324654177,2.42082348769361,3.05840339195499,3.80167356998185,5.45837027938075,6.02506669170114,6.81966150371877,6.95487663573897,7.70948193604477,9.25609960721567,7.03679178878436,7.8904041132043,9.0230206021834,10.679579118583,11.577402523414,13.8232498162472,15.1222866908009,15.1963369257845,14.6474660069888,16.8504504868436,17.9993674975513,19.325641297254,18.8936133602244,18.3998264820107,18.135845297333,17.4951517791738,19.4611947235832,23.2338613150225,10.673837755468,13.5185640413726,17.924519064494,16.6123252246498,14.9583438774101,14.5540965749313,17.0313371156134,17.0053895397162,18.0522488479779,18.2385461706395,17.8123471428066,14.6426921941711,16.0779014406049,22.2772833571096,32.2320439996271,42.428063028495,50.5036404617663,42.734411374317,42.6772813668873,36.0465142803579,31.5454434540303,31.5540293561115,57.4580909900719,69.7469360497001,74.3055784930018,86.5657848526686,96.9945415325696,115.569757854737,125.027909658508,144.038528954006,153.183761691899,170.573625007905,191.731189199764,203.894887991452,246.426234013957,289.552977205671,403.226200953868,329.116048190247,357.934073874057,413.125543791217,480.25543873098,531.822964336733,587.46542515261,639.970708499391,673.754368430709,679.621455222887,729.291224075185,787.35209512388,843.959322216771,877.002397826821,966.4346689285,964.828786758273,1027.00193653428,1171.60820112214,1153.22651276246,1329.16746661768,1102.20078117828,1005.3582275854,902.941307210027,1039.8407773427,851.939261180813,611.579167106986,583.613657190363,1058.76859442205,793.731130200404,441.27608604289,278.150376849333,273.035693094885,70.0309031966066,82.1197397909141,37.6730629989177,28.2547972491882,22.3400718585774,34.6205499203897,78.6165088989771,21.9759534160353,62.9054203853591,56.5303273442531,31.4150302058895,18.8365314994588,44.0326794858247,37.6730629989176,15.6971095828824,40.8124849154941,43.9519068320705,56.5095944983763,172.668205411706,43.9519068320706,69.0672821646823,31.3942191657647,31.3942191657647,81.6249698309883,84.7643917475647,84.7643917475647,91.0432355807176,87.1036893919989
"CO2","1A3b_Road","light_oil","ktCO2",0,0,0,0,0,0,0,0,0,0,0,0,0,0,0,0,0,0,0,0,0,0,0,0,0,0,0,0,0,0,0,0,0,0,0,0,0,0,0,0,0,0,0,0,0,0,0,0,0,0,0,0,0,0,0,0,0,0,0,0,0,0,0,0,0,0,0,0,0,0,0,0,0,0,0,0,0,0,0,0,0,0,0,0,0,0,0,0,0,0,0,0,0,0,0,0,0,0,0,0,0,0,0,0,0,0.416340068714771,0.549675649346339,0.805386530599363,1.12256921488637,1.12719780157255,10.271148100627,43.7238321645643,70.3151845725994,67.9001472154972,60.8925893532849,77.0516459981908,119.276495162661,122.091814325186,144.055653176365,174.849963534473,220.993623255593,236.107191757032,287.228071655175,469.130531089521,541.667929290999,482.278781922631,533.909045324768,783.718741821516,935.126663335315,1249.51624269843,1636.29240540998,1829.89445571781,2074.70487981792,1720.80043800304,1875.33660994301,1865.0317572286,2362.0959490679,2519.73991898362,2638.22607699202,3294.12019220734,4273.15175371256,5196.69222008344,5093.56385957679,5240.60451906234,5350.68207507357,6162.47869016134,7091.19743473804,7399.73739671768,7402.41983559532,7846.68720863198,8933.50202480819,10178.1576469446,12080.4178704923,13710.5266865588,16077.6433690573,17811.9570576119,17601.7420469657,22928.7117041392,25489.138895456,26962.66287049,30256.3477810504,32914.2203758901,34048.5439140624,40317.5225196722,43386.6343578589,46244.3175801929,51273.3634933589,57078.4545529349,61530.7656860016,68676.77936581,85880.7792789459,92253.796621761,107193.932990031,127635.254710389,128021.177437645,138154.901187351,141803.97896656,162895.368606204,169961.173006203,189822.174062927,176356.343843293,169979.363872434,160972.861450495,178847.714229892,185640.635363278,202068.180486437,223580.923646506,253187.668690653,244662.978634764,259148.531965823,278858.614827153,289728.776654746,275378.740657713,297103.481237355,334071.084713459,338550.810288043,350729.909949287,382907.721377318,427281.908466424,411612.335203976,473342.352873574,515239.129806377,541933.658388542,570404.852203179,593750.281290917,655083.43298508,693945.288574957,708090.371569946,729617.646729895,772724.760678438,802742.534883064,831072.084284126,874511.776926097,924013.427297527,977457.124097284,1021487.64654688,1083594.36960788,1137441.08683277,1226073.17754035,1302935.88009704,1393724.49383038,1476055.49601418,1576326.05284005,1669650.75031551,1656710.72113729,1718195.25189632,1797699.6556523,1855866.80067856,1938244.71654296,1918882.76927728,1879483.28209679,1880828.3285711,1887860.63155452,1903799.55642655,1920696.97497129,1926198.607552,1983823.04286714,2051604.76590312,2122789.85601776,2165920.15679739,2169269.2728579,2176072.30382522,2229390.0844472,2265769.561589,2292359.07272654,2340566.55970035,2412826.95611086,2463025.14098951,2511470.91694843,2564296.01539454,2571679.98898875,2604714.99582652,2658228.67172491,2677667.51995593,2737427.99236618,2740475.10885117,2759151.28877874,2787602.19856838,2777802.51695102,2772901.85957868,2865194.1338185,2831553.77796122,2892898.34715996,2986519.48068944,3017203.05644429,3119554.7522334,3197123.39338353,3234728.40928252,3301005.48264253,3341103.18681541,2951751.87052434,3201528.30170047,3271181.98927279,3395014.7425569
"CO2","1A3b_Road","natural_gas","ktCO2",0,0,0,0,0,0,0,0,0,0,0,0,0,0,0,0,0,0,0,0,0,0,0,0,0,0,0,0,0,0,0,0,0,0,0,0,0,0,0,0,0,0,0,0,0,0,0,0,0,0,0,0,0,0,0,0,0,0,0,0,0,0,0,0,0,0,0,0,0,0,0,0,0,0,0,0,0,0,0,0,0,0,0,0,0,0,0,0,0,0,0,0,0,0,0,0,0,0,0,0,0,0,0,0,0,0,0,0,0,0,0,0,0,0,0,0,0,0,0,0,0,0,0,0,0,0,0,0,0,0,0,0,0,0,0,0,0,0,0,0,0,0,0,0,0,0,0,0,0,0,0,0,0,0,0,0,0,0,0,0,0,0,0,0,0,0,0,0,0,0,0,0.0703692465031812,0.0650749246039112,0.0463260792297927,0.390267805483434,0.670292456736648,0.806304071257237,0.854536472630862,0.95412567679976,1.2021354770209,1.53131503731046,2.55972757567892,3.13744845935278,3.75365602997723,4.91834718220369,5.87541565032146,7.42788554255656,7.99205730680862,8.17171341949109,8.27781138673319,12.2747001361792,0.0927848536148739,0.258715881062216,0.452576183522466,0.590012188885878,13.651941676397,16.1860728803792,21.0111408126436,24.1689438704684,28.9981574894277,43.6082763579684,62.2096533183407,80.5198458527051,117.207770000796,154.045248341937,197.858290347643,261.271408612069,327.072002177329,385.478746653226,486.949882734586,751.612968938235,711.440614461785,655.448585797371,625.822403114332,615.255668033516,606.067041795896,577.758091333129,548.697038164073,526.01953904752,483.218314732325,408.076336771596,425.459658972053,461.823998122883,504.337735167649,631.427946575447,842.103763841495,959.681473022971,967.169935801043,835.532376284735,859.723235146172,913.480111093315,937.809836441676,986.265111647466,1114.39447399743,1217.13129599945,1364.29187541907,1408.11620689164,1565.3596645663,1591.24097114924,1660.0960195295,1832.17466515948,2411.16045801387,3485.15452881281,3962.74483369489,4874.47085086079,4526.55468111262,5018.32895812976,5380.32037353729,6048.29105403336,6399.4267179407,8053.93250078405,10645.8165,13483.1862,19033.1592,21369.612,26852.3772,31863.7902,36732.3726,51907.2543,62624.66481216,70791.80783136,82207.9302,86679.4929,91727.0343,101173.9377,107383.98688316,110734.865672342,116337.10498813,123678.581632814,135776.782880651,132081.649861221,141819.774539844,139594.973201522,144557.313839672
"CO2","1A3c_Rail","biomass","ktCO2",0,0,0,0,0,0,0,0,0,0,0,0,0,0,0,0,0,0,0,0,0,0,0,0,0,0,0,0,0,0,0,0,0,0,0,0,0,0,0,0,0,0,0,0,0,0,0,0,0,0,0,0,0,0,0,0,0,0,0,0,0,0,0,0,0,0,0,0,0,0,0,0,0,0,0,0,0,0,0,0,0,0,0,0,0,0,0,0,0,0,0,0,0,0,0,0,0,0,0,0,0,0,0,0,0,0,0,0,0,0,0,0,0,0,0,0,0,0,0,0,0,0,0,0,0,0,0,0,0,0,0,0,0,0,0,0,0,0,0,0,0,0,0,0,0,0,0,0,0,0,0,0,0,0,0,0,0,0,0,0,0,0,0,0,0,0,0,0,0,0,0,0,0,0,0,0,0,0,0,0,0,0,0,0,0,0,0,0,0,0,0,0,0,0,0,0,0,0,0,0,0,0,0,0,0,0,0,0,0,0,0,0,0,0,0,0,0,0,0,0,0,0,0,0,0,0,0,0,0,0,0,0,0,0,0,0,0,0,0,0,0,0,0,0,0,0,0,0,0,0,0,0,0,0,0,0,0,0,0,0,0,0,0,0,0,0,0,0,0,0,0,0,0,0
"CO2","1A3c_Rail","brown_coal","ktCO2",0,0,0,0,0,0,0,0,0,0,0,0,0,0,0,0,0,0,0,0,0,0,0,0,0,0,0,0,0,0,0,0,0,0,0,0,0,0,0,0,0,0,0,0,0,0,0,0,0,0,0,0,0,0,0,0,0,0,0,0,0,0,0,0,0,0,0,0,0,0,0,0,0,0,0,0,0,0,0,0,0,0,0,0,0,0,0,0,0,0,0,0,0,0,0,0,0,0,0,0,0,0,0,0,0,0,0,0,0,0,0,0,0,0,0,0,0,0,0,0,0,0,0,0,0,0,0,0,0,0,0,0,0,0,0,0,0,0,0,0,0,0,0,0,0,0,0,0,0,0,0,0,0,0,0,0,0,0,0,0,0,0,0,0,0,0,0,0,0,0,0,0,0,0,0,0,0,0,0,0,0,0,0,0,0,0,0,0,0,0,0,21.2734138703634,44.8531778978871,72.0513027030263,96.5280564572405,99.5358133716072,172.274834313473,244.250550241643,348.687470920857,391.448206786645,364.358002482121,425.921317582454,864.749901192076,1367.88289774344,1992.46433996901,2755.1968052243,3515.69608646343,4375.52292274815,5117.77968516337,5862.71591360061,6693.99060930509,7181.55395514567,7823.8268921764,8761.31964512292,9656.78830724903,10478.2552241131,11285.2848827906,11891.1142439483,12510.2353384886,13355.944562619,15240.5858034742,16605.6096134269,16750.8550591064,17073.5999068459,17387.0559967613,17086.8772856546,17444.6670298516,17026.895753217,17375.3066094412,17117.9539843395,17682.6602875316,16248.6154783088,16479.608410472,15427.6163694866,14323.7630599923,13240.8423376755,12940.7984663473,12784.3119259274,13094.2539448311,11764.6837327289,10060.0676162053,7376.51597639601,5918.12673215001,3913.07271078732,2286.08692618688,1186.92847102334,173.980460799289,139.62445232,12.95197688647,84.5193329486424,106.109074107108,89.918500382,111.424430988,13.0617374964694,92.5808492814172,3.34007451011824,5.94232053736198,40.8263662125558,5.88611504683972,5.75744692775682,10.9620173312742,7.22925793586064,8.3280293722888,27.0781006593191,88.999658724701,78.1002089320708,78.3187051506154,110.586104805548,72.2940043455178,94.0442690489226,22.4253496205739,18.1078495483387,19.5517646933655,23.3867849078342
"CO2","1A3c_Rail","coal_coke","ktCO2",0,0,0,0,0,0,0,0,0,0,0,0,0,0,0,0,0,0,0,0,0,0,0,0,0,0,0,0,0,0,0,0,0,0,0,0,0,0,0,0,0,0,0,0,0,0,0,0,0,0,0,0,0,0,0,0,0,0,0,0,0,0,0,0,0,0,0,0,0,0,0,0,0,0,0,0,0,0,0,0,0,0,0,0,0,0,0,0,0,0,0,0,0,0,0,0,0,0,0,0,0,0,0,0,0,0,0,0,0,0,0,0,0,0,0,0,0,0,0,0,0,0,0,0,0,0,0,0,0,0,0,0,0,0,0,0,0,0,0,0,0,0,0,0,0,0,0,0,0,0,0,0,0,0,0,0,0,0,0,0,0,0,0,0,0,0,0,0,0,0,0,0,0,0,0,0,0,0,0,0,0,0,0,0,0,0,0,0,0,0,0,77.3989883395927,101.180567802301,144.40052795402,144.19789831567,90.4038602898772,195.339731780108,247.39266286189,310.039098192125,361.135934160427,363.56671581621,443.092135641356,468.588315203434,482.059672767168,533.656665196195,586.934116612687,667.624641831545,726.628206838754,723.564136497929,758.392089962387,860.610346349813,812.018079862367,825.0600320782,1043.18111616191,878.65132628743,897.200402919477,836.173224740378,815.35540520543,837.281346852537,825.009693234045,726.969738775418,698.521097146859,723.03060932745,484.062865566682,447.298597295795,450.362286318369,447.298597295795,480.999176544108,447.298597295795,419.72539609263,459.553353386091,447.298597295795,407.470640002334,389.088505866891,404.406950979761,465.680731431238,447.298597295796,496.317621656978,422.789085115204,447.298597295796,539.209267973014,465.680731431239,505.5086887247,456.489664363518,98.038048722366,131.738627970679,67.4011584966266,52.082713383757,52.0827133837569,42.8916463160351,36.7642682708872,12.2547560902958,0,0,0,0,0,0,0,0,0,0,0,0,0,0,0,0,0,0,0,0,0,0
"CO2","1A3c_Rail","diesel_oil","ktCO2",0,0,0,0,0,0,0,0,0,0,0,0,0,0,0,0,0,0,0,0,0,0,0,0,0,0,0,0,0,0,0,0,0,0,0,0,0,0,0,0,0,0,0,0,0,0,0,0,0,0,0,0,0,0,0,0,0,0,0,0,0,0,0,0,0,0,0,0,0,0,0,0,0,0,0,0,0,0,0,0,0,0,0,0,0,0,0,0,0,0,0,0,0,0,0,0,0,0,0,0,0,0,0,0,0,13.3131189689354,14.5240515365003,16.7795226672204,19.3540957502713,18.1497230976209,48.1248414472298,146.722437840818,214.58957595303,202.236038911991,176.469941254148,217.861886237686,329.759459107221,355.749665129565,402.629968233922,462.852145888869,548.607375221132,596.378950566779,652.987649867743,961.397530858168,989.186268384532,953.368231489063,1038.44362376758,1350.65988006638,1481.5923599709,1840.27782458849,2143.18187934326,2395.12926000021,2653.09005890743,2284.32780728499,2523.72389585189,2522.76275250732,2883.70864666227,3029.21135967462,3170.65973312595,3708.73929630904,4404.4110459712,5056.45796570352,4989.86530512472,5094.36169692155,4998.2483304799,5560.17716796598,6098.44277453269,6302.29319895745,6284.89249234165,6445.24259818916,7041.68842414413,7748.88419357513,8540.6146807179,9405.12771075754,10593.2217889846,11257.9688657082,11135.0421467738,13669.8055974074,14817.8301008904,15392.3985467349,16453.6415072318,17480.7341280771,17926.7607163791,20354.2592800879,20360.1861580605,20923.4388447345,22222.7672850009,23938.2404140086,25243.3788029231,27402.5445774569,32765.0993642139,34272.0060593211,38875.7297454258,44925.9380453299,44363.5186142597,47252.1793205738,47698.6997519173,53398.2779213974,54911.7576249664,60313.5824269034,55962.4250781306,53714.464444002,50486.7693680629,54602.4857558059,56335.7924125307,59841.4681088975,64701.7190186783,70306.7718880563,66619.9723302035,68399.7186652015,71670.7654488938,71403.2082687268,65564.6844738228,67517.5440943048,71497.7585159707,69710.9964473595,70045.6510661819,73684.1431117177,79948.2727905719,74327.8938282152,80191.6403107584,84276.3292857808,84890.6882124882,85387.1435603543,84179.4633519775,86663.773741257,81235.8016555888,73729.8439879039,68995.9432907593,66536.6811084261,65643.1598516697,65986.8902355294,68014.6052620103,70710.3692219269,72196.6693900996,71155.0637256077,71895.3526351972,70987.4996140245,71185.9232600833,71998.0121921041,77909.0450420078,75520.8744015949,83201.192282433,89951.091605005,93064.0425688394,88163.7347225059,91871.8874593132,93584.8127036408,95568.5806924356,97724.9350570711,94901.9616637467,94522.261181554,90609.0720142477,83761.3867073053,86536.7396072145,83962.09786548,89927.4724314278,90689.7108251409,92067.4614246542,91586.8449316021,91951.4916419488,86352.0650508923,85223.3377931671,81180.2944097687,75239.9266272967,75245.7895626996,75264.3723144477,71831.7013009045,67791.6297200677,67578.3614136857,83349.2855277773,81489.4338637916,83880.2751342937,87010.683304471,93873.9916449923,100176.249234036,105146.011288319,104926.053891433,96073.5656138541,83265.0319806844,85949.149780368,96331.7764710683,91518.2160464575,91699.9199830157,90427.9924271086,91078.3012526851,89720.30341104,91540.5305649822,101598.002842894,103258.840578803,86220.1117910251,92809.2703325287,95942.8662910667,96347.6586874059
"CO2","1A3c_Rail","hard_coal","ktCO2",0,0,0,0,0,0,0,0,0,0,0,0,0,0,0,0,0,0,0,0,0,0,0,0,0,0,0,0,0,0,0,0,0,0,0,0,0,0,0,0,0,0,13.628693212046,13.9478808473002,12.882940184985,12.9891920386736,15.5441811770399,15.9697802286497,16.714755163604,18.2049363097378,20.7975468434775,19.2681572083572,19.1760336397515,17.8295256643727,36.9970120600563,37.2262827024094,32.06156864418,61.5191439141923,29.8750117090575,31.0084566374161,32.7217935017803,31.4003179109215,31.0133468527856,30.4203907044639,30.2170211357862,34.1164536990268,96.2115125340775,112.285770017228,117.082452879662,120.971327844323,125.779381463046,130.456487026797,135.233200268877,140.032274775692,134.058183346141,148.539344711373,151.697822992174,155.651170703905,158.938633653312,151.083566429713,160.59724429522,157.403596130814,141.705811779824,183.56791356874,184.442016466113,194.56212273799,222.762667481187,257.192008750868,290.689262906857,320.413701056429,371.269477415631,392.696187589665,424.627927312596,434.846266984774,458.358208554925,496.150334930959,512.585952465268,530.123164236849,525.857584839574,545.647387887361,575.339094006158,1046.15399743508,1553.87455770047,2149.96771614943,2994.17697782605,3751.23713551395,4511.98519774354,5129.97883320362,5663.7345781855,6511.89840983623,7740.9521103338,8866.46490474838,9646.42909506665,10787.7110812089,12302.8248653716,13777.6844145572,14528.4759656673,15615.7355965565,16454.9997735383,17660.4692522209,17652.6957480985,19297.911014416,22495.2291161115,24585.8486335013,23717.6347976719,26131.7893779023,26860.3986794569,27919.4889608506,28735.1552541122,31319.122095762,35698.3263696034,39539.969838782,44476.8207278464,49886.4895493462,53043.8591220955,55753.8755818973,61400.6909183223,69711.8788135241,85538.6815846958,88305.8798140511,106799.635517588,115185.89770301,121747.931770747,123638.304862354,125455.547213951,139619.714850601,142088.305284679,148560.166903176,159359.95678784,178255.248824842,188596.024639532,202252.618006676,214492.202224429,247185.21455941,250162.845992047,276738.735781403,293444.3870231,331952.380639145,304042.818259617,323240.786475659,343496.93722076,352758.447425672,380406.969376974,412411.443046946,375118.810229951,385249.135376422,429708.916512621,465204.306381108,481829.410253392,414532.987384622,465616.693729105,387015.988264552,384172.59068954,448756.53649487,420907.480097063,418209.609885035,434569.201092838,423418.822822643,406271.40043248,422538.486631773,372888.40342489,315099.709989399,266743.54617146,276893.156238138,295281.393146248,299810.893465204,333212.254615501,345026.872692775,305571.017068394,329905.486498264,367548.408097524,412410.623523639,453088.671379394,465265.801424349,468548.576329364,371750.278386336,354053.451253525,371265.858104692,361864.695528951,298723.501808184,271322.03517926,258757.308395168,219319.704495036,192328.60153577,165339.479287755,158748.894926572,154678.443912739,148091.815119997,135573.174367483,135374.633829021,140775.287789059,128181.625831098,124887.789545663,123599.35537667,119655.198635521,114423.569015272,109999.954695919,100654.074368587,98441.7684953772,101803.167440008,106830.277018073,103626.030771685,98806.0382160491,92950.3686247547,88605.2205834488,89910.8757220456,82945.920006206,83298.2089371117,73618.2753384395,69733.6847085051,66987.8493735403,65795.1671912916,64952.6203124257,63176.2754915767,60346.9576885109,58445.0939222972,54234.8406838807,50989.9256369892,47216.6754706149,44082.6806181675,38758.3001428589,34110.3198336512,29815.0115298837,22832.2267924399,16191.2070899034,12517.0076541856,10308.2879657786,6943.75709468553,5135.20460416379,3548.10405736398,1876.34404663581,693.684809476819,255.132175230632,99.6549260748658,362.717072263975,340.453707810739,126.053912847679,299.649246224504,273.934003786733,240.90455271593,245.290322135966,348.559957564599,205.649216561545,181.723290478987,214.676240115794,191.164231663025,166.077206951503,198.865637728356,215.63892345919,200.945481708876,179.536428223426,194.060735031642,196.429438369936,191.827210874508
"CO2","1A3c_Rail","heavy_oil","ktCO2",0,0,0,0,0,0,0,0,0,0,0,0,0,0,0,0,0,0,0,0,0,0,0,0,0,0,0,0,0,0,0,0,0,0,0,0,0,0,0,0,0,0,0,0,0,0,0,0,0,0,0,0,0,0,0,0,0,0,0,0,0,0,0,0,0,0,0,0,0,0,0,0,0,0,0,0,0,0,0,0,0,0,0,0,0,0,0,0,0,0,0,0,0,0,0,0,0,0,0,0,0,0,0,0,0,8.6684310193362,9.53232373298399,13.0437290288368,15.1940033624017,12.5546401484174,24.7199296271923,69.3865927062553,114.495214634637,111.35757501839,88.1991329923425,114.804981080411,180.714145000506,201.507942483749,239.755743513919,267.499360670591,309.63282100997,344.227935600875,356.160865369803,511.217616943902,552.433442682904,536.060435036865,513.445200768303,556.974225374609,465.754554249172,444.274890278081,308.47728429149,366.147327129324,343.104222003149,296.711243418809,243.292974838816,198.249370662372,197.545352045749,191.946799816464,188.523322049786,192.288697792567,190.096492618364,200.928346856084,185.819087733953,190.609544629204,163.268672273051,169.848511412723,175.224444166538,182.752710032579,187.494381883176,187.688840289901,201.044483766958,494.99109908818,839.216612114588,1206.16185865078,1687.40880196092,2119.86478426114,2217.02354299275,2744.7351753043,3089.51302317028,3259.83573287712,3597.98051858455,3725.13539489554,3879.32859421725,4301.17724499926,3845.9915233192,3907.26785003614,4116.54574886279,4545.40606108408,4863.56962961796,5193.23422694675,6239.70455073354,6458.236850095,7234.43731330981,8271.67497802983,8269.22907469971,9429.73333376482,9356.20960735495,10313.6581778943,10761.4141106821,12069.4002264377,11801.4816007518,10820.3198559899,9823.74261559699,10309.3873311812,10121.6856595854,10268.6581669355,10791.0701186681,11575.3785591238,10988.7714529926,10909.5178210618,10837.5728215134,11186.5442873404,10847.8649052981,11535.7793642964,12220.5459936671,12006.2815195543,11702.1217534352,11965.6301795371,12807.3687661665,12365.6340768744,11472.3721266472,12184.5389509623,12368.3201449057,12378.5765517724,12912.5327843571,13781.2716433631,14398.8355244372,15295.6578899765,15863.1249030595,15579.562873547,15324.8531032087,15169.820023572,15562.1171820235,15858.4887673582,16237.9488200891,15975.340233739,15710.2797219167,16659.8116460165,16585.4543177281,12587.7033316726,14025.2267892027,12563.3137975489,11503.2275624533,11958.3132972301,12349.5045658963,12266.5132496171,11455.8008151795,11486.0926634132,10922.1602543253,11007.6937948048,10997.7320998236,10475.0828092671,9343.38394760651,8129.69436737576,7217.0539755289,6145.8279546947,4974.49464686758,4501.69739298797,3813.21778452862,3340.62172273931,4213.78736502822,6410.3355514134,4636.55456383462,2866.4906782845,2105.57440191474,2017.69889013265,1323.59006479974,804.416802055912,467.346508211197,526.336086157705,530.654868121968,372.037872450409,410.089263923422,331.617100651086,365.880880308785,523.631979656892,609.446306720478,268.805971043044,338.1797793788,281.571540214275,283.931489649029,195.334542699995,164.219339955186,320.572301896041,587.295242909812,91.2405926529479,148.12281263413,185.518148027106,169.578339866586,238.611869737633,282.567164711472,295.130218079921,354.786563677713,337.317198427819
"CO2","1A3c_Rail","light_oil","ktCO2",0,0,0,0,0,0,0,0,0,0,0,0,0,0,0,0,0,0,0,0,0,0,0,0,0,0,0,0,0,0,0,0,0,0,0,0,0,0,0,0,0,0,0,0,0,0,0,0,0,0,0,0,0,0,0,0,0,0,0,0,0,0,0,0,0,0,0,0,0,0,0,0,0,0,0,0,0,0,0,0,0,0,0,0,0,0,0,0,0,0,0,0,0,0,0,0,0,0,0,0,0,0,0,0,0,9.51612491437746,10.3700941751751,13.1213136040421,15.9390346427081,13.9078790871032,117.851958722207,451.627412040618,659.868807370808,582.719772340376,480.088194609455,561.237427277105,806.865358164226,770.770819085337,851.64019536284,968.127023445062,1147.97194939637,1155.37838272645,1324.84753903832,2050.51800292962,2245.44529197779,1908.692862957,2020.68353755011,2825.05116262636,3210.73711129412,4094.3832468615,5107.56412028402,5490.57979291302,5963.17950752145,4777.65309118623,5057.39946748085,4882.20667290057,5885.726216607,6092.99695228883,6158.86769331091,7317.92966407638,9095.36799024267,10658.1952178889,10119.6977684291,10144.7069895093,9892.89439862867,11126.6718194129,12217.2858112413,12409.4909505761,12111.456054885,12411.7785132312,13681.9685364979,15087.3236794128,16924.0778409792,18305.9722695827,20585.0497144466,21593.3760165225,20784.7819421122,25813.8182422271,27596.1066635203,28236.9799989744,30444.243334184,31974.0690258348,31971.9068683414,36270.0151874714,37600.2876864954,38711.7493156056,41288.7263630902,44038.7457421979,45128.126196941,48449.3579393855,57938.2206387661,59841.8220871264,66819.5119644951,76307.6644518013,73670.6754394066,76311.7540437044,75410.932501333,83035.0868424422,83072.8997866701,88935.7690480929,80242.1889234272,74587.043701822,67776.8781047929,71612.7032800981,71324.7063212121,73873.087057064,77619.0047818498,83018.73245555,76559.716684012,76920.4421054884,77750.5891946728,76009.5424562827,67864.9509210972,68465.2485417107,71891.5280965644,66637.775853354,64595.3631549402,65317.9724656047,67067.742231683,60126.6029695183,63788.6826464679,62925.136149342,59791.0841537754,55938.7069983497,51749.3231101526,50073.1673707206,45558.1998894792,39761.2652082937,32970.6692197852,27142.3916592625,20076.6803978086,18983.6742882858,18190.2460598989,17330.4423964924,16249.8507639811,14755.1142505681,13115.9473911718,10989.5528535999,9003.90951308011,6474.35154669131,3635.89994072014,165.967865857505,172.23080419175,144.047581687646,134.653174186277,137.7846433534,50.1035066739637,50.1035066739637,50.1035066739637,59.4979141753319,59.4979141753319,56.3664450082092,43.8405683397183,43.8405683397183,43.8405683397183,46.972037506841,46.972037506841,50.1035066739637,53.2349758410865,53.2349758410865,46.972037506841,50.1035066739637,50.1035066739637,50.1035066739637,50.1035066739637,50.1035066739637,53.2349758410864,46.972037506841,62.6293833424547,75.1552600109456,59.4979141753319,50.1035066739637,65.7608525095774,50.1035066739637,53.2349758410864,3.13146916712273,3.13146916712273,6.26293833424546,9.39440750136819,12.6866652750475,300.830991911412,271.925173437034,263.598592453188,315.478633329767,272.264584228741,279.679777962072,216.127517165239,238.842445454157,244.829190786662,245.369468577676,230.749173653095,220.103698539739,226.380480004282,224.637631345057
"CO2","1A3c_Rail","natural_gas","ktCO2",0,0,0,0,0,0,0,0,0,0,0,0,0,0,0,0,0,0,0,0,0,0,0,0,0,0,0,0,0,0,0,0,0,0,0,0,0,0,0,0,0,0,0,0,0,0,0,0,0,0,0,0,0,0,0,0,0,0,0,0,0,0,0,0,0,0,0,0,0,0,0,0,0,0,0,0,0,0,0,0,0,0,0,0,0,0,0,0,0,0,0,0,0,0,0,0,0,0,0,0,0,0,0,0,0,0,0,0,0,0,0,0,0,0,0,0,0,0,0,0,0,0,0,0,0,0,0,0,0,0,0,0,0,0,0,0,0,0,0,0,0,0,0,0,0,0,0,0,0,0,0,0,0,0,0,0,0,0,0,0,0,0,0,0,0,0,0,0,0,0,0,1.41927498495246,1.268244986516,0.872217391235799,7.09684939976519,11.7694043198763,13.6662428988414,13.9766338294447,15.0538992096251,18.3443295002365,22.5365816967138,36.2666940481048,42.7716257913389,49.2560645444166,62.123773415161,71.3914162288018,86.821536983405,89.7414281664096,88.0861097542277,85.5615298171257,121.584270377364,0.0475441520572599,0.0506183245556511,0.0827289797836765,0.100427606618873,101.623553960466,111.443448672591,130.535312635796,137.620132513646,135.803903367503,171.602995747382,178.536125251972,166.579652279088,163.857196094655,161.498796274599,172.042396609204,952.409455810401,1477.76099345884,1622.16454217967,1263.42778019763,409.675400638742,441.362314706175,446.851214365902,437.202066935928,413.427738623118,359.293277561368,285.564469062279,209.913072094078,138.17818589988,75.6250317967027,28.821721703565,0,0,0,0,0,0,0,0,0,0.2244,0.2244,0.448799999999999,0,0,0,0,0,0,0,0,0,0,0,0,0,0,0,0,0,0,0,0,0,0,0,0,0,0,0,0,0,0,0,0,0,0,0,0,0,0,0,0,0
"CO2","1A3di_International-shipping","biomass","ktCO2",0,0,0,0,0,0,0,0,0,0,0,0,0,0,0,0,0,0,0,0,0,0,0,0,0,0,0,0,0,0,0,0,0,0,0,0,0,0,0,0,0,0,0,0,0,0,0,0,0,0,0,0,0,0,0,0,0,0,0,0,0,0,0,0,0,0,0,0,0,0,0,0,0,0,0,0,0,0,0,0,0,0,0,0,0,0,0,0,0,0,0,0,0,0,0,0,0,0,0,0,0,0,0,0,0,0,0,0,0,0,0,0,0,0,0,0,0,0,0,0,0,0,0,0,0,0,0,0,0,0,0,0,0,0,0,0,0,0,0,0,0,0,0,0,0,0,0,0,0,0,0,0,0,0,0,0,0,0,0,0,0,0,0,0,0,0,0,0,0,0,0,0,0,0,0,0,0,0,0,0,0,0,0,0,0,0,0,0,0,0,0,0,0,0,0,0,0,0,0,0,0,0,0,0,0,0,0,0,0,0,0,0,0,0,0,0,0,0,0,0,0,0,0,0,0,0,0,0,0,0,0,0,0,0,0,0,0,0,0,0,0,0,0,0,0,0,0,0,0,0,0,0,0,0,0,0,0,0,0,0,0,0,0,0,0,0,0,0,0,0,0,0,0,0
"CO2","1A3di_International-shipping","brown_coal","ktCO2",0,0,0,0,0,0,0,0,0,0,0,0,0,0,0,0,0,0,0,0,0,0,0,0,0,0,0,0,0,0,0,0,0,0,0,0,0,0,0,0,0,0,0,0,0,0,0,0,0,0,0,0,0,0,0,0,0,0,0,0,0,0,0,0,0,0,0,0,0,0,0,0,0,0,0,0,0,0,0,0,0,0,0,0,0,0,0,0,0,0,0,0,0,0,0,0,0,0,0,0,0,0,0,0,0,0,0,0,0,0,0,0,0,0,0,0,0,0,0,0,0,0,0,0,0,0,0,0,0,0,0,0,0,0,0,0,0,0,0,0,0,0,0,0,0,0,0,0,0,0,0,0,0,0,0,0,0,0,0,0,0,0,0,0,0,0,0,0,0,0,0,0,0,0,0,0,0,0,0,0,0,0,0,0,0,0,0,0,0,0,0,0,0,0,0,0,0,0,0,0,0,0,0,0,0,0,0,0,0,0,0,0,0,0,0,0,0,0,0,0,0,0,0,0,0,0,0,0,0,0,0,0,0,0,0,0,0,0,0,0,0,0,0,0,0,0,0,0,0,0,0,0,0,0,0,0,0,0,0,0,0,0,0,0,0,0,0,0,0,0,0,0,0,0
"CO2","1A3di_International-shipping","coal_coke","ktCO2",0,0,0,0,0,0,0,0,0,0,0,0,0,0,0,0,0,0,0,0,0,0,0,0,0,0,0,0,0,0,0,0,0,0,0,0,0,0,0,0,0,0,0,0,0,0,0,0,0,0,0,0,0,0,0,0,0,0,0,0,0,0,0,0,0,0,0,0,0,0,0,0,0,0,0,0,0,0,0,0,0,0,0,0,0,0,0,0,0,0,0,0,0,0,0,0,0,0,0,0,0,0,0,0,0,0,0,0,0,0,0,0,0,0,0,0,0,0,0,0,0,0,0,0,0,0,0,0,0,0,0,0,0,0,0,0,0,0,0,0,0,0,0,0,0,0,0,0,0,0,0,0,0,0,0,0,0,0,0,0,0,0,0,0,0,0,0,0,0,0,0,0,0,0,0,0,0,0,0,0,0,0,0,0,0,0,0,0,0,0,0,0,0,0,0,0,0,0,0,0,0,0,0,0,0,0,0,0,0,0,0,0,0,0,0,0,0,0,0,0,0,0,0,0,0,0,0,0,0,0,0,0,0,0,0,0,0,0,0,0,0,0,0,0,0,0,0,0,0,0,0,0,0,0,0,0,0,0,0,0,0,0,0,0,0,0,0,0,0,0,0,0,0,0
"CO2","1A3di_International-shipping","diesel_oil","ktCO2",0,0,0,0,0,0,0,0,0,0,0,0,0,0,0,0,0,0,0,0,0,0,0,0,0,0,0,0,0,0,0,0,0,0,0,0,0,0,0,0,0,0,0,0,0,0,0,0,0,0,0,0,0,0,0,0,0,0,0,0,0,0,0,0,0,0,0,0,0,0,0,0,0,0,0,0,0,0,0,0,0,0,0,0,0,0,0,0,0,0,0,0,0,0,0,0,0,0,0,0,0,0,0,0,0,0,0,0,0,0,0,0,0,0,0,0,0,0,0,0,0,0,0,0,0,0,0,0,0,0,0,0,0,0,0,0,0,0,0,0,0,0,0,0,0,0,0,0,0,0,0,0,0,103.03063927725,219.787650537286,378.690674150223,502.148714647996,597.939788942559,688.554230386088,819.39063153784,965.337498058389,1099.62014467837,1219.48810812154,1286.20950811706,2524.04968654927,3753.43554285153,4895.59393808593,6066.25560675384,7262.93247770899,8344.55467442259,9606.91141337,10855.0441234745,11919.8131533363,13038.679129244,14129.6211796001,15074.4395221127,16222.1253922447,17262.8251552837,18196.2418403132,19093.7452777265,18273.9986486492,17517.7588881128,16867.3134614863,16012.5667444386,16781.2333021966,17597.0916197906,18452.02741451,19243.4668182098,16988.6225950541,19542.4162169788,22008.7142853951,24294.7687002823,26659.6857173596,28666.9160345165,30562.3527203863,32931.8221970573,34488.944279734,35103.3830042611,36249.5785200399,38063.188283401,38856.0553678209,37253.6357972495,39229.966484365,40505.9643809324,40516.5976179627,45149.4462670105,49754.3012334211,53896.2293119044,50125.3194805853,49387.8889291369,55203.9819275404,59846.9220705298,58731.6438636241,60134.3502729407,65607.4312514811,66719.4292214114,59737.3447210828,64620.1511169655,67284.5094507582,55343.2924273436,65670.4371097922,66862.6448619527,71946.3022350441,74825.9881792108,69085.7784967651,67608.2321472457,72078.9071696544,74805.1284850812,80628.7499435484,77729.0024081328,72770.7956765531,73819.3169391992,73699.1922483615,69255.6074734514,72622.0788858055,73071.6702519393,75458.0555714165,80750.0040914495,84416.3281855171,93129.386857085,100687.499128278,97829.9893250393,94594.0245883173,101250.507436346,107275.442124032,110674.601815498,111007.320301419,122902.251474335,123183.709181584,115553.047904794,123907.945473423,134648.962826894,131151.287738404,135545.596571981,142126.756381821,138293.045023414,147711.322834196,148530.783700399,146044.636797912,131235.172093657,114926.588069598,134734.978076344,106690.546599141,117687.621236117,132060.969451413,194321.313899782,197432.664930664,204115.532767432,203759.203988407,223709.770832028,184886.003138556,189116.731287353,188607.547955989,207072.916710095
"CO2","1A3di_International-shipping","hard_coal","ktCO2",0,0,0,0,0,0,0,0,0,0,0,0,0,0,0,0,0,0,0,0,0,0,0,0,0,0,0,0,0,0,0,0,0,0,0,0,0,0,0,0,0,0,0,0,0,0,0,0,0,0,0,0,0,0,0,0,0,0,0,0,0,0,0,0,0,0,0,0,0,0,0,48.4192592382501,96.961666532691,145.503916843442,194.057205044918,242.589160446501,291.13276960009,339.675432127393,388.218711595134,436.774236154744,485.310515498293,825.155290704414,1165.01452269515,1504.80723682702,1844.64702271853,2184.47577938575,2524.28245513729,2864.08074325475,3203.87921263431,3543.68144987867,3883.45619211689,4314.97082283713,4746.47130394433,5177.9991973263,5609.50928659446,6040.99969709751,6472.51778846982,6904.03392140175,7335.57951653027,7767.09184165745,8198.58979000577,8625.37330390719,9051.91266884122,9477.88218725065,9900.2589175282,10325.6885841858,10989.0283559938,11654.6888398482,12321.0061553584,12980.0008510035,13634.3333120527,14631.2553305768,15634.9778919238,16629.8048058092,17620.3325710875,18611.0396167143,19613.6385908455,20617.2281722166,21627.2460693309,22628.0110437922,23635.1029791926,25411.9986538244,27179.7963783778,28954.6236441691,30748.1466777103,32515.9308011337,34269.6818812291,36017.2144955817,37771.1824995199,39508.7618216889,41200.0035795769,43696.6780182428,46197.6112417134,48667.4608365311,51191.4009366873,53697.1056538173,56226.3061515169,58737.5212543063,61202.6006981122,63711.98581962,66232.1226404427,69614.3761512951,73110.9945473632,76629.678074042,79992.90142078,83445.4711538922,86875.7055266404,90314.5108150845,93804.1819292398,97201.8036641776,100625.670752164,105869.406295369,111041.090346798,116169.673068845,121299.779391463,126444.414343033,131270.55215035,135930.596250246,140783.75219896,145697.646580933,150225.509282109,155042.356274648,159919.240313379,164513.677947036,161444.102031449,158031.742975184,153150.421957052,149580.169633688,144920.722705387,141169.311162775,136348.30802547,133456.060304873,129935.779278193,125115.735552455,122177.240057689,118738.667679857,118194.503530488,117136.752792277,116997.867659672,116345.928466313,106895.634677068,97578.3892650885,87954.2568283879,78077.514863606,79768.1340084632,82026.6786729694,83816.2254058511,85430.5631216998,77451.5198457627,72849.7291101192,68553.3230363192,63449.7324521587,58572.7773145305,53699.5064407226,50179.4184981816,48188.9388151813,43074.7079591074,38695.6610135813,34263.0373468131,31107.8139729131,27623.8229627053,18845.3316004114,15437.4418208607,11320.0080678965,10503.9406983352,10188.0553409775,7744.06964092849,6306.15976822973,3951.58933975282,2326.07878748066,1751.11270191029,1124.55550538908,979.128823479067,639.177529469304,536.338599755397,447.854412792239,470.612262541345,329.826593172486,238.398614660022,145.377027073389,145.178823174195,95.1984823742316,66.6359745871056,0,0,0,0,0,0,0,0,0,0,0,0,0,0,0,0,0,0,0,0,0,0,0,0,0,0,0,0,0,0,0,0,0,0,0,0,0,0,0,0,0,0,0,0,0,0,0,0,0,0,0
"CO2","1A3di_International-shipping","heavy_oil","ktCO2",0,0,0,0,0,0,0,0,0,0,0,0,0,0,0,0,0,0,0,0,0,0,0,0,0,0,0,0,0,0,0,0,0,0,0,0,0,0,0,0,0,0,0,0,0,0,0,0,0,0,0,0,0,0,0,0,0,0,0,0,0,0,0,0,0,0,0,0,0,0,0,0,0,0,0,0,0,0,0,0,0,0,0,0,0,0,0,0,0,0,0,0,0,0,0,0,0,0,0,0,0,0,0,0,0,0,0,0,0,0,0,0,0,0,0,0,0,0,0,0,0,0,0,0,0,0,0,0,0,0,0,0,0,0,0,0,0,0,0,0,0,0,0,0,0,0,0,0,0,0,0,315.241817254822,667.376738190154,999.55890660685,1229.64428860926,1450.76299380083,1918.3871704498,2014.51881876558,2267.7959529999,2592.5255954763,2763.43382902724,3080.13618630255,3445.22828022109,3322.80763587255,7313.59752024594,11585.3042925759,15808.7556186542,19645.1288948411,23614.7051819909,27704.4345499077,30743.4806121526,34709.4004495198,37965.7311764899,40761.8737689737,45270.0810890897,49100.0070111167,52102.9200461832,53385.4770282353,56467.8033310481,57968.5820347817,56355.7693049854,55170.8220422646,54070.2799760277,50538.5512276066,54444.9941927728,57634.9265854807,60327.2839771972,62130.7829705516,55407.7350298595,62452.8515825222,69102.1852018668,75309.8917380097,83580.2943818607,89289.6230193881,93572.0998246101,100298.892694238,111014.607869934,120051.910860985,128329.213229944,140029.162444411,146336.032260316,142263.752877597,150659.823843909,156740.522581979,158912.536322903,178399.425722465,197450.949713666,213031.090860701,199263.782032512,197413.719029678,222547.561110548,245635.139876016,247316.303572013,262122.446522858,288311.797899263,300580.509275074,283394.064241176,306586.8832212,330105.337200903,298345.920471869,325289.088659606,332541.559689479,346116.052779541,364342.866145673,338611.144102261,306154.504536263,312675.270262316,307994.095873528,303825.85548364,318236.353409758,312118.306851657,281325.753603613,245284.205773192,230035.296443993,237557.273343195,264740.073671567,285002.611901366,294331.398607552,325353.0332003,351837.522397926,345927.269860009,382604.53566822,395592.78136466,413794.974012572,432096.234485628,446828.132471362,437274.825209849,476149.999000553,473266.410246083,482243.904490618,523953.181383126,519935.653714464,534028.297252775,570570.109361918,623378.3063663,674190.997399549,738387.651005905,802311.329638384,855957.572256234,711397.763101709,661095.986566719,737579.220275909,681804.788434255,659736.496435064,652066.193910441,613701.842553743,646000.767698297,663310.776761717,652487.203239722,625353.800136539,591217.325889512,615693.373263791,610395.350822065,615593.318982568
"CO2","1A3di_International-shipping","light_oil","ktCO2",0,0,0,0,0,0,0,0,0,0,0,0,0,0,0,0,0,0,0,0,0,0,0,0,0,0,0,0,0,0,0,0,0,0,0,0,0,0,0,0,0,0,0,0,0,0,0,0,0,0,0,0,0,0,0,0,0,0,0,0,0,0,0,0,0,0,0,0,0,0,0,0,0,0,0,0,0,0,0,0,0,0,0,0,0,0,0,0,0,0,0,0,0,0,0,0,0,0,0,0,0,0,0,0,0,0,0,0,0,0,0,0,0,0,0,0,0,0,0,0,0,0,0,0,0,0,0,0,0,0,0,0,0,0,0,0,0,0,0,0,0,0,0,0,0,0,0,0,0,0,0,0,0,0,0,0,0,0,0,0,0,0,0,0,0,0,0,0,0,0,0,0,0,0,0,0,0,0,0,0,0,0,0,0,0,0,0,0,0,0,0,0,0,0,0,0,0,0,0,0,0,0,0,0,0,0,0,0,0,0,0,0,0,0,0,0,0,0,0,0,0,0,0,0,0,46.9720375068409,59.4979141753319,6.26293833424546,34.44616083835,53.2349758410864,53.2349758410864,62.6293833424546,62.6293833424546,25.0517533369818,0,0,0,0,0,0,0,0,0,18.7888150027364,50.1035066739637,40.7090991725955,65.7608525095773,43.8405683397182,43.8405683397182,6.26293833424546,0,0,0,0,0,3.13146916712273,15.6573458356137,18.7888150027363,15.6573458356136,18.7888150027364,31.3146916712273,28.1832225041046,28.1832225041046,25.0517533369818,25.0517533369818,18.7888150027364,25.0517533369818,68.8923216767,65.7608525095773,532.349758410864,372.644830887605,28.1832225041046,46.972037506841,48.4753203555775
"CO2","1A3di_International-shipping","natural_gas","ktCO2",0,0,0,0,0,0,0,0,0,0,0,0,0,0,0,0,0,0,0,0,0,0,0,0,0,0,0,0,0,0,0,0,0,0,0,0,0,0,0,0,0,0,0,0,0,0,0,0,0,0,0,0,0,0,0,0,0,0,0,0,0,0,0,0,0,0,0,0,0,0,0,0,0,0,0,0,0,0,0,0,0,0,0,0,0,0,0,0,0,0,0,0,0,0,0,0,0,0,0,0,0,0,0,0,0,0,0,0,0,0,0,0,0,0,0,0,0,0,0,0,0,0,0,0,0,0,0,0,0,0,0,0,0,0,0,0,0,0,0,0,0,0,0,0,0,0,0,0,0,0,0,0,0,0,0,0,0,0,0,0,0,0,0,0,0,0,0,0,0,0,0,0,0,0,0,0,0,0,0,0,0,0,0,0,0,0,0,0,0,0,0,0,0,0,0,0,0,0,0,0,0,0,0,0,0,0,0,0,0,0,0,0,0,0,0,0,0,0,0,0,0,1.72811937582494,1.79724400681031,1.8475161792504,1.94806187457712,2.0848060638972,2.1612969305205,2.26806030671676,2.38899391828619,2.51886388465179,2.71829084996477,2.89943682068641,3.10675849637693,3.73060837265176,3.91019168804201,4.56384478102927,4.03594550452004,4.81339560371022,4.92011907656552,5.36264228711573,7.37706325586265,6.97698246977859,4.18923403641107,1.72122159976417,1.9879811674367,2.05220933575307,2.0017686327486,0.806321486199533,0,0,0,0,0,0,0,0,0,0,0,0,0,0,0,0.841499999999999,1.3464,103.8411,127.347,205.6065,293.6835,545.0676,733.1709,1100.121,870.7842,850.188143296981
"CO2","1A3di_Oil_Tanker_Loading","process","ktCO2",0,0,0,0,0,0,0,0,0,0,0,0,0,0,0,0,0,0,0,0,0,0,0,0,0,0,0,0,0,0,0,0,0,0,0,0,0,0,0,0,0,0,0,0,0,0,0,0,0,0,0,0,0,0,0,0,0,0,0,0,0,0,0,0,0,0,0,0,0,0,0,0,0,0,0,0,0,0,0,0,0,0,0,0,0,0,0,0,0,0,0,0,0,0,0,0,0,0,0,0,0,0,0,0,0,0,0,0,0,0,0,0,0,0,0,0,0,0,0,0,0,0,0,0,0,0,0,0,0,0,0,0,0,0,0,0,0,0,0,0,0,0,0,0,0,0,0,0,0,0,0,0,0,0,0,0,0,0,0,0,0,0,0,0,0,0,0,0,0,0,0,0,0,0,0,0,0,0,0,0,0,0,0,0,0,0,0,0,0,0,0,0,0,0,0,0,0,0,0,0,0,0,0,0,0,0,0,0,0,0,0,0,0,0,0,0,0,0,0,0,0,0,0,0,0,0,0,0,0,0,0,0,0,0,0,0,0,0,0,0,0,0,0,0,0,0,0,0,0,0,0,0,0,0,0,0,0,0,0,0,0,0,0,0,0,0,0,0,0,0,0,0,0,0
"CO2","1A3dii_Domestic-navigation","biomass","ktCO2",0,0,0,0,0,0,0,0,0,0,0,0,0,0,0,0,0,0,0,0,0,0,0,0,0,0,0,0,0,0,0,0,0,0,0,0,0,0,0,0,0,0,0,0,0,0,0,0,0,0,0,0,0,0,0,0,0,0,0,0,0,0,0,0,0,0,0,0,0,0,0,0,0,0,0,0,0,0,0,0,0,0,0,0,0,0,0,0,0,0,0,0,0,0,0,0,0,0,0,0,0,0,0,0,0,0,0,0,0,0,0,0,0,0,0,0,0,0,0,0,0,0,0,0,0,0,0,0,0,0,0,0,0,0,0,0,0,0,0,0,0,0,0,0,0,0,0,0,0,0,0,0,0,0,0,0,0,0,0,0,0,0,0,0,0,0,0,0,0,0,0,0,0,0,0,0,0,0,0,0,0,0,0,0,0,0,0,0,0,0,0,0,0,0,0,0,0,0,0,0,0,0,0,0,0,0,0,0,0,0,0,0,0,0,0,0,0,0,0,0,0,0,0,0,0,0,0,0,0,0,0,0,0,0,0,0,0,0,0,0,0,0,0,0,0,0,0,0,0,0,0,0,0,0,0,0,0,0,0,0,0,0,0,0,0,0,0,0,0,0,0,0,0,0
"CO2","1A3dii_Domestic-navigation","brown_coal","ktCO2",0,0,0,0,0,0,0,0,0,0,0,0,0,0,0,0,0,0,0,0,0,0,0,0,0,0,0,0,0,0,0,0,0,0,0,0,0,0,0,0,0,0,0,0,0,0,0,0,0,0,0,0,0,0,0,0,0,0,0,0,0,0,0,0,0,0,0,0,0,0,0,0,0,0,0,0,0,0,0,0,0,0,0,0,0,0,0,0,0,0,0,0,0,0,0,0,0,0,0,0,0,0,0,0,0,0,0,0,0,0,0,0,0,0,0,0,0,0,0,0,0,0,0,0,0,0,0,0,0,0,0,0,0,0,0,0,0,0,0,0,0,0,0,0,0,0,0,0,0,0,0,0,0,0,0,0,0,0,0,0,0,0,0,0,0,0,0,0,0,0,0,0,0,0,0,0,0,0,0,0,0,0,0,0,0,0,0,0,0,0,0,0,0,0,0,0,0,0,0,0,0,0,0.834920782102784,1.79042880943665,3.00241869213972,4.63194182515187,6.42211938510853,8.51251004619099,10.6138477606946,12.794003466054,14.9123215503228,16.8382249943187,18.9787837719212,22.0714079586436,25.2409934080458,28.6881632034726,32.3597574203185,35.349159938348,37.780953874181,41.1690596280414,47.0066791758811,52.1648369391044,54.5129941623343,57.7580731053802,61.044299808545,62.6007045115383,65.1103449383776,64.5652303519059,66.1181542776081,65.4574770787346,68.8731630280921,63.9060435708299,64.299571112616,60.7963856053843,56.2614913698048,52.2064542809425,52.2825055784007,52.5654625250154,54.6235131054227,50.3905970863155,43.5754754671687,33.4379778713565,28.3597441362538,18.6989324652134,11.9952763033574,4.72850501800032,0.0596029880710403,0,0,0.0128137788756804,0.0045378196554062,0,0,0,0,0,0,1.7456032,0,0,0,0,1.453413028,0,0,0,0,7.717946512,0,0,0,0,0,0
"CO2","1A3dii_Domestic-navigation","coal_coke","ktCO2",0,0,0,0,0,0,0,0,0,0,0,0,0,0,0,0,0,0,0,0,0,0,0,0,0,0,0,0,0,0,0,0,0,0,0,0,0,0,0,0,0,0,0,0,0,0,0,0,0,0,0,0,0,0,0,0,0,0,0,0,0,0,0,0,0,0,0,0,0,0,0,0,0,0,0,0,0,0,0,0,0,0,0,0,0,0,0,0,0,0,0,0,0,0,0,0,0,0,0,0,0,0,0,0,0,0,0,0,0,0,0,0,0,0,0,0,0,0,0,0,0,0,0,0,0,0,0,0,0,0,0,0,0,0,0,0,0,0,0,0,0,0,0,0,0,0,0,0,0,0,0,0,0,0,0,0,0,0,0,0,0,0,0,0,0,0,0,0,0,0,0,0,0,0,0,0,0,0,0,0,0,0,0,0,0,0,0,0,0,0,0,12.1873938487654,11.121716017826,14.0078745839272,11.6801130171564,3.62933224731551,11.0173816308034,14.3117535090224,18.8290155540916,16.8682719143099,17.7873480228071,22.0368546573317,21.6634497830087,18.1547289028561,17.693942145037,18.031376752155,17.9442389323227,17.1140025455859,16.7159151299992,18.1510986494982,24.5095121805916,21.4458231580176,21.4458231580176,21.4458231580176,21.4458231580176,12.2547560902958,12.2547560902958,12.2547560902958,12.2547560902958,12.2547560902958,12.2547560902958,15.3184451128697,18.3821341354436,12.2547560902958,9.19106706772182,12.2547560902958,12.2547560902958,12.2547560902958,12.2547560902958,9.19106706772182,12.2547560902958,12.2547560902958,12.2547560902958,12.2547560902958,12.2547560902958,9.19106706772182,9.19106706772182,9.19106706772182,9.19106706772182,12.2547560902958,9.19106706772182,3.06368902257394,0,0,12.2547560902958,3.06368902257394,3.06368902257394,3.06368902257394,3.06368902257394,30.6368902257394,39.8279572934612,42.8916463160352,49.019024361183,39.8279572934612,6.12737804514788,3.06368902257394,9.19106706772182,3.06368902257394,0,0,0,0,0,0,0,0,0,0,0,0,0,0,0,0
"CO2","1A3dii_Domestic-navigation","diesel_oil","ktCO2",0,0,0,0,0,0,0,0,0,0,0,0,0,0,0,0,0,0,0,0,0,0,0,0,0,0,0,0,0,0,0,0,0,0,0,0,0,0,0,0,0,0,0,0,0,0,0,0,0,0,0,0,0,0,0,0,0,0,0,0,0,0,0,0,0,0,0,0,0,0,0,0,0,0,0,0,0,0,0,0,0,0,0,0,0,0,0,0,0,0,0,0,0,0,0,0,0,0,0,0,0,0,0,0,0,0.0831409545495235,0.1097673791532,0.147263497862886,0.185952720946736,0.199547864280205,0.222290864237649,0.250498702846422,0.419489999707252,0.848924214399351,1.1568988491521,1.42067057533976,2.51454152963133,3.39896065628228,4.29425249480206,5.00750784260874,6.42050066419669,8.1035076781916,8.71273090831929,12.1348744143045,11.6177887938174,14.8593478456262,17.5276497140767,21.580510359674,23.7739681783557,29.8904728756506,29.722331315836,37.1191008265814,43.5544817761953,49.0653625424553,57.8741311048962,67.0241143273441,72.1950636929832,79.9377205833517,92.2276276045828,102.370729443219,112.898574463781,126.340502010745,140.157167589791,155.625394783251,163.062086581206,183.39647177624,200.900232498103,220.151893252669,241.138380574872,250.035557990367,279.782745932552,305.267663329145,312.425189131679,322.611639544549,347.735387891781,330.713123886109,349.135842995602,395.225528308308,446.491846472044,457.536204927559,453.470098014275,461.068211001563,483.081007165656,558.240366777402,507.003055593016,464.220066538589,508.664538552006,524.6057371319,514.531733424583,619.512403958813,543.758532259229,482.228689402514,604.06252678853,671.799418128621,767.460235020417,1009.24475975557,901.452269916806,900.645887171095,1007.12258243479,1149.51252531464,1322.21438443175,1431.40937500795,1434.81003167425,1642.51197876167,1913.73880129685,2137.77386399613,2322.73144956997,2571.18542616333,2792.46037230115,2326.15642489105,1947.34803098922,1748.78329061658,1471.35594805373,1551.61530541136,1743.66829405614,1461.68849189976,1992.05608373751,3465.10703372487,4406.40119246056,4680.28110361392,5974.90369370851,7022.71346145715,7634.56185418249,8392.13323463286,9305.84966897437,10588.8389167056,11899.8218470741,12656.9470268609,13562.3728769279,14484.6733626504,15878.5078009467,18168.1901932453,20300.2530386599,22687.3802819673,24516.6617072639,27194.4973899577,30201.8783033879,32436.5643770674,35872.9138743282,39310.1139211229,33327.4126941214,35310.1611332273,36463.4161829525,40370.6152274168,43957.8766611371,42644.9817069384,41929.9855245188,41017.2278927852,42566.1047156725,44644.694582377,43083.0637897689,40023.5420477937,39204.3659599741,39246.5643514687,40365.5032402968,42534.8760742937,44314.3289259352,44292.2022794193,44966.3544294175,45987.2486119555,49046.4770202915,48740.7282678453,46644.2223576796,48873.1571646203,48935.9482463317,50359.6559261893,61368.5518420389,53434.5247327089,54377.4885930239,59092.142410568,64577.740249435,64189.4328,64659.3408,70934.17896,66006.4104,66773.9268,68756.93856,71473.0068,73828.81224,72838.87272,79364.32848,94724.05464,99235.17144,102251.9808,100989.49464,104946.12,105650.982,109360.12248,113169.51,108197.88336,98082.33048,105256.25928,108880.81632,114740.111021013
"CO2","1A3dii_Domestic-navigation","hard_coal","ktCO2",0,0,0,0,0,0,0,0,0,0,0,0,0,0,0,0,0,0,0,0,0,0,0,0,0,0,0,0,0,0,0,0,0,0,0,0,0,0,0,0,0,0,0.00963830222541536,0.0100990618370098,0.00954507459972311,0.00984268586635609,0.0120407064259467,0.0126395146371239,0.0135108343695555,0.0150221976091435,0.0175112013098404,0.0165481337274426,0.0167921618223826,0.0159134908924043,0.0336457758552948,0.0344817972824139,0.0302382040523584,0.0590585111955646,0.0291830337340585,0.0308130281773293,0.033067286535721,0.0322611502638903,0.0323863709750191,0.0322799725166485,0.0325735766450495,0.037352541638785,0.106963355403165,0.12672773658602,0.134115832041053,0.140610830051167,0.148320850455442,0.156036499638886,0.164030818458091,0.172213854894652,0.167127713845823,0.187686754026926,0.194236260360503,0.20192375152232,0.20886958901276,0.201095014663654,0.21645603696149,0.214804356948457,0.195773483242311,0.256706915865776,0.261053130084101,0.278658103453451,0.322807603887178,0.377040281275133,0.43105505481809,0.480540297458459,0.563078604856031,0.60220309799436,0.65833751919226,0.681518330987029,0.726102321358226,0.794343098464037,0.829307375909899,0.866625988396565,0.868526682224808,0.910422839301835,0.969602011341981,5.98084963300139,11.266222878816,17.1997169546073,26.8587071158861,33.4679063858887,45.3360525380949,54.8158559089593,63.5736227846669,79.8348152520232,100.991703496294,114.829551547901,121.66928147438,137.498609920137,157.889247605204,178.071223638312,186.08968330922,192.987166038677,193.356060674345,203.107476613621,205.728349638917,226.060046229986,256.29823842474,279.050560058392,281.865551125437,311.851092949693,359.012987710285,412.830369787531,460.452893216342,525.891011748251,641.178605430659,698.619798373895,752.995335862131,841.128204338746,871.409208305796,922.080874181192,945.909792778899,989.06808643713,1084.18965769183,1128.62053310514,1160.96465518226,1285.13685779902,1281.12936739494,1258.66300972931,1397.0602494487,1442.13700178726,1510.57214445241,1569.96177993738,1573.85615497865,1675.64201853849,1752.33101928108,1838.97956589215,2002.22167310916,2218.76171791352,2431.81328006554,2626.4157246319,3175.26338063439,3905.14691340411,4427.51542526746,4881.22138558275,5756.15013548961,6310.48289800494,6811.2404455535,7616.68496159728,6801.8930249183,6369.38425063136,7544.83567576768,7244.64733000168,8207.44465120401,8178.40290279851,9306.78052469228,8310.61339670103,7995.36394137616,9083.00898995144,8136.4578527717,7723.5936718903,7833.67686644897,8488.20629741132,8146.65144462952,8370.84480700337,7788.15409806107,7079.77685231122,6692.07518072694,6589.45246860207,7146.69468407197,7072.98191883101,7555.1596507005,8217.32884432087,7997.55547713541,8687.7696695828,8994.18204944896,10254.2386091244,11237.6513057147,12244.6758485044,11702.8203046909,9425.67885685693,10675.5876664778,11138.5568961733,11631.2981541531,10706.4684519289,10136.0598913422,9683.90813375879,8753.03854163384,7944.65652215158,7296.31422017637,6473.84529229523,6222.96842474126,5559.45866832455,5003.8360155031,4660.33675231376,4571.74132843063,4064.4249629571,3587.22351394038,3210.99033199818,2877.65355421088,2652.02215054644,2179.51460210698,1780.01524334582,1310.42744837161,1219.94937865884,1240.88127127831,962.318429120277,800.167535733014,677.563309689116,682.180493019045,563.36377074892,441.819859723732,360.012738182398,336.800568250448,315.810647795016,572.905773924772,482.581261499287,249.788590094622,293.564749922036,604.905417850406,534.841950924702,527.511610622008,459.317796252516,379.36038716192,413.449688102939,370.492282638057,386.005989912554,409.587976666913,422.694157602093,397.088794478875,410.34234799643,406.726327846049,444.305268857219,439.082243019241,427.944031660972,426.986903075658,514.999729660646,269.8656310351,357.930711578061,408.265801512605,804.516770849111,691.654900372263,740.095698412202,802.454588341125,771.521487444452,449.149172743196,320.50528908095,275.076461622901,0,0,0,0,0,0,0,0,0,0,0
"CO2","1A3dii_Domestic-navigation","heavy_oil","ktCO2",0,0,0,0,0,0,0,0,0,0,0,0,0,0,0,0,0,0,0,0,0,0,0,0,0,0,0,0,0,0,0,0,0,0,0,0,0,0,0,0,0,0,0,0,0,0,0,0,0,0,0,0,0,0,0,0,0,0,0,0,0,0,0,0,0,0,0,0,0,0,0,0,0,0,0,0,0,0,0,0,0,0,0,0,0,0,0,0,0,0,0,0,0,0,0,0,0,0,0,0,0,0,0,0,0,0.0218262148598443,0.028816200330881,0.215862618589741,0.352734010218336,0.166407509209693,1.29058503109918,5.99273289016826,11.8538597904089,12.5703239996103,10.0564526594323,11.4669802067521,18.8945981146648,17.7232799327218,20.0138839351702,24.8833015577968,31.5308796054312,34.3718585536249,39.1711024062276,71.2744141846256,86.5583910592074,74.7237114655231,74.2723357073543,93.2508800825023,81.5876659065882,87.3465834618938,60.5114875473749,80.4813652725263,77.9415215954359,72.7852055016899,57.9234715330772,54.7967251967668,58.9783799005348,57.8278617241469,58.8267977829258,62.7075747657253,64.1384025799302,71.5220555244249,66.833008333244,71.2410006101846,62.6712377289982,66.7210551189807,70.492201986187,74.475255934957,78.2271927872863,81.0073453887856,90.1585329496854,222.556981133493,408.220858586472,613.837488558092,921.550904943991,1238.23099814073,1308.40561988008,1750.07276995262,2034.5944341066,2247.66359001852,2614.55415485589,2835.6505959689,3008.35730043869,3668.57674317552,4175.60317960878,4401.7127280855,4676.07772281373,5337.52076743358,5865.76080109042,6273.84775398023,7732.61801254196,8264.51449598145,9506.00008981792,11207.6738181407,11197.2828188315,11865.1732176111,12803.974421471,15463.1316783451,16322.5196144588,18763.4551496515,17923.645686338,16655.9707559492,15303.8906290762,16382.9971843876,16418.2684581476,17170.0503043662,18419.4071515759,20557.622397148,19572.4291594951,20439.9389679367,21703.2317096961,23408.151534657,23050.3752519101,25253.6729754869,28883.8225313687,30069.6560228447,27266.5672082529,26141.8905783058,25777.2145704506,21989.8917170877,23595.648262287,25565.6800509122,26980.0978570393,28607.6402973143,29939.372546546,32876.4574839874,36248.9078297907,39238.6204305862,42144.3166892889,44695.1288901544,46890.505532507,50081.0216932147,52253.9785863904,51813.194195187,53303.4361410224,55400.0833248532,57520.4206010767,61306.4457452603,60912.7153005921,60437.668920184,49962.1068861834,54925.3565935661,51818.3788078146,55707.7251761176,61951.733690566,64465.1483610082,67637.2779733268,65874.9964778239,64911.5131007884,69253.8657841109,68610.5949473336,67884.1924260609,64468.2716360646,58341.4693857179,56999.2185857791,50434.3869800716,46074.5532358353,45892.1111710977,43044.4591001078,41277.5552975843,47754.8474790373,38459.1288750609,41633.1047681652,40955.6551714465,36264.4549710558,36145.8033790799,49639.6712114395,44786.24307902,39824.481903527,47841.7431708451,46338.5184806676,46144.9293953615,44583.9237698257,48189.4355282459,52372.2680355114,51870.145337331,59075.2189150104,60449.775885667,43260.4045701899,45511.3178579679,41817.8197915835,37792.242039272,41028.2713259772,43398.1992991963,44285.8419834684,39099.2958499509,39303.6424711804,46976.6668373215,45705.8971309573,54005.8925106138,48527.5895381995,54580.5567952424,52838.5913484361,61901.7136300643
"CO2","1A3dii_Domestic-navigation","light_oil","ktCO2",0,0,0,0,0,0,0,0,0,0,0,0,0,0,0,0,0,0,0,0,0,0,0,0,0,0,0,0,0,0,0,0,0,0,0,0,0,0,0,0,0,0,0,0,0,0,0,0,0,0,0,0,0,0,0,0,0,0,0,0,0,0,0,0,0,0,0,0,0,0,0,0,0,0,0,0,0,0,0,0,0,0,0,0,0,0,0,0,0,0,0,0,0,0,0,0,0,0,0,0,0,0,0,0,0,7.68296860518124e-05,0.000101434886389802,0.000129124029805033,0.000159898914246117,0.000179921243412445,0.000199951357658947,0.000219989261526996,0.000240034959561499,0.000964480233072436,0.00210302263832347,0.00213254234939794,0.0048632199129518,0.00622607213016207,0.00853844117891042,0.00978295053915886,0.0169821940882323,0.0196321686793988,0.0221650378581806,0.0281060478665224,0.0342762873025265,0.0339837301150222,0.19353691581615,0.141252041477486,0.0467384631341348,0.0653711930394373,0.0942996376030665,0.166825707420584,0.136309929041131,0.149895959231331,0.165186596575492,0.202142537820168,0.18877998960359,0.193924149274428,0.242381942167363,0.223537976701154,0.281897949631165,0.308417266797272,0.307661728389339,0.354000149761852,0.354278266674315,0.379687876606327,0.464707044536258,0.483972188243901,0.494944847176611,0.511841056288207,0.556307860312534,0.619517933509806,0.630078439933792,0.698930113347384,0.641197667996853,0.696754906117971,0.724035280522634,0.671016440716144,0.801486857922016,0.879571312840001,0.886716154251328,0.930902929892222,1.05343191353737,1.05608791306171,1.42282337100017,1.21890654345482,1.48028630023317,1.2455288767739,0.764632346708077,2.13235785313302,2.28268558157388,2.9644675830049,3.98138058538507,4.94936437939197,5.94205585477595,5.92766017294953,7.60753536050949,9.18406212394496,10.6243252436006,11.6914865311589,13.8703895732602,12.162650835967,12.1204577405056,13.440804755151,17.0139149272914,15.1792390331664,14.9103448355703,18.0915158324834,18.2839745814173,14.0774180388172,13.3377966667894,18.622982722487,27.2206702154485,33.564756846879,33.3801341360321,29.622861370007,35.024623612959,44.2018708826763,47.4303044810453,49.7731436007424,124.325258999749,140.134902642839,164.779426337325,184.085401076706,214.436014229805,255.466510039496,258.374638799821,281.984559482757,301.810640512942,323.376897206547,367.085270207717,403.244799016857,460.208063621733,525.118219413884,584.367980229854,616.466171026342,795.369101569811,877.071908185368,977.227584912572,967.322083557275,1054.89672718979,1174.30093767102,1240.0617901806,1186.82681433951,1215.01003684362,1434.21287854221,1221.27297517786,1305.82264269018,1406.02965603811,1456.13316271207,1891.40737694213,1975.95704445444,2038.5864277969,2063.63818113388,10283.744744831,13515.4209253017,11548.8582883486,11943.4234034061,12532.1396068252,12710.6333493512,12701.2389418498,11777.4555375486,13593.7076544798,13740.8867053346,9810.89290059552,11448.6512750007,10856.8036024145,10847.4091949131,9976.86076645302,11220.0540258007,11386.0218916583,10177.2747931489,10935.0903315926,11151.161704124,10659.5210448858,12870.3382768744,12760.7368560252,12720.0277568525,11930.8975267376,14927.7135196741,12626.2757175305,14595.3543140567,14739.5326642149,15100.1062486309,15771.12548601,15642.4756051248,15859.3536692099,15439.43639884,15524.9718394558,17092.6431374896,13130.8295501992,13187.9622067417,13402.3815238717,13641.3947289903
"CO2","1A3dii_Domestic-navigation","natural_gas","ktCO2",0,0,0,0,0,0,0,0,0,0,0,0,0,0,0,0,0,0,0,0,0,0,0,0,0,0,0,0,0,0,0,0,0,0,0,0,0,0,0,0,0,0,0,0,0,0,0,0,0,0,0,0,0,0,0,0,0,0,0,0,0,0,0,0,0,0,0,0,0,0,0,0,0,0,0,0,0,0,0,0,0,0,0,0,0,0,0,0,0,0,0,0,0,0,0,0,0,0,0,0,0,0,0,0,0,0,0,0,0,0,0,0,0,0,0,0,0,0,0,0,0,0,0,0,0,0,0,0,0,0,0,0,0,0,0,0,0,0,0,0,0,0,0,0,0,0,0,0,0,0,0,0,0,0,0,0,0,0,0,0,0,0,0,0,0,0,0,0,0,0,0,0,0,0,0,0,0,0,0,0,0,0,0,0,0,0,0,0,0,0,0,0,0,0,0,0,0,0,0,0,0,0,0,0,0,0,0,0,0,0,0,0,0,0,0,0,0,0,0,0,0,0,0,0,0,0,0,0,0,0,0,0,0,0,0,0,0,0,0,0,0,0,0,0,0,0,0,0,0,0,2.9733,3.02939999999999,3.4221,11.0517,17.5593,20.9814,20.757,98.8482,116.5197,124.2054,130.3203,154.275,197.5281,232.4784,272.3655,281.9025,252.8427,263.7261,205.1577,196.6305,195.6768,226.0269,290.7102,282.87488551288
"CO2","1A3eii_Other-transp","biomass","ktCO2",0,0,0,0,0,0,0,0,0,0,0,0,0,0,0,0,0,0,0,0,0,0,0,0,0,0,0,0,0,0,0,0,0,0,0,0,0,0,0,0,0,0,0,0,0,0,0,0,0,0,0,0,0,0,0,0,0,0,0,0,0,0,0,0,0,0,0,0,0,0,0,0,0,0,0,0,0,0,0,0,0,0,0,0,0,0,0,0,0,0,0,0,0,0,0,0,0,0,0,0,0,0,0,0,0,0,0,0,0,0,0,0,0,0,0,0,0,0,0,0,0,0,0,0,0,0,0,0,0,0,0,0,0,0,0,0,0,0,0,0,0,0,0,0,0,0,0,0,0,0,0,0,0,0,0,0,0,0,0,0,0,0,0,0,0,0,0,0,0,0,0,0,0,0,0,0,0,0,0,0,0,0,0,0,0,0,0,0,0,0,0,0,0,0,0,0,0,0,0,0,0,0,0,0,0,0,0,0,0,0,0,0,0,0,0,0,0,0,0,0,0,0,0,0,0,0,0,0,0,0,0,0,0,0,0,0,0,0,0,0,0,0,0,0,0,0,0,0,0,0,0,0,0,0,0,0,0,0,0,0,0,0,0,0,0,0,0,0,0,0,0,0,0,0
"CO2","1A3eii_Other-transp","brown_coal","ktCO2",0,0,0,0,0,0,0,0,0,0,0,0,0,0,0,0,0,0,0,0,0,0,0,0,0,0,0,0,0,0,0,0,0,0,0,0,0,0,0,0,0,0,0,0,0,0,0,0,0,0,0,0,0,0,0,0,0,0,0,0,0,0,0,0,0,0,0,0,0,0,0,0,0,0,0,0,0,0,0,0,0,0,0,0,0,0,0,0,0,0,0,0,0,0,0,0,0,0,0,0,0,0,0,0,0,0,0,0,0,0,0,0,0,0,0,0,0,0,0,0,0,0,0,0,0,0,0,0,0,0,0,0,0,0,0,0,0,0,0,0,0,0,0,0,0,0,0,0,0,0,0,0,0,0,0,0,0,0,0,0,0,0,0,0,0,0,0,0,0,0,0,0,0,0,0,0,0,0,0,0,0,0,0,0,0,0,0,0,0,0,0,0,0,0,0,0,0,0,0,0,0,0,1.42641631219828,3.05182309160059,5.10760866663231,7.87767869714934,10.8971872355546,14.4273607933011,17.9311242648185,21.5942682085857,25.0965103706383,28.2335970448565,31.7313573443993,36.8460666801321,42.1051122924693,47.9009376173976,54.0621068812704,59.0834517538272,63.0625275838339,68.6662047105968,78.2832408380753,87.2861989084303,91.3095759248202,96.8697981042142,102.500635761847,105.16733253776,109.467614694661,108.533506717776,111.194533330951,110.061806933935,115.914188860023,107.402700061681,108.077709630939,102.074683150208,94.3045968856269,87.3558570461353,87.7672087963771,87.8519841278523,91.5077218822018,112.388918499472,75.2908194571697,53.5007645941703,49.9848358744778,31.1487864483435,19.8397815288944,8.29146743232377,0.476823904568323,0,0,0.890751357975241,0.0363025572432496,0,0,0,0,0,0,13.9648256,0,0,1.16128456083206,0,1.453413028,0,0,0,0,13.506406396,0,0,0,0,0,0
"CO2","1A3eii_Other-transp","coal_coke","ktCO2",0,0,0,0,0,0,0,0,0,0,0,0,0,0,0,0,0,0,0,0,0,0,0,0,0,0,0,0,0,0,0,0,0,0,0,0,0,0,0,0,0,0,0,0,0,0,0,0,0,0,0,0,0,0,0,0,0,0,0,0,0,0,0,0,0,0,0,0,0,0,0,0,0,0,0,0,0,0,0,0,0,0,0,0,0,0,0,0,0,0,0,0,0,0,0,0,0,0,0,0,0,0,0,0,0,0,0,0,0,0,0,0,0,0,0,0,0,0,0,0,0,0,0,0,0,0,0,0,0,0,0,0,0,0,0,0,0,0,0,0,0,0,0,0,0,0,0,0,0,0,0,0,0,0,0,0,0,0,0,0,0,0,0,0,0,0,0,0,0,0,0,0,0,0,0,0,0,0,0,0,0,0,0,0,0,0,0,0,0,0,0,0,0,0,0,0,0,0,0,0,0,0,0,0,0,0,0,0,0,0,0,0,0,0,0,0,0,0,0,0,0,0,0,0,0,0,0,0,0,0,251.222499851063,131.738627970679,140.929695038401,150.120762106123,168.502896241567,0,0,0,0,0,0,0,0,0,0,0,0,0,0,0,0,0,3.06368902257394,3.06368902257394,0,0,0,0,0,0,0,0,0,12.2547560902958,12.2547560902958,12.2547560902958,12.2547560902958,9.19106706772182,0,0,0,0,0,0
"CO2","1A3eii_Other-transp","diesel_oil","ktCO2",0,0,0,0,0,0,0,0,0,0,0,0,0,0,0,0,0,0,0,0,0,0,0,0,0,0,0,0,0,0,0,0,0,0,0,0,0,0,0,0,0,0,0,0,0,0,0,0,0,0,0,0,0,0,0,0,0,0,0,0,0,0,0,0,0,0,0,0,0,0,0,0,0,0,0,0,0,0,0,0,0,0,0,0,0,0,0,0,0,0,0,0,0,0,0,0,0,0,0,0,0,0,0,0,0,0,0,0,0,0,0.00349273465828252,0.00384408024207986,0.00419581472685952,0.00757990154773775,0.0114344104078902,0.0140090118654509,0.0168200913317162,0.0258284744346206,0.0505163375182605,0.0511295722416426,0.0538507968018241,0.0467769704646245,0.0542396323292835,0.127088746890197,0.209084801316934,0.347769455891853,0.592355127103582,0.877652326438935,1.09693127024847,1.41939038442022,1.66599880166255,2.37992441419195,2.66985802046567,3.04450410717199,4.57400540924461,5.98302985731552,6.39971636761079,8.33425421814091,9.28292471751414,9.53549793395184,11.945334029877,15.0034537501974,15.9718340745098,19.3273726774052,18.0637363443904,25.3149217134523,25.685226343591,29.8778232236043,34.4554180723752,50.9921061480853,58.4503218629742,79.102680926509,63.7647872462186,68.3277142583724,73.9894370080218,67.571339386756,82.8423956689404,111.681956050445,214.14716506061,184.365283058702,190.486367103888,553.030912186459,606.329700128418,655.115200981095,718.400932860457,771.592432240959,834.422983242024,894.419587786209,933.167024329095,992.581297310806,1042.46268138316,1109.77718755297,1186.08564578997,1257.7411722158,1328.72738260716,1419.25587835761,1521.18919983239,1614.09440988117,1732.55844511562,1825.78146610687,1943.79516356875,2056.88787218835,2095.84527269914,2189.78263117785,2268.95570022331,2397.88632002197,2537.52479840827,2652.97149405055,2808.34412211567,3109.83819303121,3227.32651344484,3205.55861249644,2893.89873138856,2708.97440278293,3047.12220513239,3157.10730267989,3471.50321215906,3936.09420726327,4153.83471848305,4062.19145207975,5589.79337304226,6382.30244015482,6811.66881145762,6706.27011262014,7266.6954156252,8132.58904715817,9041.12031538694,10063.8842567494,10872.2403706903,12092.9815135471,13472.7673092167,13809.236214689,13812.5093289853,15261.6874709081,16195.2874083554,17713.2033292759,19353.3204733159,20714.5321988787,22838.1375845396,25882.326277205,20950.4721730604,22783.4121519662,25477.950465392,27742.4215758788,31669.8637212315,34047.5465570406,36938.5753950228,41486.2043313911,46421.3944813466,49332.6374415886,49081.5932475316,41849.4022750202,41859.7604184754,40434.4524213917,42091.8507091088,44234.6291573299,25481.4056200616,26852.7799481345,28194.3195272493,31950.421240888,15024.8976451196,21253.5009641483,19308.004882404,12323.1791462381,7596.27056438608,8245.97204944774,9005.37335663161,6492.68938993346,5020.21408907831,6853.38378654645,6123.74144084591,6927.06410773458,6684.79219232371,6643.350943635,8785.54472200484,8779.16914528351,10041.5333361086,10710.9688918492,10404.9412092249,9706.81555823829,10608.9596643077,9525.11162168014,13532.1615910416,12827.6603633336,10376.2511139789,11641.8030931646,11915.9528921822,10255.1151562734,9722.75450004163,12288.9241303805,11807.5680879194,12566.2617177587,13092.2467972692,14063.8435593002
"CO2","1A3eii_Other-transp","hard_coal","ktCO2",0,0,0,0,0,0,0,0,0,0,0,0,0,0,0,0,0,0,0,0,0,0,0,0,0,0,0,0,0,0,0,0,0,0,0,0,0,0,0,0,0,0,0,0,0,0,0,0,0,0,0,0,0,0,0,0,0,0,0,0,0,0,0,0,0,0,0,0,0,0,0,0,0,0,0,0,0,0,0,0,0.00110767946076572,0.00133915979766432,0.000899414630994331,0.00113258424302424,0,0,0,0,0,0,0,0,0,0,0,0,0,0,0,0,0.0080475272611808,0,0,0,0,0.0257091302315673,0,0,0.0372016158322806,0.0398446728863787,0.0523028445324749,0.0677785172165184,0.061531931225247,0.0646501524496371,0.0729490563843281,0.0701402021852317,0.229194723778762,0.264876370017373,0.218957140883184,0.303382077302203,0.333492871382026,0.458762529652523,0.475242694384108,0.441422816693779,0.535729037618655,0.611100112961118,0.750087235292299,0.745467884090298,0.993760385947739,1.00333903973366,1.19368096584168,1.21525577732275,1.28479377943074,1.48524617149858,1.39645590282411,1.45998443688921,1.50447611834966,1.49026870863426,1.53911473305594,1.74127096825415,1.91983658350404,2.0191752315277,2.18825605108887,2.58360306952767,2.82413539420463,2.97110147105002,3.10959769210837,3.67180445615598,4.14738911145137,5.10227502431073,5.7469613893415,5.6168616973598,5.54025413987521,5.72295550019874,6.63484928431568,6.49974489730173,7.46748926319842,8.60179443436558,8.72414142853999,9.2214522806857,8.91809164848442,9.65711395711031,11.4343799542583,12.9425277742552,11.3387080085063,9.90097061660437,10.6439498432382,10.0294841072369,3.95027879149725,2.85579078601015,2.69302360182028,3.08605021210223,3.73390308044956,4.06770928706216,5.14220713818459,4.85087682635187,7.61773403472944,9.53877334054261,10.8633254919032,11.1032971360076,13.0495390193312,15.485165573476,18.9507070864202,21.9970404670873,27.0415054512707,31.1151101807869,35.9634656984315,36.3290790885668,38.0996885476913,38.43833368653,47.7910791592205,41.7332077453322,26.2403794690464,39.2778421464182,32.7805257474379,43.3623679036266,49.6017255874608,60.983361748726,65.6659429753469,76.0658845423725,86.3658433674749,94.0229803337887,323.677603126151,573.884898825403,879.585072342381,1276.25105918939,1679.54914182363,2128.57132870317,2543.10514077728,2953.95562591103,3320.97516476706,3624.24448198033,3962.35291057864,4488.74525937071,5019.18932126049,5603.74003321735,6224.70913957541,6712.82772297109,7083.67400212485,7634.19839377129,8619.14279464879,9343.71409849601,9774.66327416233,10370.141950992,10973.1860858502,11258.9356154622,11719.5478670677,11619.7903058106,11906.9728691592,11805.4707369292,12441.9880356878,11523.9757800155,11561.8914582307,10901.9829326636,10067.6271901945,9385.55503746342,8904.89054789073,8519.18406783349,8036.22007012643,7148.97471781651,7565.97669765112,5276.26436394966,3530.9231521694,2278.20803313044,1216.92687113683,605.616487471779,12.2958634674722,17.3730458747388,12.7408228807275,9.82107513009265,6.49948574572358,6.12273458287941,6.37327575719397,6.02946060217695,10.894861375344,19.9625970362024,139.31312802519,175.040067717536,175.951265342299,201.748733387336,141.113321624782,312.405730808005,155.13706293299,82.8102697445827,51.843968851391,10.1587838646399,16.8613210275058,3911.93351071208,3358.97269912267,3828.94778049768,3714.51146702784,3003.5600677192,3145.86471170661,3423.62062772392
"CO2","1A3eii_Other-transp","heavy_oil","ktCO2",0,0,0,0,0,0,0,0,0,0,0,0,0,0,0,0,0,0,0,0,0,0,0,0,0,0,0,0,0,0,0,0,0,0,0,0,0,0,0,0,0,0,0,0,0,0,0,0,0,0,0,0,0,0,0,0,0,0,0,0,0,0,0,0,0,0,0,0,0,0,0,0,0,0,0,0,0,0,0,0,0,0,0,0,0,0,0,0,0,0,0,0,0,0,0,0,0,0,0,0,0,0,0,0,0,0,0,0,0,0,0.00105319097505906,0.00116230198023974,0.00127204392801197,0.00230400633680691,0.267173484996516,1.98240980814743,3.0201501205645,5.1346272488585,9.85658550427357,8.97283731233394,12.4651723080431,14.2770469860708,14.5469122952969,12.6288857066176,16.8296909190615,18.0477119175925,15.2661160019477,14.4140610056857,10.7137944588177,9.03946536563888,4.69130157442319,4.66482903958527,4.46042245415841,4.36188602466738,4.81693048681542,5.41533193217066,4.70475720387451,5.45872854000636,5.49984840770617,5.53417243197144,6.29089440477138,7.62884813071387,7.75186884066723,8.83364382331546,8.1608861401712,10.1728536668731,10.6222945438199,11.9595923213369,13.5146987489676,14.571075283965,17.108906866213,24.8332337839174,30.5518499185553,35.3395484268567,43.7872845896787,46.6701455955465,50.6020497105573,62.0630863669083,72.5026644271076,83.558333666983,87.9145694377352,109.188214901494,98.1700887956609,92.8613345830136,88.4714781491661,82.5370357604748,106.911146117873,116.375614014319,134.122018386051,123.421292654966,132.127615597018,127.411120163966,203.785929872574,273.754467267112,328.049872724665,413.295419421751,465.851734783829,560.059761470193,652.622332130171,780.566165151381,877.330599101753,837.481923922753,798.17470838937,746.7033543704,812.615566941332,904.802359127019,724.30127627675,1275.76204738198,1441.83587663807,1596.94403738325,948.45719468572,278.182530273886,297.171256786639,90.725156102838,125.091416456259,75.7540787898659,104.954637835596,291.290996680754,465.316951237786,698.370242007177,1459.74991769391,1426.85316898194,1409.64264187636,1352.16712133155,1348.71788767686,1336.57776907259,1571.80765636268,1808.58797425673,2034.76334514872,2359.60216573937,2764.02346182053,3191.63010559507,3796.33743304991,4486.57094221379,4975.64152917435,5752.93533282441,6367.35306012977,7219.18451225672,8073.22676146778,9116.2389566758,10611.9550402031,11383.2040893438,12248.4139230125,13643.3053912335,14939.0728598139,17083.6525102718,18323.06880002,19129.3049932459,19741.896515854,19776.9219667323,20264.3384548564,20664.8531412218,20443.7085312912,18494.7857447083,15988.461867674,13917.021771268,13353.8082636978,12438.9089752867,10911.5995657509,9574.76829440119,10026.1539692157,9337.45624239363,6874.36994511671,5017.89802178192,3217.74682479544,1897.73076743207,848.221215555958,484.482112926154,544.854780155679,3583.88349634425,2390.65787808025,2516.67585845286,2172.87284922461,2242.14809888944,2353.7432601816,2711.47732997667,2504.13793840356,3736.98366094428,3409.93447312232,10856.3846693035,894.526696180094,2193.36299282027,933.393994937316,1856.95614284167,11886.5164464772,15634.3480165322,2289.72552066129,867.658324982062,1157.25235287984,839.158092317358,829.757400845918,716.917861379177,1250.8929553986,756.088809652176
"CO2","1A3eii_Other-transp","light_oil","ktCO2",0,0,0,0,0,0,0,0,0,0,0,0,0,0,0,0,0,0,0,0,0,0,0,0,0,0,0,0,0,0,0,0,0,0,0,0,0,0,0,0,0,0,0,0,0,0,0,0,0,0,0,0,0,0,0,0,0,0,0,0,0,0,0,0,0,0,0,0,0,0,0,0,0,0,0,0,0,0,0,0,0,0,0,0,0,0,0,0,0,0,0,0,0,0,0,0,0,0,0,0,0,0,0,0,0,0,0,0,0,0,0.00205987325066612,0.00227517046369625,0.00249200876227453,0.00451725731205576,0.00683707431607483,0.00840383512168365,0.0101223427943608,0.0155920850393946,0.0305886977953078,0.0310525137414455,0.0328008264638935,0.0285542473220568,0.0331792290870616,0.077899411198405,0.128408921641312,0.213983065644914,0.365137377670351,0.541944775478165,0.678490459541878,0.879371814725647,1.03377814038921,1.48006361263916,1.66392823159842,1.90133429426044,2.86221274225954,3.75110307551598,4.01977529735011,5.2442444509436,5.85125820567982,6.02046889725661,7.55410599033207,9.57180235965266,10.2764829066021,12.5379274915582,11.8115187455379,16.6804440869708,17.0506204940989,19.976958329092,23.1987207231478,25.4804268602409,30.5468882620847,35.0809869707749,33.8272463866812,31.1563682300825,33.1264388082898,24.7575221802157,28.7198075738736,30.8860489606217,31.5034542577422,34.3345499945309,36.2160524403521,34.9583746341068,36.272406977274,35.8900820280622,39.4157057978458,45.152941703277,50.3595744966242,47.3062297195958,24.707372733142,30.2618792525031,29.4054736705127,30.3589720911118,36.2851147514354,40.7682822586069,43.2561172704854,46.6175241181733,53.8422900143491,62.5780694054274,63.263441212522,74.2097234932269,118.355138467038,139.25933593573,134.594129702756,137.266493157044,152.965259449118,161.017662786928,173.79478775599,181.894870487777,192.376662562243,195.289452228896,201.342160761489,213.86156113868,213.837979505851,202.526890955341,265.115776573809,170.274838120919,193.304939727368,229.438819868853,256.374374763742,297.533855965904,333.882441356991,360.162865948741,401.478079695537,432.736354382013,478.676912680192,591.248369862451,672.83267299497,750.692857065273,752.977633443554,910.956812397781,953.039022392729,1005.9620646346,1097.53288824588,1238.95934949619,1317.07760295929,1425.01344879861,1505.9696639282,1661.93317352705,1780.21599885411,1930.30213576528,2114.95351622936,2289.59782518459,2284.87784460273,2375.53629404095,2504.96681234372,2623.06487576796,2741.15061074164,2575.95043484543,2627.53418965978,2696.69231889923,2823.87569558874,2907.50808159774,2880.11139419828,2925.31002300292,2988.34018501419,3059.09236108337,3112.87436326138,3314.063534094,3177.92762133662,3081.22359934227,3257.88772095729,364.996274326558,450.22627452171,427.761429034045,659.962724725819,645.082648427283,725.727913657088,751.159996449178,4816.19957903476,1618.96955940245,2937.31807876112,4972.7730373909,1797.46330192845,1155.51212266829,1634.62690523806,4365.26801896908,2527.09561786804,1844.43533943529,2038.5864277969,2088.61344882832,3072.29385144364,2666.89727198294,2738.35007023608,2776.25021208564,3090.24917998985,3039.34220620363,3360.85710344294,3306.75107210177,3820.59099358747,3591.87715229628,3278.64739059937,3636.13349695923,3773.48186714432,3813.97176715029
"CO2","1A3eii_Other-transp","natural_gas","ktCO2",0,0,0,0,0,0,0,0,0,0,0,0,0,0,0,0,0,0,0,0,0,0,0,0,0,0,0,0,0,0,0,0,0,0,0,0,0,0,0,0,0,0,0,0,0,0,0,0,0,0,0,0,0,0,0,0,0,0,0,0,0,0,0,0,0,0,0,0,0,0,0,0,0,0,0,0,0,0,0,0,0,0,0,0,0,0,0,0,0,0,0,0,0,0,0,0,0,0,0,0,0,0,0,0,0,0,0,0,0,0,0,0,0,0,0,0,0,0,0,0,0,0,0,0,0,0,0,0,0,0,0,0,0,0,0,0,0,0,0,0,0,0,0,0,0,0,0,0,0,0,0,0,0,0,0,0,0,0,0,0,0,0,0,0,0,0,0,0,0,0,0,1.94500123212931,1.79846872905224,1.28017120327466,10.7834950792532,18.5189537169747,22.2744617134526,23.6045727288973,26.3529473081015,33.1998378144322,42.2869998277868,70.728057641074,86.7399356455736,103.831958632828,136.119408679243,162.68765044546,205.772667254079,221.502916005217,226.581638101382,229.620481223811,340.629836646908,0,0,0,0,357.788656827818,411.941045728926,507.196046232854,563.796010589213,585.57607581593,777.715179812313,850.414144197313,833.281499880736,858.948442962932,898.203487731266,1026.74949554498,1314.51665264619,1939.29337637021,2717.13120642983,3244.05039190752,3853.91741629684,4621.43999250504,5270.90287873985,5860.19737985052,6389.72314405505,6527.29446057772,6255.72747528982,5755.90027185234,5027.08858917728,4072.0754118126,46615.1195040343,46782.0842216522,48111.4500073102,45617.6083835034,42370.1606212226,37210.5583090481,35152.955378266,34321.5260535398,34622.9044279277,43976.4401730773,46087.1023780412,47120.0567071764,44080.509530559,37170.6744460158,40898.400700458,41134.0080757874,39408.6469368448,43162.1904840046,50789.9284993675,52827.8489127723,55630.9987684174,67796.8023397255,84711.2502526021,101650.209256479,118079.580275649,133508.562110442,148017.563060441,139656.428464632,152790.70295226,153885.14504762,142409.020656945,145389.312336836,150867.073530957,161404.173478782,166099.84159635,164114.362143054,161990.919676806,171772.617540001,171298.276110541,140127.740333848,160909.078241678,163212.539588904,151509.333807055,159553.118486245,151924.762196256,150541.956099171,159936.46874574,162501.948121091,176709.202816028,178575.310567169,160853.757625349,179533.45764936,182840.226070145,183426.687242266
"CO2","1A4a_Commercial-institutional","biomass","ktCO2",0,0,0,0,0,0,0,0,0,0,0,0,0,0,0,0,0,0,0,0,0,0,0,0,0,0,0,0,0,0,0,0,0,0,0,0,0,0,0,0,0,0,0,0,0,0,0,0,0,0,0,0,0,0,0,0,0,0,0,0,0,0,0,0,0,0,0,0,0,0,0,0,0,0,0,0,0,0,0,0,0,0,0,0,0,0,0,0,0,0,0,0,0,0,0,0,0,0,0,0,0,0,0,0,0,0,0,0,0,0,0,0,0,0,0,0,0,0,0,0,0,0,0,0,0,0,0,0,0,0,0,0,0,0,0,0,0,0,0,0,0,0,0,0,0,0,0,0,0,0,0,0,0,0,0,0,0,0,0,0,0,0,0,0,0,0,0,0,0,0,0,0,0,0,0,0,0,0,0,0,0,0,0,0,0,0,0,0,0,0,0,0,0,0,0,0,0,0,0,0,0,0,0,0,0,0,0,0,0,0,0,0,0,0,0,0,0,0,0,0,0,0,0,0,0,0,0,0,0,0,0,0,0,0,0,0,0,0,0,0,0,0,0,0,0,0,0,0,0,0,0,0,0,0,0,0,0,0,0,0,0,0,0,0,0,0,0,0,0,0,0,0,0,0
"CO2","1A4a_Commercial-institutional","brown_coal","ktCO2",0,0,0,0,0,0,0,0,0,0,0,0,0,0,0,0,0,0,0,0,0,0,0,0,0,0,0,0,0,0,0,0,0,0,0,0,0,0,0,0,0,0,0,0,0,0,0,0,0,0,0,0,0,0,0,0,0,0,0,0,0,0,0,0,0,0,0,0,0,0,0,0,0,0,0,0,0,0,0,0,0.00221095070857444,0.00266429744916023,0.00178367497073161,0.00223898628005937,0,0,0,0,0,0,0,0,0,0,0,0,0,0,0,0,0.0156947370695087,0,0,0,0,0.0481293954433339,0,0,0.0680769482869142,0.072382229123405,0.455971340033551,1.3217113881758,2.16939827969965,3.04978200957632,3.95518204773448,4.85706637808724,6.05488156636094,7.0479084738303,7.92221657980166,9.03458095590635,10.0697129391115,11.2742492099572,12.3055860723715,13.2763555948885,14.4702298901033,15.646826238899,26.7599645198092,28.2601960192742,30.1705519668465,32.5582801600894,34.9397695215447,37.0855764747984,38.2455051330584,41.2921595765945,42.7391431406035,45.1678854904781,47.7606500909228,50.3798671660062,54.2825329504029,58.0079151262456,62.5257798325912,67.9441788288383,72.4646455099761,78.0344906056653,84.3097653956322,91.8657227248071,102.100445662935,114.627710183998,129.849737859574,139.92678947614,157.613803572313,174.644152248118,181.625933461389,199.700320579856,216.053846135123,234.148557248711,261.796938489409,281.071441494172,305.439782918058,338.44902065989,348.201604330348,375.173794476108,409.851537262467,453.959977645963,425.047202786743,446.493310064442,529.249127767119,589.43892198404,591.716707465632,345.240838076545,421.339962450842,641.288624808569,753.224169866541,825.802799396433,825.797900836966,765.917889911986,882.522570841022,990.510750023737,1040.18801548904,1166.16411711636,974.33428301834,906.189922292613,843.379490145814,829.379217851716,874.977061731912,946.864700009629,977.50476952444,1082.16050590204,1155.42226505161,1143.2955501857,1199.56004266558,1309.00339827356,1358.9804420471,1422.40475584745,1217.90907488887,623.177775687055,5127.04604858668,11188.5557957966,18919.9604683073,28810.7747266233,42200.1149137346,44154.338982608,41470.6698195819,39823.2251502906,37442.3941893642,35937.0459808805,34317.3905311378,32369.2226547089,29768.7008370295,27200.887661107,25650.6998139006,23409.1182225611,21165.9899248751,18897.9309702762,16421.4895194246,13330.0576042734,10843.8496009211,8535.20801389486,7032.32226383425,5744.59577833414,5154.97024087003,4274.2743724304,5015.68328293625,4793.24226815801,4243.96264790501,4500.82741106804,4575.67816672096,4786.27617044016,4484.67810076641,5088.96341337374,13365.2078381642,13838.4276047456,15007.7366255019,15205.4694879032,18612.6130972668,20872.0682792249,18905.3938604663,20269.646925647,19677.927609316,17577.7316152833,20125.4702708198,13735.5636103491,9429.1475133367,8255.17317238847,5408.33493319249,3838.42343342002,3546.11450217871,2827.35622579793,2526.12921867216,2741.1446905725,2734.01671269783,1828.49327133442,2562.34416034833,2957.46413106528,3446.57150573183,2255.3624031277,2460.23760011117,2504.51740678598,2791.83246272657,3293.11260932955,3773.34924561716,3843.18894827601,3790.31530442464,2811.70122616624,2424.52940784009,2619.07878004006,2886.57400996487,2595.36602546764,1875.4822332916,2112.82060480119,3931.98481464838,4363.42232256184,3818.11591537993,3697.7808006396
"CO2","1A4a_Commercial-institutional","coal_coke","ktCO2",0,0,0,0,0,0,0,0,0,0,0,0,0,0,0,0,0,0,0,0,0,0,0,0,0,0,0,0,0,0,0,0,0,0,0,0,0,0,0,0,0,0,0,0,0,0,0,0,0,0,0,0,0,0,0,0,0,0,0,0,0,0,0,0,0,0,0,0,0,0,0,0,0,0,0,0,0,0,0,0,0,0,0,0,0,0,0,0,0,0,0,0,0,0,0,0,0,0,0,0,0,0,0,0,0,0,0,0,0,0,0,0,0,0,0,0,0,0,0,0,0,0,0,0,0,0,0,0,0,0,0,0,0,0,0,0,0,0,0,0,0,0,0,0,0,0,0,0,0,0,0,0,0,0,0,0,0,0,0,0,0,0,0,0,0,0,0,0,0,0,0,0,0,0,0,0,0,0,0,0,0,0,0,0,0,0,0,0,0,0,0,17.8364926891534,39.4427672759801,64.7069609880034,82.9505097032063,32.6383210656092,68.7834358750181,70.225599510067,77.7184928144746,104.575074584319,124.37853840437,149.149935224354,451.14445802751,788.558654169422,1145.2140763026,1583.83720496693,2024.75206253562,2465.92232600098,2813.50350527806,3183.89689241896,3788.25267722547,4265.8946521953,4629.65878277718,5313.14569392604,5877.06247032231,6570.05182493579,6924.11740914108,6761.07534294791,7060.68862845458,7976.28266170039,9301.33834938794,12306.8388036795,12165.9091086411,13523.1233456414,13103.3979495487,12622.3987730046,12159.781730596,11093.6179507402,11390.7957859299,11344.8404505913,10931.2424325438,9132.85697629291,12711.2457546593,12490.660145034,15376.6552042986,17162.7859044592,16645.0224596442,16338.6535573868,15872.9728259556,14880.3375826416,7794.0248734281,5998.70310619978,6234.60716093797,5955.81145988374,5385.96530168499,5125.5517347662,9276.85036035389,5615.74197837804,3884.75768062375,3753.01905265308,3189.30027249948,2766.51118738427,3075.94377866423,3082.07115670938,2950.3325287387,2668.4731386619,2714.42847400051,3060.62533355136,1136.62862737493,1329.64103579709,879.278749478721,1351.08685895511,1053.90902376543,1755.49380993487,2245.6840535467,2107.81804753087,2043.48057805682,2233.4292974564,1295.94045654878,1433.8064625646,1078.41853594603,839.45079218526,808.81390195952,747.59040981395
"CO2","1A4a_Commercial-institutional","diesel_oil","ktCO2",0,0,0,0,0,0,0,0,0,0,0,0,0,0,0,0,0,0,0,0,0,0,0,0,0,0,0,0,0,0,0,0,0,0,0,0,0,0,0,0,0,0,0,0,0,0,0,0,0,0,0,0,0,0,0,0,0,0,0,0,0,0,0,0,0,0,0,0,0,0,0,0,0,0,0,0,0,0,0,0,0,0,0,0,0,0,0,0,0,0,0,0,0,0,0,0,0,0,0,0,0,0,0,0,0,0,0,0,0,0,0.00458689802638648,0.00503851366376287,0.0054889979132432,0.00989730883059412,0.0149023214791757,0.0182240051468977,0.0218408841674447,0.0334776772589758,0.0653600042632988,0.066036612477907,0.0694297724718583,0.0598169778579142,0.0688053228702822,0.159954690533977,0.261135673318716,0.431078171978815,0.72884038933631,1.0720652501156,1.33041557204108,1.70953427189261,1.9928551159415,2.82381470493846,3.14271977623665,3.55589210488521,5.30164885206608,6.88308744685104,7.30859891760909,9.44958802749858,10.4511289944807,10.6613372386641,13.2651584031374,16.5754404176408,17.5561257501401,21.1390737611383,19.6606556215718,27.4208690788686,27.6909670756482,32.0618550951461,36.8057842560929,39.974000109978,47.3999488837134,53.596929506473,50.9086302990692,46.2081173812781,48.4366495399866,35.7032209121877,40.8646595494333,43.3763375125778,43.6841704638011,47.0237770809917,49.0056683831416,47.8072785060055,50.1247818982796,50.1096340463221,53.8662635336724,60.7820934778936,67.0035135665972,61.2758393818296,26.693557129937,33.0738132595035,29.9270566323472,29.6291953446444,36.9451032650729,42.1697772604038,44.3014020805089,47.8662123287493,57.8778962967773,70.6969905718213,70.0660739932629,87.208549801554,163.668696251347,199.117577577671,188.969239479996,191.873805104882,218.578878317516,231.477541380193,253.252945212313,266.473925740827,284.271040634472,287.806837506803,297.287707170829,1080.14938367801,1737.69556780014,2623.38576907921,3983.91379620858,4921.08000439033,6274.47785769373,8190.83988139228,10743.1175168852,12034.1794279881,15141.2436010562,18360.4550420699,21267.7579206908,24599.0807028103,27956.6251509246,33107.9103492342,39587.9225258169,43691.770003257,48701.622958591,54211.6851908726,58444.5685780186,62636.929348873,73311.7386883753,80594.3716432681,87110.8088061005,100044.428612877,108714.848607617,122468.564092524,135559.829741322,146252.702202791,164096.93234705,186605.880317592,211352.955120359,227878.521080513,200366.540278813,199703.585513053,221057.48966508,217022.416752943,238156.876634951,225146.738873353,193558.160002489,179188.79013139,180064.614573438,193486.288330665,195769.53056396,163174.347550348,172520.348987038,170547.20865466,173930.864346862,162633.287640079,165789.146478997,174816.623567903,179023.78814702,185743.93892011,184916.380737736,185437.71514317,196065.773199784,190657.459447026,180380.435311901,194987.388080795,167881.614062665,177904.052444534,175665.905353011,178639.723504533,181251.966657071,177980.345039315,168885.632764533,164207.543550737,167634.15248317,159673.371021494,164704.01952668,159236.041575362,153920.00108324,163753.018290307,155076.986297027,152296.236616928,155671.411155669,157778.896617389,140273.989021529,131586.107200701,129303.537108613,127798.958989061,116796.915537641,119065.85080939
"CO2","1A4a_Commercial-institutional","hard_coal","ktCO2",0,0,0,0,0,0,0,0,0,0,0,0,0,0,0,0,0,0,0,0,0,0,0,0,0,0,0,0,0,0,0,0,0,0,0,0,0,0,0,0,0,0,6.75015780198291,7.0728494975018,6.684866097053,6.89329730894457,8.43267481363786,8.85204845684139,9.46227477599386,10.5207537616843,22.3543384138991,22.605012503187,23.6534195983618,23.5777523831497,37.2197387808496,39.3872389370177,35.9773051446361,56.2720195732861,37.3447955257442,38.8124064011982,42.1642393609927,43.0901654699004,43.2012446607771,43.8406554667642,47.1102112581879,53.2253514812569,105.571864057303,122.589622224373,132.657493278055,135.106769765814,141.980370694705,150.312499243484,158.907262830801,170.705401477075,172.939182747497,193.51081332382,204.60250520899,217.399625381838,227.845856602781,229.745732551308,253.450977616677,258.579456787646,282.049792919156,349.177151860055,347.992100105329,405.022110523598,459.538918506566,528.034811158644,558.111535056841,619.923533431506,702.287463153613,752.186086443335,831.395022307448,892.299999184011,1006.39399409332,1160.70101913881,1270.02235749764,1424.54643643677,1522.80838249188,1635.37012382391,1778.38153299344,2190.94674232956,2488.59818685196,2846.41409774057,3222.60218454426,3780.65451853919,4329.03208923616,4851.20976501913,5411.14723012135,6197.69367072734,6925.17606887597,7169.79121506724,7882.36396974811,9505.98713703694,10787.8194802953,11483.9449718244,11469.0089727473,13799.5001060512,15388.7155378727,17152.7887732765,17731.1237340165,19105.7796912691,23275.5493504499,25624.4051840338,24821.1671805661,25894.7061969219,25554.4450663308,27469.3157146598,27093.3886924711,32162.086269592,35888.4305407465,37639.0367323795,41656.5330191153,45300.3660473418,47200.7575765735,47628.3298635667,48276.6916096618,49979.2729361677,58793.1494967891,53016.1533187557,61115.0141138661,65585.7890266521,69374.813255913,71035.9130130577,67738.6139387464,76176.3242105271,74852.8165856727,76564.2529267852,81600.290199593,90516.9743142618,93251.3745597013,97448.1843211997,98397.1327088042,110279.412845243,105197.105986376,112253.917317407,117580.710373914,134072.486925069,117384.862723341,127044.395485367,134715.285429021,136840.273075335,150615.178443214,164027.488346809,149278.592917908,154938.506159507,170539.010211061,184530.157991996,184693.928081146,140386.181211992,166679.551318468,142113.058398776,145766.447225923,190419.360724652,179848.151666109,190952.560386998,199051.268588044,182672.663901933,169492.028545344,169702.532395759,141170.25568364,120231.503840573,103046.898110088,111004.630158811,122832.559026715,128958.041801599,145289.611158399,144996.971706145,123544.430449439,131067.205148465,151494.774756203,154035.829057361,166593.632822739,187387.889664358,196966.829448067,172758.706283684,176254.50601749,202188.292149178,207800.938362196,194597.437134913,196296.956088848,181701.185697695,173471.01360971,159116.426671896,152856.25814994,160229.165981132,160688.291466799,151893.886093851,152499.826050178,148660.449829116,151614.491470947,147026.120777921,148473.854109701,149509.434110098,149527.47731423,152487.512817098,154339.957249611,150409.297126879,148945.237076017,153907.459196178,160927.752960995,161128.671001444,166034.029400232,173833.387915981,182165.996673033,183462.23838296,190800.385281559,191225.795706856,199582.326731714,202897.996851339,200731.431797818,192189.574871695,196915.550592064,197166.554318112,199743.278155168,200601.326740373,197380.970548958,206768.375048016,213109.12994108,209575.191685627,203480.066306113,193936.911626191,126016.448312337,86398.2523212115,81113.673113463,78113.3363591336,90968.1656469121,79508.5377488423,71137.1651314379,71133.0988574722,56270.9612948371,59913.8443685438,65272.1898158588,71496.3381337307,79594.1280479134,92263.5998896914,94830.0013209225,99331.0510654465,123350.744806585,123549.888753599,119103.646294174,124442.122832361,130233.500444761,130513.26250029,126265.367205897,130746.676929687,128300.676978035,124237.728759349,102479.05190683,97151.6584395093,87741.0438322385,75519.5226455692,69038.6297213387,71647.2233692773
"CO2","1A4a_Commercial-institutional","heavy_oil","ktCO2",0,0,0,0,0,0,0,0,0,0,0,0,0,0,0,0,0,0,0,0,0,0,0,0,0,0,0,0,0,0,0,0,0,0,0,0,0,0,0,0,0,0,0,0,0,0,0,0,0,0,0,0,0,0,0,0,0,0,0,0,0,0,0,0,0,0,0,0,0,0,0,0,0,0,0,0,0,0,0,0,0,0,0,0,0,0,0,0,0,0,0,0,0,0,0,0,0,0,0,0,0,0,0,0,0,0,0,0,0,0,0.00670592832675964,0.00737092096507851,0.00803502825941384,0.014497133084761,0.021841643618289,0.0267262124432099,0.032049547401968,0.0491542514421669,0.0960213904537369,0.0970704410265558,0.102115220617835,0.0880684014958915,0.101405425050289,0.235978483080937,0.38563001668615,0.637210537647456,1.07838758416275,1.58771514687955,1.9721554540121,2.53645854856752,2.95948148832876,4.19877663015851,4.67875235837695,5.30032076029511,7.91198148677598,10.2841890833657,10.9326458401315,14.151435944993,15.668939409324,16.0018160705513,19.9316769084904,24.946214270292,26.4645355117092,31.9157984261905,29.7296881776496,41.5274135007875,41.9993026055217,48.7003555402032,55.9871786652333,60.8932109648238,72.3065888105338,81.9419703212999,78.0023337885854,70.9525117149963,74.5316851287629,55.0523696074191,63.1397834402855,67.1552305604655,67.765454733334,73.087811143967,76.3138146491028,74.1231372829077,77.38422429476,77.0366600138687,82.4715899127909,92.6847865245132,101.767391697131,92.7065936445883,40.2317748059578,49.6613597598421,44.7712575988713,44.1002267489112,54.7146703947732,62.1460121953015,64.9729383045571,69.8887782147096,84.1385492955118,102.335594205582,100.99870006815,125.195037781857,234.018788563533,283.672089229349,268.267557775474,271.462136843429,308.221734966653,325.363563021468,354.863760612144,372.262888873942,395.963407365349,399.750755687517,411.782703244195,1270.90509816749,2039.80564779787,3032.58784635266,4596.86345776062,5582.7451866024,6883.03267607837,8823.88816821716,11239.7295770882,12087.5436457017,15186.5776683678,18137.8717356365,20918.5441328084,24082.8594658306,26780.6927284766,31510.3246012021,37533.8472903223,41098.0131311696,45089.5099386957,48650.5909285011,52485.5683952707,53376.6945826913,54523.9695197886,56055.3392018173,57690.3312073979,66579.0697045063,71957.8470754034,77635.4600234168,81957.114928426,83612.2432880665,156143.18484516,158743.628914122,159499.275839876,147171.876016766,133074.358899825,122425.595822876,138127.366373877,134532.326419231,126750.362863186,107763.723448025,103814.035738541,89039.4769517018,87122.903100885,70755.1942534816,73921.6601825071,65748.5586519755,62557.50006722,60484.8892542947,60103.4069919851,54418.0958515489,46017.5769802513,40336.8954988491,41966.9041989178,37623.171044832,42843.6744031901,35085.4722798992,37562.8681459303,28474.6791622483,30027.9052473932,26817.0447269584,30507.8396981453,31287.8211376852,30769.9781319599,33705.5919722453,35432.36411848,34472.9802446306,29902.0938094681,27257.5552629192,25339.9990836833,24930.0792932095,23241.9387995927,20057.9429777225,15760.2979242392,12466.0961797214,10281.083371411,15059.3443232945,12799.1274707305,11568.1938351193,9342.09339200669,9183.31413289899,8346.91580079563,9588.2889226437,9300.28619513732,9990.46577091253
"CO2","1A4a_Commercial-institutional","light_oil","ktCO2",0,0,0,0,0,0,0,0,0,0,0,0,0,0,0,0,0,0,0,0,0,0,0,0,0,0,0,0,0,0,0,0,0,0,0,0,0,0,0,0,0,0,0,0,0,0,0,0,0,0,0,0,0,0,0,0,0,0,0,0,0,0,0,0,0,0,0,0,0,0,0,0,0,0,0,0,0,0,0,0,0,0,0,0,0,0,0,0,0,0,0,0,0,0,0,0,0,0,0,0,0,0,0,0,0,0,0,0,0,0,0.00324813236042018,0.00357114445639727,0.0038938832236638,0.0070272679493247,0.0105900405629832,0.0129615431965641,0.0155470242473394,0.0238501796392952,0.0466018207563367,0.0471221805197356,0.0495828528937019,0.0428863028568091,0.0495216168608503,0.115563175859193,0.189369595311245,0.313757586135095,0.532400076360596,0.785901988906325,0.978702433407691,1.26192248327156,1.47603982394505,2.09943711436496,2.34524765164467,2.66330433270069,3.98516088563848,5.19224368067815,5.53245201947549,7.17767288134325,7.96521290875636,8.15240959782992,10.1766349738251,12.7572839614581,13.5549871852445,16.3723192419161,15.2740156060978,21.3670809674548,21.6415913929632,25.1307649699158,28.9320077358161,31.5112409089183,37.4689601083041,42.7222308490769,40.9115652222697,37.4314646618564,39.5441580145565,29.3720101338184,33.8706031406965,36.2167708139195,36.7365147063035,39.8240736104173,41.7895891375913,40.4045207387687,42.0470281771586,41.807903820426,44.8023063650556,50.1772612502702,55.1564579260001,49.9954065632861,22.0111578931847,27.0327745457916,25.0149324727995,25.3840779083871,33.3622695607896,39.2214151659138,40.1379359739726,44.2972139967132,53.312108736535,63.3576675785977,63.3833326123349,76.8894196835411,135.687264401198,161.836489833421,152.178326784484,154.78796323155,175.787556147042,186.228854629189,203.633267377386,214.554247964097,229.202238203962,232.174840376687,240.117177660059,526.111417179653,775.146117449388,1092.12700575321,1641.97345759447,1911.14533725343,2342.89320916986,2962.0317880407,3748.01015311598,4007.10346757472,4936.02587004793,5849.99499050735,6725.19465257658,7722.17607226744,8546.81985925221,10039.1909737358,11884.2223169052,12959.4266919105,14215.7205815307,15494.3809182923,16193.3332724613,16598.0755201142,17410.8363229459,18073.8880191434,18232.2582244845,19483.6720042426,20792.9437425689,21558.8410818008,23149.2998037062,25196.9636860464,49207.7498310447,53783.7122834956,56957.4274768623,63256.0734299591,62534.3433322164,63547.5628812324,68841.6329596972,71396.9067963013,76456.739895258,78718.8438750244,72324.9016253008,73065.6944440089,52100.3790818124,60511.9077387813,60306.4367528479,62471.0591978176,58708.0383715837,57836.0952645118,62738.9133553135,64799.1950498313,76905.6110353378,77128.4823133155,82996.4886719111,90634.5614864322,85841.087025238,96575.1619227911,100013.966159775,104703.77959037,98489.8676872116,109030.243096428,102638.736098507,102621.922925872,98377.8415972939,96384.5342220748,93942.6638144478,89582.2319264973,83314.130348849,83741.5842286734,78580.2472467775,77771.2718248771,79597.9609337013,76827.7511458016,75186.2727287996,77382.7406007345,74514.2113221899,79486.1106848906,85457.2512841028,80967.8931505287,91260.7482955875,92584.6974706408,90818.5283331904,94205.4290516732,91696.6545590021,94741.0346826176
"CO2","1A4a_Commercial-institutional","natural_gas","ktCO2",0,0,0,0,0,0,0,0,0,0,0,0,0,0,0,0,0,0,0,0,0,0,0,0,0,0,0,0,0,0,0,0,0,0,0,0,0,0,0,0,0,0,0,0,0,0,0,0,0,0,0,0,0,0,0,0,0,0,0,0,0,0,0,0,0,0,0,0,0,0,0,0,0,0,0,0,0,0,0,0,0,0,0,0,0,0,0,0,0,0,0,0,0,0,0,0,0,0,0,0,0,0,0,0,0,0,0,0,0,0,0,0,0,0,0,0,0,0,0,0,0,0,0,0,0,0,0,0,0,0,0,0,0,0,0,0,0,0,0,0,0,0,0,0,0,0,0,0,0,0,0,0,0,0,0,0,0,0,0,0,0,29.2509119078662,39.1096794458999,53.227069209396,57.177426555267,53.9891684950517,69.3253462547088,75.7304054195459,56.4809762717465,56.7207378447616,48.5517185355975,42.3255007287848,44.4765194456292,48.7779047640956,50.8445795531737,61.5515927938685,71.4992533009077,79.7599722507184,85.7904501504824,109.792349958391,118.923874096801,121.731526792491,122.224990313927,130.587568022187,147.594018915895,167.530100926667,201.625447927365,225.655396691635,232.995856104311,241.124082932226,319.845998115638,739.973288135769,1439.10485996127,2315.14566580233,3310.76891551633,4569.28673345641,5628.40076869376,7281.12575892603,9358.21514995824,11123.0143450277,14963.344284462,19481.3897892132,22884.2121266035,26291.8209999632,30031.5445893138,35145.6441786788,42200.015008239,50066.5378149287,57106.0472608459,62564.0285372113,75476.6860522393,81085.0516589873,90647.3970534333,96116.0747990737,104310.648780382,111272.322269707,124453.199393346,145846.423027328,155584.394494222,170090.003184404,179745.539325376,192447.560821698,202235.50550662,202530.489980848,204250.173238288,203760.645932983,217077.060135378,210606.87686579,219794.199040172,235317.770562756,226228.085697465,224288.345459868,235619.127102192,229357.201573016,251706.719219648,254193.703607823,258091.657093804,260340.657655842,286820.468404813,293811.975357297,296735.488491701,321506.829030377,321831.736840453,323033.339247304,324083.828140813,340949.867639104,360984.226777964,361980.048289982,352102.433693512,360327.571795783,370603.089478193,370016.202403659,374002.156423032,398995.663428205,409023.86088851,413229.645837353,420159.356728514,433083.949144992,442190.268593299,445235.309487805,461558.931776719,451993.186768016,443660.498955778,476711.281306523,477442.581236444,476808.686304571,471042.180430961,483838.431402994,525208.165735556,539943.206990675,502382.377353785,537255.098932646,536237.584494846,531791.64927531
"CO2","1A4b_Residential","biomass","ktCO2",0,0,0,0,0,0,0,0,0,0,0,0,0,0,0,0,0,0,0,0,0,0,0,0,0,0,0,0,0,0,0,0,0,0,0,0,0,0,0,0,0,0,0,0,0,0,0,0,0,0,0,0,0,0,0,0,0,0,0,0,0,0,0,0,0,0,0,0,0,0,0,0,0,0,0,0,0,0,0,0,0,0,0,0,0,0,0,0,0,0,0,0,0,0,0,0,0,0,0,0,0,0,0,0,0,0,0,0,0,0,0,0,0,0,0,0,0,0,0,0,0,0,0,0,0,0,0,0,0,0,0,0,0,0,0,0,0,0,0,0,0,0,0,0,0,0,0,0,0,0,0,0,0,0,0,0,0,0,0,0,0,0,0,0,0,0,0,0,0,0,0,0,0,0,0,0,0,0,0,0,0,0,0,0,0,0,0,0,0,0,0,0,0,0,0,0,0,0,0,0,0,0,0,0,0,0,0,0,0,0,0,0,0,0,0,0,0,0,0,0,0,0,0,0,0,0,0,0,0,0,0,0,0,0,0,0,0,0,0,0,0,0,0,0,0,0,0,0,0,0,0,0,0,0,0,0,0,0,0,0,0,0,0,0,0,0,0,0,0,0,0,0,0,0
"CO2","1A4b_Residential","brown_coal","ktCO2",0,0,0,0,0,0,0,0,0,0,0,0,0,0,0,0,0,0,0,0,0,0,0,0,0,0,0,0,0,0,0,0,0,0,0,0,0,0,0,0,0,0,0,0,0,0,0,0,0,0,0,0,0,0,0,0,0,18.9902561757304,0,0,0,0,0,0,0,0,0,0,0,28.4853842635957,37.5676806954667,40.4575022874257,41.283165599414,39.2190073194433,44.9986505033613,45.4114821593553,51.6039569992675,53.6681152792382,51.6039569992675,53.6681152792382,56.2293703946531,54.6756352039685,58.191704739895,48.7939516596347,66.0530649590624,71.4198764869862,75.9610247029217,79.676509606869,95.7769441906404,119.308348582306,131.693298262131,148.619396157891,164.306999085668,142.839752973972,179.58177035745,202.700343093123,238.203865508619,234.488380604672,262.973764868267,254.717131748384,390.436156272732,262.973764868267,316.641880147506,363.291857274844,357.925045746919,425.95484095401,476.820562673232,549.066102472206,828.807704438391,674.351855905673,729.287681684412,803.195248555171,840.62378570721,830.298707902968,783.460323017956,870.781600756041,769.433217661048,971.520078355488,1122.79799694243,1242.13131398238,1376.69445168345,1768.71762528383,1800.6053830089,1905.19351795293,1796.41971236877,1716.38340552871,2234.20655240173,2214.13289894026,2320.20183053665,2577.80074217925,4476.05635516452,3045.9728877876,3019.92618209698,3308.07678026477,3291.97092079271,3453.755743407,3468.62539556253,3666.31142468703,3776.27623850803,4053.38584096899,4265.33106000826,4598.74338784774,4629.48141301079,5156.10885382615,5350.20055802269,5752.80228106466,6044.78969357824,6562.17907196494,7005.51097233916,7409.64441518697,8028.33111017239,8242.37234778734,7991.97486533155,8175.07284224224,8654.18224593753,8958.22740045427,10073.1154587767,11544.7031240166,13678.9602056044,12098.7233179716,13788.4194406471,12980.4704312166,13967.0541078498,15835.7995648073,13559.0838621579,11621.6897117472,9338.36474430449,8578.25264417031,6913.8644583991,5446.2233083238,7093.19983146373,8585.55103947206,8875.98096384875,9342.05495475673,12501.7865985914,11635.8161340099,13498.7588188538,14467.9902755813,15161.9075799548,17820.6628799792,16067.9529049385,16175.165649431,14807.8634709306,16012.1628510937,17489.4543936986,18814.7103983515,19822.5458054091,20714.5245667188,20191.3869143986,20733.7646223198,23108.047759706,21231.4897511215,18448.8396149879,21653.3950153897,19145.6920488155,16400.3397714421,22295.7339705866,29126.8146482943,34665.0884398206,41402.1429758561,46872.059740602,49837.5980691926,49768.7821846916,49781.8229711981,49424.9506510875,51406.2301483697,52237.0825236279,53144.5678714555,52549.0918368382,53244.3341240591,53234.7995943132,52468.8894310305,52034.8602721474,53086.4422961131,52774.4857965585,51002.5368559731,50372.1427013432,48988.5274211043,49431.9099054866,49885.0910735466,51585.3876170609,53298.5209879816,53958.024795159,51673.4430826144,49102.0982735258,54935.8451670483,56524.9353850316,59258.9721294793,56693.8043344417,58843.8376277165,52615.6654446598,51503.0739545591,52494.9909353375,54187.5915642586,54400.7338925551,53996.6737317828,54288.0731660409,59009.0688328652,58561.1747354746,54510.3347617433,42344.658553829,38581.6536163663,41773.7267680143,34545.6170233384,27245.7513332966,22808.531958062,20985.2107292561,20384.4870060492,16031.8870757447,14723.1401935891,14984.9241423016,12856.3649886846,17535.3973506442,13447.0941548035,13800.7929722352,10410.6261683189,9857.63362532904,11060.0441498852,10726.5827188255,11401.6391769984,11893.7670610787,12354.3612324228,12243.2561589178,11113.0851941564,10808.1746224397,10541.1787710021,10900.5831654175,12264.5694282079,12915.9311760954,10694.9008907165,9494.90988915282,9907.45538174328,10673.4848614419,10356.8408901412
"CO2","1A4b_Residential","coal_coke","ktCO2",0,0,0,0,0,0,0,0,0,0,0,0,0,0,0,0,0,0,0,0,0,0,0,0,0,0,0,0,0,0,0,0,0,0,0,0,0,0,0,0,0,0,0,0,0,0,0,0,0,0,0,0,0,0,0,0,0,0,0,0,0,0,0,0,0,0,0,0,0,0,0,0,0,0,0,0,0,0,0,0,0.000562007825759325,0.000562007825759325,0.000562007825759325,0.000562007825759325,0.000562007825759325,0.000562007825759325,0.00337204695455594,0.00562007825759325,0.00393405478031528,0.00730610173487121,0.00562007825759325,0.0157362191212611,0.0219183052046137,0.0264143678106883,0.0309104304167629,0.0421505869319495,0.0432746025834681,0.0399025556289121,0.0449606260607459,0.0500186964925798,0.0758710564775089,0.0781190877805463,0.0820531425608616,0.10003739298516,0.0843011738638987,0.084863181689658,0.115773612106421,0.130385815576163,0.176470457288428,0.2500934824629,0.296178124175164,0.307418280690351,0.335518671978315,0.373173196304193,0.35799898500869,0.353502922402617,0.351254891099577,0.392281462380008,0.40801768150127,0.404083626720955,0.470400550160555,0.45016826843322,0.499062949274281,0.480516691024224,0.477144644069668,0.502997004054595,0.547395622289583,0.578306052706345,0.57549601357755,0.604158412691275,0.665417265699041,0.734544228267436,0.809291269093427,0.886286341222455,0.879542247313342,0.856499926457212,0.913824724684663,0.921692834245293,0.958785350745409,1.03128436026836,1.10153533848828,1.19201859843553,1.25159142796602,1.21955698189774,1.31903236705714,1.2988000853298,1.40839161135287,1.44773215915602,1.42244180699685,1.61858253818685,1.70063568074772,1.79392897982376,1.87598212238463,1.85237779370273,1.97939156232434,2.06818879879432,2.10303328399139,2.15024194135518,2.25421338912065,2.30816614039355,2.26994960824191,2.24353524043123,2.43630392466667,2.64649485150066,2.61333638978086,2.29973602300716,2.67628126626591,2.38291318121954,2.52397714548513,2.3834751890453,2.06481675183976,2.1968885908932,2.21993091174933,2.56781375589436,2.71843185319785,2.81003912879662,2.68639740712957,3.10284520601723,2.98875761738809,3.32146625023762,3.1545499259871,2.94267297567582,2.74653224448582,2.40314546294687,2.5132989967957,2.87298400528167,1.13806584716263,0.735668243918956,1.94117503017271,2.27051161606767,3.13712768338855,2789.36921325307,3550.02346135731,4486.70842464368,4493.87109254091,3916.60003942589,6837.05370825998,9179.83375578717,11008.8291766238,12244.032428029,12725.0085943936,14966.3664134946,15900.4852286376,16250.7591439286,17807.242516236,19423.2204633886,21281.4512555196,22000.5828841867,22061.8473482678,22144.9610191148,28279.2235176059,26395.9042085153,31578.9288491775,40445.3904963797,33092.8508185935,32505.6270066921,31346.4834361368,30176.94260809,29120.5148542239,32586.2793054502,33525.813907461,29351.7176992397,26029.1910763722,25361.2177288671,26283.3881246618,21504.0332494465,20578.7991646291,19644.3740127441,18501.618007324,19665.8198359021,18492.4269402563,17735.6957516805,18060.4467880734,16844.1622461115,16690.9777949828,18127.84794657,18320.8603549922,18020.6188307799,16519.4112097187,14892.5923387319,15339.8909360277,10260.8051514372,14763.9173997838,12990.0414557135,11762.5233873356,11562.3623711941,11524.576873249,10842.3954508892,9514.28625960338,8840.7852894742,7909.93444144883,7564.24819673505,6292.81725236688,6274.43511823143,5248.09929566916,4004.24155250414,3795.91069896912,3262.82880904125,2561.24402287182,2490.77917535261,2463.20597414944,2282.44832181759,2055.73533414711,2012.84368783108,1942.37884031187,1614.56411489647,1455.25228572262,1274.49463339076,1020.20844451712,643.374694740527,548.400335040735,428.916463160352,254.286188873637,216.546731122176
"CO2","1A4b_Residential","diesel_oil","ktCO2",0,0,0,0,0,0,0,0,0,0,0,0,0,0,0,0,0,0,0,0,0,0,0,0,0,0,0,0,0,0,0,0,0,0,0,0,0,0,0,0,0,0,0,0,0,0,0,0,0,0,0,0,0,0,0,0,0,0,0,0,0,0,0,0,0,0,0,0,0,0,0,0,0,0,0,0,0,0,0,0,0,0,0,0,0,0,0,0,0,0,0,0,0,0,0,0,0,0,0,0,0,0,0,0,0,0,0,0,0,0,0.237614941044235,0.237084989753618,0.23655937995742,0.393396666462233,0.549548396708701,0.626686667085548,0.703494524742424,1.01396822755901,1.86792707546711,1.78627761860801,1.78248562059202,1.46606885784276,1.61346895825594,3.59597213607317,5.63848696166342,8.95486957809625,14.5886046402758,20.7061792869209,24.8277090196164,30.8623918911032,34.8437397206341,47.9069931830439,51.7852360711079,56.9617427874722,82.6327539834547,104.467419064814,108.097895592949,136.298771708908,147.106341302921,146.536649823068,178.145978505022,217.411020870796,225.029316163419,264.922971687853,241.0312222207,329.007956636396,325.320885425842,368.978456538791,415.096049160579,441.981563628906,514.002248823259,574.962035729544,540.345093236528,485.338040426698,503.511726589132,367.377985609302,416.276999319885,437.494570510766,436.298396780581,465.124675400121,480.110694047498,453.851945954294,461.27173229407,447.160348431606,466.325767315296,510.615396350462,546.384567758722,485.273604863504,205.408023898662,247.200079396042,217.437715528918,211.854712996086,270.022026265418,301.531371438442,311.767961600142,334.593463354103,396.969643731372,476.66933413678,466.83953544088,568.98116640664,1041.39033911043,1233.40508435879,1165.24407026738,1168.88781560409,1314.08203149027,1374.79149822637,1492.17682365988,1550.93557244728,1616.66678703855,1619.69581813151,1655.69928139226,4821.62207230933,7568.17748865923,11058.5652472869,16500.1350722494,19706.3324471141,24387.0434277634,31345.7287711643,39432.2618259723,41948.725867256,52458.4527038117,62444.1197512628,71180.9196342348,81390.8554311617,90305.0459623237,106299.979367277,125913.620740036,135781.112470667,148983.378765507,160760.570255546,170825.37453759,178470.220199073,196297.868863313,207491.785924735,214934.356837211,234886.704297012,247287.316844236,264364.354943166,292052.151991511,316182.432391937,362214.189608994,373172.136620934,400685.745167752,409502.414353913,371803.065942459,369629.652353002,403887.829693898,390609.889373991,407514.688454086,372668.364513771,321012.843090934,283713.506636028,264015.596881045,245167.422586524,253268.717179924,292697.647218479,298594.917291584,286050.633214285,274645.708887658,253782.065593358,242227.350170101,257855.450435883,255507.29486593,257674.149702837,248144.853308521,254435.404307618,271464.972313317,263985.379232866,249102.763736735,237811.230650415,235262.512774501,250697.113676028,232112.13538483,234399.004952108,229237.703707238,232833.260137136,221244.415333779,193421.733438476,207582.934672805,189861.300562094,183532.579533376,166250.722396092,162631.55900989,167214.235856248,154364.523319963,157559.191934835,139874.229013291,141311.646388289,134779.535474092,136856.274869688,136317.655119024,121301.164356117,124754.159755625,122684.240347593
"CO2","1A4b_Residential","hard_coal","ktCO2",3886.29726079693,3885.34077544749,3885.90638425562,3884.94952410786,3885.51400852098,3886.07774333742,4152.74484729643,4153.24149321104,4153.73738952896,4154.23253625019,4153.20783760389,4548.56931279371,4548.96513795633,4549.3602135223,4549.75453949159,4550.14811586421,5075.36999802466,5075.63239498023,5075.89404233914,5076.15494010139,5076.41508826695,5628.12465490755,5628.24687728604,5628.36835006789,5628.48907325306,5628.60904684156,6209.75828588715,6209.73283772189,6209.70663995997,6209.67969260136,6211.16359545029,6947.10135195567,6946.88925421987,6948.1868822966,6947.97291056913,6949.26791505753,7887.86840016559,7888.9276565016,7888.47681222679,7889.53344497449,7890.58857852884,8811.20319662679,8960.68132272604,8964.76732408987,8952.28134208994,8954.0537525417,9378.35170305069,9844.03590842299,10249.7258023773,10789.6162087151,11247.8180174848,11266.5194133555,12728.3865977816,12679.4448885992,14072.752749516,13421.4807796981,14087.8439539944,14404.3246135665,14071.0037722254,14081.7229931641,15214.2327080055,16097.1827757776,16726.3080466433,16805.127662422,17132.6131778072,17656.640253462,19435.356581236,19897.4380592119,19868.1156046069,20119.8130752413,20429.4855371805,20686.3201780585,21499.7107844636,22543.0659033666,23583.1679093368,24186.3821974101,24524.403756701,26383.2170079015,26737.1772251344,26880.7918358156,33407.5170883081,32190.3093258225,32421.4681096593,33164.8045489604,34036.8512380019,34357.8232199743,40014.9208676555,39751.7778065372,41165.4507068099,42221.1949972654,44261.3778722657,45947.166406664,48201.1366647087,49901.4482152335,52560.3031432574,57265.1353710211,56310.0864105059,61195.9848358098,61542.979999944,65008.3988523543,69426.7615483146,67743.2761384819,68499.9866655043,69921.9600329959,80838.3180472581,78917.8174017494,83142.3251773145,82089.0039642382,80919.6577071277,86041.181543331,92768.6702077437,95431.0086652896,94576.6884660263,100249.066727004,106453.940791852,110499.2757579,111006.280852332,116692.075824057,117733.952768003,122456.261912844,120727.836691285,126366.336732286,140535.781700979,147499.842088371,139358.934653772,144537.357151895,143435.900148219,146315.129931977,145308.997194827,156418.301791174,173396.730806654,179036.074170613,189287.98661449,200566.371162815,201047.400792319,199471.414563562,197439.360466551,201887.586372287,220440.35027839,212506.854959157,228456.951415862,238678.976234816,241991.240045679,238174.900500604,244398.393726056,259123.520869052,258845.470975976,262724.716928459,269135.158661422,286923.869558795,292061.953385028,295233.541105365,296728.333820197,319899.976612834,313154.979496584,326094.765897066,340886.216929604,373771.495404899,349539.141607791,360379.149246543,371156.48179976,383245.094934518,407695.429529621,437468.263245861,386279.412066809,385938.253078043,417849.278446676,432534.385418766,414146.466361085,330344.985522865,388723.19530066,336496.639631469,363547.059555426,463287.748167089,474984.514212883,479163.141777825,449956.783383633,483581.079182403,453883.098625666,469003.154372694,415510.401374477,377786.48085661,346846.807225787,361569.798033285,393045.209485656,409904.436118611,432897.094577965,450578.441599072,413578.78748038,427273.071868041,440829.883853966,461293.951302523,486336.19202866,508258.301827254,485217.735219144,393722.057462002,435343.138775073,463421.317013017,467098.594266065,454207.084927403,447148.165292684,460247.693849621,460188.814801599,451895.332939181,460205.931051321,478535.459308646,503430.2592856,496240.728957736,517443.713675945,523156.111813179,547934.764792647,521699.265496953,533839.183062479,554349.513625476,531055.993135256,526689.823252719,511832.233017003,476152.711583538,472487.046240784,493045.732416357,527451.63731252,511853.124158255,499124.502179476,499662.067191361,503566.916343653,515923.897286556,523235.622923788,544768.947008309,564701.638961242,577534.059337752,567626.157854646,560781.502620587,572217.179128773,570968.693460787,585735.285911901,633302.205471342,638770.126394867,659777.165190199,671415.094379435,641198.434289114,607158.479489865,566952.817759288,512585.105703668,501332.051171919,423528.774289158,414113.518566945,309751.313765579,346857.873653212,272128.330359852,268782.906656626,262829.078786781,264540.538953647,252636.373936008,260317.626822701,275198.675130143,272581.165691687,281368.137717506,274183.972624375,267644.288056444,261686.948493315,257985.156583056,258144.540354446,257696.30784745,256199.887025828,263202.783651023,270944.91484114,268414.080706883,278793.464532377,240667.487051487,209925.67382663,202070.98910647,192529.712149707,174977.229960237,178039.11948868
"CO2","1A4b_Residential","heavy_oil","ktCO2",0,0,0,0,0,0,0,0,0,0,0,0,0,0,0,0,0,0,0,0,0,0,0,0,0,0,0,0,0,0,0,0,0,0,0,0,0,0,0,0,0,0,0,0,0,0,0,0,0,0,0,0,0,0,0,0,0,0,0,0,0,0,0,0,0,0,0,0,0,0,0,0,0,0,0,0,0,0,0,0,0,0,0,0,0,0,0,0,0,0,0,0,0,0,0,0,0,0,0,0,0,0,0,0,0,0,0,0,0,0,0.298803296187362,0.298148377317785,0.297496866586593,0.494747793272801,0.691142014134917,0.788165113132892,0.884769562787866,1.27524563324617,2.34923713249051,2.24652253613555,2.24171412933118,1.84487230217651,2.03152319944078,4.53021141882841,7.10718667058835,11.2932684428653,18.4073757544545,26.1389746711559,31.3565746814767,38.995822509711,44.0456621900489,60.5948902110556,65.5379377291242,72.1291979231038,104.691798449796,132.423705047504,137.094058479475,172.942681865481,186.742450836521,186.102458952686,226.344039179118,276.363027586389,286.176860987036,337.057486593608,306.788269145803,418.933694286194,414.397233050841,470.180581165199,529.131985362652,563.591519963774,655.637096830321,734.06094546309,690.462510957324,620.685478543253,644.434063622207,470.552156564789,533.565386117703,561.143653218508,559.973387407884,597.341085555397,616.951555804794,581.836017926683,589.951643548915,570.54817850223,593.597111485746,648.426515891513,692.190030287777,613.315091745426,258.997785265116,310.922892413094,272.836153053306,265.576780866765,330.135492728955,369.454269454511,381.644264698954,406.930797085155,482.9501559535,579.474715419472,565.461817790993,690.635203891831,1271.07410999785,1519.52596283156,1430.14659860083,1435.97251517521,1617.09880881293,1693.29315571254,1834.74080130026,1908.85609759163,2005.35480242849,2008.89231192044,2053.32664001473,2326.36010285806,2418.92502953068,2387.22427955984,3280.88404958441,2231.56004556607,2716.42206624486,3633.68489372457,4339.50228064618,4940.23096389752,6200.85007055752,7206.38184946776,8079.59224175266,8987.05078654467,10395.0660485573,12539.7772824854,14418.2306049182,15774.9630192942,17142.0417497205,18725.995405151,21340.0681353035,23948.9927765362,28080.2963525207,32977.9896837542,36760.8799380715,40481.0062823478,47588.7560775039,55345.8049558172,62064.3406558296,60776.0926578768,71180.4823748984,67734.2681477041,66505.8670169006,69515.6433960155,59562.1478306477,62317.4344402494,60549.4209976163,59921.1988200889,53728.8228975454,53498.2882334364,43421.1867505324,42690.8310354865,35113.8916311598,37690.0593054605,36937.6777190074,41256.1376181358,22464.2662788036,21925.6105867193,21532.1371328283,21806.2225930784,22971.0025039357,22442.4989216997,23238.6902616879,22614.7500746094,17348.6203220411,18798.3727682981,17564.04757731,13562.3099869374,12235.0064275675,16249.4437693655,13307.864328241,13404.7024601714,10016.8626434399,9128.86903201659,7216.93363715064,5209.99393113027,5317.11857735851,4371.54991328153,4703.14305132256,3914.50656659519,2337.50424542265,2659.93316126636,2075.38102846298,1204.97569292769,849.705266069987,750.893943801088,845.295247961852,1147.1282666585,1013.33530942884,929.898318612963,879.52668739605,838.476512216743,910.721777600355,927.360068891571
"CO2","1A4b_Residential","light_oil","ktCO2",0,0,0,0,0,0,0,0,0,0,0,0,0,0,0,0,0,0,0,0,0,0,0,0,0,0,0,0,0,0,0,0,0,0,0,0,0,0,0,0,0,0,0,0,0,0,0,0,0,0,0,0,0,0,0,0,0,0,0,0,0,0,0,0,0,0,0,0,0,0,0,0,0,0,0,0,0,0,0,0,0,0,0,0,0,0,0,0,0,0,0,0,0,0,0,0,0,0,0,0,0,0,0,0,0,0,0,0,0,0,0.361676974207325,0.361613737637841,0.361549210077035,0.602472372278145,0.843304952676096,0.963595185632008,1.08383643337639,1.56523590464333,2.88909316204531,2.76815668879091,2.76759094282809,2.28407275851309,2.52212210985209,5.63953158320057,8.87120915878994,14.1333884004981,23.0962654842246,32.880924902019,39.543276981734,49.298562651469,55.8181682838539,76.9746137366489,83.4500282344022,92.055718239074,133.919132415104,169.77389658669,176.150746886473,222.697168384518,240.984261240557,240.667694635853,293.320354346271,359.813990690059,374.30074529277,442.835781721465,404.851556097259,555.248918289567,551.585521364234,628.468661396068,710.192865017142,759.524078698876,887.110787839847,995.079974605184,937.677156368582,844.402143494596,878.211455559367,642.318943276801,729.513779258636,768.43000083137,768.005767135452,820.483030604585,848.657570672849,804.33458179101,820.229270112225,798.677782559237,837.577395953239,920.139653374485,990.290585518392,881.63264116232,377.986084639084,456.117625117509,409.1051508681,402.332594325922,521.979894247457,591.494673424135,600.345260578288,648.513310611689,769.237092373385,906.066824520859,894.411649004644,1072.38992416928,1885.46176619261,2203.7179441581,2063.68853643756,2067.5378254497,2314.76799498553,2417.96577971826,2616.21195948001,2717.95632759992,2833.90117409829,2832.88992395599,2888.80005500732,4272.98917725959,5283.68792006937,6474.47584432333,9420.14656399829,9497.53601934851,11564.3448820362,14729.4197536628,18423.2996202512,20003.5799279812,25506.6835181199,30199.8190385132,35274.5509213169,40840.7182099177,46698.0630685764,55604.3404548074,65785.2126531923,73337.630734497,81216.6743370746,89834.3620497793,96931.9881489837,101584.006288445,110653.731991674,119473.666480066,123345.906141203,132650.510647699,143949.620685081,148969.554959679,168120.012635634,182730.426443986,213239.882075037,220633.193769803,233204.522161298,238985.140584444,231195.163703155,236295.552109905,250796.586760062,256074.006082848,261289.511769048,258922.51603161,248537.48165656,250688.015020649,261310.86851456,275044.527431881,288595.810873023,286802.573472495,295891.651646797,306480.18105404,319838.125737272,334346.782420386,308931.675189791,313820.184336579,326312.954191699,334716.10469402,344347.334073279,361656.168181537,377990.399986552,385655.159564202,390814.455932073,411790.177113952,424317.021578336,419285.936618143,418894.514691827,420569.200000862,434039.240081295,435367.22949423,423240.538110621,421232.898338623,413617.466838831,406603.150097546,418049.385872689,410185.016565893,404691.92428266,411101.022444349,414290.41324011,431381.702322641,450908.520521467,464828.999209697,467524.38537306,456691.452786643,460265.646648374,459917.589668734,461112.494410899,480807.83834071
"CO2","1A4b_Residential","natural_gas","ktCO2",0,0,0,0,0,0,0,0,0,0,0,0,0,0,0,0,0,0,0,0,0,0,0,0,0,0,0,0,0,0,0,0,0,0,0,0,0,0,0,0,0,0,0,0,0,0,0,0,0,0,0,0,0,0,0,0,0,0,0,0,0,0,0,0,0,0,0,0,0,0,0,0,0,0,0,0,0,0,0,0,0,0,0,0,0,0,0,0,0,0,0,0,0,0,0,0,0,0,0,0,0,0,0,0,0,0,0,0,0,0,0,0,0,0,0,0,0,0,0,0,0,0,0,0,0,0,0,0,0,0,0,0,5.75038785883289e-06,1.29359563390617e-05,3.87618295773589e-05,0.000119668283443216,0.000240990312852946,0.000360843792017316,0.00050091710004797,0.000356310870945488,0.000332505906465694,0.000248422226450593,0.000210754089067036,0.000192927291121397,0.000173220313826631,0.000177978973800121,0.000169176495724281,0.000176034477259488,0.000199862041496723,0.000251993076130961,0.000260985448442747,0.000283787450119122,0.000294935982482448,0.000305483809938932,0.000311472437677119,0.000344533720916203,0.000372988084380358,0.000380889807858557,0.000368625210437118,0.000430950692135092,0.000446496058741622,137.76578079452,180.596709877136,241.040164161941,253.990274561424,235.307398809972,296.520452191916,317.951478188091,232.815694577078,229.593529034436,193.026124909942,169.414426982926,174.415177946679,186.57044119177,210.186027199374,261.021603008183,299.685099693359,326.448886532935,347.267843267524,437.097237145443,478.801235562014,534.092658407069,553.659138929094,600.981178368622,701.872112755117,799.084166530095,965.287660704797,1050.01498990536,1065.20622440072,1079.62889622669,1467.97658220821,2702.32220819021,5338.52575181883,8591.86929311794,12191.844191744,17028.8947517556,20720.8626463982,26486.1145340182,33558.9930154376,39317.8240059601,52363.6619846988,67173.611807683,77856.5614840312,88418.1124904456,99779.2693736201,115450.964058903,137102.373665115,160673.852792898,181358.109271068,196845.620200016,235710.13141504,256164.158879152,276921.883499291,290858.620251176,307809.918557775,324844.63213833,348504.758422514,363155.288511239,382237.592139528,410166.489616908,419882.019307057,444406.549262143,472407.31737274,466278.120447459,473270.270612228,497504.203080289,515474.571357603,509614.855875791,533543.620452202,556165.896474477,557956.133887384,555160.663967295,568740.718487731,568872.399593429,632707.626490153,658280.085460007,693250.226343511,686314.482722942,716411.57952632,741809.765355912,761963.237539115,846679.270385145,837991.88261247,875617.399929535,854666.537257646,881543.712399535,970522.942334832,928208.910009173,908572.727785294,941558.765270061,975444.827072214,979907.078932523,1001346.19481923,1048434.61013353,1046424.02424217,1047727.94298269,1039779.63087589,1060519.3949716,1088045.1376195,1079497.53687341,1130847.78433163,1105982.54538496,1060978.35108727,1131701.46188388,1106271.95534371,1104347.39498556,1135502.05161103,1166471.90774121,1244632.93377785,1267566.04641654,1260624.63748537,1317044.18206691,1281224.46351375,1271823.30231837
"CO2","1A4c_Agriculture-forestry-fishing","biomass","ktCO2",0,0,0,0,0,0,0,0,0,0,0,0,0,0,0,0,0,0,0,0,0,0,0,0,0,0,0,0,0,0,0,0,0,0,0,0,0,0,0,0,0,0,0,0,0,0,0,0,0,0,0,0,0,0,0,0,0,0,0,0,0,0,0,0,0,0,0,0,0,0,0,0,0,0,0,0,0,0,0,0,0,0,0,0,0,0,0,0,0,0,0,0,0,0,0,0,0,0,0,0,0,0,0,0,0,0,0,0,0,0,0,0,0,0,0,0,0,0,0,0,0,0,0,0,0,0,0,0,0,0,0,0,0,0,0,0,0,0,0,0,0,0,0,0,0,0,0,0,0,0,0,0,0,0,0,0,0,0,0,0,0,0,0,0,0,0,0,0,0,0,0,0,0,0,0,0,0,0,0,0,0,0,0,0,0,0,0,0,0,0,0,0,0,0,0,0,0,0,0,0,0,0,0,0,0,0,0,0,0,0,0,0,0,0,0,0,0,0,0,0,0,0,0,0,0,0,0,0,0,0,0,0,0,0,0,0,0,0,0,0,0,0,0,0,0,0,0,0,0,0,0,0,0,0,0,0,0,0,0,0,0,0,0,0,0,0,0,0,0,0,0,0,0,0
"CO2","1A4c_Agriculture-forestry-fishing","brown_coal","ktCO2",0,0,0,0,0,0,0,0,0,0,0,0,0,0,0,0,0,0,0,0,0,0,0,0,0,0,0,0,0,0,0,0,0,0,0,0,0,0,0,0,0,0,0,0,0,0,0,0,0,0,0,0,0,0,0,0,0,0,0,0,0,0,0,0,0,0,0,0,0,0,0,0,0,0,0,0,0,0,0,0,0,0,0,0,0,0,0,0,0,0,0,0,0,0,0,0,0,0,0,0,0,0,0,0,0,0,0,0,0,0,0,0,0,0,0,0,0,0,0,0,0,0,0,0,0,0,0,0,0,0,0,0,0,0,0,0,0,0,0,0,0,0,0,0,0,0,0,0,0,0,0,0,0,0,0,0,0,0,0,0,0,0,0,0,0,0,0,0,0,0,0,0,0,0,0,0,0,0,0,0,0,0,0,0,0,0,0,0,0,0,0,3.07831494046546,6.77178413617994,11.0517398039026,14.0946496883272,5.51734518942884,11.5681723883272,11.7507662307434,12.9388636647191,17.3225595840254,20.4999315352411,22.4376429060826,150.632180060443,297.951366678343,461.822264257721,662.259626783481,861.650048199307,1079.99341045246,1338.04240327827,1567.68518959052,1821.44568073993,2013.06752300874,2220.8498159238,2556.58493447779,2829.09221184069,3029.86747102938,3239.0478583105,3378.4760856395,3653.11781377607,3936.38715971039,4581.26999497597,5031.95811988878,4980.03851346184,4883.64187681203,4662.37618970276,4740.48682249164,4956.72706124653,5057.00571576222,5029.07042069041,5302.02288308855,5260.35113195181,5074.41173825317,5019.46474876963,5041.98658757664,4953.71037093736,5302.19212266366,5442.6367604146,5678.20504114838,5427.55810987263,4588.97251017093,4069.55366188875,3049.33783526468,2375.4016013692,2377.41453606458,2056.1079730303,1526.68043411468,1018.20509911521,893.622776039173,767.792279306606,795.708637941574,853.707462090441,826.138072959302,819.643775844656,1031.7507352636,725.969229529578,547.060075928045,719.109624054506,550.154080072266,751.619577060144,749.912802553848,674.401137848403,520.720881917064,446.491847883357,491.551482675334,435.628025256577,454.517921566135,428.381489245003,452.449430599013,426.622843838422,425.936027560944,315.719942823384,286.169451664521,325.867188236627,287.486101557601
"CO2","1A4c_Agriculture-forestry-fishing","coal_coke","ktCO2",0,0,0,0,0,0,0,0,0,0,0,0,0,0,0,0,0,0,0,0,0,0,0,0,0,0,0,0,0,0,0,0,0,0,0,0,0,0,0,0,0,0,0,0,0,0,0,0,0,0,0,0,0,0,0,0,0,0,0,0,0,0,0,0,0,0,0,0,0,0,0,0,0,0,0,0,0,0,0,0,0,0,0,0,0,0,0,0,0,0,0,0,0,0,0,0,0,0,0,0,0,0,0,0,0,0,0,0,0,0,0,0,0,0,0,0,0,0,0,0,0,0,0,0,0,0,0,0,0,0,0,0,0,0,0,0,0,0,0,0,0,0,0,0,0,0,0,0,0,0,0,0,0,0,0,0,0,0,0,0,0,0,0,0,0,0,0,0,0,0,0,0,0,0,0,0,0,0,0,0,0,0,0,0,0,0,0,0,0,0,0,8.99348949411416,19.7841905922512,32.2883485739287,41.1783999839936,16.1192688065331,33.7971386465058,34.3305979692912,37.8016988790727,50.6089404895466,59.8918312316585,71.4626555310151,111.299619176359,157.931974433285,204.883865355493,260.728512328873,319.760287938424,378.638895385756,419.667461788143,474.080145280374,558.47430289497,617.348142939125,698.061378460452,760.657193631942,850.559587197524,878.971880913139,942.783611246717,913.238703668061,1002.80129428346,1102.5687243571,1167.66165226162,1375.5963711357,1317.38627970679,1302.06783459392,1274.49463339076,882.342438501294,814.941280004668,775.113322711206,716.903231282302,814.941280004668,1341.89579188739,1271.43094436819,1277.55832241333,1222.411920007,1841.27710256694,1436.87015158718,2303.8941449756,2184.41027309522,2386.6137485851,2175.2192060275,2297.76676693046,1498.14393203866,1923.99670617643,4500.55917416112,4120.66173536195,4638.42518017695,2898.24981535495,5143.93386890164,5385.96530168499,5134.74280183392,2643.96362648131,2570.43508993954,2745.06536422625,2619.45411430071,2374.35899249481,2110.88173655344,1881.10505986039,1856.5955476798,1724.85691970913,1467.50704181292,1544.09926737726,1770.81225504774,1798.38545625091,2187.4739621178,1139.69231639751,1547.16295639984,1660.51945023507,1207.09347489414,3180.10920543175,1841.27710256694,729.157987372598,713.839542259728,42.8916463160352,44.8970848016924
"CO2","1A4c_Agriculture-forestry-fishing","diesel_oil","ktCO2",0,0,0,0,0,0,0,0,0,0,0,0,0,0,0,0,0,0,0,0,0,0,0,0,0,0,0,0,0,0,0,0,0,0,0,0,0,0,0,0,0,0,0,0,0,0,0,0,0,0,0,0,0,0,0,0,0,0,0,0,0,0,0,0,0,0,0,0,0,0,0,0,0,0,0,0,0,0,0,0,0,0,0,0,0,0,0,0,0,0,0,0,0,0,0,0,0,0,0,0,0,0,0,0,0,0,0,0,0,0,16.2734452286084,67.4166410821995,97.5967825440652,83.8862969642269,69.4554969961055,81.736126666252,117.276172716458,110.504817920191,123.949825351944,143.541720153418,179.671217831967,181.570263477571,212.938299741074,339.747319630716,368.818438605422,319.896115833729,348.491311445587,499.177034483343,583.517025091875,742.130437127324,958.215081817455,1050.05877895759,1142.16954209663,923.322291430355,1021.59379623143,1012.56717211172,1231.49842456944,1324.11606292571,1344.87412475103,1590.00750411119,2030.0667187335,2443.87385458233,2351.77511004893,2419.7504071427,2364.94800948667,2787.93866591259,3035.54408850994,3171.25558366046,3177.32733168517,3339.49343085234,3792.76256254143,4207.8928457337,4718.84741847177,4936.34746684724,5568.83618096392,5664.65963010902,5567.02654080529,6976.27137333123,7380.69260411048,7643.47218985858,8568.71886815159,8841.26656560422,8988.90385064874,10394.0498560282,11100.2842387053,11831.2308024791,13064.8273358241,14002.5733767748,13922.8863588932,15734.7333045463,19905.4338861678,21464.0724467534,25056.6821200106,29872.9766052754,29919.336152481,33093.1462207904,33059.2260655408,37019.6097718761,37945.2204320323,42094.0717522411,39801.355656864,38245.1160988955,35623.8948526147,39470.2948330113,40724.0458656726,43936.9321778133,48002.0098714612,53711.3683879297,51757.4850339774,53748.4170197094,56502.2395985206,56266.6589345607,51185.8327834979,52091.6118177443,57319.6391330195,53175.8758869843,53175.8029948254,54572.2306602915,56733.0747565109,51495.3893892116,56542.004505124,56762.1478055768,55131.8523787156,53718.6290022244,53809.4183954912,56648.7866708434,59123.7604909731,60171.8601953429,61626.5931768028,64865.411328572,67491.4286771016,70982.1408931232,76487.8705880062,81606.1485561182,87324.315167254,92093.4306590051,98780.8475540947,102663.293634772,109928.545984962,115826.523291408,128320.431873181,133685.217885272,144429.429257851,160592.657139121,164168.404935895,169626.122313807,177955.611966235,188750.358173247,199906.644321248,209134.094806598,208817.306940103,204234.833208585,221830.228140692,224027.836108228,231080.472810842,232060.257916832,246103.225182729,256511.409704186,267322.35262615,273287.881250401,297047.501623201,302231.670992496,301165.964247387,294640.851488305,295111.677460312,312364.526353138,295914.892096434,323504.830346745,319861.27702952,324242.804325807,281708.842894514,284253.722926583,278136.93697076,281751.953204598,302416.409812873,317110.572612893,320093.706681671,314589.518065077,312370.66147075,301224.658765394,314500.6298976,315166.369582814,312104.793904506,311863.376650834,314926.413627043,311564.125022918,309372.985548659,317880.79462241,319806.737394181,316095.699755359,306760.477691533,322350.335519951,326707.39199147,334293.88454941
"CO2","1A4c_Agriculture-forestry-fishing","hard_coal","ktCO2",0,0,0,0,0,0,0,0,0,0,0,0,0,0,0,0,0,0,0,0,0,0,0,0,0,0,0,0,0,0,0,0,0,0,0,0,0,0,0,0,0,0,0,0,0,0,0,0,0,0,0,0,0,0,0,0,0,0,0,0,0,0,0,0,0,0,0,0,0,0,0,0,0,0,0,0,0,0,0,0,0,0,0,0,0,0,0,0,0,0,0,0,0,0,0,0,0,0,0,0,0,0,0,0,0,0,0,0,0,0,0,0,0,0,0,0,0,0,0,0,0,0,0,0,0,0,0,0,0,0,0,0,0,0,0,0,0,0,0,0,0,0,0,0,0,0,0,0,0,0,0,0,0,0,0,0,0,0,0,0,0,0,0,0,0,0,0,0,0,0,0,0,0,0,0,0,0,0,0,0,0,0,0,0,0,0,0,0,0,0,0,68.0809713049329,148.818365762137,241.072217943804,309.077344364218,145.942979977267,277.57134691025,286.684737403974,322.101403183797,419.323206585467,496.726585753656,591.209337371741,1389.69998352041,2283.07545336363,3389.67282597149,4781.13102197093,6274.83463621749,8060.98494633251,11853.0304390887,15621.4355046386,18098.7220855586,16874.7073896542,16806.0779288025,18335.2323379933,20067.6210181999,22618.0614633204,25515.9809582892,25345.9564360028,27562.8846681501,31559.5656191092,38481.6550523783,42789.1767988567,45050.8546872209,47053.0478858752,48166.6678318494,52816.5260059141,54393.0364499047,57731.3950509023,60530.1709077727,61583.9724135433,61503.7596709339,60094.8465467191,63159.217048079,64178.5915559847,66054.2430545316,68003.2063174196,68992.2474391214,67882.2067407909,69435.5670925858,64247.1608151747,63274.5526283218,62727.0391904987,55639.9895158003,48527.6983909755,50209.155553564,47973.2148219524,33278.0066726853,45420.0267763688,45584.8783162585,42795.1257246705,27405.1647441903,30002.5532405807,31886.8615228879,35927.5949509995,39601.2730347791,47021.5242606428,44574.6225060861,46421.4935610004,47815.6979068932,48284.4806095596,49931.9676036873,50771.0934283034,51174.2292455833,54470.3800277771,56050.1954635147,58789.143400461,61010.7823870558,63787.2512404602,53873.7532058126,49415.3187640118,50168.5187482901,40164.2683784256,37082.7880416899,38298.1940062049
"CO2","1A4c_Agriculture-forestry-fishing","heavy_oil","ktCO2",0,0,0,0,0,0,0,0,0,0,0,0,0,0,0,0,0,0,0,0,0,0,0,0,0,0,0,0,0,0,0,0,0,0,0,0,0,0,0,0,0,0,0,0,0,0,0,0,0,0,0,0,0,0,0,0,0,0,0,0,0,0,0,0,0,0,0,0,0,0,0,0,0,0,0,0,0,0,0,0,0,0,0,0,0,0,0,0,0,0,0,0,0,0,0,0,0,0,0,0,0,0,0,0,0,0,0,0,0,0,0,0,0,0,0,0,0,0,0,0,0,0,0,0,0,0,0,0,0,0,0,0,0,0,0,0,0,0,0,0,0,0,0,0,0,0,0,0,0,0,0,0,0,0,0,0,0,0,0,0,0,0,0,0,0,0,0,0,0,0,0,0,0,0,0,0,0,0,0,0,0,0,0,0,0,0,0,0,0,0,0,2.3106879568481,5.43616308523591,6.0723353100602,7.10287179526138,6.11486469467543,14.5712389160114,48.9767136019206,72.4873028063343,92.8170340444832,248.413360659594,367.939986325283,529.705423932842,808.631966672413,1008.2758999796,1278.21539012066,1595.35009492378,2069.9846933271,2377.0904650435,2932.83969270805,3698.75922457483,4839.23764539877,6202.86723274177,7455.15258504444,8857.03977162586,11831.4749699543,16751.6840153858,18901.310084084,24604.1042892912,27556.5593359838,8073.03453612268,8787.24194449755,8357.14114192656,9236.17927856798,9245.5975443177,8950.49188415952,9634.88586197319,9660.0012373058,10178.0058535409,10526.4816862809,11170.0631791791,10469.9720917825,10033.5924453784,9352.33788948131,9007.00147865789,8576.90067608692,8184.47293651486,8005.52588727,8288.07385976188,8005.52588727,6630.4590878095,8468.06738297893,8248.30784881858,10062.8937165998,12580.7100936941,13070.45991268,11739.3450200516,10526.65210982,9228.42458310017,9590.96228840789,8193.73382508918,7572.28566278244,7201.83387662642,6803.12729322121,7405.8963012039,8457.602643257,7804.6028846091,9424.54459356256,8909.67939924403,8244.12195292981,7258.3434711248,6784.29076172176,5902.11320316376,5343.29610201315,5148.65194318541,4313.56571337607,3742.19092455915,4021.59947513445,4392.05126129048,4470.53680920489,3704.51786156023,3691.96017389393,3556.96503148114,3450.93728854383
"CO2","1A4c_Agriculture-forestry-fishing","light_oil","ktCO2",0,0,0,0,0,0,0,0,0,0,0,0,0,0,0,0,0,0,0,0,0,0,0,0,0,0,0,0,0,0,0,0,0,0,0,0,0,0,0,0,0,0,0,0,0,0,0,0,0,0,0,0,0,0,0,0,0,0,0,0,0,0,0,0,0,0,0,0,0,0,0,0,0,0,0,0,0,0,0,0,0,0,0,0,0,0,0,0,0,0,0,0,0,0,0,0,0,0,0,0,0,0,0,0,0,0,0,0,0,0,0,0,0,0,0,0,0,0,0,0,0,0,0,0,0,0,0,0,0,0,0,0,0,0,0,0,0,0,0,0,0,0,0,0,0,0,0,0,0,0,0,0,0,0,0,0,0,0,0,0,0,0,0,0,0,0,0,0,0,0,0,0,0,0,0,0,0,0,0,0,0,0,0,0,0,0,0,0,0,0,0,595.046691253752,1139.57637292112,1844.82874938653,2800.60913231583,3653.13076305563,4467.719935798,5711.60404060458,7239.42517927404,7648.37706157243,9613.87991335237,11405.7971156796,13675.9751884697,16212.0422890653,18666.9595765074,22671.9254534407,26755.1261402391,30109.3796412563,34412.3464095873,39069.5209958041,43666.8904845221,45434.1232751995,49516.2044704101,52316.0635290848,55413.3420681239,59513.9864849446,63073.1819011221,67996.3988734881,73781.7496592937,79816.6127479713,91530.043032386,101412.62897727,103438.938716926,107922.230728987,109003.243788101,107799.804405236,108824.459325626,109367.009201112,111727.306324696,114018.162911842,117870.791984956,117725.789180578,115323.138313537,109061.660744001,110006.352207113,117788.12507521,116511.057360231,115402.321058707,115741.303389528,114768.593833525,97500.939114888,85983.3848480428,78976.6213496197,67837.7002974341,64244.2822354164,63089.0659569674,56356.897875232,54119.4995701629,46225.1350714987,39190.4680320322,29951.4376470175,25743.808022916,26329.392757168,25042.3589294804,28104.9357749265,32244.7380138628,32385.6541263832,30829.3139503233,26188.4766446474,27076.7428111098,27605.5898852131,34338.1244263279,34369.2686642489,35760.2775252486,33162.6833320999,35595.1950568471,34822.9614179171,39070.4188355868,41949.2426112161,35956.5575794976,32920.8354660846,33982.3176524383,34139.9442847539,35317.872451635
"CO2","1A4c_Agriculture-forestry-fishing","natural_gas","ktCO2",0,0,0,0,0,0,0,0,0,0,0,0,0,0,0,0,0,0,0,0,0,0,0,0,0,0,0,0,0,0,0,0,0,0,0,0,0,0,0,0,0,0,0,0,0,0,0,0,0,0,0,0,0,0,0,0,0,0,0,0,0,0,0,0,0,0,0,0,0,0,0,0,0,0,0,0,0,0,0,0,0,0,0,0,0,0,0,0,0,0,0,0,0,0,0,0,0,0,0,0,0,0,0,0,0,0,0,0,0,0,0,0,0,0,0,0,0,0,0,0,0,0,0,0,0,0,0,0,0,0,0,0,0,0,0,0,0,0,0,0,0,0,0,0,0,0,0,0,0,0,0,0,0,0,0,0,0,0,0,0,0,0,0,0,0,0,0,0,0,0,0,0,0,0,0,0,0,0,0,0,0,0,0,0,0,0,0,0,0,0,0,0,0,0,0,0.0438924671546956,0.0567225729383762,0.0661763350947722,0.0796817096039094,0.0790064408784525,0.189641916188579,0.316036274937779,4.58074082341463,9.70340774388189,15.5767084477829,24.1715095829422,40.0525582011392,78.5442627208927,136.091921723303,195.349011821783,275.681741997725,386.033216440948,511.894700132261,672.530672721128,877.716849192993,1088.62901793777,1295.83116669533,1523.44903054589,1772.89772459102,2032.59077302283,2037.44229913372,2531.1759,2696.17031391824,2792.21120512799,3040.56291956404,3215.07496498207,3198.39978504521,3440.46497557062,4367.52541550543,4884.80375279959,5146.62462130314,5243.12958209155,5730.13961920724,6812.57407011593,14204.3365391013,18109.6642639292,19420.3700309565,20725.6477652492,21048.9738600776,22628.3275642721,26174.2696811717,25936.9333046788,29980.7263445739,27540.1864605502,22861.022899845,20268.5799476915,18962.3781492064,17079.8648821093,15854.3997520934,15538.9687580433,15402.7282283044,14933.3151,19670.2308,20203.3491,21395.8668,20854.4457,22694.0769,24561.6459,23968.8372,23888.8085304,21787.168788,21708.7365,22860.4695,24545.0964,23724.4656,24677.9973,26338.8939,26776.4739,27085.0239,29180.0223,30750.0349261867,34784.4986316816,33109.3935262973,32850.2493512482
"CO2","1A5_Other-unspecified","biomass","ktCO2",0,0,0,0,0,0,0,0,0,0,0,0,0,0,0,0,0,0,0,0,0,0,0,0,0,0,0,0,0,0,0,0,0,0,0,0,0,0,0,0,0,0,0,0,0,0,0,0,0,0,0,0,0,0,0,0,0,0,0,0,0,0,0,0,0,0,0,0,0,0,0,0,0,0,0,0,0,0,0,0,0,0,0,0,0,0,0,0,0,0,0,0,0,0,0,0,0,0,0,0,0,0,0,0,0,0,0,0,0,0,0,0,0,0,0,0,0,0,0,0,0,0,0,0,0,0,0,0,0,0,0,0,0,0,0,0,0,0,0,0,0,0,0,0,0,0,0,0,0,0,0,0,0,0,0,0,0,0,0,0,0,0,0,0,0,0,0,0,0,0,0,0,0,0,0,0,0,0,0,0,0,0,0,0,0,0,0,0,0,0,0,0,0,0,0,0,0,0,0,0,0,0,0,0,0,0,0,0,0,0,0,0,0,0,0,0,0,0,0,0,0,0,0,0,0,0,0,0,0,0,0,0,0,0,0,0,0,0,0,0,0,0,0,0,0,0,0,0,0,0,0,0,0,0,0,0,0,0,0,0,0,0,0,0,0,0,0,0,0,0,0,0,0,0
"CO2","1A5_Other-unspecified","brown_coal","ktCO2",0,0,0,0,0,0,0,0,0,0,0,0,0,0,0,0,0,0,0,0,0,0,0,0,0,0,0,0,0,0,0,0,0,0,0,0,0,0,0,0,0,0,0,0,0,0,0,0,0,0,0,0,0,0,0,0,0,0,0,0,0,0,0,0,0,0,0,0,0,0,0,0,0,0,0,0,0,0,0,0,0,0,0,0,0,0,0,0,0,0,0,0,0,0,0,0,0,0,0,0,0,0,0,0,0,0,0,0,0,0,2.21774560369626,7.33340945907423,12.5383774305181,17.8020966244724,23.124399126236,28.5051217506091,33.9441058765407,39.4095937652021,44.964469015518,50.577156040013,56.2475129474533,61.9944091476524,67.7695510965198,73.6376031661378,79.5661338349846,85.5550204032231,148.698966494637,157.089462702675,165.560851020735,178.872568713563,190.517082724005,202.483617497446,208.3641534399,223.949270574526,232.751270492045,246.94482290258,260.065675107969,274.82977706775,296.347415757841,315.626882418925,342.86501519851,357.783366587391,365.519054432044,378.947054817705,397.55573565896,414.383987197635,429.034803123774,452.146772799435,472.885940811851,490.864755581476,501.233412588622,528.603871561565,535.197005442049,551.719298908126,563.212896333777,585.810216261174,623.104953253905,655.766938539204,676.413709453763,682.759212766789,679.966353125831,703.330858704748,754.339382003785,913.896364268755,674.942345458844,684.163113235714,745.450417256337,725.454016192256,642.681994605805,704.653348725883,766.242030366525,808.612080702059,862.378339193584,934.565287125604,1055.80006088183,1044.05468691973,1071.31446477801,1184.10592332386,1267.63981974855,1438.06785272391,1274.01829835651,1192.24264023056,1075.3471850996,1011.51161101786,1048.71343243944,1108.71582534498,1163.56028738411,1374.40523777183,1520.24543118341,1642.75469973052,1884.32101642888,1416.45691854147,1553.13552032623,1727.2010489777,1646.80185992594,1152.12345277925,1844.02699573029,2489.6722429486,3057.35203812013,3753.11629171576,4236.96940265928,4405.58241325797,4458.11505951691,4474.18594445133,4683.97797734583,4927.23586137587,5198.31105363669,5359.8896546192,5531.7281419057,5849.66091625713,6335.27277049741,6605.38566285295,6570.23124131011,7192.64542564047,7590.27796244143,7230.76602140192,6742.11210352493,6303.30477051431,6503.17818063199,6754.56504826885,8307.51974724341,9314.22582540841,9513.49833189897,9121.19578103484,9898.51462325344,5909.13161296104,7585.95199552015,7076.90891053183,8290.18002234253,9263.15884195619,11338.9604660093,9919.38696692438,12602.8027651112,17151.3606162121,13595.3432473477,12748.9340951634,11200.3373402345,13885.6691774808,7380.9081370065,5225.92656433794,7361.13836649735,7172.94795827663,6929.52498836357,8605.19411115406,4685.3967324505,4179.03754672537,3053.00227265378,2421.66004208518,2120.67898080213,2867.73539309107,2724.89701730539,2101.85572742577,1757.94893465108,1897.19468331783,2134.62886659713,1790.07521158017,1639.136678828,1573.317420806,1435.459201542,1964.973352508,1842.542496616,2261.236234974,2298.349246736,3212.460050554,1636.73012678,834.108321432,2039.798931222,973.674355554,985.011354064,1313.503824158,3476.906934332,939.651160638,1935.202189114,1149.76609926332
"CO2","1A5_Other-unspecified","coal_coke","ktCO2",0,0,0,0,0,0,0,0,0,0,0,0,0,0,0,0,0,0,0,0,0,0,0,0,0,0,0,0,0,0,0,0,0,0,0,0,0,0,0,0,0,0,0,0,0,0,0,0,0,0,0,0,0,0,0,0,0,0,0,0,0,0,0,0,0,0,0,0,0,0,0,0,0,0,0,0,0,0,0,0,0,0,0,0,0,0,0,0,0,0,0,0,0,0,0,0,0,0,0,0,0,0,0,0,0,0,0,0,0,0,0,0,0,0,0,0,0,0,0,0,0,0,0,0,0,0,0,0,0,0,0,0,0,0,0,0,0,0,0,0,0,0,0,0,0,0,0,0,0,0,0,0,0,0,0,0,0,0,0,0,0,0,0,0,0,0,0,0,0,0,0,0,0,0,0,0,0,0,0,0,0,0,0,0,0,0,0,0,0,0,0,122.047571548259,228.097934565921,344.738950976162,305.09792256624,249.689660666269,615.548297859564,870.865090254698,1030.24140875227,1240.34929749939,1414.39032711135,1643.35011236831,1845.05144882247,2020.62796090607,2285.18057655134,2586.82435695031,2892.54978226612,3073.60986321926,3180.04418150298,3257.1740892199,3935.20092536624,3774.25258184003,4353.17182284537,4127.57368467214,3189.20987060035,3021.71426760658,2900.96626312823,2301.56419276257,2221.85406738815,2114.30143567221,2269.44595414465,2104.7543585083,1740.175364822,1498.14393203866,1375.5963711357,1302.06783459392,1148.88338346523,1185.64765173611,1191.77502978126,1112.11911519434,692.393719101711,600.483048424492,958.934664065643,511.636066769848,370.706371731446,361.515304663725,358.451615641151,291.050457144524,257.349877896211,235.904054738194,147.057073083549,159.822444010941,187.906260051202,1073.82300241217,602.525507772875,771.539018851537,131.73862797068,152.255534716956,225.85080521046,265.547879508668,295.247321476823,339.161771410472,409.052121680098,397.579150416188,112.901806028383,86.8905511003491,30.6368902257394,18.3821341354437,54.2189184415737,36.5675086492888,35.6482196032359,161.650448570485,67.4011584966267,88.8469816546442,104.165426767514,113.356493835236,116.42018285781,572.909847221327,560.655091131031,254.286188873637,306.368902257394,275.732012031655,306.368902257394,232.328006330957
"CO2","1A5_Other-unspecified","diesel_oil","ktCO2",0,0,0,0,0,0,0,0,0,0,0,0,0,0,0,0,0,0,0,0,0,0,0,0,0,0,0,0,0,0,0,0,0,0,0,0,0,0,0,0,0,0,0,0,0,0,0,0,0,0,0,0,0,0,0,0,0,0,0,0,0,0,0,0,0,0,0,0,0,0,0,0,0,0,0,0,0,0,0,0,0,0,0,0,0,0,0,0,0,0,0,0,0,0,0,0,0,0,0,0,0,0,0,0,0,0,0,0,0,0,0,0,0,0,0,0,0,0,0,0,0,0,0,0,0,0,0,0,0,0,0,0,0,0,0,0,0,0,0,0,0,0,0,0,0,0,0,0,0,0,0,0,0,0,0,0,0,0,0,0,0,0,0,0,0,0,0,0,0,0,0,0,0,0,0,0,0,0,0,0,0,0,0,0,0,0,0,0,0,0,0,8.68476078509774,14.7915143172143,20.6368288358039,25.8760012466996,28.2693540447227,153.567154073211,310.436741276907,453.122957056192,515.923495599194,910.222400156068,1282.97074554574,1830.65150038205,2561.69587872064,3515.69365118341,4671.78302224329,6125.33456192403,7657.74731692781,9161.32085130775,10747.9932482378,13967.3967933103,16654.1385692848,20300.5706140937,24776.9005822159,29699.942299268,35480.3024183236,40885.8256254973,46264.6136090451,55251.9617843353,65869.8067077808,69704.0568145363,77970.1155136126,83956.7820549497,93724.1655920408,83386.1679383898,84383.9456952795,84100.2325311798,88314.4887439848,74693.0690788445,78958.3299054201,78684.1801064025,74788.7027296646,46723.4140023312,45148.6465521606,42722.7396096912,40545.480159354,38594.5536826243,39461.6321167263,31769.4988024311,21383.6843233703,12113.5957705437,12021.1499080843,10264.6785213554,10226.4250610274,11491.9770402132,13002.9887231704,8438.07579069188,8705.8500129881,8202.17945200234,7121.51919773542,6876.05949396387,8893.92952626759,8740.91568495547,10414.5045743069,10389.0022674215,11415.4701195571,11900.0139503788,11794.8169344767,17845.2392430273,18909.9605554908,19126.7301640163,21045.7787571393,23258.1038794439,30443.3788443927,29196.9535953709,28457.3866956957,25572.4382292899,26197.244747981,27960.0917114312,28664.5929391392,25859.3391817501,26104.7988855216,26261.0005151944,26343.7829071245
"CO2","1A5_Other-unspecified","hard_coal","ktCO2",0,0.956485349439943,1.91372029554872,2.87058044332309,3.82893978443513,4.78804872221601,6.14144550780678,7.16764334744885,8.19459078375976,9.22228781673951,10.2469864630439,12.3477311274682,13.4747497190693,14.6025179073392,15.7310356922779,16.8603030738855,20.0652036315112,21.3256504301659,22.5868468254894,23.8487928174815,25.1114884061427,29.2398920597794,30.6405134355073,32.0418844079037,33.444004976969,34.8468751427033,39.9924814759559,41.5407733954452,43.0898149116033,44.63960602443,46.2013906839584,53.4113862431967,55.1463277332272,56.8943871649621,58.6312026466647,60.3818856667405,70.5130594444489,72.4994906168751,74.473178645931,76.462233406698,78.4527873608028,89.8185468520906,94.3230787377463,96.6558652558875,98.7333675137438,101.030144048232,108.31274745789,116.172767504163,123.57260068382,132.866058996607,140.367111827822,143.26487527419,154.622553261004,167.450247533948,175.506681843199,185.176930247933,197.632928409698,207.901606792437,204.294345081057,208.149836385621,212.155402343297,229.544799731482,241.926305938724,248.512928172653,257.059267638852,267.641467837906,305.076179367014,317.334812472162,324.060887748657,332.121520439328,339.642316037525,348.321072192167,366.743110386278,390.800328919175,411.114975720736,424.911433092776,435.836439097379,459.207368504205,469.059853416699,478.638562569948,618.280266864907,604.278533238849,605.616833549449,625.763920518645,633.666453672133,642.957161473972,760.271519196087,758.079420008905,797.186495289737,835.943961134489,895.039294605448,920.231203063664,975.935902099315,1024.50987253862,1087.97286718316,1178.11814000868,1156.33791723672,1253.92336451037,1320.32195463247,1410.71739353648,1505.70942064321,1477.2076375206,1504.58193890469,1518.55034876795,1792.30425146875,1719.32889171584,1809.9000042905,1773.68905165908,1739.95474932045,1856.12459385492,2001.69185975819,2088.30981297643,2043.21913336262,2140.63996768137,2273.57890827426,2382.94393026198,2390.74853261152,2452.58460673366,2413.396992456,2482.40764366965,2477.14969748447,2648.6142232787,2832.01014403017,2959.4208058551,2762.34330025182,2979.49236730827,3058.73530851408,3086.95952920831,3149.32642158148,3266.80544455332,3619.44908548989,3793.14943701481,3950.13771993121,4151.86974485333,4142.99742926218,4153.61686012556,4114.55753074735,4257.19214372666,4495.6401929886,4669.98382121305,4820.20396954696,5008.33184797917,4983.47516790994,4849.06151610253,5415.06215055269,5579.64156544172,5758.47986031041,5929.01674648975,5972.16895045384,6259.16487754303,6409.38118242486,6350.06696768394,6561.81569435658,6947.90205150452,7116.22938850892,7388.60872595264,7894.41653273737,8528.25137332957,8493.53166338888,8577.18577246205,8740.51287509441,9233.48333584328,9751.16294259916,10413.6428768287,9222.66391388346,9048.62954638872,10112.4388340531,9771.90193911217,9320.20903879544,8518.83215288775,9140.37462461788,8471.50032008821,9373.15682664412,10695.6582144727,12874.9289967451,12664.934557569,11021.9193679606,14006.9532070207,13651.103253849,14776.9414831371,13505.3179896296,12387.6473912427,11599.9467256469,12103.9292616798,13373.2218583357,14368.4486975994,14610.3591749941,15937.6219602762,15316.7893175687,15724.505273641,15768.3556536526,17067.1518789836,17990.8900137746,17119.4133272191,15713.0862357964,10033.9322952282,12113.1407237536,12958.9802238707,12637.202761991,12519.1154813967,12197.3174518814,13256.2486705509,14059.1645480763,14596.9460055516,15774.5076864135,17128.1819202463,18646.4558231447,19511.2883261548,22200.176434858,24054.4127376506,26797.3797818056,25798.8154429242,27163.5644076195,28684.6290308688,29358.8679684219,36331.7853323241,37713.4261623531,36218.6853698128,38452.5099043469,41415.1811052953,47088.320286622,72935.2964510778,63109.1480771706,61054.1147149982,67691.3835597643,75753.6550587192,77489.0344645676,67454.4764483839,83923.125955529,99365.1257345565,77694.0842843878,97461.8378851103,95333.1040200879,107897.261287197,116703.431546155,91599.3690172479,98259.3806561419,98774.7337590404,110350.594522217,99666.9299199452,105638.828879716,108903.627284177,88981.4187315293,102886.424766528,100884.944768334,90476.5022894058,56531.2861351487,65284.7175389731,55238.3667831061,59343.9212186674,68815.5618180681,71034.9026720025,79224.5003567244,89765.6467470185,97809.1866251165,99190.9767042476,98178.46094936,94938.9653405583,139764.741421069,113473.657410214,111634.93798746,96382.202212086,105646.102005923,105194.765628147,107152.552217007,106095.792752036,103250.183326834,92443.8340849575,81118.8888686269,72046.3489329774,69413.5550427387,60930.2647282722,53488.2871378895,56686.4546543091
"CO2","1A5_Other-unspecified","heavy_oil","ktCO2",0,0,0,0,0,0,0,0,0,0,0,0,0,0,0,0,0,0,0,0,0,0,0,0,0,0,0,0,0,0,0,0,0,0,0,0,0,0,0,0,0,0,0,0,0,0,0,0,0,0,0,0,0,0,0,0,0,0,0,0,0,0,0,0,0,0,0,0,0,0,0,0,0,0,0,0,0,0,0,0,0,0,0,0,0,0,0,0,0,0,0,0,0,0,0,0,0,0,0,0,0,0,0,0,0,0,0,0,0,0,0,0,0,0,0,0,0,0,0,0,0,0,0,0,0,0,0,0,0,0,0,0,0,0,0,0,0,0,0,0,0,0,0,0,0,0,0,0,0,0,0,0,0,0,0,0,0,0,0,0,0,0,0,0,0.000541767407360774,0.000828342961857764,0.00112550555134822,0.00229335951863948,0.00204396507801153,0.00178410981826764,0.00242191880142449,0.00369997210555701,0.00470909775966263,0.00287609406087974,0.0029268820655424,0.00661737673223944,0.0060578067961482,0.00479131442100971,0.00417533138777121,0.00424400547735198,0.021204892774831,0.00624895310876155,0.00601473700680474,0.00576623613957199,0.00864762093796622,0.00683228608368854,0.00657434739562051,0.00630106340652987,0.00687082424615415,0.00790143374069792,0.0112175529472915,13.2179564996482,19.5894382176717,31.0590123529758,44.516531045534,67.986772827742,349.349620124327,641.367393681695,997.915574369582,1182.91125264696,2100.56720818933,3003.9794227508,3574.7115703701,4268.68230090777,5409.59136772564,7044.06585744912,8574.61737992074,9793.19026966029,11761.6404422469,14292.10868047,17608.986059742,17480.5407332829,21556.1158726906,24632.1640944085,28575.5302881024,32851.8187068997,37225.2602980692,41612.3008385616,47167.3291782446,52874.5204419768,39675.2528346986,42080.811369791,42730.6717065223,44124.5750374822,39468.8123351994,38630.5866834735,36351.3663720389,31912.2237819998,28396.0712354342,34813.0496329165,31356.5461027658,26327.1921924103,24961.5436586995,17894.7049244859,15929.426804709,14394.2494875031,13794.619901437,14322.0427834219,13590.5574768595,7402.75687928732,10152.8904782083,15158.6987241895,10786.0072313846,21948.2218557722,15212.5921337574,14069.8425561235,14057.2848684572,14223.6257926776,14583.7999624802,17801.5535524282,20571.4304239405,27820.2662894326,22910.0405165747,28093.116366349,27036.856280455,24132.4576913686,26341.9100678657,28349.5253943528,19186.3255866223,19280.6662552566,19400.478745363,18372.7679442088,17177.6417323505,13285.1522889682,12989.1447757897,11953.2101010663,12661.9245786615,11874.9621691522,11952.854558168,9216.25319937267,10135.7020523501,12805.9374135616,12990.6687952039,12872.2804482896
"CO2","1A5_Other-unspecified","light_oil","ktCO2",0,0,0,0,0,0,0,0,0,0,0,0,0,0,0,0,0,0,0,0,0,0,0,0,0,0,0,0,0,0,0,0,0,0,0,0,0,0,0,0,0,0,0,0,0,0,0,0,0,0,0,0,0,0,0,0,0,0,0,0,0,0,0,0,0,0,0,0,0,0,0,0,0,0,0,0,0,0,0,0,0,0,0,0,0,0,0,0,0,0,0,0,0,0,0,0,0,0,0,0,0,0,0,0,0,0,0,0,0,0,0,0,0,0,0,0,0,0,0,0,0,0,0,0,0,0,0,0,0,0,0,0,0,0,0,0,0,0,0,0,0,0,0,0,0,0,0,0,0,0,0,0,0,0,0,0,0,0,0,0,0,0,0,0,0.0179103590827779,0.0272892517560849,0.036950770290794,0.0750320429600202,0.0666424885709735,0.0579704571534101,0.0784253382534214,0.119333419331337,0.151286799347276,0.0920445540494944,0.0933174909338281,0.210014258320773,5.72843895421719,5.66150077542147,14.7230819848016,18.630806028063,23.5320279830067,19.9343219978483,19.5953403909358,21.148151189507,23.9250627445811,27.8675243591573,30.101592069906,36.7819541158868,39.9069016560162,38.0427596286554,31.9855526531459,100.398691732709,137.201084121631,226.089726066971,337.14826923822,439.284344711741,548.853738186335,705.159996651746,878.311467638105,849.830260892045,1108.56647245196,1358.15927728297,1608.87060873838,1893.78325402851,2225.94965033762,2647.70935856098,3183.51659271734,3570.20475179723,3931.6103518414,4323.17770019935,4604.56133059857,4919.43105443099,5356.48759994577,5738.56086789364,10124.2516707819,11106.1516927218,12397.5352197285,14088.5740398504,15984.2612952633,18489.5161239322,14131.6758333618,15777.2938936345,16216.9060037116,16813.0915690133,17096.1302207342,16533.6721942005,15113.1915939549,16827.3116268676,16844.1753743313,11694.1149835167,10574.255410789,10923.0549400712,11177.9103943397,12228.1590170575,11941.2703022823,11970.659976518,12068.9419379843,13009.5889331758,13170.5004533467,13841.8412755279,14137.4057945229,25481.0132901509,24221.0036207151,18366.5811739096,32059.6520297925,40839.4795312147,34503.8125865273,33920.5916100803,39985.2405303764,28450.6176520506,40454.0130307104,38213.6566704364,40766.7530755442,38317.6774738381,41596.1803528545,53062.3247173156,59406.9647240316,60992.018347253,60212.3725158902,49542.099796944,42408.0979365038,47281.7201263324,32327.6433897944,35698.5448244178,39486.2817786961,40309.0733057984,40439.748814989,33993.2888629846,18514.6731056289,17468.650575379,16124.2575177149,15323.0198577562,24997.6995943425,25401.3035550211
"CO2","1A5_Other-unspecified","natural_gas","ktCO2",0,0,0,0,0,0,0,0,0,0,0,0,0,0,0,0,0,0,0,0,0,0,0,0,0,0,0,0,0,0,0,0,0,0,0,0,0,0,0,0,0,0,0,0,0,0,0,0,0,0,0,0,0,0,0,0,0,0,0,0,0,0,0,0,0,0,0,0,0,0,0,0,0,0,0,0,0,0,0,0,0,0,0,0,0,0,0,0,0,0,0,0,0,0,0,0,0,0,0,0,0,0,0,0,0,0,0,0,0,0,0,0,0,0,0,0,0,0,0,0,0,0,0,0,0,0,0,0,0,0,0,0,1.26550756125925e-06,2.95615497095397e-06,9.19000646719531e-06,2.94116082063448e-05,6.13527738576012e-05,9.50900878503373e-05,0.000136542528646914,0.000100401156431674,9.67951530723653e-05,7.46690773252716e-05,6.53713333071502e-05,6.17224870174124e-05,5.7131560418951e-05,6.04885950138401e-05,5.92219374515732e-05,6.34450828729854e-05,7.41339418345869e-05,9.61610772423861e-05,0.000102422734266407,0.000114497399129074,0.000122296136150166,0.000130143561964194,0.000136294099031076,0.000154807381357619,0.000172045287202879,0.000180312578579725,0.000179055152277056,0.000214736479628146,0.000228180502642212,0.000239299320348651,0.000272580631100766,0.000292825497398701,0.000308724326850051,0.000339442909438004,0.00042059943056172,0.000458645095862426,0.000429203301604731,0.000457874437267059,0.000513390854423045,0.000442346713505289,0.000527889489543723,0.000721854352865688,0.000846124164893818,0.000909892122970724,0.00103645399112843,0.00117613911031902,0.00131396857868899,1.99883980650441,2.6148749107589,1.80201167463406,0.60907136934004,0.00158065582418333,0.00187055611985624,0.00210797916129252,2.13495845202821,2.15316328595993,2.17069947542218,0.662557465562821,1.53889659390651,1.55123675736082,0.0042703264753229,0.00491156532812747,0.00547862889858332,2.30469781530929,3.74645741651441,4.32068156078805,2.93295125624608,2.9596599250342,45.3014922146456,74.9081791025796,119.033586228781,170.230865783669,184.051402281655,205.530638747815,303.957824495877,737.958876977407,1135.63985361895,1350.8025153665,1592.80085976111,1626.3601223568,1638.22842075476,1777.6524378912,1980.40815415925,2360.42235037028,3169.26177622362,5045.89679163047,7706.57341180232,11939.0433163902,13423.6985186883,23317.311996,32590.978596,39291.001596,43662.74543136,48629.81007984,56339.81834448,60358.09304448,65794.2483000001,72829.8614999999,73695.5405999999,75173.2707,72616.4571000002,78019.5042,38809.2507,40126.5348,43285.6941,49529.6802,37088.7198,37745.763,21156.8247,32704.81335,36640.6303999999,46566.5529999999,56248.4592999999,18951.1223,22903.90025,27468.6324933879,29645.3416708206,36591.9284036912,34628.1195744813,35707.7109112616,32334.9360332402,22327.5347922786,21576.6581864032,21158.2139837592,22080.0256257399,22559.6831336364,22182.6294111392,21759.7295965432,24410.9698917132,18019.8272096679,12202.4702764438,8446.17522356152,15801.5079486305,16953.3281797556,29594.2360521133,39431.1198602115,43863.1802708589,22792.8388888977,18491.3498100747,16870.8439267886,15369.3335642771,14167.6937019196
"CO2","1B1_Fugitive-solid-fuels","process","ktCO2",50.8525778140075,50.8525778140074,50.8725043727119,50.8725043727119,50.8924309314165,50.912357490121,54.4194318221215,54.439358380826,54.4592849395307,54.4792114982351,54.4792114982352,59.6800433201223,59.6999698788267,59.7198964375314,59.7398229962358,59.7597495549406,66.6742654254187,66.6941919841233,66.7141185428278,66.7340451015323,66.7539716602369,74.0271655873971,74.0470921461017,74.0670187048061,74.0869452635108,74.1068718222154,81.7785969234663,81.798523482171,81.8184500408756,81.83837659958,81.8782297169891,91.6023903648087,91.6223169235132,91.6621700409222,91.682096599627,91.8538846119823,104.268130684916,104.307983802325,104.327910361029,104.367763478439,104.407616595848,116.602670523031,118.13377347344,118.20857775881,118.112000424312,118.163503931041,123.723651331434,129.907632969716,135.289650310367,142.427051307445,153.742918711266,153.868877207164,263.878433097676,173.140048109806,281.419662882394,183.266352921019,191.959913459627,208.460791186708,191.884855560902,191.697800312286,296.490700611855,305.6827369345,319.460668505847,312.728873409936,320.449087822977,338.887189927661,365.910903919356,380.635951736118,370.68436175521,396.855408730221,420.992325448887,431.808176990987,450.499663528846,467.450634976137,498.8143295051,527.865067131209,540.131401138049,644.213457823847,660.202690967096,653.332160940343,760.822263173646,721.637567217661,755.442687395216,781.473931160343,875.20261364269,899.516562550703,1034.78846865787,1063.20147817013,1112.92064216299,1129.02380632444,1177.44920293302,1296.5948426033,1369.20669291466,1378.38991557491,1470.55651306345,1664.55850455667,1731.82286514975,1903.28441278289,1754.41775504462,1823.39104975528,2001.50413320854,1999.41605962926,2137.27485995434,2371.85050185933,2730.19766835551,2943.45707588973,3136.55614909501,3215.32385618533,3371.03057110299,3370.9857699734,3713.48984370253,4023.47002849477,4231.19514367146,4419.57995160528,4697.97672442569,5052.28043079132,5280.77226121984,5631.52364518507,5881.31608871754,6185.10926549265,6098.04138821175,6566.50574990235,7359.83442183515,7856.54492644939,7565.30547602976,7887.10121542392,8896.66398963923,8946.44799234956,9143.97138879904,9733.81247729617,11839.6448402773,11248.196552867,11737.4317493239,12523.7329301007,12506.4751317468,12584.1040113171,12742.5650871481,13395.8869977377,14348.0790877868,14752.8217176511,15902.5833256379,16589.1456077229,16669.2109193559,16986.0481752032,17681.0839831951,18487.1983017704,19200.9168009787,20249.6298490725,21174.3110357632,22293.1709174968,23137.6117228128,23824.74988304,23816.131990926,25437.5158944724,25839.3856137469,26946.6895616661,29082.8898842915,32109.0672235253,33379.3202974321,32803.4065964591,34651.0980264473,35035.2759815216,36347.2479850381,39520.467424019,33763.8075885469,31530.3330223328,32110.4493367424,32698.626481282,30258.6608886234,27297.7949200314,32285.8638286132,29781.6151816538,30113.1425879057,33779.5440221007,36291.2154610095,35614.6103247924,35986.0534615385,38543.6712230616,38652.0580792316,41960.4190095168,39266.7780505587,35651.4128559413,31902.9987332259,32413.7575345847,34471.5370171371,35342.8144912804,37815.7483845832,40936.0002811811,39862.6148889938,41704.4194467557,44498.4577262195,44596.947799011,45741.7686606348,48431.8228989803,45211.2563988074,36453.2048730196,41445.2402932541,46042.1224423916,48416.7573502246,50210.1321166593,49704.7206855228,53351.2149853387,54474.6392951069,54727.5646067715,57049.4705147537,60927.8514030128,65139.5194176889,67128.5509945582,72506.6450873431,75795.0404490732,78693.6094435788,75660.7241406353,75823.2545575041,79154.630236282,81067.2089299829,81801.6050437806,82273.0446827389,80559.13271774,82087.386585883,85579.1384516695,94733.8558155789,92978.9990025903,96171.1778801043,101860.490233613,89373.1825917697,91446.3333141681,92851.3515329525,98547.915598419,107678.786109791,114224.562850413,117467.215210857,114189.60698049,129810.445718244,148155.50776816,166148.648678544,163599.7525748,170170.734195835,169099.706753955,170244.073288987,166531.667732937,173030.127715122,167317.138658013,155809.174811482,129334.928207233,150885.518856127,149025.053353902,132042.056466081,160720.75738567,132606.026280851,137380.514178042,161799.069446277,127347.259333689,131288.675198579,167189.716828764,187327.110753153,196055.591392709,213434.471509725,197030.811890963,188005.870615111,210242.75109691,218442.284068781,229925.13690819,261825.992670253,263138.910041449,321320.324010955,354660.319201159,347586.874305147,373482.701663768,415869.300754911,459336.314155468,467654.637986847,479724.899181875,491224.112629007,492404.13443478
"CO2","1B2_Fugitive-petr","process","ktCO2",0,0,0,0,0,0,0,0,0,0,0,0,0,0,0,0,0,0,0,0,0,0,0,0,0,0,0,0,0,0,0,0,0,0,0,0,0,0,0,0,0,0,0,0,0,0,0,0,0,0,0,0,0,0,0,0,0,0,0,0,0,0,0,0,0,0,0,0,0,0,0,0,0,0,0,0,0,0,0,0,0,0,0,0,0,0,0,0,0,0,0,0,0,0,0,0,0,0,0,0,0,0,0,0,0,0,0,0,0,0,1.53455324128602,5.3021320103896,7.98103595918916,8.61257654366666,7.85700609602069,9.30625461510268,13.722378163244,13.9173097854787,16.02677593539,17.6779934502174,21.3872930718405,21.8191936608525,25.694325354088,38.0151801343352,38.739558258759,38.6700951402674,51.3663281742508,68.186312871793,78.4318765036156,102.680507620955,115.073197493908,134.156800475914,145.127550951917,139.702048859086,178.894351990472,205.190089139391,237.694187775685,277.046541488164,315.332252950656,346.929989941406,422.326695140581,504.289509124752,520.56339584154,579.750358183722,548.102419464749,694.229975475506,714.730920918348,790.710646737739,861.097673700609,912.759139194756,1046.44593002526,1187.61675369275,1162.47859320578,1206.31073920107,1312.59530196185,1155.10645203776,1233.59095307256,1461.39499680465,1686.38811450076,1708.0738521226,1843.84625706631,2492.23719742634,2670.45125268808,3459.12328016458,3114.81066470261,3870.96704287641,4446.2520573284,5744.12412519692,6168.67367432566,7916.78000875192,13184.7360200151,15396.0792545341,15243.9443129996,13982.0418237834,13728.2188489237,12527.5855320361,11401.9192606605,10825.8005302658,10682.0203639002,11244.5113342307,11196.3424243749,10790.4179102576,10732.749641599,11347.1143244324,12561.4209399448,13597.105361328,14476.9919197077,16136.7687290507,15807.0198918141,16639.4421176899,16897.4832381218,16374.519113787,17554.7611444709,19626.679814311,21523.1587815877,20833.0657721489,22847.4975209011,25764.3318140465,30534.8511669926,33491.3683588869,41046.9231132312,45916.6800604349,49705.9231861662,54412.0089908693,60939.9053861405,71338.6531120154,80322.1149198513,85205.1759264929,97498.4370781766,105962.68910597,122126.540692447,137333.452230451,152988.83358363,167600.216213199,187831.999445624,202364.139644809,224648.67664291,239970.677417606,263940.269860232,297674.40832567,334379.965650666,373191.943835869,414038.921633966,482924.203600244,484336.163383626,431452.90430709,495267.450787715,471655.595498548,474741.16096478,461990.125955413,409836.999514706,316315.771953671,307400.121217171,288206.765425081,261274.902825221,261736.200727885,255730.899531764,241563.239898068,251578.468413814,246716.791173132,256645.201488464,260125.712160645,265265.394497027,260843.380019528,276110.296469315,288948.540778499,316957.988758981,319319.395812605,304958.700887011,297435.181595819,313952.581560177,300091.541418997,287722.761458419,313590.550754164,306492.916087364,307940.518717942,306295.283232635,298369.787650531,288513.933879524,281134.654798254,290677.689820866,292623.429016176,329503.238730648,331128.306649079,332293.250373432,329646.90515741,318422.919984093,326455.95680315,341939.209717798,362437.951730036,333936.36115311,338389.389645979,330509.897720942,333894.74901023
"CO2","1B2b_Fugitive-NG-distr","process","ktCO2",0,0,0,0,0,0,0,0,0,0,0,0,0,0,0,0,0,0,0,0,0,0,0,0,0,0,0,0,0,0,0,0,0,0,0,0,0,0,0,0,0,0,0,0,0,0,0,0,0,0,0,0,0,0,0,0,0,0,0,0,0,0,0,0,0,0,0,0,0,0,0,0,0,0,0,0,0,0,0,0,0,0,0,0,0,0,0,0,0,0,0,0,0,0,0,0,0,0,0,0,0,0,0,0,0,0,0,0,0,0,0,0,0,0,0,0,0,0,0,0,0,0,0,0,0,0,0,0,0,0,0,0,0,0,0,0,0,0,0,0,0,0,0,0,0,0,0,0,0,0,0,0,0,0,0,0,0,0,0,0,0,0,0,0,0,0,0,0,0,0,0,0,0,0,0,0,0,0,0,0,0,0,0,0,0,0,0,0,0,0,0,0,0,0,0,0,0,0,0,0,0,0,0,0,0,0,0,0,0,0,0,0,0,0,0,0,0,0,0,0,0,0,0,0,0,0,0,0,0,0,0,0,0,0,0,0,0,0,0,0,0,0,0,0,0,0,0,0,0,0,0,0,0,0,0,0,0,0,0,0,0,0,0,0,0,0,0,0,0,0,0,0,0,0
"CO2","1B2b_Fugitive-NG-prod","process","ktCO2",0,0,0,0,0,0,0,0,0,0,0,0,0,0,0,0,0,0,0,0,0,0,0,0,0,0,0,0,0,0,0,0,0,0,0,0,0,0,0,0,0,0,0,0,0,0,0,0,0,0,0,0,0,0,0,0,0,0,0,0,0,0,0,0,0,0,0,0,0,0,0,0,0,0,0,0,0,0,0,0,0,0,0,0,0,0,0,0,0,0,0,0,0,0,0,0,0,0,0,0,0,0,0,0,0,0,0,0.00696422905674498,0.010463088797578,0.00349885974083306,1.66789071828028,7.07264762384274,10.3097981200293,8.84633673185853,7.21538338453506,8.66552839035023,12.6237761595084,12.1171031677471,13.4978335168561,15.6215023761126,18.5200591646984,18.658690440879,21.9132060131194,34.5339686000059,38.5986068605445,32.0601291158681,33.6262180879497,48.3904877725691,55.8052265408994,71.3527511330909,92.1821477147585,99.0220830751104,109.702736258129,87.8808195881784,98.5126240131027,113.981975086116,167.50639053882,204.855209149102,245.675219381692,233.884583233244,267.594449001511,278.145501059111,256.768742010699,249.826358787831,245.37729300076,269.891278110234,295.560050264573,301.686684025307,300.082633331091,333.64046522466,367.402067395266,408.724426583009,472.06330209239,517.080592944803,582.167917743838,643.048516622417,634.269157155249,780.838895344531,819.598078335269,869.179326620948,962.158929216316,996.350899575454,1028.2474724375,1180.96962148797,1241.68934724426,1312.77987565121,1473.21009260996,1602.80954612003,1640.55603515773,1812.74700670374,2256.49103878361,2325.87951720411,2674.04321765605,3206.16025502031,3191.7877338805,3344.1224684408,3436.43719946403,3920.95416478828,4037.21066129222,4530.13181718721,4160.45865348019,3849.57232312343,3553.40988949119,3851.82895398511,3965.19659729441,4283.15274289257,4752.27324079528,5399.20073407918,5097.03698112936,5384.92969570718,5874.4570449754,6185.70347112673,6099.42201627176,6622.47860591149,7516.16458582178,7744.34650442285,7899.29664827677,8565.31725159,9537.13310829488,9185.06333903172,10914.0318595837,12072.6400266892,12692.9545149209,13265.2615027681,13863.1783812375,15101.21812771,16017.116240074,16430.4003861062,17135.5106340974,17913.2739959451,18770.2813235161,19271.9048907454,20446.1407229037,21620.0618313545,22844.6275361805,24381.1954354313,25822.1638708752,27230.8429707785,29153.6153220581,31330.0034816299,37114.5804227779,37289.2932052772,37524.8605950782,37905.3643488089,38042.6286623328,38099.5457054803,38472.0286079725,38775.6114072381,39096.5202207093,39508.6493583554,39724.8919488872,40170.1844552649,40338.5979616534,40694.0180106265,41272.6400333675,41578.9056309007,42094.4471035363,41995.1214693949,42809.3577160536,42783.5570978367,43083.5526165201,42320.9660752596,42752.4320143309,42509.4631636232,42287.8823877348,40668.6827166274,38954.9935982674,37506.9589167765,35722.0327582999,36978.0418529496,37779.8948157138,37646.7629625972,38311.2953008325,37325.1520243087,37479.4766808027,37435.053885041,38160.2299041299,38512.6863112766,39023.5852979524,38337.2819989472,38084.677759632,39941.3964850901,39459.4751469978,41542.1791599744,42608.2803795626,42936.6040425011,44773.6561114476,48785.4319780777,52291.2544606999,61636.1918350993,55679.7065448653,55300.0944893062,55689.3459526714,56093.321409078
"CO2","1B2d_Fugitive-other-energy","process","ktCO2",0,0,0,0,0,0,0,0,0,0,0,0,0,0,0,0,0,0,0,0,0,0,0,0,0,0,0,0,0,0,0,0,0,0,0,0,0,0,0,0,0,0,0,0,0,0,0,0,0,0,0,0,0,0,0,0,0,0,0,0,0,0,0,0,0,0,0,0,0,0,0,0,0,0,0,0,0,0,0,0,0,0,0,0,0,0,0,0,0,0,0,0,0,0,0,0,0,0,0,0,0,0,0,0,0,0,0,0,0,0,0,0,0,0,0,0,0,0,0,0,0,0,0,0,0.0645253438927345,0.0645253438927346,0.068110085220109,0.071694826547483,0.0716948265474829,0.0896185331843537,0.0967880158391013,0.118296463803346,0.139804911767591,0.150559135749713,0.168482842386584,0.193576031678203,0.125465946458095,0.143389653094966,0.193576031678204,0.211499738315074,0.272440340880434,0.261686116898312,0.268855599553061,0.286779306189932,0.394321546011155,0.602236542998854,1.01448179564688,0.924863262462531,0.985803865027891,0.960710675736266,1.04315972626588,1.21522730997984,1.56294721873513,2.01820936731164,2.47347151588816,2.3838529827038,2.21178539898985,3.38041107171381,5.15485802876402,6.26254309892262,5.30183242318634,4.37696916072383,3.43418219162443,3.34456365844007,2.63120013429263,2.27631074288257,2.68855599553062,2.42328513730492,2.31932763881107,2.49856470517977,2.56667479039989,1.9680229887284,1.80670962899657,1.83538755961556,1.85331126625243,2.35875979341218,1.90349764483566,2.20820065766247,2.30498867350157,2.12575160713286,2.30857341482895,2.11141264182337,1.78161643970495,1.82463333563344,1.78161643970495,1.84972652492505,1.86048074890717,1.99311617802002,2.33366660412056,2.02896359129376,1.57370144271724,0.72770248945695,1.13277825945022,1.41597282431279,1.21164256865246,0.491109561850256,1.12202403546811,1.29767636050944,1.78520118103233,1.65256575191948,1.65973523457423,2.0934889351865,2.40177668934068,2.69931021951272,3.92887649480205,4.44149450461656,4.78562967204449,5.32692561247796,5.51333216150142,6.47045809591032,7.28777911855162,8.62488763366219,10.3885803667303,11.4819264715794,13.6076780787123,16.2962340742429,18.1316216338584,20.4043476354137,25.1720536008212,28.7173627735942,40.6163468084328,40.9285444119384,41.24998741913,41.5830410196253,41.9290777907588,42.2888873667407,42.6611355380431,43.0453532272904,43.4434241700126,43.8576541476109,44.287408234772,44.7358858114863,45.1961274527302,45.6449936581938,46.051923851195,46.3954716655932,46.6650822415977,46.8674897480783,47.0199733123255,47.1488507742295,47.2731698931916,44.535598955544,42.2250237781823,45.1116064677746,45.6509570417822,49.5237653250181,51.7754542220135,51.3811846162148,52.5001496720755,52.2025156711859,57.7039570494379,60.9080179569416,59.4460210088123,64.9762752069371,68.8468461910386,1161.43049285314,1220.36590679073,1031.38787203568,1165.1387070596,1161.742298607,1064.0912158433,1627.04029434955,1749.84178530491,1821.5038738933,1752.55271767585,2034.66254978741,2005.75480500998,1920.22429018581,1856.74377015983,1715.02129076435,1884.13411924839,1833.99849054975,1829.86064901894,1825.19618181049
"CO2","2A1_Cement-production","process","ktCO2",0,0,0,0,0,0,0,0,0,0,0,0,0,0,0,0,0,0,0,0,0,0,0,0,0,0,0,0,0,0,0,0,0,0,0,0,0,0,0,0,0,0,0,0,0,0,0,0,0,0,0,0,0,0,0,0,0,0,0,0,0,0,0,0,0,0,0,0,0,0,0,0,0,0,0,0,0,0,0,0,0,0,0,0,0,0,0,0,0,0,0,0,0,0,0,0,0,0,0,0,0,0,0,0,0,0,0,0,0,0,0,0,0,0,0,0,0,0,0,0,0,0,0,0,0,0,0,0,0,0,0.151678667295823,0.182929930725897,0.23786172898045,0.306614508526612,0.29270549550703,0.303709461503535,0.329326694343398,0.489808534436426,0.475899521416843,0.512256625069296,0.585410991014059,0.601784892416857,0.640959011364418,0.585587054470004,0.611996572861614,0.638934281621061,0.696242936530857,0.804257866752553,0.886479500678437,1.13560929083931,1.22804260520994,1.46660858801417,1.8997246896366,2.24304842872756,2.41999220195135,3.09167428637802,3.9587868069026,4.07586900510541,115.838941595199,115.91983124155,135.670026302242,148.526201657716,177.28034720025,203.464547973129,146.958303696209,160.69685248148,181.825627516847,148.518521431389,119.850796297344,124.961290079213,149.113273739906,129.643850119754,193.172982597304,208.185985059786,216.291420885281,12733.5966061698,13010.3035794102,13648.8511535719,33566.7703070631,34840.2446181788,33653.5526449335,29327.6606217129,23653.4408929137,23043.8952333578,27583.4104974338,31194.1298147288,37430.1455191399,39560.0774984443,37669.7928173083,34846.2989799432,30393.701200761,41506.1718318108,36461.6145648606,33301.5140842124,21514.0907217213,21652.6674804708,34355.0724190834,40846.2623543195,49065.9627649052,55640.0424155748,64164.6991413161,72753.9294786868,77692.7459031886,86310.751227972,93842.4415742616,103875.684633069,112659.071615501,118703.228368738,125825.197198387,141079.868769701,153435.764255187,160129.275012843,172173.726160047,181506.698547222,201289.541335952,211199.939193172,227566.492817989,234498.41010783,249648.180834442,264761.823218823,282524.629361807,297245.691548494,315360.117523126,334310.772815734,334557.423221918,334426.667295971,350520.90945396,367069.212132637,392140.594360331,398127.442120868,401143.995825005,401417.878422101,399586.999263483,408798.44823718,416319.008798149,421089.19275341,436736.436130976,453399.542607012,476808.942883369,487060.065333637,486054.565377741,499992.422743764,521095.892828671,545285.220598808,582463.72260678,615433.925247076,628706.604965261,653428.768660366,650882.319609534,682799.924273541,713052.382385219,746422.724380007,774223.851953908,852525.032638863,889993.662520536,960825.899775662,1041768.09928101,1120362.13223821,1129806.1112344,1161994.92469656,1242245.83474822,1336600.81924517,1369536.67527022,1438581.91200316,1485250.02585824,1436465.63984908,1470471.82548505,1495648.5296186,1541369.44915895,1607592.30381789,1619328.58197762,1658707.50236102,1567722.12517833,1539552.00788799
"CO2","2A2_Lime-production","process","ktCO2",0,0,0,0,0,0,0,0,0,0,0,0,0,0,0,0,0,0,0,0,0,0,0,0,0,0,0,0,0,0,0,0,0,0,0,0,0,0,0,0,0,0,0,0,0,0,0,0,0,0,0,0,0,0,0,0,0,0,0,0,0,0,0,0,0,0,0,0,0,0,0,0,0,0,0,0,0,0,0,0,0,0,0,0,0,0,0,0,0,0,0,0,0,0,0,0,0,0,0,0,0,0,0,0,0,0,0,0,0,0,0,0,0,0,0,0,0,0,0,0,0,0,0,0,0,0,0,0,0,0,0.0585790720790259,0.0706484688219476,0.0918634084489426,0.11841608128337,0.113044349775253,0.117294137360789,0.127187642859917,0.189166545007371,0.183794813499254,0.197836111681864,0.226088699550506,0.232412383477783,0.247541627282292,0.226156696151875,0.236356186357161,0.246759666366554,0.268892560112024,0.310608475051644,0.342362887890768,0.438578078827299,0.474276294545799,0.566411689400218,0.733683328766906,0.866276701435626,0.93461328581104,1.19402032003215,1.52890358177237,1.57412132168248,39.0434789419764,39.126156232987,45.79190444517,50.1089147356931,59.7633800422386,68.5796315149531,49.6216903621836,54.2177529969076,61.3233286633191,50.1625296216534,40.464284368207,42.2168026524902,50.3870822556382,43.8554880498288,65.2170805218974,70.3413497519956,73.10650543669,4906.3452048029,5012.56787774903,5219.04274125296,11655.9250531326,12057.4500037224,11556.0346146208,9655.27536317003,7487.55485015639,7349.54999786698,8939.55219326123,10371.259907094,13411.9097797973,14414.3530089542,13102.1816985025,12340.2220785351,10919.8910932574,14442.6559743941,13197.3057777833,12055.6207902359,7336.94703506396,6634.94794602119,11483.6840144941,13779.165007418,16288.4038307299,18644.5729623991,22190.2918925516,26178.5229784666,27969.9154536163,31640.9930053812,34131.2033811057,37175.3145076606,41530.0067594678,43280.8044349611,47705.8363692725,55425.655439771,62262.7262709193,54268.970746825,57464.0481117597,62171.9118926262,72304.0391709031,79300.4028922734,87654.4093711883,82971.3540027492,84323.5359792184,94045.4247408109,112793.27122457,114011.395256234,120946.651736901,127900.824614566,129813.724820483,119774.875906594,124776.280348647,125602.709039994,128553.730215687,132203.332800061,124524.368135969,121029.626993457,117364.622611979,122213.949302924,128388.485566942,130284.171061775,134682.821780818,140544.030422875,151183.800144072,155130.662081747,155617.004434898,156317.172595665,162816.891443937,166209.672316036,169076.550034264,166580.225772387,166001.172356138,168004.160850786,168792.468178847,168814.216576245,169162.599156191,164978.39863843,165306.937363953,168352.367867538,173597.053182256,168822.538942863,186461.19040506,201188.942697949,214180.432600752,212983.284058016,225423.807001203,242027.477252468,256822.755819319,265134.942688618,266107.445544848,278424.665604509,307295.774264056,308411.296689916,317400.940500455,322610.121779811,317703.84967409,321842.463802212,320606.875051116,321381.049938944
"CO2","2Ax_Other-minerals","process","ktCO2",0,0,0,0,0,0,0,0,0,0,0,0,0,0,0,0,0,0,0,0,0,0,0,0,0,0,0,0,0,0,0,0,0,0,0,0,0,0,0,0,0,0,0,0,0,0,0,0,0,0,0,0,0,0,0,0,0,0,0,0,0,0,0,0,0,0,0,0,0,0,0,0,0,0,0,0,0,0,0,0,0,0,0,0,0,0,0,0,0,0,0,0,0,0,0,0,0,0,0,0,0,163.617707241082,329.697381939458,498.239024095128,669.24263370809,842.708210778349,1018.6357553059,1197.02526729074,1377.87674673288,1561.19019363231,1746.96560798904,1933.67810741609,2122.57532295736,2313.65725461283,2506.92390238252,2702.37526626641,2900.01134626451,3099.83214237683,3301.83765460335,3506.02788294407,3712.40282739902,3942.01347086159,4175.81368595203,4413.80347267035,4655.98283101655,4902.3517609906,5152.91026259252,5407.65833582232,5666.59598067997,5929.72319716551,6197.03998527891,6476.569703757,6760.8066299105,7049.75076373942,7343.40210524372,7641.76065442346,7944.82641127857,8252.59937580911,8565.07954801506,8882.26692789641,9204.16151545316,9541.74340227304,9884.56811099212,10232.6356416104,10585.9459941279,10944.4991685446,11308.2951648604,11677.3339830755,12051.6156231898,12431.1400852032,12815.9073691159,13271.7435811175,13735.4040309472,14206.8887186052,14686.1976440914,15173.3308074058,15668.2882085484,16171.0698475192,16681.6757243182,17200.1058389454,17726.3601914008,18061.8816310204,18398.7172379547,18736.8670122037,19076.3309537672,19417.1090626454,19759.2013388383,20102.6077823457,20447.3283931678,20793.3631713045,21140.7121167559,21631.829098159,22128.2730319088,22630.0439180053,23137.1417564485,23649.5665472383,24167.3182903748,24690.3969858579,25218.8026336877,25752.5352338642,26291.5947863874,26927.6044309966,27571.2033276991,28222.3914764949,28881.1688773841,29547.5355303666,30221.4914354424,30903.0365926116,31592.171001874,32288.8946632297,32993.2075766788,33521.3276837588,34052.9978768122,34588.2181558388,35126.9885208386,35669.3089718118,36215.1795087582,36764.6001316778,37317.5708405707,37874.0916354369,38434.1625162764,39407.3267596773,40409.6076186776,41436.18645508,42483.1460910652,43547.5224218108,44627.4120684967,45721.9733266804,46831.3183983164,47956.2845635376,49097.6410892095,50255.1968574065,51426.9675871662,52608.7589945934,53795.041499928,54981.7797489697,56165.6577579785,57347.3295158896,58531.6139675106,59725.9844565859,60935.4866774607,61002.9708795006,61707.6076393096,62123.2488606147,63063.8917280156,63143.7881049592,66813.6462685438,67531.8100016032,68377.7763004351,68932.7011453054,69221.4838523416,68656.440703823,67383.9591379492,68498.0427960157,68864.4920410332,70375.189672225,70575.0160356841,70920.7785306911,71955.1895286681,72854.0023259065,75687.146503953,71916.3770128869,69174.8253525351,63400.9892293111,65079.6738260656,70435.1781712982,70451.2736810767,71386.2481550089,71314.282280997,71670.2954594231,70428.4798385314,71331.058910701,73602.1168319734,74585.4613788924,79942.8270155065,84155.2224328246,88466.9850455782,90265.5356852651,89222.2320339525,82299.6705257142,89207.0364564508,93253.7096606333,104418.093848039,105125.051515071,108415.675801597,109874.166129206,110810.745793295,114040.817225788,115752.908083591,119655.504726896,124209.782837104,130886.974262761,127081.388633208,127674.505144347
"CO2","2B_Chemical-industry","process","ktCO2",0,0,0,0,0,0,0,0,0,0,0,0,0,0,0,0,0,0,0,0,0,0,0,0,0,0,0,0,0,0,0,0,0,0,0,0,0,0,0,0,0,0,0,0,0,0,0,0,0,0,0,0,0,0,0,0,0,0,0,0,0,0,0,0,0,0,0,0,0,0,0,0,0,0,0,0,0,0,0,0,0,0,0,0,0,0,0,0,0,0,0,0,0,0,0,0,0,0,0,0,0,0,0,0,0,1.50217067618075,1.65238774379884,2.03008290397673,3.16975566340302,2.9422775708432,7.94792840699432,22.5467658987193,33.4500585005807,32.5141353507079,30.3501133877571,34.9357713915603,51.2039611135517,54.7433958814963,65.086191893534,73.1788027093129,87.1168825825752,92.4290689764653,102.104905966238,154.84890273993,186.451618843027,191.040414871934,232.103141946084,301.681640582799,335.813583923915,418.516476049753,489.655572810513,588.112037576444,651.246762480838,618.581207712269,766.8304355409,863.160342481633,925.421911103571,1065.52481711671,1151.10165510964,1252.33979149295,1516.93002255006,1805.24531204336,1837.6172029349,2039.75671914096,1946.20953827201,2457.50162352351,2613.70196791312,2843.33543528673,3109.01131270689,3297.42632732074,3748.0247613405,4203.40720191235,4309.32403116609,4354.34733334841,4814.77593865794,4409.12990129667,4776.46094984026,5630.26111767482,6184.24571788254,6802.9400618455,6847.77132575866,6942.99913929541,7081.21244865314,7468.70667232521,7462.85284394367,7556.05556327377,7600.15473059912,7552.7878541733,6769.42057953992,7283.04932065075,8181.84898804059,8340.00145975509,9643.65915301029,11140.0708068479,11453.3418638969,12792.1229222952,13586.6875986558,15343.9610473138,15910.3582771282,17777.2032784621,19819.0749427274,20918.8980406417,20419.9550789143,21577.7676762996,23459.2599524211,24627.6016488242,26560.3693734516,27354.4983538551,26977.9681453653,27172.2632530969,27885.6527333864,28147.3789758849,27245.1936077672,27183.9066001693,30564.6895648851,27843.8853556094,32089.3497604863,35305.8449285847,38987.6973776303,40311.3541993187,42295.2554668203,46698.4098392571,49900.5927333341,53825.8571946755,58657.4560959736,66241.1916691839,73154.1999577993,77960.7355521294,83911.5629141134,90509.2006059941,97650.6729123857,104690.065819697,115724.673796861,125695.202883921,135498.586529577,146802.220721497,158651.235329985,160286.683550859,161874.447152823,163446.221999724,165025.121797421,168807.958170065,173133.386731475,175874.466664572,178670.576202766,183665.215662662,193130.744674982,202677.728761422,215943.794177663,220470.360815639,226442.854064225,228883.295418602,244143.846167098,251328.642895171,265374.143337414,274143.179289351,280247.986377902,285885.456177553,298031.727340962,302431.217955178,308834.55571033,306940.831867991,306314.820772946,304655.330403436,317242.815943178,340074.024738573,350245.404435536,358150.634497165,378941.9199143,384693.961451897,388370.671691095,395399.815139417,412369.497962454,431134.49593906,458981.418018736,481958.460334277,506325.52294061,534136.720865372,520672.608873305,516449.612687846,568730.342814199,600182.518375864,608072.320187749,624214.401501524,629932.644564382,639430.389089913,654114.128177537,663151.646608498,668143.607923026,683390.636590582,699208.897535763,718753.295104372,724869.905049586,728640.937996173
"CO2","2B2_Chemicals-Nitric-acid","process","ktCO2",0,0,0,0,0,0,0,0,0,0,0,0,0,0,0,0,0,0,0,0,0,0,0,0,0,0,0,0,0,0,0,0,0,0,0,0,0,0,0,0,0,0,0,0,0,0,0,0,0,0,0,0,0,0,0,0,0,0,0,0,0,0,0,0,0,0,0,0,0,0,0,0,0,0,0,0,0,0,0,0,0,0,0,0,0,0,0,0,0,0,0,0,0,0,0,0,0,0,0,0,0,0,0,0,0,0,0,0,0,0,0,0,0,0,0,0,0,0,0,0,0,0,0,0,0,0,0,0,0,0,0,0,0,0,0,0,0,0,0,0,0,0,0,0,0,0,0,0,0,0,0,0,0,0,0,0,0,0,0,0,0,0,0,0,0,0,0,0,0,0,0,0,0,0,0,0,0,0,0,0,0,0,0,0,0,0,0,0,0,0,0,0,0,0,0,0,0,0,0,0,0,0,0,0,0,0,0,0,0,0,0,0,0,0,0,0,0,0,0,0,0,0,0,0,0,0,0,0,0,0,0,0,0,0,0,0,0,0,0,0,0,0,0,0,0,0,0,0,0,0,0,0,0,0,0,0,0,0,0,0,0,0,0,0,0,0,0,0,0,0,0,0,0,0
"CO2","2B3_Chemicals-Adipic-acid","process","ktCO2",0,0,0,0,0,0,0,0,0,0,0,0,0,0,0,0,0,0,0,0,0,0,0,0,0,0,0,0,0,0,0,0,0,0,0,0,0,0,0,0,0,0,0,0,0,0,0,0,0,0,0,0,0,0,0,0,0,0,0,0,0,0,0,0,0,0,0,0,0,0,0,0,0,0,0,0,0,0,0,0,0,0,0,0,0,0,0,0,0,0,0,0,0,0,0,0,0,0,0,0,0,0,0,0,0,0,0,0,0,0,0,0,0,0,0,0,0,0,0,0,0,0,0,0,0,0,0,0,0,0,0,0,0,0,0,0,0,0,0,0,0,0,0,0,0,0,0,0,0,0,0,0,0,0,0,0,0,0,0,0,0,0,0,0,0,0,0,0,0,0,0,0,0,0,0,0,0,0,0,0,0,0,0,0,0,0,0,0,0,0,0,0,0,0,0,0,0,0,0,0,0,0,0,0,0,0,0,0,0,0,0,0,0,0,0,0,0,0,0,0,0,0,0,0,0,0,0,0,0,0,0,0,0,0,0,0,0,0,0,0,0,0,0,0,0,0,0,0,0,0,0,0,0,0,0,0,0,0,0,0,0,0,0,0,0,0,0,0,0,0,0,0,0,0
"CO2","2C1_Iron-steel-alloy-prod","process","ktCO2",0,0,0,0,0,0,0,0,0,0,0,0,0,0,0,0,0,0,0,0,0,0,0,0,0,0,0,0,0,0,70.8670425116339,68.271733361643,70.1852856906807,72.0979907243054,70.1484763304309,74.634111207618,78.4743723728502,79.7405723380294,97.0380851623741,97.4845857930758,102.430019190525,109.941819719501,101.394620839756,111.473273674117,110.635302764184,115.574566069156,109.60551703523,116.999579536406,125.032830066883,138.19250428832,144.937923395527,152.32009895019,150.731764140207,149.146040820303,156.526623852737,152.383303669936,153.36332518842,153.711563430155,155.979511732376,158.247353935481,174.871589170261,176.124261336904,169.707483111207,167.766057016008,163.908663426996,166.441190841648,168.973338772585,171.505114421955,168.927718549202,240.848180136361,256.740070935414,292.977173040846,310.062387207686,359.098900849208,382.770423482307,418.153641479357,440.855891882718,483.129588419124,503.002062257194,513.554569349735,541.612363129213,558.962002773325,555.536240272795,560.116921330492,627.596458543882,697.194445202885,802.619128773338,852.025649291139,868.126068254109,890.066937735959,939.553105498402,969.480670719635,881.977480383632,935.913530323603,965.57538385402,1012.07506955342,1186.65222591053,1307.78106801422,1232.72165053169,1189.74941317936,1252.14146796686,1345.35285425119,1485.08274218338,1673.68561528944,1833.4021052456,1986.21470894892,2158.05744567382,2214.55645986655,2155.74385061969,2209.77536457655,2335.19236351683,2399.80350454313,2580.40881749953,2824.64901469755,3011.55091050672,3031.63918870613,3166.67577204965,3293.6967511087,3465.2638879207,3787.66241802892,3862.81428954937,3918.48503383646,4373.24874904375,4494.9355916172,4236.48505679725,4462.0989189696,4526.17543850944,4699.46247036049,4862.04676726503,4845.1945307864,5881.69344115968,6201.53935902198,6597.59724643954,6719.67797351078,6509.86787697955,6359.69137369009,6498.4837188782,7278.68478716913,8012.25202333711,8619.78544960741,9451.25248799256,9413.708330815,9433.00749966003,9581.9192211759,10052.6843306881,10212.2874867708,11429.6095311814,12249.9320526511,12862.8480051899,13965.7494074676,14505.1430153005,14811.4756659315,15838.020295064,16855.596082413,16878.0782651488,19681.8916732578,21394.8703169558,21958.3793791636,16307.9819400953,22313.3039926436,24301.1975236275,23362.0657902248,26629.1760232185,28210.3474584049,22122.0616061998,21528.7337353819,25781.1628517878,25569.5480412064,24009.5613072296,19372.8612076696,22618.0597328332,15977.1827969317,22162.9538341219,27068.0520505167,28780.8617391111,33112.9970589251,34894.2034156266,38501.2663456336,40093.4456726985,44094.3965379519,38850.3025325329,31538.2549351996,26580.1090808058,30547.1331126158,36477.5486356662,41690.7435436435,49827.3309730916,55385.1353391538,50613.4936849963,56914.8923958005,57378.0064647808,59088.7241184668,58257.3066827442,58310.1070243036,52911.9734593146,42061.1103745137,42312.6230390202,49027.1318686771,55569.1822755871,58127.1997019873,64687.0686096771,72961.5505480311,77709.6416212711,85692.2235519744,85087.0538517022,101999.37237933,114625.301141543,128316.649009327,130207.661019373,146759.09984854,165948.292187664,170713.410689686,174497.965535969,180414.601199534,195499.34226134,206201.582207693,217782.914018279,231889.869512832,249778.304653983,266015.077612096,272817.192097344,257990.250051734,277285.722891116,293099.368305878,275545.386412976,250607.299773146,251218.044209812,239630.12637234,238728.550447999,248881.282705505,226055.122727479,216797.805284826,170890.673140765,161165.558765212,187517.938428646,181229.102829928,171774.733608367,179138.418845665,189313.469568632,188389.421046827,516929.602674375,467898.488202528,449957.607579443,429824.647957743,422762.059369922,432632.914040346,419726.143152967,433285.976204075,412239.006379424,422149.634826557,446860.695240834,432471.856753282,437660.120159522,461042.786196757,487415.855240498,492239.300679008,532534.937944628,559941.814324626,546007.335783103,476228.084529711,521303.558049352,542537.13325429,552524.494933492,578893.731698036,628766.494278449,574054.164869222,560689.89848019,563953.429506646,584699.220580841,594029.905122277,578042.912116943,609026.671145547,412562.425663395,412562.425663395
"CO2","2C3_Aluminum-production","process","ktCO2",0,0,0,0,0,0,0,0,0,0,0,0,0,0,0,0,0,0,0,0,0,0,0,0,0,0,0,0,0,0,0,0,0,0,0,0,0,0,0,0,0,0,0,0,0,0,0,0,0,0,0,0,0,0,0,0,0,0,0,0,0,0,0,0,0,0,0,0,0,0,0,0,0,0,0,0,0,0,0,0,0,0,0,0,0,0,0,0,0,0,0,0,0,0,0,0,0,0,0,0,0,0,0,0,0,0,0,0,0,0,0,0,0,0,0,0,0,0,0,0,0,0,0,0,0,0,0,0,0,0,0,0,0,0,0,0,0,0,0,0,0,0,0,0,0,0,0,0,0,0,0,0,0,0,0,0,0,0,0,0,0,0,0,0,0,0,0,0,0,0,0,0,0,0,0,0,0,0,0,0,0,0,0,0,0,0,0,0,0,0,0,0,0,0,0,0,0,0,0,0,0,0,0,0,0,0,0,0,0,0,0,0,0,0,0,0,0,0,0,0,0,0,0,0,0,0,0,0,0,0,0,0,0,0,0,0,0,0,0,0,28261.1405614266,27263.6571299867,26591.1530838242,25684.5481265739,25595.9843930989,26327.1252487686,27376.5668833043,27504.2773390621,28480.0275718914,29536.5413882383,29475.6700147633,27559.806721513,27643.4164351655,28495.8479602423,29393.1754679519,28361.6016031672,27478.59697285,29414.7298355556,30312.4950997056,24174.29038375,26005.5481024604,27435.9119639798,26576.8674163714,24772.2232654673,23843.3904145993,24021.3980170193,22901.4805962176,23259.6171059131,23531.5352842296,23935.482940111,23318.8125889526,19446.3002420466,0,0
"CO2","2C4_Non-Ferrous-other-metals","process","ktCO2",0,0,0,0,0,0,0,0,0,0,0,0,0,0,0,0,0,0,0,0,0,0,0,0,0,0,0,0,0,0,0,0,0,0,0,0,0,0,0,0,0,0,0,0,0,0,0,0,0,0,0,0,0,0,0,0,0,0,0,0,0,0,0,0,0,0,0,0,0,0,0,0,0,0,0,0,0,0,0,0,0,0,0,0,0,0,0,0,0,0,0,0,0,0,0,0,0,0,0,0,0,0,0,0,0,0,0,0,0,0,0,0,0,0,0,0,0,0,0,0,0,0,0,0,0,0,0,0,0,0,0,0,0,0,0,0,0,0,0,0,0,0,0,0,0,0,0,0,0,0,0,0,0,0,0,0,0,0,0,0,0,0,0,0,0,0,0,0,0,0,0,0,0,0,0,0,0,0,0,0,0,0,0,0,0,0,0,0,0,0,0,0,0,0,0,0,0,0,0,0,0,0,0,0,0,0,0,0,0,0,0,0,0,0,0,0,0,0,0,0,0,0,0,0,0,0,0,0,0,0,0,0,0,0,0,0,0,0,0,0,0,0,0,0,0,0,0,0,0,0,0,0,0,0,0,0,0,0,0,0,0,0,0,0,0,0,0,0,0,0,0,0,0,0
"CO2","2D_Chemical-products-manufacture-processing","process","ktCO2",0,0,0,0,0,0,0,0,0,0,0,0,0,0,0,0,0,0,0,0,0,0,0,0,0,0,0,0,0,0,0,0,0,0,0,0,0,0,0,0,0,0,0,0,0,0,0,0,0,0,0,0,0,0,0,0,0,0,0,0,0,0,0,0,0,0,0,0,0,0,0,0,0,0,0,0,0,0,0,0,0,0,0,0,0,0,0,0,0,0,0,0,0,0,0,0,0,0,0,0,0,0,0,0,0,0.023010197619354,0.0253112173812893,0.0325972677053337,0.039099305433302,0.0341142748711932,0.116541314522963,0.393660888690968,0.596266280508185,0.552255603812854,0.464489853167654,0.560547833920812,0.855356274999172,0.89979500644344,1.0198288843644,1.1756640813883,1.40812566243701,1.52635990440487,1.66898767362554,2.53976009262243,2.74494569487193,2.59140384951918,2.78048529422923,3.7371537576124,4.14235332746025,5.22262841882002,6.23902035632074,7.01214265950566,7.88520540073045,6.83074612221453,7.46985607065745,7.49204285127344,8.60208364919374,9.11276340887215,9.61573642592432,11.4290060519693,13.7004208993007,15.8987645286318,15.9864794849595,16.9310517354148,16.7169684123001,19.292820511659,21.6449572794042,22.8687210464835,23.4374287216041,23.5849195794638,25.9048909869923,31.0932867518687,32.7740030320579,39.4663749746831,44.7997286927378,48.2656811163887,48.2791169151369,59.2072282363933,64.9027406215938,69.2276356915733,71.7252900515149,75.5178024588114,74.3119976777601,83.3588676057445,84.337888054353,86.4555528738742,92.325180388287,100.627067435566,107.108388166923,113.278378485144,133.360358678959,137.549301062686,155.58525028726,182.719353328058,182.334420139597,199.296902641281,199.003091621297,224.393289437215,229.781602083832,258.14785625537,241.172112746457,231.299493798801,221.224838535027,243.771524845815,253.635334369941,272.632970858626,299.199027822782,335.544923941092,330.38249302859,341.191106703577,352.851003256014,358.171783755571,311.141775004444,354.833533157298,364.261059681288,352.111387164923,361.006686656021,409.96800187637,496.486335662471,497.676056201688,551.97522115203,606.709050783641,647.957720746064,689.604330389638,735.370900320404,830.085131934668,898.110467063443,934.971471236762,987.078094385437,1069.38276147631,1141.98523108967,1221.65128839919,1314.75702928526,1420.4020484087,1540.13337067012,1679.26837759535,1815.93562816539,1931.05329953233,2119.77142860537,2334.08449153197,2686.32965313486,2765.7705272711,2825.14120198904,2779.24669991676,2595.91622798251,2481.21024955252,2786.41122396411,2884.32899125077,3007.20734923248,3022.34134353038,2976.60092799055,3042.50893990948,2992.40640170019,2987.54417495229,2991.29131167312,2934.4082218459,3012.38989375221,3086.30078847837,3159.00212733776,3162.31940612372,3132.50981815864,3088.83273323741,3131.91851624178,3337.3553961203,3544.21068421302,3566.16160099798,3917.03024336635,3729.96659990159,4136.26343972297,4169.0245085014,4318.0396655896,4465.16489666514,4608.81162324411,4634.71226419618,5149.89250556003,5478.80126659533,5690.35813856977,6283.36310717878,6201.60328286573,5994.25797621568,6629.64937371662,6975.02250789529,7360.82928035821,7918.32705469369,7973.24698469161,8028.1525336699,8497.99196343294,8903.17077974439,8616.73199424472,9088.97061758271,10223.8923169207,10423.0429880165,10119.0519375596,10159.4260405793
"CO2","2D_Degreasing-Cleaning","process","ktCO2",0,0,0,0,0,0,0,0,0,0,0,0,0,0,0,0,0,0,0,0,0,0,0,0,0,0,0,0,0,0,0,0,0,0,0,0,0,0,0,0,0,0,0,0,0,0,0,0,0,0,0,0,0,0,0,0,0,0,0,0,0,0,0,0,0,0,0,0,0,0,0,0,0,0,0,0,0,0,0,0,0,0,0,0,0,0,0,0,0,0,0,0,0,0,0,0,0,0,0,0,0,0,0,0,0,0.026343153602594,0.0289774689628534,0.0373438855503051,0.0483754402965135,0.0426433390693213,0.188609561785756,0.650987494806737,0.970299086425304,0.878624379441846,0.750787355622091,0.899796309437087,1.34770899174691,1.39604030307436,1.61830738976036,1.88249842442963,2.25386558834741,2.40333397198311,2.69489444039877,4.14166640259887,4.87345888791267,4.65486368664312,5.21403009025883,6.90040899910604,7.72100256436775,9.56101562328905,11.506694804077,13.2727044434339,14.5894917895382,12.961702026125,14.8076283413291,15.6902847865073,17.1971058919918,18.882702605955,20.0615691695483,22.8192644427457,27.7938980351222,32.6191027009312,32.5265142503204,34.682193599759,34.149584287342,41.161297952293,45.5853968786682,47.9025660103946,50.1341663308566,52.0137206767089,58.2479299576948,65.887367660711,70.858056044827,76.8873753664052,86.6835494935153,85.8083733956072,86.8978938357192,107.836107946702,121.999514983595,132.32427776068,134.851826116067,135.379037272127,132.878634971414,145.459556779253,145.459313019478,148.993519073395,158.578001583738,166.728073034231,165.776708871216,177.948713640186,209.026878540216,214.378242578807,244.184234539353,286.075519973798,285.244262569417,310.727779813115,314.5900817028,357.724342549435,367.595693504927,408.548469863826,403.036842280254,397.315950843475,377.667358757807,409.875122008415,429.660793276399,459.800523113157,501.067125058911,549.936935364192,535.81820822391,553.56704884495,580.647361588339,592.072918818582,551.96098084935,589.322215100601,653.407988661985,613.577837941191,641.625108946158,715.22639522193,824.707372566294,814.857063813745,904.416832293984,992.096201657137,1056.93124631939,1126.54960634996,1199.31451672344,1339.60809435416,1450.53952746112,1515.52928652443,1601.67910299792,1721.36858705747,1839.87428303928,1957.70981304886,2124.69170222979,2287.34820919515,2469.34810604243,2674.23704346344,2873.14139502815,3076.07974260293,3357.19072797134,3653.50503940631,4177.10109077245,4272.09455444124,4163.01004654708,4053.81248932558,3944.45752781952,3834.92090776805,3905.55618597366,3976.03288407363,4046.36584625641,4116.57531351024,4186.67888723313,4098.17334567603,4146.66978487839,3969.013647184,3877.11717684593,3518.18588399311,3554.00264993165,3504.74105635004,3624.40568650514,3720.18792515445,3993.44690888115,4396.62480551567,4321.33542505543,4290.14913448684,4331.97379776809,3511.18894105712,3422.12242957336,3564.9899175582,3077.4024597698,3437.38617738323,3304.05665951483,3372.85575242089,3592.91489890266,4006.738517815,3760.74454893036,4057.40347452909,4153.487678302,4137.79845760277,3556.37025901275,3416.56424474141,3148.16120829333,3523.41843805594,3362.41649273759,3488.45961144838,3459.83022524352,3430.98593185277,3500.88040384577,3588.24516764977,3684.72867437706,3732.98100807733,3704.74324028519,3835.71012674414,3795.19542260334,3826.88199734116
"CO2","2D_Other-product-use","process","ktCO2",0,0,0,0,0,0,0,0,0,0,0,0,0,0,0,0,0,0,0,0,0,0,0,0,0,0,0,0,0,0,0,0,0,0,0,0,0,0,0,0,0,0,0,0,0,0,0,0,0,0,0,0,0,0,0,0,0,0,0,0,0,0,0,0,0,0,0,0,0,0,0,0,0,0,0,0,0,0,0,0,0,0,0,0,0,0,0,0,0,0,0,0,0,0,0,0,0,0,0,0,0,0,0,0,0,0.014374283993842,0.0158117123932261,0.0201472149691607,0.0276323520289304,0.0247342778523801,0.0887687465034945,0.286075548252003,0.428663750740359,0.402915117388588,0.363789526851001,0.454205773476377,0.699691357973271,0.78112169892431,0.941334984590131,1.08954833079715,1.31172157095995,1.44322944823636,1.58406986892521,2.33520709166964,2.66024994177722,2.71340351225737,3.13172728015376,3.98359098139932,4.36251755012094,6.461919467843,7.90097405834127,8.88879563819273,11.7020765911371,9.86758921095542,13.5869492834971,12.9060790416002,15.8846904926807,16.8647879241734,19.1601367158688,23.6318942458068,26.6135183491491,30.3788244758552,33.0769338198029,39.250998351698,32.7069507320492,40.6188226480803,43.3947466213166,50.3914789139206,52.066927268074,53.5201489751086,59.03152980091,74.3689645467619,71.9274224259279,85.9336492970432,98.8623580419652,100.403471433071,106.910310324238,118.927920577538,133.342564406289,153.629170306929,140.181268564059,150.333049970677,151.344976723217,164.941733595285,162.18488916152,170.558094222304,180.459894051018,183.80378158237,182.625729731481,195.892263662182,211.41806049434,221.269443779216,238.426210642204,263.566305674778,268.966320825105,287.89149220809,290.917243034192,322.846319427445,332.144409669824,374.009230640357,380.472047278782,380.688790328858,376.532394919507,401.572815395719,432.411792654504,459.025587805606,491.589719013115,534.766226011439,538.347126956964,573.078322020966,581.898442515209,584.883157336801,487.862298918062,534.824748777777,515.655930412493,459.821227341545,473.646485079074,543.499050201764,658.486465325254,702.015727527391,1025.20102063098,1118.47485946986,1216.5505636001,1302.85364052611,1479.29883302519,1737.07968345873,1915.31982513723,2092.54441701913,2211.37291090788,2464.00135463945,2680.63228910496,2858.74301518481,3082.61441913954,3347.147261535,3631.34014808438,4013.11499523778,4485.27204037419,4657.50695430433,5322.76974240818,5926.90341667017,6794.77504881411,7403.42300998082,7482.30057620709,7648.3049320787,7696.24250946833,7815.46504961189,7899.10908464427,8159.43152439175,8305.14906228842,8510.23772980252,8589.7224459684,8752.0458530554,8853.79825544554,8862.63900285998,9092.12818756653,9213.93260565578,9287.25500736831,9450.92515086984,9573.56865317894,9766.53980414144,9942.80779893867,10205.8067016466,10463.4538475213,10600.9237192139,10905.9389216648,10985.6271027561,11238.7831563981,11771.3731103721,11747.1029741553,12058.7423906029,12247.0403965559,12487.685720868,12866.66105952,13230.0866232122,13472.7055763162,13602.4035402056,13936.9205889331,14252.0418154063,14363.6084629372,14384.3772756081,15018.933538991,15069.0515314536,15393.1400994572,15684.9195747507,16019.0424310748,16246.1393461143,16434.5058263505,16717.8440587926,16782.9241129827,16900.0294036487,17081.485329364,17428.6621070249,17369.2335187844,17511.361246897
"CO2","2D_Paint-application","process","ktCO2",0,0,0,0,0,0,0,0,0,0,0,0,0,0,0,0,0,0,0,0,0,0,0,0,0,0,0,0,0,0,0,0,0,0,0,0,0,0,0,0,0,0,0,0,0,0,0,0,0,0,0,0,0,0,0,0,0,0,0,0,0,0,0,0,0,0,0,0,0,0,0,0,0,0,0,0,0,0,0,0,0,0,0,0,0,0,0,0,0,0,0,0,0,0,0,0,0,0,0,0,0,0,0,0,0,0.0939235060383651,0.103315856642202,0.127722388618719,0.152246153387856,0.137231972015176,0.605868285460589,1.91482065511696,2.82005954613893,2.65811625527393,2.39690759527441,3.08164247937366,4.68809774874646,5.29620011242791,6.54461126884032,7.40061155580711,8.94043667085058,9.75625616073118,10.644550205425,15.780316106505,18.6680158259704,19.598442872879,23.6320733565154,30.0308098196629,33.1824443851233,40.6451694019936,46.8572877503053,56.1753444016139,61.8912274900812,58.9316427519103,71.7822288737396,80.5827074600154,84.7616053501412,97.3338911841997,104.907894145083,113.761305087639,137.158980446569,161.227843816464,163.759817192065,180.689817503541,175.25918539163,219.617309209334,237.520408834958,254.490946686401,273.304080666435,286.825468473218,325.874526128516,363.588504231844,375.174148024501,379.619724915662,418.217971743053,375.889644157261,388.664931154928,468.138575633086,532.273579283133,579.555500928384,578.394175810039,562.458364145785,548.477503489974,579.732643137135,571.460078229903,592.682585846279,643.197448211994,650.017646800143,570.085191187522,624.53045222846,699.490383567935,710.289971378871,813.915165175266,945.249356035537,948.940472084675,1036.45937529347,1060.43417458701,1208.20593344474,1250.17736959119,1388.80262873815,1498.66786519616,1528.09323622893,1440.65157896466,1541.30105801652,1643.2842668159,1762.32286506559,1911.09401425219,2094.27729700663,2093.27195736263,2161.90545843324,2246.01945405282,2274.19469694749,2187.38843429986,2224.64833842778,2606.98951465277,2235.80357627137,2441.3442149067,2770.5137760538,3139.010547732,3185.04449791623,3825.81470099767,4244.1355397839,4580.18544204922,4942.62110398329,5431.33234683458,6192.17643000994,6815.86942890723,7315.55632246978,7807.13836613796,8576.08470952594,9364.10159640884,10088.9716038401,11146.5509943018,12273.380676856,13372.0549903829,14560.6487592984,15788.7748367039,17075.6616656134,18723.8489487069,20486.3844912607,23346.0958549494,24067.4682569143,23899.6372318305,23327.1380663825,22754.9303372308,22182.7286729808,22602.4796161109,23022.1655224738,23442.2119626644,23863.235434094,24285.6769553551,23766.1669203202,24483.3512585063,23388.0202160831,22921.2772833519,20325.1961578369,20503.0762888398,19946.9111165902,19903.1251790887,19518.1103903936,20216.0645160201,19956.698943263,19977.7858834719,19838.4590763075,19771.682341152,20044.8762848343,20504.4943570327,21430.0545144076,21920.600769306,22499.7644713537,23071.4673492073,23602.5114744685,23833.3378505527,24561.8590246954,25340.9271843513,25815.2490514428,26437.3680892865,26799.7861924032,26777.2260014328,26514.5687266319,27368.7255482987,27811.1606379115,28091.8353996846,28466.3407221361,28826.8893158514,29177.9464209105,29655.7854919603,30147.4603972144,30692.9755249224,31039.4953182194,29581.9126018668,30154.1374076237,28768.4445099591,28848.6342626453
"CO2","2H_Pulp-and-paper-food-beverage-wood","process","ktCO2",0,0,0,0,0,0,0,0,0,0,0,0,0,0,0,0,0,0,0,0,0,0,0,0,0,0,0,0,0,0,0,0,0,0,0,0,0,0,0,0,0,0,0,0,0,0,0,0,0,0,0,0,0,0,0,0,0,0,0,0,0,0,0,0,0,0,0,0,0,0,0,0,0,0,0,0,0,0,0,0,0,0,0,0,0,0,0,0,0,0,0,0,0,0,0,0,0,0,0,0,0,0,0,0,0,0,0,0,0,0,0,0,0,0,0,0,0,0,0,0,0,0,0,0,0,0,0,0,0,0,0,0,0,0,0,0,0,0,0,0,0,0,0,0,0,0,0,0,0,0,0,0,0,0,0,0,0,0,0,0,0,0,0,0,0,0,0,0,0,0,0,0,0,0,0,0,0,0,0,0,0,0,0,0,0,0,0,0,0,0,0,0,0,0,0,0,0,0,0,0,0,0,0,0,0,0,0,0,0,0,0,0,0,0,0,0,0,0,0,0,0,0,0,0,0,0,0,0,0,0,0,0,0,0,0,0,0,0,0,0,0,0,0,0,0,0,0,0,0,0,0,0,0,0,0,0,0,0,0,0,0,0,0,0,0,0,0,0,0,0,0,0,0,0
"CO2","3B_Manure-management","process","ktCO2",0,0,0,0,0,0,0,0,0,0,0,0,0,0,0,0,0,0,0,0,0,0,0,0,0,0,0,0,0,0,0,0,0,0,0,0,0,0,0,0,0,0,0,0,0,0,0,0,0,0,0,0,0,0,0,0,0,0,0,0,0,0,0,0,0,0,0,0,0,0,0,0,0,0,0,0,0,0,0,0,0,0,0,0,0,0,0,0,0,0,0,0,0,0,0,0,0,0,0,0,0,0,0,0,0,0,0,0,0,0,0,0,0,0,0,0,0,0,0,0,0,0,0,0,0,0,0,0,0,0,0,0,0,0,0,0,0,0,0,0,0,0,0,0,0,0,0,0,0,0,0,0,0,0,0,0,0,0,0,0,0,0,0,0,0,0,0,0,0,0,0,0,0,0,0,0,0,0,0,0,0,0,0,0,0,0,0,0,0,0,0,0,0,0,0,0,0,0,0,0,0,0,0,0,0,0,0,0,0,0,0,0,0,0,0,0,0,0,0,0,0,0,0,0,0,0,0,0,0,0,0,0,0,0,0,0,0,0,0,0,0,0,0,0,0,0,0,0,0,0,0,0,0,0,0,0,0,0,0,0,0,0,0,0,0,0,0,0,0,0,0,0,0,0
"CO2","3D_Rice-Cultivation","process","ktCO2",0,0,0,0,0,0,0,0,0,0,0,0,0,0,0,0,0,0,0,0,0,0,0,0,0,0,0,0,0,0,0,0,0,0,0,0,0,0,0,0,0,0,0,0,0,0,0,0,0,0,0,0,0,0,0,0,0,0,0,0,0,0,0,0,0,0,0,0,0,0,0,0,0,0,0,0,0,0,0,0,0,0,0,0,0,0,0,0,0,0,0,0,0,0,0,0,0,0,0,0,0,0,0,0,0,0,0,0,0,0,0,0,0,0,0,0,0,0,0,0,0,0,0,0,0,0,0,0,0,0,0,0,0,0,0,0,0,0,0,0,0,0,0,0,0,0,0,0,0,0,0,0,0,0,0,0,0,0,0,0,0,0,0,0,0,0,0,0,0,0,0,0,0,0,0,0,0,0,0,0,0,0,0,0,0,0,0,0,0,0,0,0,0,0,0,0,0,0,0,0,0,0,0,0,0,0,0,0,0,0,0,0,0,0,0,0,0,0,0,0,0,0,0,0,0,0,0,0,0,0,0,0,0,0,0,0,0,0,0,0,0,0,0,0,0,0,0,0,0,0,0,0,0,0,0,0,0,0,0,0,0,0,0,0,0,0,0,0,0,0,0,0,0,0
"CO2","3D_Soil-emissions","process","ktCO2",0,0,0,0,0,0,0,0,0,0,0,0,0,0,0,0,0,0,0,0,0,0,0,0,0,0,0,0,0,0,0,0,0,0,0,0,0,0,0,0,0,0,0,0,0,0,0,0,0,0,0,0,0,0,0,0,0,0,0,0,0,0,0,0,0,0,0,0,0,0,0,0,0,0,0,0,0,0,0,0,0,0,0,0,0,0,0,0,0,0,0,0,0,0,0,0,0,0,0,0,0,0,0,0,0,0,0,0,0,0,0,0,0,0,0,0,0,0,0,0,0,0,0,0,0,0,0,0,0,0,0,0,0,0,0,0,0,0,0,0,0,0,0,0,0,0,0,0,0,0,0,0,0,0,0,0,0,0,0,0,0,0,0,0,0,0,0,0,0,0,0,0,0,0,0,0,0,0,0,0,0,0,0,0,0,0,0,0,0,0,0,0,0,0,0,0,0,0,0,0,0,0,0,0,0,0,0,0,0,0,0,0,0,0,0,0,0,0,0,0,0,0,0,0,0,0,0,0,0,0,0,0,0,0,0,0,0,0,0,0,0,0,0,0,0,0,0,0,0,0,0,0,0,0,0,0,0,0,0,0,0,0,0,0,0,0,0,0,0,0,0,0,0,0
"CO2","3E_Enteric-fermentation","process","ktCO2",0,0,0,0,0,0,0,0,0,0,0,0,0,0,0,0,0,0,0,0,0,0,0,0,0,0,0,0,0,0,0,0,0,0,0,0,0,0,0,0,0,0,0,0,0,0,0,0,0,0,0,0,0,0,0,0,0,0,0,0,0,0,0,0,0,0,0,0,0,0,0,0,0,0,0,0,0,0,0,0,0,0,0,0,0,0,0,0,0,0,0,0,0,0,0,0,0,0,0,0,0,0,0,0,0,0,0,0,0,0,0,0,0,0,0,0,0,0,0,0,0,0,0,0,0,0,0,0,0,0,0,0,0,0,0,0,0,0,0,0,0,0,0,0,0,0,0,0,0,0,0,0,0,0,0,0,0,0,0,0,0,0,0,0,0,0,0,0,0,0,0,0,0,0,0,0,0,0,0,0,0,0,0,0,0,0,0,0,0,0,0,0,0,0,0,0,0,0,0,0,0,0,0,0,0,0,0,0,0,0,0,0,0,0,0,0,0,0,0,0,0,0,0,0,0,0,0,0,0,0,0,0,0,0,0,0,0,0,0,0,0,0,0,0,0,0,0,0,0,0,0,0,0,0,0,0,0,0,0,0,0,0,0,0,0,0,0,0,0,0,0,0,0,0
"CO2","3I_Agriculture-other","process","ktCO2",0,0,0,0,0,0,0,0,0,0,0,0,0,0,0,0,0,0,0,0,0,0,0,0,0,0,0,0,0,0,0,0,0,0,0,0,0,0,0,0,0,0,0,0,0,0,0,0,0,0,0,0,0,0,0,0,0,0,0,0,0,0,0,0,0,0,0,0,0,0,0,0,0,0,0,0,0,0,0,0,0,0,0,0,0,0,0,0,0,0,0,0,0,0,0,0,0,0,0,0,0,0,0,0,0,0,0,0,0,0,0,0,0,0,0,0,0,0,0,0,0,0,0,0,0,0,0,0,0,0,0,0,0,0,0,0,0,0,0,0,0,0,0,0,0,0,0,0,0,0,0,0,0,0,0,0,0,0,0,0,0,0,0,0,0,0,0,0,0,0,0,0,0,0,0,0,0,0,0,0,0,0,0,0,0,0,0,0,0,0,0,0,0,0,0,0,0,0,0,0,0,0,0,0,0,0,0,0,0,0,0,0,0,0,0,0,0,0,0,0,0,0,0,0,0,0,0,0,0,0,0,0,0,0,0,0,0,0,0,0,0,0,0,0,0,0,0,0,0,0,0,0,0,0,0,0,0,0,0,0,0,0,0,0,0,0,0,0,0,0,0,0,0,0
"CO2","5A_Solid-waste-disposal","process","ktCO2",0,0,0,0,0,0,0,0,0,0,0,0,0,0,0,0,0,0,0,0,0,0,0,0,0,0,0,0,0,0,0,0,0,0,0,0,0,0,0,0,0,0,0,0,0,0,0,0,0,0,0,0,0,0,0,0,0,0,0,0,0,0,0,0,0,0,0,0,0,0,0,0,0,0,0,0,0,0,0,0,0,0,0,0,0,0,0,0,0,0,0,0,0,0,0,0,0,0,0,0,0,0,0,0,0,0,0,0,0,0,0,0,0,0,0,0,0,0,0,0,0,0,0,0,0,0,0,0,0,0,0,0,0,0,0,0,0,0,0,0,0,0,0,0,0,0,0,0,0,0,0,0,0,0,0,0,0,0,0,0,0,0,0,0,0,0,0,0,0,0,0,0,0,0,0,0,0,0,0,0,0,0,0,0,0,0,0,0,0,0,0,0,0,0,0,0,0,0,0,0,0,0,0,0,0,0,0,0,0,0,0,0,0,0,0,0,0,0,0,0,0,0,0,0,0,0,0,0,0,0,0,0,0,0,0,0,0,0,0,0,0,0,0,0,0,0,0,0,0,0,0,0,0,0,0,0,0,0,0,0,0,0,0,0,0,0,0,0,0,0,0,0,0,0
"CO2","5C_Waste-combustion","process","ktCO2",0,0,0,0,0,0,0,0,0,0,0,0,0,0,0,0,0,0,0,0,0,0,0,0,0,0,0,0,0,0,0,0,0,0,0,0,0,0,0,0,0,0,0,0,0,0,0,0,0,0,0,0,0,0,0,0,0,0,0,0,0,0,0,0,0,0,0,0,0,0,0,0,0,0,0,0,0,0,0,0,0,0,0,0,0,0,0,0,0,0,0,0,0,0,0,0,0,0,0,0,0,0,0,0,0,0,0,0,0,0,0,0,0,0,0,0,0,0,0,0,0,0,0,0,0,0,0.905332004226491,1.84816587831548,2.82850162226697,3.84633923608096,4.90167871975745,6.00276854219307,7.14410972412339,8.32570226554841,9.54754616646818,10.8096414268826,12.1119880467918,13.4545860261956,14.8374353650942,16.2605360634875,17.7238881213755,19.2324590799951,20.781902340764,22.372217903682,24.0034057687496,25.6754659359665,27.3883984053326,29.1422031768481,30.9368802505128,32.7724296263269,34.6488513042903,36.6585782129519,38.7162876490357,40.8219796125418,42.9756541034702,45.1773111218209,47.4269506675939,49.7245727407895,52.0701773414068,54.4637644694469,56.9053341249092,59.271711364595,61.6792280793033,64.1278842690338,66.6176799337867,69.1486150735624,71.7206896883601,74.33390377818,76.9882573430225,79.6837503828872,82.4203828977744,85.5147989266043,88.6641215625832,91.8683508057118,95.12748665599,98.4415291134168,101.810478177994,105.234333849719,108.713096128594,112.246765014619,115.835340507793,118.757817349016,121.709450609563,124.690240289435,127.70018638863,130.739288907151,133.807547844994,136.904963202164,140.031534978656,143.187263174475,146.372147789616,151.065343766203,155.832519039148,160.673673608451,165.588807474114,170.577920636134,175.641013094512,180.778084849249,185.989135900344,191.274166247798,196.63317589161,201.784657614873,207.398489423227,213.402669857237,219.729602253634,226.316644620756,233.106821037194,240.049252485282,247.099289882794,254.218285271603,261.371805397165,268.527662783265,290.89010108679,313.91415527383,337.603586582985,361.891347367989,386.71438114917,412.30726425754,436.704656801832,460.285613172299,483.479516806067,549.139100711791,611.837038624823,671.928084382751,733.631437096684,798.929578022015,866.953228885861,932.220313162777,1001.66131404652,1075.99360878135,1151.99007648924,1678.85453037686,2255.26234035845,2887.11689566933,3570.334365064,4320.34783177727,5206.82919639576,6148.93249155915,7146.47922739991,8196.45287988891,9320.2809599141,10658.7614403934,12026.0375673434,14038.6398643629,15482.4286375889,16957.3866007519,21333.6378528818,23553.2870491165,26043.2898810955,27957.0803139963,28505.7777135274,29683.2401794191,29694.6750127202,30980.6548622333,32302.7819851179,33869.3746988846,35296.4171278626,36848.9231022168,38507.0391834723,40201.4064978563,41931.9306299441,43573.2188271551,45261.3223435881,46988.1325016404,48756.6012770683,49380.5605098423,49995.2562614228,50596.8996129355,51189.0070814225,51767.9868328189,52334.9416935144,52889.9228927446,53432.3021454194,53962.0165949346
"CO2","5D_Wastewater-handling","process","ktCO2",0,0,0,0,0,0,0,0,0,0,0,0,0,0,0,0,0,0,0,0,0,0,0,0,0,0,0,0,0,0,0,0,0,0,0,0,0,0,0,0,0,0,0,0,0,0,0,0,0,0,0,0,0,0,0,0,0,0,0,0,0,0,0,0,0,0,0,0,0,0,0,0,0,0,0,0,0,0,0,0,0,0,0,0,0,0,0,0,0,0,0,0,0,0,0,0,0,0,0,0,0,0,0,0,0,0,0,0,0,0,0,0,0,0,0,0,0,0,0,0,0,0,0,0,0,0,0,0,0,0,0,0,0,0,0,0,0,0,0,0,0,0,0,0,0,0,0,0,0,0,0,0,0,0,0,0,0,0,0,0,0,0,0,0,0,0,0,0,0,0,0,0,0,0,0,0,0,0,0,0,0,0,0,0,0,0,0,0,0,0,0,0,0,0,0,0,0,0,0,0,0,0,0,0,0,0,0,0,0,0,0,0,0,0,0,0,0,0,0,0,0,0,0,0,0,0,0,0,0,0,0,0,0,0,0,0,0,0,0,0,0,0,0,0,0,0,0,0,0,0,0,0,0,0,0,0,0,0,0,0,0,0,0,0,0,0,0,0,0,0,0,0,0,0
"CO2","5E_Other-waste-handling","process","ktCO2",0,0,0,0,0,0,0,0,0,0,0,0,0,0,0,0,0,0,0,0,0,0,0,0,0,0,0,0,0,0,0,0,0,0,0,0,0,0,0,0,0,0,0,0,0,0,0,0,0,0,0,0,0,0,0,0,0,0,0,0,0,0,0,0,0,0,0,0,0,0,0,0,0,0,0,0,0,0,0,0,0,0,0,0,0,0,0,0,0,0,0,0,0,0,0,0,0,0,0,0,0,0,0,0,0,0,0,0,0,0,0,0,0,0,0,0,0,0,0,0,0,0,0,0,0,0,0,0,0,0,0,0,0,0,0,0,0,0,0,0,0,0,0,0,0,0,0,0,0,0,0,0,0,0,0,0,0,0,0,0,0,0,0,0,0,0,0,0,0,0,0,0,0,0,0,0,0,0,0,0,0,0,0,0,0,0,0,0,0,0,0,0,0,0,0,0,0,0,0,0,0,0,0,0,0,0,0,0,0,0,0,0,0,0,0,0,0,0,0,0,0,0,0,0,0,0,0,0,0,0,0,0,0,0,0,0,0,0,0,0,0,0,0,0,0,0,0,0,0,0,0,0,0,0,0,0,0,0,0,0,0,0,0,0,0,0,0,0,0,0,0,0,0,0
"CO2","6A_Other-in-total","process","ktCO2",0,0,0,0,0,0,0,0,0,0,0,0,0,0,0,0,0,0,0,0,0,0,0,0,0,0,0,0,0,0,0,0,0,0,0,0,0,0,0,0,0,0,0,0,0,0,0,0,0,0,0,0,0,0,0,0,0,0,0,0,0,0,0,0,0,0,0,0,0,0,0,0,0,0,0,0,0,0,0,0,0,0,0,0,0,0,0,0,0,0,0,0,0,0,0,0,0,0,0,0,0,0,0,0,0,0,0,0,0,0,0,0,0,0,0,0,0,0,0,0,0,0,0,0,0,0,0,0,0,0,0,0,0,0,0,0,0,0,0,0,0,0,0,0,0,0,0,0,0,0,0,0,0,0,0,0,0,0,0,0,0,0,0,0,0,0,0,0,0,0,0,0,0,0,0,0,0,0,0,0,0,0,0,0,0,0,0,0,0,0,0,0,0,0,0,0,0,0,0,0,0,0,0,0,0,0,0,0,0,0,0,0,0,0,0,0,0,0,0,0,0,0,0,0,0,0,0,0,0,0,0,0,0,0,0,0,0,0,0,0,0,0,0,0,0,0,0,0,0,0,0,0,0,0,0,0,0,0,0,0,0,0,0,0,0,0,0,0,0,0,0,0,0,0
"CO2","6B_Other-not-in-total","process","ktCO2",0,0,0,0,0,0,0,0,0,0,0,0,0,0,0,0,0,0,0,0,0,0,0,0,0,0,0,0,0,0,0,0,0,0,0,0,0,0,0,0,0,0,0,0,0,0,0,0,0,0,0,0,0,0,0,0,0,0,0,0,0,0,0,0,0,0,0,0,0,0,0,0,0,0,0,0,0,0,0,0,0,0,0,0,0,0,0,0,0,0,0,0,0,0,0,0,0,0,0,0,0,0,0,0,0,0,0,0,0,0,0,0,0,0,0,0,0,0,0,0,0,0,0,0,0,0,0,0,0,0,0,0,0,0,0,0,0,0,0,0,0,0,0,0,0,0,0,0,0,0,0,0,0,0,0,0,0,0,0,0,0,0,0,0,0,0,0,0,0,0,0,0,0,0,0,0,0,0,0,0,0,0,0,0,0,0,0,0,0,0,0,0,0,0,0,0,0,0,0,0,0,0,0,0,0,0,0,0,0,0,0,0,0,0,0,0,0,0,0,0,0,0,0,0,0,0,0,0,0,0,0,0,0,0,0,0,0,0,0,0,0,0,0,0,0,0,0,0,0,0,0,0,0,0,0,0,0,0,0,0,0,0,0,0,0,0,0,0,0,0,0,0,0,0
"CO2","7A_Fossil-fuel-fires","process","ktCO2",0,0,0,0,0,0,0,0,0,0,0,0,0,0,0,0,0,0,0,0,0,0,0,0,0,0,0,0,0,0,0,0,0,0,0,0,0,0,0,0,0,0,0,0,0,0,0,0,0,0,0,0,0,0,0,0,0,0,0,0,0,0,0,0,0,0,0,0,0,0,0,0,0,0,0,0,0,0,0,0,0,0,0,0,0,0,0,0,0,0,0,0,0,0,0,0,0,0,0,0,0,0,0.254469651418978,0.572908230310947,0.964965676800909,1.44876705079043,2.02381153568074,2.69076501185374,3.64746929552751,4.91938697260839,6.40195178254888,7.95098131971327,9.72286200062725,11.8201535418104,14.1419457673305,16.6628951734187,19.4726440051176,22.0032079601994,24.8521728432835,28.0837006887604,31.6033158180521,35.4262837048052,39.9752490525642,45.0688612595335,50.3154820250604,55.8981844726187,61.6894777974053,68.1127358014341,78.13177705622,89.2917553742813,102.056697323947,115.726804677216,131.389905801249,149.293515853126,168.844852603009,188.990256694054,210.751993377362,234.84572020758,263.065765037321,292.087358037257,325.941853656627,363.025378552698,403.750292385771,446.364192519223,490.63073618252,542.892059913103,598.642033480723,658.553403687862,726.008527461283,802.874000282769,898.732976074666,976.25605409016,1060.76291272374,1157.97365120413,1259.25456365022,1367.50844298398,1535.36938204006,1718.779053092,1923.30838356614,2121.57429939145,2319.27939393433,2550.04047928803,2738.44060592463,2943.58555634175,3157.68346212984,3380.91142638267,3617.94169739178,3874.30203919989,4153.80673818021,4440.16445814587,4717.09211951171,4980.24220540759,5244.51665532072,5551.69839636656,5867.66145237047,6177.36021731642,6482.97044351031,6802.83936988411,7124.6372113016,7460.9497367253,7797.15665486727,8116.36866267288,8410.73212560491,8717.39893593013,9065.03642262824,9446.26607332999,9856.54316818472,10267.0187106785,10668.9137323857,11110.5357363439,11629.1257516804,12223.8272044664,12845.3644219851,13394.3662768512,13954.5446114807,14373.6894463147,14723.4036023617,15093.3613285461,15430.7100484265,15872.9899982098,16381.4843242599,16968.1829486893,17642.8209981565,18336.4412196258,19110.4483649209,19991.5672268789,20951.3006501233,22062.517112198,24040.6203993864,26644.8818787229,29452.0743402178,31544.6743723874,33307.6700086438,35080.6378854808,36826.378330682,38714.3951793011,40726.6341751789,41696.1608404021,42716.7254096118,43760.0290286801,44803.6971700254,45843.16,45956.68,46070.2,46183.72,46297.24,46410.76,46524.28,46637.8,46751.32,46864.84,46978.36,47091.88,47489.1999999999,47489.2,47489.2,47489.2,47489.2,47489.2,47489.2,47489.2,74329.2,47489.2,47489.2,47489.2,47489.2,47489.2000000001,47489.2000000001,47489.2,47489.2000000001,47489.2,47489.2,47489.2,47489.2,47489.2,47489.2,47489.2,47489.2,47489.2,47489.1999999999,47489.2,47489.2,47489.1999999999,47489.1999999999,47489.2,47489.1999999999,47489.2000000001,47489.2,47489.2,47489.2,47489.2,47489.1999999998,47489.1999999998,47716.2729179613
"CO2","7BC_Indirect-N2O-non-agricultural-N","process","ktCO2",0,0,0,0,0,0,0,0,0,0,0,0,0,0,0,0,0,0,0,0,0,0,0,0,0,0,0,0,0,0,0,0,0,0,0,0,0,0,0,0,0,0,0,0,0,0,0,0,0,0,0,0,0,0,0,0,0,0,0,0,0,0,0,0,0,0,0,0,0,0,0,0,0,0,0,0,0,0,0,0,0,0,0,0,0,0,0,0,0,0,0,0,0,0,0,0,0,0,0,0,0,0,0,0,0,0,0,0,0,0,0,0,0,0,0,0,0,0,0,0,0,0,0,0,0,0,0,0,0,0,0,0,0,0,0,0,0,0,0,0,0,0,0,0,0,0,0,0,0,0,0,0,0,0,0,0,0,0,0,0,0,0,0,0,0,0,0,0,0,0,0,0,0,0,0,0,0,0,0,0,0,0,0,0,0,0,0,0,0,0,0,0,0,0,0,0,0,0,0,0,0,0,0,0,0,0,0,0,0,0,0,0,0,0,0,0,0,0,0,0,0,0,0,0,0,0,0,0,0,0,0,0,0,0,0,0,0,0,0,0,0,0,0,0,0,0,0,0,0,0,0,0,0,0,0,0,0,0,0,0,0,0,0,0,0,0,0,0,0,0,0,0,0,0
