"em","country","units","X1970","X1971","X1972","X1973","X1974","X1975","X1976","X1977","X1978","X1979","X1980","X1981","X1982","X1983","X1984","X1985","X1986","X1987","X1988","X1989","X1990","X1991","X1992","X1993","X1994","X1995","X1996","X1997","X1998","X1999","X2000","X2001","X2002","X2003","X2004","X2005","X2006","X2007","X2008","X2009","X2010","X2011","X2012","X2013","X2014","X2015","X2016","X2017","X2018","X2019","X2020","X2021","X2022","X2023"
"N2O","abw","ktN2O",0.00476978304037877,0.00486699222595232,0.00509715220993355,0.00515208501571554,0.00508670473575616,0.00541635664484289,0.00605729992407289,0.00593850705799163,0.00606805404791603,0.00616253033196315,0.00666527151495552,0.00691252755060111,0.00712894795884858,0.00675389399907789,0.00822751439991388,0.00862620144436939,0.00775695826851352,0.00849124040535066,0.00915497309105417,0.0106207209955999,0.016511071359084,0.0183408201052284,0.018504341139664,0.0188703114776124,0.0207761074789435,0.0229030819474421,0.0174880124771717,0.0261343387446823,0.0289354961684119,0.0302479182944861,0.0200276458190221,0.0202191865352018,0.0211069738416548,0.0232575074464205,0.0237958034522679,0.0256687429315492,0.0280133238153573,0.0295679263310984,0.029389757008844,0.0316655859138428,0.0311078918253552,0.0211527957394366,0.0290869939346987,0.0309325847339605,0.0294230191228231,0.0298571896005686,0.0299671488679578,0.0295464692003534,0.0298083081195286,0.0327913059288087,0.0286219994727367,0.0302833302875056,0.0314596570521869,0.0318413215402432
"N2O","afg","ktN2O",11.3580705127485,11.257264668507,8.35908113192359,9.38570110167977,10.3081329554921,11.254280908641,11.5887372359513,11.4593761824792,11.2190410379071,10.9293488176038,11.0978748311332,11.038356194335,11.257248593365,10.5831817665002,10.0258297185334,9.27828610846959,7.81888497516544,8.50049461397105,8.99522165547701,8.99040458309347,8.96907911223281,9.23673626914119,9.0888894756187,9.10561616455786,8.51273943960937,8.92893646390704,9.70270421686535,10.6750663856284,11.548066823026,12.6560410279076,11.2236144501552,9.92059502755014,11.1878986982186,11.382074540761,11.6080717970805,11.7222365777673,11.4025810481426,10.9610309772692,12.4714619157217,13.0020281294777,14.6563834412762,15.5037254537169,15.141630368255,15.1583755620638,16.1078125589396,16.319255404182,16.2744256356905,17.2044598123535,16.9020494699313,15.611545723118,15.3449182037546,15.2140659451339,15.21306246399,15.2615438627773
"N2O","ago","ktN2O",5.93961091282107,6.41911637264975,6.66685089029232,6.75612156409384,6.85364616661277,6.85970274845067,6.53034713147076,7.01676936550878,7.24591957375326,7.48073398535372,7.69939313215652,7.72352932758247,7.81175584214437,7.96389143698231,8.10362735318437,8.46534248594986,8.41482133661942,8.30039045983688,8.23332485436052,8.23016227665972,8.05762630174479,8.18970467774906,8.35442842540553,8.21128876011379,8.08716949587963,8.12451157517403,8.75354024537926,9.2428524284676,9.85565118604324,9.97779814410583,10.3256346260617,10.4356116711257,10.6155313902872,10.7475225768567,10.9029661890101,11.4544547204917,11.9569031372938,12.3977028005042,13.0115432524639,13.5537860201182,14.2076126386308,14.6752021119357,15.3096036992045,16.0226589114309,16.8502464766711,17.3687413242094,17.1094164736929,17.0440988148192,16.8928881456949,17.4510278544923,17.5202224153779,18.0995365391862,18.9725857266088,19.065789990663
"N2O","alb","ktN2O",3.16882936493684,3.33587058752724,3.35230999373189,3.45874797420534,3.54599208012984,3.54528730558133,3.87189359300692,4.05724082345459,4.65075043540685,4.73563009875781,4.78615894293096,4.84486265115174,4.81921772769707,4.96873982936629,5.04492466973984,4.90671080532678,4.99313986611409,4.98835113473977,5.1890412647919,5.45646922329983,5.36894528706901,4.19808639958975,3.89663865215245,3.99043569039366,4.70736513293437,4.68289061543633,4.22591948673997,3.95385924299505,4.1040090291352,4.13682912435254,4.31792265233126,4.2149968838524,4.72563351759836,4.77354773783162,4.57767229965454,4.61790440674833,4.49099879026315,4.31125042218699,4.13721868256176,4.08860313620189,4.05526969851453,4.18786504679993,4.15987628178323,4.11422912991056,4.1851655117437,4.32375277518043,4.42193908711594,4.30787444121812,3.97366667474447,4.0605989558288,3.67833038386315,2.91967631307682,3.08555549774907,3.08641042385211
"N2O","are","ktN2O",0.623852308086887,0.749224452018751,0.825782081232251,1.01152583790503,1.04846885575318,1.06332360882591,1.20273018491685,1.28233689030088,1.48411008115467,1.35087889881384,1.6322188011387,1.66436766472697,1.73749321149289,1.78208170998226,2.02054802094181,2.06014710942423,2.05611821480442,2.16125791687673,2.21994186792658,2.52577188149269,2.65528860090152,2.9848109446221,3.08099466446499,3.28304362984326,3.56742543215083,3.83812804428101,4.07534584056164,4.26183837160571,4.39510171871277,4.57228611099534,4.36692636120158,4.74908281619385,5.20169480199543,5.43296847275264,5.51374576237229,5.83705713061654,6.03361435343844,6.46752416737035,7.07750390395677,7.47097390246257,7.89165065705988,7.88279861322731,7.98822854252328,8.57604466601894,8.52127303699053,8.47370708898017,8.63571167998797,8.65370024967126,8.35523916774646,8.4711048551431,8.39390765786859,8.66701176734189,8.97304748836173,9.06112564243847
"N2O","arg","ktN2O",104.489550456356,106.57846451907,110.10895875013,114.334001581658,113.142508282933,114.458306760205,116.919040068609,121.062652616793,115.287812269856,114.390332266737,113.039632071683,110.790321340893,107.745262381326,109.736985981677,111.252881271712,110.127096665307,107.879230611552,105.788104397053,107.144100275257,107.218613826398,107.532101530403,106.79761702664,109.161835876621,107.904243098529,111.524104022041,111.368348571801,113.248468020968,111.490766772099,108.296967863501,110.308095441668,108.946701766708,108.86916366545,113.690940706359,125.135465394995,129.426596183814,127.339569126311,132.940328638305,138.322907771374,131.799641659147,120.047878699537,118.967477701516,119.980219121022,120.679564373998,124.43336820417,124.863599865614,120.349758307227,128.532799051367,133.10851018432,136.752906274472,139.627793714625,140.082130100384,144.905469048065,148.659351530003,148.839056320486
"N2O","arm","ktN2O",1.81632515276808,1.9306936775849,2.02005699045483,2.08913499281574,2.18594964332616,2.28706260410313,2.30039303074393,2.33503480824899,2.40796185873113,2.45908945491182,2.53467589422775,2.55502746583883,2.59944613370886,2.66462937203817,2.71186047194551,2.75214687338789,2.77982214224023,2.83490530786854,2.80462125763249,2.76175211085504,2.9041316073053,2.776294598141,2.57466744473182,2.09716734196618,1.80113048077989,1.77275064592753,1.77809627221005,1.76393939570602,1.69080921616611,1.65460616083486,1.72487271038827,1.71309862003857,2.00116203088592,1.97597165721824,2.11088109316209,2.07802863410676,3.14895577866464,2.71868092662731,2.64120120094171,2.80304957081065,2.5797091541262,2.73777989406848,3.30094132576706,3.52305040282394,3.40374131133909,3.75173821553127,5.47357479503622,4.19049778056648,4.08578769482294,2.68929294860402,2.79628477614746,2.73345678814922,2.55331340296229,2.55651143104466
"N2O","asm","ktN2O",0.00241911023364973,0.00251799819820737,0.00250546213684308,0.00255033670576743,0.00249208074979962,0.00262979028331998,0.00262287214785,0.00267602635273382,0.00270490302614251,0.00263695547697872,0.00281590260561913,0.00294942883561143,0.00303209083389387,0.00310445059968151,0.00332050321261217,0.00337257141111033,0.00361213038318769,0.00377452169854469,0.00398686385641145,0.00423230317173352,0.00579926813169713,0.00950666510392524,0.00981010340626199,0.00997640038797785,0.0103188029246341,0.0104474913967428,0.0106385617653652,0.0109880791675443,0.0111349776976874,0.0108960035950778,0.0106365136985508,0.0122515442800182,0.0119517142054269,0.0122800565825301,0.0121972073954543,0.0119978952525347,0.0122262278328253,0.0119699763267266,0.0117775632912068,0.0117350602138395,0.011554442822394,0.0107313664055651,0.010898980202148,0.0110367541539208,0.0110545088596643,0.0109515961589958,0.0110692522853618,0.00904579483894419,0.00907384679111655,0.00918400269475575,0.00898366301015994,0.00910373299994607,0.00920916718265644,0.00928158518773281
"N2O","atg","ktN2O",0.0295324635847835,0.0305449157390468,0.030522876501385,0.0304943581230004,0.0289446849923787,0.0309115859442181,0.0301843246422117,0.0313737520191338,0.0354708207710122,0.0411825739280794,0.0455336405153499,0.0450125346053966,0.04896160649124,0.045722826432596,0.0475580466091217,0.0511698341029665,0.0518451685552581,0.0524421127143482,0.0531145529057564,0.0498732948465519,0.0523121031972268,0.0528219181299982,0.0533326569972658,0.0539267819884677,0.0562645153298182,0.0580414027017297,0.0585803995784839,0.0611767153828353,0.0631248665520824,0.0647364510228041,0.0565874085717037,0.0576719946427457,0.0594338747245811,0.0613885796499451,0.062386418137207,0.0640792297274711,0.0660831947411543,0.0672249880235332,0.0677785357462925,0.0699177042239145,0.0528083624793945,0.0483633809694053,0.0501149239097245,0.0522337799946946,0.0530418389477317,0.053080408349977,0.0547031317134202,0.0521188134885381,0.0524947684636129,0.051977996889836,0.0476341497064629,0.0482551119928471,0.0485127188811449,0.0488771539466999
"N2O","aus","ktN2O",20.1808303229386,20.6051326324146,22.5565558009487,23.5538182292226,24.9888173536577,25.0938668522425,25.628785784003,25.4410465407749,26.528484432175,27.0464588107308,27.33765246853,27.2422935669974,27.7771404349647,28.092629112663,29.0702485164367,29.6036612876196,29.0120585859525,29.9654995594295,31.0004505897824,32.9883694096196,35.1480184869143,34.9823568467732,36.8304388170312,40.0301584717226,40.8683540319883,43.2123295988116,47.5130873957733,48.3540138073481,51.7864216179013,53.2328977238218,51.1483737658336,53.6911533248116,53.1226202649549,53.0460969671881,55.5170812065305,53.6370376120259,51.5858258975667,51.5693366542368,51.9922094032705,51.752740512535,54.7275800946308,56.0129935921371,55.8122239993675,54.5912935291345,57.4102686405665,54.8366920691074,57.7601087826851,58.8626034786003,58.0660034587374,57.918404474556,66.1664386654595,71.2799184372353,68.4531834246987,68.686397836166
"N2O","aut","ktN2O",17.2017847611354,18.20844838612,18.556944649177,19.4046832511847,19.7232221651679,19.2756940023857,19.74851606132,19.674233940381,20.0204882246415,20.335551044581,19.760050045073,19.2278351896033,18.1957438191794,17.8365536670259,17.9508468114629,16.833974173085,16.1133527387206,15.2855394823337,15.9240475390997,14.6232202166262,14.6879117415173,14.9884477316352,14.3323301609512,14.3120125329834,14.1113474461445,14.2467086812321,14.3998092751447,14.2783670550815,14.3668504408311,14.0635082363033,14.0462205279579,13.3968946008513,13.5996900237087,13.1291160169903,11.1966421670841,11.1320653490046,11.1504674201283,11.0039169343528,11.7574731305354,10.0820271948211,10.0012956080439,10.3456131490579,9.85253886103026,10.0910985814523,9.90423596885059,10.2904457159983,10.0870992073319,10.0070267508254,9.83753049003052,9.55651874108043,9.66822098880661,9.59119500742723,9.25052967472176,9.24065050815227
"N2O","aze","ktN2O",5.71754654903674,6.07570967291283,6.33183547509344,6.53344860156989,6.81791721004277,7.12340335244777,7.15338890230985,7.25170324230917,7.46592377642566,7.61983795804684,7.82813181283204,7.90862954959814,8.04615508512863,8.2044200171823,8.30744597698395,8.38195591858611,8.46018773777221,8.54649160488801,8.44942280033153,8.37900074812721,8.89349672159806,8.66539159989277,8.68166733984319,7.68308394638076,7.03646937179577,6.8722392064594,6.47243525757556,6.70441049843112,6.8014216598386,6.95663434125713,7.06185534422662,7.44897641117253,7.79584671459162,8.08965251133659,8.57470347336435,8.92066525707513,9.21246301006393,9.41959698417548,10.0984633626517,10.0173037749613,10.0874851880697,10.4301205612403,10.7060990933614,10.8626276045963,11.2704983310419,12.3101584804578,12.1825629385375,11.8946888535906,12.8566435915606,11.8356931272034,12.0957892511321,11.0361092366271,10.6505244065226,10.6696663159762
"N2O","bdi","ktN2O",1.84380420014287,1.86471918062322,1.97529793543987,2.04871114414789,2.07197358462826,2.1553868382404,2.17575433037331,2.16907231501481,2.17599233034453,2.24389819704285,1.97134681041557,1.71026404350696,1.73687404275982,1.78908270416969,1.80253182799672,1.75698824428975,1.94618097816951,1.88677913629147,1.9583843447273,1.9596748017965,2.4996309354104,2.50075401007504,2.53903796107162,2.50097531019357,2.37421175931608,2.46713394663826,2.46884899438516,2.49352291290467,2.42244110893804,2.44687275764921,2.51958873024682,2.37366120114047,2.26708941669422,2.30360555969662,2.42957689702818,2.57573683522129,2.73113939876461,2.79892220611495,2.93456003699707,3.12139999151691,3.37717264169597,3.58800884282037,3.67801426099774,4.2993534140786,4.36595448290571,4.33309258112284,4.72000590968741,5.44904999986101,5.59565483163249,5.00755844686892,4.89327088025863,5.43396423033428,5.62039401136936,5.64012516074123
"N2O","bel","ktN2O",32.9923045851148,35.2203868396161,35.7803404184295,36.269546068858,41.5537140885737,34.3496702232957,34.4034516117776,39.197424455122,40.4764021740696,40.8241790673997,41.2870194578529,42.4695986880089,40.0007499620384,42.4178213052072,45.76483612029,44.5945357904716,43.3146647451516,41.5897596289465,38.6566995157581,37.4289206399813,29.1187367866023,28.8946306395933,27.7675737233474,28.4951661679562,30.2681118405969,31.4063974932248,33.0145698952037,31.8588665435258,32.1054786866623,31.42197589833,27.0939638250606,26.149411861656,27.4819421903892,24.7860414912599,25.0725218695231,24.5412889492165,21.4732730988792,19.7167879529443,19.4612143993543,19.833033925516,22.2029775068301,18.0424180625465,18.1636985397628,17.4022740521076,17.0818599844908,16.874181812626,16.1116151140597,15.7406533801838,15.4234097213086,14.9510147495096,14.4465423837939,14.414223689407,10.7641666635801,10.7686583063981
"N2O","ben","ktN2O",2.10029921034625,2.16418262801393,2.28416059937152,2.44760681803798,2.3902756024444,2.5263705213682,2.58710223942575,2.65153844508511,2.75121541393988,2.82242198205787,2.9830713492265,3.06968230727361,3.20130092669196,3.44844829024674,3.59785079010536,3.79599426893348,3.42168783836768,3.4059621757736,3.29052218060177,3.25218248483119,3.52823699845243,3.7370306877071,3.82549212588114,3.9072980626868,4.2618548985798,4.05715266817901,4.56238895389551,4.65213099836274,4.46601200797018,4.90656385016723,4.60980452650197,4.98520917551797,5.31771916821601,5.01209492479008,5.09292376965327,5.20550059940554,5.42545208087283,5.62390255996295,5.55106673295711,5.8591453793438,6.14589519624629,6.14682325540237,6.40397280525042,6.55513037148645,6.95493662133883,6.84101102684765,7.40356788813202,7.28521550587661,8.514739493311,9.24542610753705,8.68583397160937,9.22487677258599,9.91695439717599,9.94011752054285
"N2O","bfa","ktN2O",6.55555634036314,6.7118043450917,6.3823941993667,6.0621620113317,6.31087898452325,6.57126305925806,6.81049336355283,6.99883483889579,7.33788364765394,7.64906700363855,7.8988009364013,8.33159878972914,8.77056590029363,9.10172718124052,9.47385635909668,10.6739751393568,11.0577037949147,11.4106469752769,11.7024567913159,12.0153417429186,12.1926447828289,12.7636689201994,13.0666140939384,13.3986560533667,13.8027143290736,14.2063312638367,14.5583764179128,15.2456875151956,15.4999367239233,15.8028564645644,16.0857012651679,16.5114830643087,17.0426550084844,21.5960175270802,22.1228637817252,22.7692771740829,23.2237976298636,23.6913175302318,24.4767337160679,25.0020290585468,25.8313158389244,26.152961219269,26.9788296765054,27.6812322063606,28.2100274279149,29.0342004554956,29.9837936455904,30.4238748917045,31.1063151172727,31.27615575106,26.1548744175794,31.9494382939296,32.1844910891807,32.2362878763264
"N2O","bgd","ktN2O",23.8000714195213,23.1685576902978,24.3358017935787,24.2375509595018,23.8851479640579,25.6766297363304,27.0192354279079,28.515152540295,31.1760396298525,32.9998371879901,27.8280694530183,27.8352971067022,29.416942463972,30.7859638471145,32.3668677198914,32.9348778025689,34.925989118735,36.4521427992411,38.7126580010073,41.7754193281343,45.2141818395898,47.8310947155511,49.0918290713339,50.6016684621461,53.6869059140703,58.4412506718488,60.7910051215362,59.7086332780813,60.2565205530278,63.9350140356171,64.1887752359158,66.3702901822199,68.3572811235898,66.8196747926312,68.1675181332843,70.3032607030288,73.7546544708984,74.0053221386443,80.5879648712401,79.1768826519707,81.2809334309125,85.2178365873416,83.454468131167,83.6655157018024,86.9386796765158,89.2963376820975,86.6501172031994,89.3880300429476,92.3051977989494,92.8487334712671,94.2797643089056,99.5304122489987,100.660018866688,101.111620235487
"N2O","bgr","ktN2O",26.4074092219778,26.6834235156171,27.9489140277084,27.2177885852939,27.6522330205913,31.1657084077832,29.6186652559523,30.7386639476716,30.2566941569011,30.919064126741,31.9888572342577,32.902380627178,32.9860331508627,33.2808407658664,30.5603916828869,31.4846252789438,30.2960574165127,29.5907491931655,30.8385363240866,28.1515750479313,25.2049795605989,20.7695284565305,15.3778770492595,13.6797930235204,13.8789228028718,13.1166229400087,14.0301975535953,12.4871140850326,10.5782984666385,9.6572110127154,11.0985593358039,11.4674520186918,13.2190612610612,14.2834772778979,13.1277397586394,12.1660694777963,9.87468056158057,11.3464737229096,11.348280793823,11.4367888841967,11.1901653311825,13.2007546760656,10.0954149699133,10.8463284023343,10.9898135920221,11.8053515584801,12.4142524974378,12.0748938766343,11.8702590128296,12.0196700445538,12.1638576181389,11.8273808222204,4.67756755160404,4.48938948108677
"N2O","bhr","ktN2O",0.0918369759842902,0.0956483445436302,0.106402629195201,0.121548028678575,0.133183348651789,0.150372926498049,0.16774222543709,0.18970704335746,0.204506401437324,0.220779944059834,0.230213171920311,0.253472464181623,0.265478637396157,0.286058860236846,0.30595351879916,0.323477862418135,0.36137624067829,0.353579190000915,0.374636414056394,0.392841144682369,0.411100996222657,0.420212224927428,0.464580370718,0.486173311399684,0.517677920209726,0.524398377636596,0.539860194518677,0.552325953284927,0.591758474473703,0.574304073033431,0.61134329926178,0.608404323476794,0.726962229904843,0.758839060381256,0.772569796322012,0.841665168285457,0.910241538315988,0.887805021124561,0.960470623367862,0.970985709087915,1.0340713898674,1.01621059073938,1.02938857137991,1.077498844107,1.11060447655548,1.0941633613025,1.0535266206444,1.07669872871486,1.13275764834238,1.22205920212336,1.21166118400403,1.24467490853539,1.28415369076359,1.31485941525666
"N2O","bhs","ktN2O",0.085115954730257,0.0923537343862156,0.0945385236600662,0.10420962268333,0.09016671894774,0.102125439423808,0.105778000675904,0.117954205222446,0.102681078132951,0.0973571788978934,0.111757967279748,0.104264051648792,0.0972592967918354,0.0845235494264339,0.0858441092060204,0.0806299035156562,0.083699730269132,0.0891217374161146,0.0921798441327295,0.10202933297157,0.116930934176749,0.111824491924682,0.109824499046584,0.109819054429022,0.11326316135673,0.140589855111211,0.166220140447938,0.162869325178205,0.20467318080467,0.169277282594118,0.131416252104483,0.139433001640879,0.134926816866164,0.123245701102952,0.128161946974557,0.127720620844451,0.14224430953067,0.157503857418486,0.157252285626531,0.143937157717392,0.153193540802738,0.129187813944681,0.154488533311169,0.155956691651324,0.159391678768539,0.161335011613111,0.177350520043636,0.191633424284512,0.207809752379619,0.190972175017624,0.170017985963043,0.176980797973558,0.168826204989019,0.17055856517981
"N2O","bih","ktN2O",6.70813655681812,7.0677879933859,7.10198940659822,7.26045336298492,7.62099486046521,7.65103554898729,7.68099990658797,7.69114218695148,7.79422490575044,7.72199635769072,7.66723702897574,7.83865499472937,7.94761586509708,8.00328833369796,8.34662615142714,8.09184766681464,7.95157458469291,7.97804172466817,7.8372050213672,7.55468653645933,7.76529521511246,6.96565454110901,4.11783696114368,3.68009238793226,2.82083060699846,2.67132632610036,2.4273409164795,2.86337461167557,3.39946164964153,3.55686675300231,3.75800681689408,3.53728283732878,3.4972013303152,3.50298258966002,4.09160846955175,4.22398004637115,4.19158960732123,4.07952882154694,4.54887244580891,4.83753461843826,4.7906813769843,5.21852504220085,5.44183270505041,5.15868995265415,5.50761971144812,5.64279446635491,5.16845970408685,5.21268518322121,4.8131839755064,4.19392190884885,4.62181200836434,3.99441956506312,4.0892412033676,4.07314164842712
"N2O","blr","ktN2O",49.5787367140038,53.0373541216589,55.4389098548979,58.5450676581441,61.4138694170537,63.1662812662429,62.427084661353,63.3412032653472,64.0144351681035,63.8271196737321,65.4256533066266,65.0495730405111,65.3099351616563,69.4716210304867,68.9599881343596,70.0719402822546,70.8153130188289,70.80930446022,68.7529200521385,63.3906322968568,65.322674958576,61.8608549880608,50.6244857301457,48.9069867521829,46.1962567383834,46.775991473692,46.9018565345288,46.9099173197604,46.7632665833355,47.0354781744485,46.5913308729467,46.5412447907199,45.395572414188,46.6400358406097,47.2848732392125,48.823769684267,50.8631437680525,50.4350683231248,52.1474342574499,52.4111116650238,52.5455450549823,54.2265763661479,53.6500734481406,53.2268330244991,51.276546770969,50.8949562586894,48.4012219685656,49.7371857000868,49.7939001308316,50.0350666050215,51.269331030896,50.3037656833435,50.8703423206367,50.8667688540095
"N2O","blz","ktN2O",0.182995037346033,0.139968870218641,0.147177384933389,0.150855458838458,0.154510311815414,0.163646366605879,0.15461042204,0.156999720660699,0.1660210819549,0.169694269576892,0.17308382882724,0.165061809874071,0.166613533993954,0.175537805905426,0.181414326250157,0.188043623744956,0.200675224536784,0.19898471617286,0.208212829242845,0.211705561326807,0.234945219704407,0.249194384673606,0.27126007371272,0.25244840336495,0.245073890065164,0.22143311074844,0.221536301007895,0.235656221961128,0.256321365512406,0.279376540644773,0.27625430761832,0.271320765616856,0.486317895131773,0.662112846217513,0.286782430667401,0.314512131435427,0.308258395245379,0.306449304816678,0.298920834575625,0.408955807531139,0.342605724436432,0.443850309728346,0.462915736057651,0.62640170480649,0.684067748845341,0.686872627463597,0.678155310275721,0.623734680958203,0.676839967783568,0.688457282260013,0.685460136485208,0.694920533219254,0.490106017903021,0.491844706169802
"N2O","bmu","ktN2O",0.0148528152823631,0.0148041817197549,0.0166767207493221,0.0166586580556445,0.0159847967538854,0.0184591193613609,0.0175190940772346,0.0182482482121399,0.0180694973688462,0.0179608200150958,0.0184726993322177,0.0171413635783117,0.0174092405166731,0.0177936139301855,0.0188813040276091,0.0187473988137007,0.0206006620513368,0.0252533560643855,0.0275011463837225,0.0313619040513862,0.0289429170840559,0.0287831541516407,0.0279054937042385,0.0294480942779755,0.029032034869146,0.0292201033566608,0.029564063410115,0.0305604813777558,0.0319932486345393,0.0328815020751357,0.0247269921701433,0.0245531949465361,0.0232211042285226,0.0235247920847396,0.0237366203161828,0.0248327831932006,0.0281052164324165,0.0314878917903217,0.0316111858614407,0.0280411137606053,0.0309768153345352,0.0197619144794402,0.0214303093933039,0.0238037219166178,0.0292279689151273,0.0270802549651832,0.0299296327599463,0.0288751747800019,0.0296424924993808,0.0306962287842764,0.0286071883638614,0.0284429051668393,0.02765268259957,0.0277301352762048
"N2O","bol","ktN2O",8.8383807875268,9.25442683072086,9.67708813627104,9.95536783173781,10.8144628669634,11.2542759091253,11.7232804122429,12.2181094277366,13.3035639998407,13.815323770008,13.9263636956027,13.6545509530851,13.5444330982321,14.8658950256585,13.413789957398,14.2949097858375,13.1687679283759,13.9541672323998,14.3433022232965,14.7123538935603,13.2576490098687,13.6201484167969,13.9595759903268,14.3675061323267,14.8804462268106,15.2746396581705,15.6829574429614,16.1791395036358,16.6226230342221,17.1854042146669,18.0749974821855,17.6186709518361,18.0956360044313,18.6093901540242,19.2171557493125,20.0725456231847,20.7460773155038,21.5204805968199,22.1492180758708,22.8088403044306,23.7190434099555,24.4690405444339,24.9971365693646,25.6852435451806,25.1198854456953,25.3964813737448,25.7371445601644,26.1665930862176,26.7207766250008,26.9632197569815,27.6676448324356,28.3782092170982,28.8530597174765,28.9011139842857
"N2O","bra","ktN2O",226.50278816974,234.000931400736,247.419916155358,249.357468780075,287.431112872623,305.02970566534,320.198803592658,320.825110004971,327.943139939618,332.489672924553,350.862750696098,343.735310598081,344.958665838889,339.951708726967,337.85745240553,347.618764549337,369.577246297373,365.661421375583,369.005974548747,338.203003335106,338.972811935881,352.542710695636,356.306834095633,366.575396322375,378.512310707045,385.651937971939,372.979703336524,383.219809110132,402.562324379239,409.467627456243,413.389507261662,422.456446500461,443.362132370136,466.303844391765,498.00200108566,492.86642019458,498.443054662176,492.296592378214,494.247178531491,488.906978787227,513.862636106403,535.088871932446,525.530253514996,539.624734364152,553.716910799101,536.649751989536,541.355837420465,558.23562482577,557.05988535419,566.505211754847,592.635022556993,621.561279729008,640.196881008197,641.111535331426
"N2O","brb","ktN2O",0.183428155432853,0.148609047711167,0.159663274532632,0.159319836623018,0.14366075530288,0.131695808879424,0.145290309387621,0.138435401196308,0.156741785934081,0.149467924853225,0.157269381200796,0.162889316647224,0.161776976833023,0.153211549266067,0.149296351441625,0.141683827174756,0.147248047034257,0.152218684759351,0.153502778934474,0.166182848322481,0.167530372505071,0.208360076547113,0.201705603371356,0.195202510876927,0.197954386083967,0.213354201226209,0.217648438895831,0.220578909258134,0.217660926850957,0.217530143305281,0.194332834829687,0.181979220729574,0.152180200620094,0.153549149285461,0.20279730045404,0.171211289207169,0.171052217896315,0.168985872728257,0.185037769204886,0.166135657704143,0.168948455561848,0.163305951535897,0.171644721259165,0.177658146931702,0.163342184089525,0.162819820467945,0.169940760505754,0.174242201264572,0.174349133595779,0.171960012094507,0.168366224305408,0.169385139946633,0.173654454966269,0.174137772882001
"N2O","brn","ktN2O",0.0858779808131925,0.0861845917184658,0.0846572866347898,0.0879386674523768,0.0838359656345989,0.0805607770459646,0.0838004126076787,0.0851596076031454,0.088059788984087,0.0877285737698892,0.103642326906128,0.101079755991596,0.115724909223016,0.118102274120248,0.114764392729255,0.123676616241868,0.11709734828275,0.129184965226284,0.12450990940039,0.117806734122487,0.169406088862094,0.1775924506952,0.192467159389209,0.198336425611692,0.201407282651221,0.210928449643777,0.220163416491698,0.24948771827597,0.264396141329971,0.299778052545016,0.302194001775792,0.322182918862943,0.313583969297538,0.342207849024125,0.363280334558325,0.342873981716059,0.401259369510497,0.422983859820008,0.425114617752957,0.396992732737123,0.398367155628349,0.38266219412369,0.41838530684465,0.429776183070856,0.407364881739305,0.402259300154219,0.406675645974973,0.396764534714852,0.415133129326357,0.396894195966284,0.452405934991845,0.473507188559709,0.470160393225008,0.474233985436356
"N2O","btn","ktN2O",0.24953567861667,0.254497412198513,0.260219083414221,0.26544059218561,0.273144363613449,0.280912009320477,0.290012945116702,0.297883917925177,0.308006151193729,0.31626763306228,0.32378654151093,0.337213260266638,0.348014797440562,0.36038653014623,0.374246992269215,0.394198292922949,0.400629535004605,0.426349828697087,0.42850464339793,0.431123327908118,0.564421964046839,0.30590674573635,0.29422020428903,0.298721930878252,0.308258970248879,0.33773724771523,0.345862051365166,0.345698129939939,0.347485039813955,0.353926841252838,0.361420426113362,0.353202167326778,0.379277656004875,0.384638707041855,0.390481360054384,0.39052635266302,0.570295750713599,0.572964832131735,0.605574163692318,0.590368733619617,0.582494333319396,0.596705607332812,0.600413648574222,0.642073940878188,0.659593343678209,0.663191099673109,0.674101349447873,0.684031386947091,0.738140425784844,0.736721878613117,0.712861418365095,0.7149012935895,0.692742200291457,0.69692411796393
"N2O","bwa","ktN2O",3.19081357208971,3.30535581616375,3.75453025303133,3.81750982924454,4.14321068347014,4.48951652215898,4.92033530421826,5.28044134494516,4.97604984501198,4.94258613564342,5.07607711842393,5.20629423539953,5.2517322413577,5.07720994579976,4.91696603878616,4.68671515856567,4.59586045495028,4.55645619223797,4.91110988199448,5.20179689851614,5.63862069241693,5.02148224136112,4.62852259582803,4.23413365955395,4.69383015178086,5.75278925742416,5.17127720656473,5.29358979890414,5.37924394163772,5.67244263661556,5.72804947273107,5.54207290866707,4.62818096244635,4.55182473809769,4.62777119326562,4.89173207660134,4.92444192244097,4.8749216332932,5.10549793420608,5.68225727352979,6.16889917070144,5.77280108663017,5.48699992139704,5.94654275119169,6.29885262915535,6.27915297021321,6.08256835291854,5.64596427418866,6.13492925268589,5.39208202181474,4.77157993809461,5.03437217941298,5.15434675783594,5.1814204771585
"N2O","caf","ktN2O",1.58037019693296,1.66126258252685,1.75565011507153,1.84688593485047,1.95259775231242,1.9940630127234,2.10938555455641,2.27651379464821,2.55630094487815,3.20002424000084,3.4668160659934,3.60571272036982,3.81398982393944,4.28349157512846,4.1838574077818,4.3641584918316,4.50505104875223,4.5676421501437,4.71400752577833,4.91970408816433,5.11571239294711,5.52600155549702,5.58135859679275,5.64016624893489,5.74578297086488,5.91044606257317,6.03684899684282,6.21000587469688,6.38471928022962,6.50696280944953,6.69154007295906,6.8797041033649,7.07668383614722,7.28128807862196,7.46862341418649,7.66996364544398,7.89608920105084,8.46292525935246,8.5982839323935,8.85858783648142,9.12915216737546,9.83704801281398,9.92321911667888,9.98310801209796,10.0631352367403,10.2518638078459,10.473032592435,10.3314830409208,10.5418777595036,10.5498970751821,10.694604248218,10.7633762631721,10.9531045146238,10.958574886094
"N2O","can","ktN2O",67.165561461663,69.5910773218909,73.4218330866286,84.8319892854987,89.904070068611,81.7753319938897,86.8014024111662,98.3917627082541,107.402043313097,103.553688840474,100.198521766957,93.4792004771495,93.8618600185774,119.433666258772,116.360146032163,97.5859662104297,86.386918366748,93.3188584773248,96.1476744092744,108.968493736152,132.551788923802,132.675930753383,135.767710711067,135.389486404405,144.234463343814,148.125175031518,153.650990719754,148.972714379944,134.051346855801,125.162861592679,120.774815902174,119.707918603755,122.805775050187,122.55840450064,126.043260397749,128.25120704831,113.081283022281,127.26638705004,124.33680678432,115.4731142758,115.588211156489,123.836929194128,128.976858823237,121.561552883588,121.996332479395,122.658764017766,119.855330853981,120.768444732069,127.950150820852,123.59654399676,131.025093920091,127.337829292229,125.989017200313,126.021368660687
"N2O","che","ktN2O",12.5848023116768,13.0427906053239,13.4503410785904,14.2666309678561,14.4899618958883,14.2413974047162,14.4402967948809,14.6581058960065,14.8428053001945,14.8015364650296,14.6152624716908,14.2229001610645,13.5489144012591,13.4552650165872,13.4133272165244,13.1323164654419,13.3442199913934,12.6856453313744,12.0945798870983,11.7350671174835,10.7367303384457,10.8870682712592,10.8103499839897,10.7164631734599,10.653534068617,10.6599208256404,10.7292191433223,10.8131444612132,10.5261901564457,10.2953301179846,10.3202824557907,10.2455576932145,10.0688900324606,9.64383584466797,9.56568964731706,9.69266032605918,9.52965118054864,9.30969869342344,9.1328847636647,8.68383721874382,8.91921494255968,8.5891435724424,8.30451061291534,8.38273517448877,7.93268702379885,8.1099024727164,7.98001196738918,8.37636289632611,7.9397891988023,8.0893446567472,7.84557779374111,7.46385032297809,6.37101464534293,6.39726026381863
"N2O","chl","ktN2O",12.4768815569558,12.5455798660455,13.140403928026,13.1025778552649,13.3912665178351,13.1393759722,13.1313304326554,13.0022010916249,13.5641051663345,14.0944140009555,14.2475968270876,14.5472494666059,14.5582842578135,14.9105755862309,15.1497179321426,14.8107709172856,15.6747865315467,16.2124861682455,16.807171727988,16.8633126293297,17.5590069945749,17.6926795092588,18.4512194255219,19.4121526828503,20.7609124788267,22.0297687019066,23.4108408785367,24.2937601740927,24.9869607010863,26.4178292713067,25.4416240878852,25.4776857179963,24.9810927809265,25.2947997541052,27.0842409007321,26.3857850812484,26.7563482789535,28.3870041586939,29.7397294727748,27.0177505861466,28.7768402952197,29.2979912242371,30.3584883906416,30.0600028102276,28.2079606876677,29.5581226562523,28.8099203916942,29.0498537988776,29.0027684559451,30.0008264134322,28.9526493437119,29.8353853009833,28.0542915865251,27.877214218401
"N2O","chn","ktN2O",433.274266487996,448.379618266415,473.339314706136,495.062985460771,493.78023057882,525.641122058284,525.425172670977,587.003529833947,647.197743896676,684.398792240971,737.031874508179,712.625877775055,730.674567819412,770.269974337504,811.821798541408,793.872118859634,803.961678590557,899.812881646876,944.262509964416,974.012466143099,1001.85884363183,1026.90167479493,1046.58640719861,1032.00989431456,1080.34598830794,1243.65462180219,1309.03100198237,1219.03834977481,1250.42777990329,1297.91257104773,1274.74515536744,1276.55996759035,1342.22099970364,1386.23041302876,1456.43667643523,1512.66731120777,1562.47664426006,1611.25313437039,1658.76010372228,1702.3802125523,1754.54213786315,1797.0487868051,1839.51412850013,1875.98023499052,1918.25395646562,1952.04951240892,1970.23484239578,1964.95381171228,1963.24694571382,1933.17810786805,1939.37531370851,1982.57845791408,1987.66245617522,2025.18466372034
"N2O","civ","ktN2O",2.21628056691617,2.29517508475221,2.44106717295556,2.49535892560409,2.56779490367181,2.7421817490813,2.94603963665812,3.21647037869379,3.32699182431074,3.47347503717243,3.64814520465727,3.56508889407522,3.70668316694088,3.697940954715,3.83090116573937,3.8186967017942,3.98253937411814,4.01720792552994,4.28451819881488,4.43646969926783,4.96552778205614,5.15197165745025,5.31764486192239,5.68063275063473,5.88519225520071,6.09822342616786,6.19995500770572,6.74060995597301,6.56103472881419,6.53027167346634,6.51342527702995,6.40064839592793,6.53042977100452,6.35518278293867,7.19783689944954,6.8490915659458,6.83393144341107,7.33465191344647,7.3891835860404,7.49354331991364,7.79265050031463,8.0415917134779,8.53203608241606,8.72528025697535,9.11037124810053,8.95362969194707,9.54646978152978,9.50448930450626,9.71224410355157,10.8242929406517,10.7011009435299,11.4638203351095,11.4974584569169,11.5449343857323
"N2O","cmr","ktN2O",6.40262079248652,6.67162684637436,6.46119293863866,6.39390934168902,6.60198926881789,6.89684660912785,7.33833332953743,8.13292072134564,8.4859178892289,8.7435065046803,9.72504870553632,9.74027425094517,9.15427228672676,9.1542485030935,9.56876103405126,10.8822321185015,11.3929403078746,11.5302322359453,11.8873855817163,12.2685902131595,12.7248533491901,12.5216403610636,12.5901636490175,12.6251185693884,12.8396897934848,12.8502879318775,12.9841217000761,13.297727655619,13.6952011589878,14.7811518429223,15.7058260078674,15.9016578522291,15.6532702512241,16.0609525806124,16.5462889151846,16.6213936819859,16.6656289959642,16.5118264985249,15.2088748535445,15.4461650443894,16.015888566667,16.825883003767,16.9440199066764,17.7628840601682,18.3630968929528,19.0042684876851,18.637567920389,18.8271557504276,18.7919598228283,19.0812947942373,18.8896415573712,19.4307896160716,19.6596125640587,19.7035995601871
"N2O","cod","ktN2O",5.1592194644052,5.26777549093302,5.39519490198766,5.57240715484104,5.72987500263995,5.89686859394103,6.04703234443915,6.07787274250488,6.15174996020846,6.27299423059951,6.34574151405092,6.47559765486318,6.59114208875642,6.75681404724789,6.89996947196227,7.11888869935781,7.36109245863937,7.70703518932768,8.02018458453688,8.40974306472895,8.85209451667897,8.65633562409561,8.86425917794659,8.84941297813945,8.93649901341411,8.81300188198843,8.86776310263417,9.03553751079433,8.93784022894855,8.76352894055889,8.80426032754675,8.9950091847415,9.02374089583896,9.24819955607707,9.44453620690703,9.66345339826613,9.90609847542933,10.1424084818645,10.3999521743276,10.5783449974085,10.7166376409325,11.032128346506,11.2789537077793,12.0542007832462,12.9324746101561,13.217632304327,13.3122558949852,13.4255127565027,13.0944524672832,13.5245633975375,14.1648390248512,14.7863081523767,15.099191821276,15.2571672520022
"N2O","cog","ktN2O",0.353413295588706,0.394854343873533,0.386424865312848,0.456473272342639,0.516690264516702,0.462433178821165,0.482418570564209,0.408567524010908,0.420793264466613,0.411680880287966,0.420879647895551,0.435999186755277,0.481948603346465,0.509387034794958,0.515746092903393,0.548233424904548,0.528777477472351,0.544815852128986,0.559675178871973,0.544946204027099,0.925215986031027,0.953413362309948,0.951239862562707,0.956000517522667,0.94013754224943,0.96430428237289,0.993322550030689,0.992664941662495,1.00916252005662,1.03834474576829,1.02281798217641,1.042736358176,0.986583663097045,1.03306527880827,1.14398934623959,1.23980155127323,1.41180423975612,1.43885787331349,1.53688432923487,1.5751200876531,1.63253959514928,1.78376265001369,1.83933161592483,1.89277189822365,1.92197645155051,1.94091123503001,1.93412433929218,1.93090278806111,1.96567635022754,2.00053584994738,2.0525700150785,2.04898252670749,2.10223223035089,2.11446354533265
"N2O","cok","ktN2O",0.00880587218632672,0.00900775511120369,0.00786403980265711,0.00833645852834913,0.00931738387267823,0.00993290444163184,0.0159196615611631,0.0165957082787655,0.0165632380303617,0.0155799614938525,0.0152463768286355,0.0181997797304304,0.0168473688814796,0.0160138615293726,0.0132939077145969,0.0123068420977465,0.0114440172365899,0.0116178850016687,0.0119643716325592,0.0117282496604894,0.0127431291472785,0.0121563625342516,0.0137699066665333,0.0155295286599785,0.0167932702343621,0.0170027073522402,0.0178313615687621,0.0186147360288124,0.0199029919536223,0.0176326237809739,0.01657029854348,0.0156763417734234,0.0137446392084681,0.0132673122587774,0.0149039145246345,0.0172278699671456,0.0176754778148352,0.0166743237955169,0.0174579859234997,0.0161760553556469,0.0170296463304561,0.0173257173640474,0.0181368243923711,0.0179082422292144,0.0182425193228556,0.0184200368560387,0.0181056740309001,0.0179124834794522,0.018290730836218,0.018054755325119,0.0173112442368089,0.0173954664526015,0.0169743431552519,0.017239092138052
"N2O","col","ktN2O",41.3315262063273,43.3640419562527,45.0425478183139,46.2884706241115,46.660286910266,47.9061736762356,49.8590084385025,51.253532986017,51.1454417122349,51.4404710096256,51.5042022785898,52.0000542963781,53.8115574775005,52.5010945995367,52.4046910517835,52.7241847132583,54.2510501042722,55.6122557754266,56.8640786535471,57.5100410011146,58.7279913955422,58.8348666114457,58.7738283430054,60.0732701662005,61.2455610374091,61.7522174674892,62.74455337712,62.6230539813343,63.5624059614539,61.6292483281458,62.157379756778,62.1609718116598,63.6610832670064,64.4265532909752,64.5551133052272,64.9245086959737,66.0895591103236,68.2490823823383,68.7114545737662,69.4265921940084,72.1514722440254,70.2178535299614,66.9826697575481,64.5870589498125,66.2112230933741,65.5726143675865,65.7920163041782,70.2948730196692,72.7210011794698,75.7939545458311,78.0208069549852,82.2507489091044,81.142783481326,81.3764982014929
"N2O","com","ktN2O",0.154513268361579,0.157763362000439,0.161129927751839,0.165795376557197,0.17087766186347,0.174582615986806,0.18006002300353,0.183386846462283,0.18816821581308,0.184251639713405,0.183948122004076,0.182882764291356,0.180830857849948,0.176685095119394,0.174686369704174,0.169369481182778,0.167775003255604,0.165860621233459,0.171347649177656,0.176947133077821,0.182452747770579,0.185519915428158,0.186512981063869,0.19012868863579,0.193811016948074,0.198649451248295,0.203188143357114,0.205904627887393,0.216456008893254,0.230746389752444,0.22089878353408,0.226326610930733,0.231898992613084,0.221395012536813,0.226906789930485,0.232055722420704,0.240396385603174,0.240336810744311,0.242557124266232,0.246566606100777,0.250727610357233,0.252039825952979,0.252562928109601,0.2552301236167,0.253863500233882,0.255596751773645,0.260302466679594,0.263766631997517,0.266011705804019,0.271937863905721,0.276003972328311,0.27443043820051,0.275273262251229,0.276608321224435
"N2O","cpv","ktN2O",0.0841544857661274,0.0828551556220595,0.0888541234230586,0.0884282993579217,0.0799550744047674,0.0798873952307951,0.0834495459976915,0.0887694437748568,0.0978884365785743,0.10126646607123,0.11067786277948,0.116801083725134,0.132210208113809,0.110198607832561,0.113388928510076,0.127486028708132,0.137773734634565,0.151840145251564,0.170395361920902,0.179062872307671,0.194522752266246,0.218786193298754,0.286661086145763,0.286594620590649,0.234450382236827,0.308441345058871,0.211828943740428,0.247943435597103,0.28512435307367,0.299642715207541,0.298578998655695,0.279794148237353,0.276005100101488,0.260997279593191,0.273640855892463,0.281037893968734,0.272472872912748,0.268111580556116,0.26227725364729,0.278493999807413,0.286908395765305,0.291771013000554,0.288588137956771,0.291734857051569,0.297403304088511,0.303344172491319,0.313040384755158,0.279848249695929,0.274713409563532,0.290238758835007,0.306259558246775,0.315232525724337,0.319145221767033,0.319313120421138
"N2O","cri","ktN2O",3.76492060876242,3.68385351306236,3.82895339837304,4.16420164369067,4.1362484805511,4.1732988225981,4.21617838026686,4.62307463103224,4.78020492917579,4.90853898119546,5.08014156004724,5.32080152526491,5.38435417412315,5.66962902263958,5.72166604190547,5.52213500813365,5.5673963227342,5.74187562478939,5.85040836776874,6.02184001342497,6.06056210518589,6.24115874373204,6.5337916129812,6.563283868785,6.50598966012603,6.04666236212388,6.5961564342652,7.12149050524228,7.07598013882547,6.36273525543918,5.39031390271867,4.84877903630503,4.8149769002731,5.23631639601168,4.89371954746317,5.14035798668571,5.25594788274653,5.60014485392684,5.85462219915057,5.1227739072404,5.54488171285266,6.27670859034249,6.09858716006108,6.21223922718224,5.94270311466757,6.15131735106883,6.53726538068866,6.49393083208386,6.75240566543976,6.83966815160588,6.46506714725155,6.56606136559485,6.43423011861706,6.45187678354234
"N2O","cub","ktN2O",19.5977221001011,18.2419295869387,17.4272678640014,18.1161764685856,18.6100165953803,19.123665883279,20.0512697116534,20.3494458289984,22.0746073222677,24.6472851459313,23.6093211800307,24.7817636892404,22.136884654096,21.1286951458282,23.9208825662746,23.6047316960898,24.0855013298522,23.2095029597501,23.1983147031062,24.6409686797325,23.9374845762549,21.8255629038608,20.2071883639357,17.5916118720771,16.88011311502,16.5736650272878,16.7688102693094,17.2232729283305,16.6728401559347,15.9816050060513,15.6552601259151,16.0102378246204,14.6776556120127,13.866824199389,14.161531160402,13.3764232690326,14.7596379540965,14.7731110204448,14.7345580147523,13.0996829057517,13.8193139522392,13.8625838140815,13.9534104413213,14.2687991419427,14.6447578811411,14.3384254406475,14.041185109233,14.0078397158866,13.8822094930716,13.8720170447645,12.7097532423109,12.4018178685782,11.7649717530608,11.7798951604961
"N2O","cuw","ktN2O",0.0786495361826907,0.0771209843918987,0.0762381689000826,0.0848422434760804,0.0825710107097565,0.0762080522077995,0.0816544725749558,0.0812717304609296,0.10045334898332,0.0940007389788429,0.0873077897896936,0.0844051592364721,0.0626502493381424,0.0531338882142823,0.0612825660439534,0.0600770091805159,0.0584921272252961,0.0575295767795817,0.0551491445878737,0.0484705094517924,0.0480301531732816,0.0510338115664836,0.0530963877352796,0.0323301643748938,0.0415798949001519,0.0442007037507509,0.0484540044895463,0.048913344221629,0.0493620626139234,0.0476526199917806,0.0486019565493816,0.0459279907269096,0.0441705310456107,0.0425659469085902,0.040538909220198,0.0384816080139039,0.039835756569819,0.0382541461117896,0.0382808336688806,0.0380370189962346,0.0371380825984984,0.0365351112248466,0.0319645025940609,0.0279203576544106,0.0260132691445945,0.0237123581019546,0.0230896813437129,0.0223099819922784,0.021464119165628,0.0211537515356312,0.0186670297958194,0.0195306035465207,0.0198426956838528,0.0206325094453142
"N2O","cym","ktN2O",0.00139723325961466,0.00150472692136994,0.00199321667366338,0.00204993192370795,0.00195893182327371,0.00263355651851398,0.00248120833798886,0.00285102022197206,0.00296929744222441,0.00296517255987102,0.00338972350483578,0.00347240832680621,0.00358789871279018,0.00370601991330439,0.00445211578580211,0.0045737320485334,0.00504369290423603,0.00560497987652284,0.00626796954074492,0.00657525207633956,0.00821228446117632,0.0112309765904035,0.0114785342272679,0.0108610410682544,0.0130438551940832,0.0136490581243179,0.0140169722041035,0.0145673865423317,0.015947461556284,0.0164830426385719,0.0136931844832095,0.0150946119008383,0.0160336005829042,0.0167559668997135,0.0161494887208885,0.016784629046727,0.0178849768719442,0.0217206630952901,0.0231789851779109,0.0229159443922314,0.024042077256612,0.0202420112020231,0.0196607308636221,0.0213180592492425,0.0224722335478585,0.0232924204697365,0.0234774937440527,0.0242982009496834,0.0241683665242507,0.0290761445767537,0.0257431388825096,0.0272438199208267,0.0275330662242238,0.0279028047081138
"N2O","cyp","ktN2O",0.737634013177533,0.7408077622086,0.809189176848194,0.891804003317557,0.590658002212808,0.459640893926253,0.51326761590107,0.481970683278634,0.54957679596544,0.578165070872039,0.556827523617094,0.589811171614869,0.66018873375335,0.660880316916372,0.689426210164167,0.696873674116019,0.715450687461562,0.7706869692444,0.794583479733407,0.829392958455294,0.837890848966793,0.854242886962553,0.969696299821361,0.964589354378431,0.971742698003137,0.957831843006103,1.00078805070839,0.955271732748471,0.970936937425247,0.96697823596584,0.912016133563804,0.943451838552692,0.98065838420016,0.997004298427896,0.950331212003797,0.892713343538569,0.878642027986466,0.888598191279909,0.848562524032485,0.889687246265108,0.926075755013691,0.886805184831398,0.869022455027688,0.769453732917124,0.740889126323529,0.780150042247653,0.79550359325418,0.815247489032434,0.822790995537404,0.840908541118572,0.845281183464777,0.827323276603115,0.79514256753958,0.79716056092904
"N2O","cze","ktN2O",27.4495752337268,28.6902133039909,29.6340784072456,30.2973432825326,31.3555981829653,31.7129385901729,32.6901880909703,33.575909922339,33.9820762884748,34.5813391096766,34.3828069787611,33.4292269431824,32.7382696710938,32.7292912751263,33.460992688233,32.4985826572646,31.3004945720924,30.222817123633,30.6916266885246,30.4569120758971,28.0422184154965,21.3740554083501,21.2795395946823,19.171446306171,19.7271630080082,19.5665471264497,20.3127321522609,19.2630747019174,18.8974439652159,17.8386791816788,19.4721540982622,20.2974296346204,17.2079701509685,17.818930452606,17.6557012651551,17.7329204359464,17.4202185776744,17.1731816989265,16.4941362815495,16.3091070774998,16.2106740872943,16.7353803230053,18.3875420178887,18.1455457638694,18.1956120906899,19.6425784218883,20.0916965596996,19.3016000402116,18.8793362887541,18.3633960164161,17.1800694546021,18.0676702436036,18.3091534837855,18.0476993276747
"N2O","deu","ktN2O",209.855039503505,211.386921450678,214.289140471717,222.352590429651,222.173867326337,218.233065164451,221.353228119612,216.566462825508,223.116509222879,227.863838650395,222.734681525038,217.570168412219,209.132519584996,214.69250909093,221.309198026346,211.421550944879,205.832278703232,209.92250875547,209.33486642581,214.495771049735,212.913018094425,209.612754027787,213.658396460897,204.240065543512,215.973578671024,208.996213456911,213.028149403962,204.254928386212,162.334494763629,149.132473402499,142.95103947681,146.77115164773,146.242494069484,145.935083160569,147.319194114617,140.573745865848,135.617054993092,147.67729790478,137.589189600063,137.46827355008,114.769389940667,109.68630053957,108.788468384611,109.248185571036,110.336297257301,107.74290576426,105.686907070979,101.613140115526,97.0475181745737,95.30815268873,91.1404280310003,87.3084369959142,84.7424812184745,83.5990699114374
"N2O","dji","ktN2O",0.31964440546025,0.329664311949418,0.337256120130636,0.34158455393912,0.356889331068897,0.379777227894603,0.408454237391097,0.441213779559634,0.460178760586657,0.477893878869008,0.506204908252865,0.48299161653825,0.482257060302849,0.52524761103509,0.548779202417509,0.581344814993428,0.601525649760992,0.637737272650982,0.676716309213864,0.729033511594758,0.771385867076693,0.790612034984978,0.785857385841263,0.800088687507254,0.826018762345182,0.880721284387403,0.914281919122266,0.919208605430612,0.934620239711292,0.971480611502532,0.943603874507833,0.944890710118595,0.948710213863925,0.95358060396204,0.960639779490262,0.963537964328925,0.956282717882127,0.960092192396083,0.968081883449707,0.96800616174461,0.974932754290708,0.963932424968099,0.983478422486583,0.987166402254904,0.986731396439155,0.987690438857811,0.993810349507354,0.995374956783892,1.00291861996898,0.999406286631732,1.00453875273194,1.00770218505198,1.00860399513217,1.00901640048684
"N2O","dma","ktN2O",0.0195161782255435,0.0204087391387098,0.0209753701980151,0.0217641049251011,0.0225417422034521,0.0233765215426271,0.0574283069480511,0.0630606049089126,0.0556724338352709,0.0379186855904812,0.0473321783400136,0.0496984068955514,0.055748422803143,0.0453355572989053,0.04691598843929,0.0507136414212275,0.0548245859703123,0.0592964594327766,0.0598432240900911,0.0823978103510052,0.0866181611772722,0.0907684069443119,0.0826505334979049,0.0830424750636408,0.0799418894231069,0.0651721255494578,0.0622868588181723,0.064021622466392,0.0642424643437874,0.0644781320720504,0.0634366458189736,0.0634887631351452,0.0458220777853212,0.0479369503328705,0.0503212041309235,0.0515221579903565,0.0463822150398593,0.0571728136341682,0.0482048834607054,0.0467620415175892,0.0472571561343786,0.0485662145813187,0.047884676731583,0.0512623662185519,0.0467004575756476,0.0523514250177389,0.047796356072945,0.0478582414783293,0.0469385961579727,0.0512455773271889,0.0482470450181188,0.0476063166914117,0.046889682343853,0.0469715903237521
"N2O","dnk","ktN2O",23.4637989191317,25.1998614363166,23.3222307711837,24.8758033982633,28.0246516957569,26.2380597087,21.1838761457374,26.6460790798368,25.9887162646586,24.5377591492929,28.3766911978852,22.2700359813027,24.9273478216194,30.355756008117,21.7398034347844,21.6915414759897,23.4318851495061,22.3637869460958,21.2067210035845,23.1267419119438,22.8999444338684,22.5582259597188,21.5273094171603,21.3737366778545,21.1630603368521,20.8801679866538,20.8552290094136,20.7176576711939,20.2736380412317,20.1148832331252,19.9570469806203,19.2475928459931,18.701867757865,19.0886611564301,17.2413602356263,15.1490569690074,15.1863212263928,15.1988282555305,15.2270941673712,14.2688808963656,14.2097707393071,14.0412930610816,13.8558489986639,13.5614194375593,13.952505832276,14.3995380066329,14.7128708321457,14.6300646622996,14.4474179616238,14.2243908481447,14.4872534138033,13.7724278045723,13.1524640088082,13.1425073444177
"N2O","dom","ktN2O",3.94228476935637,4.50150492781225,5.03599235184621,5.17286036240693,5.83701685998386,5.65600639311738,5.82988869659987,5.78994940739077,5.66206937758888,5.95583767295979,5.73535989199554,5.44562521581091,5.75369091616129,6.19089731108389,6.38446340337895,6.11257271389581,6.15951157872493,6.40396090915856,6.21615012673533,6.75719029834594,6.77558049731906,7.22917836866773,7.13865452254097,7.1983968662809,7.45985595023324,7.53357347793778,7.95779048865524,8.28021487321932,8.31945352270947,7.71868300906412,7.38352126751874,7.78959248767616,8.83466503579324,8.36518642559062,9.06770026860021,9.10255558854625,9.68641742150853,10.2819835833737,10.0794735474383,10.2820021813162,10.6765444315605,10.5385570373293,10.3325711098383,10.3589179996342,10.4889443165929,10.9895613580968,11.2897973543895,11.514563635095,12.9291801239192,12.8883342463625,13.0400361000075,13.154471047747,13.3428792457244,13.3817061164264
"N2O","dza","ktN2O",8.46787663339763,10.2181755715742,10.8518694370558,9.72260597790361,8.88273690921539,10.4637980431576,10.9603445068373,11.9583585879659,10.6732306620405,12.0930693756625,13.635060187474,12.3389326405655,14.5222248055147,15.0235690286392,15.5729374098057,16.3340683558075,16.6787424553391,16.3365642796927,15.8424601372902,15.8475718719436,17.8143641982842,16.6206771976687,16.7828477018252,17.1145334666504,16.0767249395454,15.0510213570632,14.6018694682355,15.1953355320464,16.2835729690761,17.1718043154301,17.5703949750667,18.263034432821,17.7362309859512,18.060818008968,20.5383785800839,18.722461158143,18.5584285142491,21.951236069173,21.7848266920957,22.9464090142121,24.328222176021,24.9213064298785,26.2821377312489,27.9849820659149,31.026901317264,32.8989397010261,32.8107251866799,32.8400132502716,33.1605526707257,33.7707039884241,34.0140350126598,34.5854387563937,35.2369689946814,35.4659741238513
"N2O","ecu","ktN2O",7.25185146379855,6.98725237311545,7.36610849816876,7.73464596991137,7.83440112133189,7.92410548770121,8.87264723521719,9.46744298868309,9.42949429831844,9.90216764344268,10.3610100290347,10.4861147767801,10.748910080463,11.0453276591313,11.6852903907449,11.2741188023256,10.8148090878688,10.885606634598,11.5453358834806,12.2230550945907,12.6321433172976,13.2195513772591,13.6089608649269,13.9744217261074,14.383105386194,14.7682086320945,15.8805583970539,17.1526067675119,16.7110141450695,15.3857286564515,14.0372987631795,18.221377562248,16.4163947532523,16.0954781340477,16.6594570218518,15.9928754893406,16.3055560208517,15.2790780336,16.5679476314696,17.3522632985437,18.3125344507222,18.5593837176716,18.0734184686345,18.0441306734404,17.9146530857219,16.1445988614254,16.9420454916808,17.0521718149952,17.4546914978249,17.706967994403,17.3877192572549,17.3434455859643,16.0910994717492,16.1545567356541
"N2O","egy","ktN2O",29.5206982233406,30.6542419426532,32.1687515195886,33.2419862429518,34.326056366669,35.0813968156018,35.7595978202152,36.8550660323952,37.8222902397968,38.1686558346516,39.1493097491934,39.9421472696635,40.3799850938286,39.7971028246728,40.0667773924311,40.7265726769075,43.5593515001967,44.2399184484692,45.1282321498645,43.8819403885642,45.985602065351,48.7489212231711,49.300772845301,52.6864723440821,50.5808987683703,56.9078769617449,59.362214213885,59.4375188133899,62.5916090203445,63.8031986472401,67.4274764429771,68.866825265278,71.1361096162837,72.6721978841692,77.5546893280332,77.9176165622191,80.1988324273319,82.0763681310763,85.6147648800661,88.5063120402133,91.0044186827959,90.8838925495693,87.7910565098059,84.7775117791493,84.0189232878862,84.2363606802152,86.4356731341561,86.5591264429606,87.1689699153785,78.5447846071982,81.0631453968119,83.0156136552212,84.0024590513072,84.6318211822254
"N2O","eri","ktN2O",0.166291961403181,0.170146448632564,0.173483576806932,0.178036752039121,0.182824551166021,0.187260704055903,0.190649014689103,0.197395073543565,0.20316162688946,0.215043863513746,0.224211566471257,0.227127207676784,0.232114540115374,0.239432136202868,0.235252022484309,0.240752782637531,0.247322986059575,0.252806648426815,0.263123493977751,0.26767922056659,0.273441999541191,0.283638316121058,0.312512490376835,3.51635891058594,3.73269243592187,3.81361044029481,4.35543604996952,4.90347376714054,5.07643590318632,5.19271981437023,5.3450982264547,5.10147586142455,5.02747836663095,5.16397491461251,5.14743268450145,5.24941558549554,5.05309287376701,5.37726574884084,5.39647293175287,5.44794465525252,5.32773147578115,5.55004297322225,5.57813643801022,5.6222526382967,5.6551118939223,5.68720877525842,5.75364899972438,5.78532354772097,5.88031545406683,5.90744526897253,5.90725377088638,5.90824055188023,5.94695144388251,5.95446204046816
"N2O","esh","ktN2O",0.0109998598997447,0.0114448271487116,0.0116650978279932,0.0118942726296459,0.0122080563840974,0.0126965594492714,0.0136622404078796,0.0146047346415122,0.0155519828700778,0.0165927648547005,0.0176669950270396,0.018112002121703,0.0186667005206165,0.0190484944408247,0.019321602191147,0.0199616714028543,0.0206643927297322,0.0219209401199217,0.0223376935280958,0.0222385252696221,0.0235623068350217,0.169794699402675,0.170627836250787,0.171312844508175,0.171732226022065,0.173793978682923,0.174911224406082,0.176511408857933,0.177501780850413,0.179469322334675,0.185134306564274,0.382916514198485,0.190776289404796,0.194300422248892,0.196549655514491,0.198654304322087,0.200670227027134,0.201852588128695,0.203408791797975,0.204431807738461,0.205067457346477,0.207815616547566,0.211592590546327,0.212394702627668,0.21246131416883,0.213612410421696,0.215636795734112,0.216235918076022,0.218083516374652,0.219936020323175,0.220125168828459,0.222998144925581,0.225196777447042,0.225989548883456
"N2O","esp","ktN2O",43.6649753052196,45.5547240093418,47.5558585800301,51.7747080554736,55.9541388624041,55.0233845483777,57.7543413279552,56.0004988139644,61.3096165241674,63.0503215406295,63.7434897450548,60.2576621441602,59.6365637926645,57.2241934220111,61.320633482573,60.2161216592684,62.846585222126,62.6798277462673,64.8003697683515,63.8177378444122,63.1420739706386,61.7838591253669,58.2804509199775,59.4615521632417,62.8192540100578,62.9662708730936,68.7908138433227,66.7092920261039,70.107433499634,70.2713511849828,69.2760159771158,68.8533766247765,66.3764883778483,69.9710068228243,66.8139151070742,64.5644387404975,64.7817070711037,64.182320718824,56.5583075747785,56.0099697413398,57.0544449182352,53.1303746808429,51.8117982150039,52.6467513505681,55.606966867091,55.6745872873767,53.8357662633769,56.8549164064617,56.2251591035799,55.9344876262723,56.3016449810981,56.0770893441687,50.3348911688819,50.17313462159
"N2O","est","ktN2O",3.942039445954,4.23010541248114,4.44514989806032,4.67793182607976,4.91972579688794,5.19422737825439,5.14747387813433,5.25431190363467,5.37123291577176,5.36766282662967,5.64720013569131,5.67588155159257,5.86699125761536,6.23649639280809,6.25222046486494,6.43652950583246,6.57180493198146,6.6993327842888,6.57628354144608,6.0848888970975,6.84042924092395,6.34855626681457,5.03783641039388,4.61058999924749,4.42047906742233,4.25206628883986,4.17636118126735,4.21931451062771,4.34496242733736,4.39934117516336,4.47096249787477,4.46229746558929,4.40560157599734,4.55113521552847,4.62499313167868,4.55162711519591,4.61093163880693,4.73949753953695,4.94117706244243,4.75733186832576,4.89183697212835,4.9066520896232,4.96565162749987,5.02759782727344,5.04757438200399,5.05362029989142,5.022719199581,5.07949696228387,5.13402043943548,5.13005461348537,5.12120651116594,5.25143843543603,5.17444209448061,5.17195255418792
"N2O","eth","ktN2O",62.1158143736043,63.0292510099818,62.5559070338586,63.6282579200445,63.7629886460367,62.0562807777225,61.4320117062555,61.9333319262823,62.4228242542427,62.940587741592,62.7136476080947,63.2429909527254,63.7522430112478,66.0804595765824,63.947857956139,67.0988604260337,70.7975038010127,66.9369597758507,67.5695408528004,70.9716974354655,73.5115505613488,73.908036395139,76.0121344256005,63.4705617389202,66.3526089610175,66.8506165709554,70.456558099208,72.5620621609444,78.6603654818976,78.0419365156717,74.2946979922452,79.0796734362377,89.3363275271502,86.5794835311569,89.1918796218371,92.8644563930436,100.006316940898,110.331478937119,115.12074368209,120.204709274861,126.707291474504,124.868916961337,131.098841010654,133.836165926604,139.697912129023,142.356387317232,148.829988502052,152.465131137287,152.978876682784,167.45150402664,178.477413444614,169.944203765903,172.213898274572,172.431598949698
"N2O","fin","ktN2O",15.9306950408999,15.8722115327443,16.7017651397974,18.201247627215,18.9071532424288,18.6920550873244,15.8989363528782,15.4488553557095,16.9999663762834,17.9566367119326,18.3633453265361,17.141916571703,17.2321629195809,18.6532587899317,18.1667674253334,17.0969261951771,17.3724974201123,17.2940112778714,16.9100340559754,16.7204101570849,22.7441496742581,21.0566495742681,20.7007524865544,20.9248836113775,21.6216780253029,21.6111936688629,21.5933406151054,21.7416151264399,21.4379253757209,21.3894457205483,21.3779382475707,21.2153636152122,21.4291748545628,21.8341903102782,22.0653148523695,21.9977954455796,21.71953692008,21.7761588411243,22.1738104391674,18.8566716587322,17.758371748275,17.1460950958157,17.1227885443119,17.2471696827479,17.3249314511376,17.2939663610596,17.2138537731425,17.2883589723319,17.5417997401026,17.7848409922095,17.3916034363511,17.8387342399921,16.7382016812276,16.6941454341266
"N2O","fji","ktN2O",0.656500641536749,0.697983545244663,0.741124123172072,0.745588506017795,0.822145324039517,0.796848151236575,0.841108495087817,0.900799484983745,0.867275605685201,0.989650191520289,0.988871881188456,1.08590817615222,1.04472807438732,0.996318558713127,1.06838961014656,1.03991866246023,1.13938043713946,1.13344540232252,1.136072618411,1.21724148317811,1.26437503189145,1.23386135889411,1.24411555924931,1.33653448709306,1.40768980131458,1.47080640152809,1.46924264845034,1.47894951554226,1.43383087718411,1.38503221334803,1.28802874902848,1.35194398173951,1.38727731554746,1.23595689721347,1.39849063777584,1.32904345800638,1.2977707131958,1.29796492994404,1.31866448887422,1.20379697921711,1.2379742201827,1.22772837767991,1.24137343718426,1.25319495208751,0.688346211231106,0.75965473126118,0.709136026488488,0.781984158466619,0.755488513501607,0.85535467358984,0.825556247595138,0.702738867969042,0.740870853636035,0.744864326775777
"N2O","flk","ktN2O",0.00312493736514249,0.000342070496303929,0.000353780916271661,0.000359792131300088,0.000334841571939424,0.000370514966736991,0.000340739785940412,0.000368449471785367,0.000360493808350873,0.000359596548926525,0.000365428969898253,0.000369625192501516,0.000363537738534337,0.0003462956910069,0.000371160987349409,0.000428127326018449,0.000408960597756135,0.000416713549355498,0.00064908775705043,0.000827422653007703,0.00931398195362592,0.214217748199116,0.209511709789673,0.211506005543244,0.213001096940246,0.210625992074268,0.201308244351677,0.208204953916461,0.207187787088208,0.205013359909352,0.207458736132789,0.196928016652257,0.196196290958464,0.196376129119472,0.196425586822713,0.193929825873133,0.194135449559328,0.19696852328995,0.19699431640504,0.197099208453245,0.197175847571217,0.196852962237657,0.196921534791675,0.197022065058548,0.197090019444155,0.196815806109887,0.195803336421592,0.195379451714647,0.195561338988999,0.197094228914671,0.197179229296777,0.197380101115401,0.197345175341415,0.197359544616123
"N2O","fra","ktN2O",199.002211229643,217.432943850609,222.999270272794,238.747351380243,240.115100890067,232.528105277671,229.298493386842,232.489241744445,233.466403297172,232.560775990418,227.674452618334,224.642122625319,232.477959492126,247.687720642056,242.588415019978,232.890968888176,229.160941163692,224.367189829336,224.227308367316,198.959966123217,197.829071645241,200.840278541863,193.07755877914,193.879424734728,197.127523165109,201.805699302161,206.352972725753,203.232496783593,179.083752166529,161.865654316073,151.80760845591,153.013518778477,139.796594314653,141.280438841444,129.374031354987,125.778588331024,121.765776831481,123.697526319198,113.691273223932,106.065246228413,103.626796215198,97.6055985479784,97.8896809007718,100.588904023482,100.08168424429,102.101829182488,99.929302979168,104.893620536879,98.6271499259509,94.3452663533788,93.7640502178409,90.9586641237807,84.6698840247214,84.5137338522485
"N2O","fro","ktN2O",0.0269951081641526,0.0257049217584278,0.026805394011819,0.026707911838631,0.0266117959462385,0.0263146632361624,0.027719208561045,0.0278249113129331,0.0277312884390727,0.0265387637532739,0.0262457935451254,0.0257519753490989,0.0253572193093034,0.0254627889782502,0.0255700901359465,0.0255792106482767,0.0254917713995159,0.0261057624671231,0.026216301422268,0.026216738223846,0.0330045063989925,0.0331768218167385,0.0331385884175442,0.0332966861366101,0.033259843530943,0.0332337972658706,0.0332243621886927,0.0332307221214869,0.033245577643225,0.0332632174547234,0.0332793383918441,0.0357096222949943,0.035770821817792,0.0358143372894258,0.0358517272475931,0.035880976018261,0.0358079931349633,0.0358135358203212,0.0358058477148585,0.0357994907115003,0.0357980554029829,0.0362135014801143,0.0365214818804604,0.0365218722827757,0.0419312469648366,0.0422579531642312,0.0426974702262376,0.0514242628668461,0.0574336755615917,0.0439731480652005,0.0452132407429232,0.045743643750574,0.0452087689806349,0.0452204853821848
"N2O","fsm","ktN2O",0.0038265289652864,0.00507520010712572,0.00464594191784426,0.00441957223819581,0.00495165169290553,0.00512424854747803,0.00514190626016644,0.00567079711683044,0.00621009100748788,0.00628543742809077,0.00671727680062976,0.00665852496551744,0.00704609687763917,0.00701259262732793,0.00795067774133849,0.00658184312436941,0.00750552625346802,0.00780241307053269,0.00801623427266666,0.00822645869148503,0.0104726664144792,0.0540590427210703,0.0545345814164864,0.054862620601425,0.0549976051525799,0.0566015890748285,0.0565524645300404,0.0590622237571743,0.0587145328240344,0.0587652323939948,0.057636711248135,0.0587754683853804,0.0573753984925686,0.0571371217541941,0.0564540111911022,0.0561519095050553,0.0556112768835318,0.0560912584342478,0.0556656092621565,0.058654902140089,0.0579820128994861,0.061238822831182,0.0607391236419478,0.0623152285965853,0.0620328914111186,0.0632552027123636,0.0637287281095957,0.063357109578526,0.0654304217307903,0.0675559475601267,0.0663940821921681,0.0673762413136824,0.0681727226338437,0.0684156282930014
"N2O","gab","ktN2O",0.281384311872091,0.292145893476919,0.303928604127034,0.3614694067648,0.371187665816619,0.410090205564485,0.455258244043964,0.471265123164045,0.506976302771545,0.499249941221749,0.503542711329534,0.527599063359391,0.521373467324006,0.515328243276282,0.548241609352305,0.594804977301059,0.599521267638185,0.586768540046072,0.598863941986156,0.644924116233664,0.727925677149988,0.743494830985547,0.762780350514319,0.786388442334285,0.777107623372866,0.772621151257884,0.813449043386372,0.843668200374889,0.865993979325737,0.873218569673988,0.879936019805642,0.893054629990741,0.989357420784765,1.08639118058923,1.18513723004094,1.27897733619276,1.36584646014237,1.46477239817204,1.56297419647698,1.64746169202043,1.7638543380258,1.48462431118484,1.38030692057357,1.82303500108124,1.77176303989777,1.84649887331769,1.83450126795415,1.87973528629396,1.84263769728524,1.83669191561555,1.76882503570421,1.79264799164952,1.95671309444216,1.96647787179788
"N2O","gbr","ktN2O",86.1497287353408,84.435596101753,88.2409329873,95.7907877339766,179.859822943583,264.963819159371,337.005264798348,330.79943284171,326.820825889711,332.955074637593,308.11560704596,306.396479359932,302.53844449001,291.570970183007,277.005771872092,261.910428631721,247.497330791027,224.675585967835,199.968842286969,189.325783648537,173.934811305683,171.580898294251,153.944864074188,140.813288585992,142.37484851986,136.112704600266,139.024942006443,137.089070616758,135.466397199979,101.435682580825,97.3157272487749,94.9602577456603,87.7745499878407,84.9454292310421,87.0278189788973,82.6402036998405,78.9439372629242,78.8021508648284,76.1813900504776,68.9975213837546,70.8095525492606,67.0213202386792,65.8401226969542,65.133908460708,65.877843113353,65.3104837336961,64.1471972973071,64.5366819499922,63.9985624756701,63.9152945925669,60.7040565566076,62.2017646641096,59.0504188299043,59.0171666731998
"N2O","geo","ktN2O",8.64758923365419,9.12009066989202,9.45095324263743,9.92109033401305,10.3575011718264,10.3952916391798,10.3917516906369,10.4933713248422,10.5758417838908,10.6720275617631,10.6461654377683,10.5147855875682,10.1920602818481,10.1417870030502,10.1613896877535,10.0056386074525,9.80353563072536,9.76610524793158,9.49522992394246,9.13192042765082,9.19669296384624,8.51026274791703,8.21220602554791,7.59411900751092,6.71449874170691,5.78092439921913,6.25096123413965,6.79370871301037,6.20315280005171,6.57267334215116,6.81047379490211,5.45419529125162,6.25124654986868,6.41209482112124,6.47579503524371,6.70644714663695,6.71441061457835,6.56192349069039,6.32087339901515,6.30014664096927,6.45514554779474,6.56712078992321,7.01128369660115,7.48807814646881,7.63473569010754,7.23807973732435,7.3515054027058,7.14790185509956,7.035537184838,6.93843475949766,7.07325222610586,7.28275199465612,7.26764854143623,7.28232639424878
"N2O","gha","ktN2O",3.63244121108561,3.64182797233856,3.89472427456132,3.86920079863847,4.19985485658549,4.2900833092645,4.27891084458422,4.21381933771397,4.23030665214567,4.1663904546978,4.1745987627319,4.44185837905485,4.50333766338543,4.52068233622315,4.54069730009829,4.70811666734453,4.73623658553606,4.99675920826344,5.13817039588678,5.40411958428798,5.33205831068462,5.51352994303274,5.51096239585381,5.56839765762166,5.60497090333643,5.68086162462336,6.04514638101795,6.2394421260584,6.40427497389542,6.59405375771891,6.8067832316075,7.0355659192465,6.88117556576343,7.13838896443442,7.31546670811665,7.50443536818266,8.26374039616056,8.4105564576425,8.63550875303667,9.04344901540024,9.36008145894773,9.51331044698463,10.6977163175181,11.17306883322,11.3922582123378,11.8710440646377,12.2774471742528,13.5903756128872,13.7028985218168,14.4083240728103,15.1031897122846,15.0745857630123,15.6025305615354,15.649895936584
"N2O","gib","ktN2O",0.00471559595532238,0.00499687654275305,0.00439038917524188,0.00468983849089527,0.00437484335389799,0.00480960723978231,0.00452325323954805,0.00440452199934504,0.00431077130049202,0.00535392450475329,0.00592271433394042,0.00561730303753613,0.00594891379459987,0.00570064168399531,0.00559327161804834,0.00607786792100533,0.00644148955901245,0.00803003292867076,0.00974858028781378,0.00962269754558414,0.00966118148703655,0.0115126804734811,0.0140218791075342,0.0142119677024173,0.0160943216863546,0.0158383012077684,0.0159434264077416,0.0163733780489632,0.0170460482232703,0.0175998997538736,0.0182732975297016,0.0204451278329441,0.0207509237482195,0.0210504506678958,0.0228067083265894,0.023341720063843,0.0241755978842013,0.0238854130675424,0.0241628382965247,0.0261044825555459,0.0261705967222862,0.025401772933429,0.0258849438093045,0.0273864691078605,0.0292445105588912,0.0302365300053149,0.0302281795561988,0.0319561862377785,0.0337402111634192,0.0349417328417123,0.0307240681020685,0.0308590761766213,0.0310798765497791,0.0317667530447454
"N2O","gin","ktN2O",3.17474432831088,3.18373717938699,3.23872832725373,3.36134288237892,3.45946775080208,3.57357491924792,3.61661863725803,3.62893873088707,3.64960983705576,3.69458729936185,3.70285877716826,3.73577279809846,3.76468449786137,3.77648491859418,3.80923195686741,3.48782478188358,2.88880877475941,3.28353874403052,3.62394578821924,3.87415859816867,4.15765203235152,4.44746232340138,4.62020805532221,4.93599512425512,5.30020338708162,5.67201637437648,5.99407595255731,6.0436123448494,6.29142275772544,6.70039726080643,7.05395118889431,7.34946720953969,7.70593381272716,8.05987391047484,8.44412619514559,8.87130761509244,9.28377334210763,9.72984666527552,10.1651397289821,10.6211018475396,11.2806631836509,11.8585852433274,12.3886469577731,12.8780205898944,13.370676784469,14.0486861581529,14.746787546344,15.6487573041179,16.3321729700238,17.1167205366921,17.8995735265638,18.7674746123827,19.9272319500769,19.951856627085
"N2O","global","ktN2O",25.059714508781,25.8149103794506,27.1179773816838,28.5097228371098,26.5062849775059,24.8089446291831,25.3932558007147,25.7507510848838,26.0439585693655,26.8331292079941,26.1823406595034,24.5053786715191,22.7327794880135,21.6758286412227,22.5186169362481,24.195042568721,26.0845394615328,27.3257857721597,29.6293912135003,31.9922868870743,32.4512269165698,34.0410608446301,34.8906197166334,36.4704120354107,38.2670787687626,39.599985581749,39.5007501595061,42.78454250247,43.0156136952127,43.5301544412333,46.7185252126273,46.9471619741384,48.1386297114307,50.3204553134426,54.6921885225368,58.032832190068,62.5502801031008,66.5384454190953,69.5421679667875,60.1205510654235,57.2284284587832,62.8855891435718,58.3486954423002,58.0836824132941,58.9742489617455,61.4245513877498,66.1968855622835,68.5435945223301,68.7215584947591,68.6443893791608,54.1156034621325,56.6952510064278,61.0129255736753,64.8447702558747
"N2O","glp","ktN2O",0.227584967214934,0.25009322963435,0.253222348438245,0.263121645585594,0.232475135764278,0.259749461821677,0.269642617152774,0.279653874240394,0.298629491811285,0.264156515540608,0.268756488084893,0.301604721837368,0.275674813750227,0.302877165409728,0.309799660419543,0.324117080095885,0.308770255331865,0.269511443960953,0.308948588189552,0.299952065760321,0.279690480004035,0.287693168672584,0.295795585923392,0.229162381663567,0.233318635152876,0.227329512795454,0.265564152767678,0.271574709088876,0.363220825422417,0.35708083157763,0.340614638300086,0.359154296612617,0.26708564424385,0.246228707278718,0.235569308700204,0.225335690771044,0.233180596339025,0.228840128587028,0.228718174048367,0.232520331412124,0.246326392199067,0.254130464688325,0.256772555791105,0.260916604329522,0.265738142339232,0.269393915004903,0.271839212102346,0.273082277580158,0.274448298804906,0.275490836530863,0.271412710697829,0.270813082866002,0.27257132648047,0.273584504814986
"N2O","gmb","ktN2O",0.523024971180363,0.549516025245692,0.572154579962712,0.584142218667262,0.598121763759805,0.606329038231268,0.617809854817643,0.631263282328474,0.653555805296735,0.667500641759225,0.657116262181377,0.661974240626237,0.680710375555339,0.692967706738229,0.681862839413629,0.753050181004132,0.76925554245706,0.747100824537685,0.751840429567392,0.778717009851394,0.766416605304228,0.812817621515213,0.812399889044484,0.818312021495516,0.82203439517183,0.827987972264568,0.816024535080602,0.829471490961939,0.876397963156431,0.859478148899768,0.86586071299853,0.842012462404314,0.856760334398108,1.02918398064747,1.0454359351197,1.07257414967999,1.09341897424219,1.12223813536563,1.13515710607674,1.17943102328834,1.18261847514317,1.11842011995916,1.00805167569963,1.07117471708446,1.16429883770174,1.18777825191603,1.15948255249272,1.06661036384768,1.04891269453097,0.991472518439343,0.959242311117409,0.974035662280614,0.982846852146339,0.987346597733708
"N2O","gnb","ktN2O",0.694773285762857,0.71568634862519,0.735835896657101,0.760362184266236,0.784994487298298,0.806571417060003,0.837013627308905,0.863787180672489,0.906987336102283,0.92418911776281,0.951383450677401,1.00321116750953,1.0052406301962,1.02689255595756,1.04227601160269,1.06486912055238,1.09050652695745,1.13824778364799,1.17626360268772,1.23582315972861,1.27147156162257,1.2837123216205,1.31393432962155,1.34985608282133,1.37510737865221,1.40821787215844,1.4354972484034,1.46575154400616,1.50129459494784,1.54810700207274,1.5880044949111,1.5973006156591,1.61830369142895,1.64640124731604,1.65220080796068,1.62325835265722,1.70391225034629,1.77376214005734,1.8760492645273,1.97419579050634,2.0978671857607,2.15818692372778,2.17832645716472,2.22332514133966,2.23630214436744,2.24184537027655,2.28239842114783,2.31320725338785,2.33209163358427,2.36525230988539,2.35637616799589,2.37302510102178,2.40022503631469,2.40334123383981
"N2O","gnq","ktN2O",0.082776917133715,0.0844356183925621,0.0848773354556989,0.060703133892144,0.0612034422784681,0.0619720004465596,0.0616187283297417,0.0617682185851596,0.0627668180434712,0.0632849774014746,0.065590895930747,0.0649241710893734,0.0676279523108072,0.0692045071505984,0.0723322183399916,0.0748432184259226,0.0768775697572773,0.0788525244097491,0.0810850163822971,0.0830124203707778,0.0847055740883726,0.0869572209866361,0.0883900841679145,0.0903319869758643,0.0945956237910349,0.0968684045556431,0.10102079407371,0.112759495326347,0.119608536028127,0.125507893953922,0.133786911168121,0.143666485521062,0.148142858554722,0.157524889658734,0.203868912550119,0.205594722220433,0.209429709212208,0.220259515327141,0.214046958578829,0.199736462387481,0.211097572477893,0.219319033820613,0.212801832042161,0.216133957365442,0.220074892241672,0.220105695033263,0.222033188423574,0.217940579263862,0.216305710610589,0.220176161146622,0.222415393197412,0.223707554064766,0.228366779175819,0.229768974531471
"N2O","grc","ktN2O",12.9929796810102,13.4393686241264,14.0561040743548,15.5241476795192,16.1008022883298,16.4564565775239,17.1318688840463,17.2935565698126,18.2026912391954,18.607160705901,17.9293713937096,17.9913517426595,19.6020095109647,20.7307033885494,21.0763848430617,21.7069752391607,20.6615483833644,19.4169151354081,19.675549456575,19.8235276211798,20.8614749239499,19.9219915486019,19.8625465642698,18.4039183824649,18.716067569882,18.201403971493,19.2184519188648,18.2971585989132,17.7372934111941,17.644934037534,17.5604052361709,16.6477872726722,16.2811685937501,15.9980149156528,16.0499735460005,15.3939742996479,14.7110645721429,15.1666309629284,14.1216256875039,13.3456111381511,13.9571077675541,13.1245901623756,12.1714100154089,11.2054548319752,10.918875707054,10.4661324998068,10.4033695293919,10.626288623059,10.4929979307369,10.4476845881667,10.3350726550694,10.4857103577593,9.62269246519253,9.5829263701227
"N2O","grd","ktN2O",0.0305072407247997,0.0311833987794435,0.0296857018228104,0.0303700790343686,0.0291403679125484,0.0274824171025038,0.0301523711844839,0.0321004824251774,0.0337504334688205,0.0345021313711374,0.0343093650712617,0.034773885037281,0.0347565501587268,0.0346157933189265,0.0343706886582658,0.0337553360395337,0.0329445993887201,0.0322947902747624,0.0321610772879428,0.0319476683972224,0.0338009491299221,0.0336407526324544,0.0334403089033763,0.0342192222081118,0.0358127886037775,0.0361826914455365,0.0360359960018365,0.0377412418858074,0.0369137809119956,0.0375966136483682,0.0320709398292046,0.0324976828142662,0.0391055932016293,0.0375698941460705,0.0341414769409446,0.0341653350256031,0.0381735048206166,0.0365133011756905,0.0393848043039046,0.0401725767273073,0.0416918391403745,0.0363932410786991,0.0399787128573453,0.0422165872740993,0.042046584598497,0.0422410007156151,0.0425414716898088,0.0428188791794099,0.0433614099100449,0.0450308148804967,0.0436270599309673,0.0434417935151753,0.0429474860743889,0.0430608673351077
"N2O","grl","ktN2O",0.00448036852918625,0.00503066747528305,0.00512813062734356,0.00521357506360642,0.0052917253841335,0.00536169117532718,0.00542471367976344,0.00548113289751949,0.00553541725779658,0.00559269976139981,0.00565717329437868,0.00572988915742083,0.00581063873586882,0.00589638538648029,0.00598422296581729,0.006068980759153,0.00615069443765598,0.00623170280182514,0.00630873295126069,0.00638108052863056,0.00644863639094469,0.0103128465381052,0.0103712748987464,0.0104251751443448,0.0104780876076454,0.0105328117665768,0.0105887003542967,0.0106433002225943,0.0107000943106571,0.0107581197560658,0.00959324353671341,0.00961663133714371,0.011331795415759,0.0114753093692492,0.0212441316571489,0.0208268588043707,0.0241707578522526,0.02017155980264,0.0255517752347896,0.0217724386537848,0.0224104356860416,0.0209433343369722,0.0214709141492447,0.0190299681530846,0.019218153311257,0.019856308958901,0.0202329957460584,0.0192352136372734,0.0185904791035175,0.0193734457218146,0.0184653854451235,0.01890616792506,0.0196333573350524,0.0196501996259171
"N2O","gtm","ktN2O",4.9486795519253,4.86703079071341,5.35788046327991,5.51459490778726,5.32402864089558,5.35435398575396,5.20837908275265,5.68335019037179,5.86768826576769,6.14168693158204,6.55293999009917,6.54216661384303,6.61725720294655,6.59173642193939,6.75603059426032,6.94647463332787,7.29429494988275,7.43562583793213,7.13645334286041,7.55532777478205,7.7914508644386,8.33350542573544,8.75890429370168,9.24802725676824,9.2746659451807,9.59565707731909,9.57079328119524,9.90863757388905,9.80712746500743,10.7217617631981,10.5854654427721,10.9072526947967,10.9833266825495,11.6161269720901,12.385288892382,12.577966997129,12.7105170503781,12.7798352896962,12.0684450660924,13.3912208587944,14.0474379857818,15.0973583433387,15.2395038261652,15.3565614201729,15.3970025907269,16.02402712807,16.1132100486201,16.4463714868057,17.0243302527123,16.8605044091152,17.9138296562247,17.9795898307308,17.2083664213256,17.2649321267649
"N2O","guf","ktN2O",0.0262684449666627,0.0260228660136385,0.0263881409544486,0.025811255092087,0.0252593847315293,0.0260813466081898,0.0255871638605083,0.0292653235309567,0.0327126424089115,0.0350103543310386,0.0382183676059137,0.0441680751216817,0.0495038239660959,0.0575368834872416,0.0613937723327734,0.0629204733653313,0.0704073951092061,0.0698412563884239,0.0705089386866724,0.0697475542409586,0.0854081119701207,0.0913206770811325,0.0804570250671184,0.0787269444332694,0.0876361035895032,0.091534428087591,0.0949955719714227,0.099421695008283,0.0894351172835158,0.0921703122345063,0.0731937572116445,0.0746304120031752,0.0779997894250066,0.0835488970668737,0.0884198276032871,0.0911061898044126,0.0952952947203668,0.0938436601047053,0.0934142913987115,0.108374836771296,0.107443438469763,0.107155491477877,0.107983572756612,0.112191178522236,0.118250859959595,0.118358908157204,0.119135563537239,0.123829756430713,0.125579662797784,0.127470016086883,0.129590294466799,0.133413577263926,0.136284373652493,0.137822782627085
"N2O","gum","ktN2O",0,0,0,0,0,0,0,0,0,0,0,0,0,0,0,0,0,0,0,0,0,0,0,0,0,0,0,0,0,0,0,0,0,0,0,0,0,0,0,0,0,0,0,0,0,0,0,0,0,0,0,0,0,0
"N2O","guy","ktN2O",1.05729209351798,1.07196420765974,1.13466550206451,1.17599831150816,1.20916795245377,1.17271555818562,1.1689406807721,1.11678043920445,1.22803532277487,0.977042910337917,0.966116816857712,1.09555890577199,1.05253506239823,0.99157859660331,0.928992211374948,0.856614928433226,0.963670595942176,0.861230588449358,0.92320537960288,0.931165779181642,1.02037426271425,1.14766487345165,1.12485647914801,1.19563966410719,1.20027492332648,1.35491622445113,1.38870555904245,1.48328958891297,1.46651064431336,1.54527331027245,1.39732477818539,1.41060507464445,1.50219941920432,1.44849374021305,1.7234442107149,1.43222643260913,1.41091118657674,1.44441000226951,1.66030986704513,1.43378574465764,1.59786626053487,1.48519142369262,1.65101078208853,1.73844856001673,1.69938907935646,1.80730222216759,1.64413712369876,1.58687762045728,1.82903223283952,1.86621679237541,1.78170340740902,1.87205880149338,1.72934286573668,1.7324499968652
"N2O","hkg","ktN2O",1.14033459557629,1.17724012069483,1.22608774118772,1.23780724750288,1.20033793056456,1.20422088037453,1.28786938801931,1.39475749646065,1.50765987020596,1.52332579051809,1.5423552757865,1.68868732191156,1.78588940903006,1.85253086779059,1.87449889904662,1.8789342509992,1.9999333404141,2.01571670951681,2.1842994276141,2.24517993841,2.28247790372054,2.52991882779568,2.74865183742834,2.86232283284253,2.74781366252279,2.68636576813403,2.24551560973922,2.1979349950209,3.08539118418208,3.63339892918727,2.74567571405918,2.43999490694587,2.16525900184232,2.25775863106413,1.86696108930792,1.95738996287151,1.92105362522055,2.01145343697325,1.98119193430461,2.21461152888951,2.06239053928079,2.14659124131309,2.14417193702014,2.05855299799854,2.10430736600481,2.05323804259852,2.11078523286148,2.10233572611274,2.0850176426116,2.08879154649519,1.87506846732469,1.87726419220972,1.77335327993106,1.79905170030938
"N2O","hnd","ktN2O",4.04242012966283,4.09976322963882,4.11200168188749,4.05862124365878,4.12758779480295,4.22472818473527,4.27928592556938,4.43580438640711,4.40244248861746,4.43054193400539,4.66849032889423,4.69168917588333,4.72201935249352,5.55352858793146,5.94672773398922,5.75509029464792,5.65829708589446,5.75515786493172,5.8271696960927,5.72998190618239,5.58447995639727,5.74505324868853,5.74102725657391,5.61217033371527,5.44347630523256,6.50687936567658,6.10725913847239,6.78535132722134,6.91500397873883,6.87415762492841,7.50010377589082,7.16652179628061,6.0968784738277,6.87223707136198,6.74307684026729,7.2473203201452,7.77292425708904,7.90050943800691,7.73350942207988,7.79506677238202,8.04509005859212,8.70312654456805,8.67569041992387,8.72320621237311,8.92843589252855,9.07259514033071,9.56769956027551,9.60767474046247,9.86644505948377,9.27279773892462,10.0808940012683,9.68670087918722,9.74803862536738,9.77172964840269
"N2O","hrv","ktN2O",12.5510091719649,13.3844153739989,13.5026047862561,13.9585343383527,14.6158951137745,14.7237452386786,14.9470364516681,15.1535058825343,15.5113795758167,15.5399663834092,14.9571252206513,15.8087267925089,15.5805801138047,15.4761618366647,17.4989595326587,16.5200401245455,16.1629505963811,16.0799541259199,15.8085316421831,14.4625995812978,13.7298903424442,11.4492876507381,8.6454294225028,7.03537651245831,7.22291926691618,7.01249997133637,7.06753221192573,8.21766835357849,6.46021305856576,6.91299353998753,7.45954139173899,6.73263836592074,7.31473455819952,7.1526644478127,7.99918587823021,7.4099204231285,8.81666513581793,9.40943011495349,10.3827252651468,6.45308889194414,7.44284146492598,7.79335797361048,6.69232434274525,4.6115866699578,4.58965401247319,5.0344207289515,4.04700081194066,4.54454728542757,4.31479710934629,4.28883213353586,4.33523488023569,4.34230294277749,3.9912091096949,3.98949234421326
"N2O","hti","ktN2O",3.9491118614294,4.16815364284513,4.2725535190041,4.22587454494537,4.09349356028537,4.06217471097584,4.13291474562473,4.25614350302364,4.37428147409727,4.49348817721463,4.33336712844927,4.31955090982957,4.21557812221181,4.29281817643376,4.39320132830408,4.38388437046945,4.26494449705049,4.18496396702859,4.08928422438451,4.00097945305663,3.84097303418116,4.06151998433057,4.50538101693855,4.35641733832133,4.35442007808295,4.48984950896789,4.59580056110511,4.91274814226982,5.15285187882876,5.14170205532608,5.65489866321149,5.67241274163298,5.63278904708366,5.63683937374258,5.57037273891899,5.61230404388872,5.68423886966117,5.67953599004161,5.80816058003601,5.75625210447917,5.83006187730223,5.90575760684157,6.06966158212292,6.06725675422827,6.24738936927614,6.28478499034039,6.36712437028449,6.35569559542848,6.14394126649225,6.52032264812921,6.15391410493153,6.14079089453149,6.19197240839798,6.20696049226916
"N2O","hun","ktN2O",30.2307680503291,32.0358389310855,32.2743433150384,34.8743462828425,36.5476199477074,36.669318753688,38.1994146633954,40.3411733286711,41.5283821694624,42.1546193841415,40.7046179824953,41.9376175253895,42.5384519082738,42.1523347777726,41.7433720225281,39.3587360020396,38.1130690771757,38.8548267574472,38.1022782560411,35.0041366365698,31.3859931279717,23.8568692894956,17.9232268017474,20.3962832661329,22.3849916853235,20.1043376482098,23.4909347181956,22.5200280619158,21.4551624416828,21.7571178865818,22.8996267831215,23.6108230682027,20.658491306894,20.6055607778537,21.9749779381365,21.0472436997943,20.5534402292497,19.4374586490037,16.3502190150462,15.2188496058263,15.1175661473053,15.7258765193989,15.8252383139701,16.4993197129063,16.368834634062,16.656682000352,18.0138445830962,18.3667323722308,18.5447490490632,18.3000317230339,19.0752420938268,19.315052884592,16.5391888703156,16.5013791527946
"N2O","idn","ktN2O",135.092947723338,136.585979172467,137.296965269205,137.304906787189,138.316426888504,138.02522432967,138.453996225047,140.823155295745,143.183778649554,144.885384928852,148.077364844606,150.27974836575,151.204418779589,159.233714154792,163.568523343916,166.192618084049,170.296257280341,171.250575767233,174.136798406854,175.402006044496,182.227930434694,184.442352669123,190.204808590994,188.961435553658,193.978611267977,197.826350551489,202.469106560383,199.760888976922,197.728993692332,195.65225316173,196.612412803272,198.488479861075,205.233940634332,204.311056114261,206.103721759967,207.851812354954,208.825385277384,215.444611528649,218.657409781057,228.216457315316,231.858024615143,237.573834994157,246.271008424839,237.009104277613,245.924381939035,247.14407493268,247.694263076363,260.657382563179,265.195177406035,268.666014216964,267.036725934724,267.309355895109,275.196126991404,277.300701194779
"N2O","ind","ktN2O",257.006428751905,259.438477019072,270.242849237295,276.738679931759,278.582288171512,306.70812941291,305.980035024481,316.997226281676,331.780675095223,342.591789327389,346.566593827334,365.44217554732,369.179232717704,390.59204931538,410.53426623586,420.481552922685,443.972921232132,431.890137932304,466.493434366844,472.94292974413,488.008396864449,504.779029635096,518.822406287651,530.837157766166,552.116796974302,566.252454652889,583.706837613812,600.474406825195,614.857453315353,625.691689681939,614.771713642511,625.133547793015,610.208529991992,626.12570583738,649.995733515925,680.616672273343,716.497661142209,751.534201730662,769.169054015625,794.233374517587,824.833270433338,857.564905915794,864.941528979956,871.049895677821,887.106778834347,906.295720472433,908.756719345939,931.514077535241,960.895986468072,989.894254351163,1018.08509238846,1017.78630400284,1052.37973030435,1065.91703255288
"N2O","irl","ktN2O",12.7387234257021,13.6347303680894,14.497639721995,15.2525718842659,16.1133516305999,16.2365441719289,16.4033427572336,17.9289544091939,18.7226313947048,18.472344213479,18.880699088583,18.3974651764991,18.3378115860393,18.9239016939324,18.9076470404616,18.1815817614108,18.9517256824019,18.4767895688543,18.4378788029435,19.0480367156684,20.0816462255762,19.1124668239744,19.3239196922241,20.426108410208,21.1229724571854,21.0768303569711,20.6506958584863,21.0063751192674,22.2738416049381,21.9743916707741,20.7899249915586,20.0498490689157,19.009184083122,18.5923479123827,17.7138460548256,17.6041050542284,17.2047244517067,16.6581913916228,16.6528215923818,17.6109382892949,16.295135951901,15.7282353160854,17.2512638246251,16.8051476051315,16.7225114826191,16.8284871538242,17.3573301946854,18.1524243949144,18.5404823717603,17.5065026014073,17.6761814932584,18.2274096057859,16.9684679296243,16.9230284430805
"N2O","irn","ktN2O",30.1640704487226,32.3468713091645,33.2980450667342,36.2404926262313,37.5843731583764,37.9780448448579,40.0535230505528,42.7275206394797,42.8153713507195,45.6736188229027,45.1383704950552,48.1194837798065,50.8236542102846,55.6717092846099,55.1628138006553,56.7908898060242,59.2669293343254,59.3021551127881,59.3649935198222,67.0089250178149,64.446446947586,67.4349231070155,74.4581607070465,68.545454651464,71.4474425791516,72.7358735405333,75.4161128516143,79.7608092810365,82.1832894716253,82.3834114578645,81.2691379856633,82.1211055215008,84.0771335772049,86.5857223444483,90.4943944863644,93.1891894038553,100.711746827136,97.4914610068671,99.2024620425204,101.217490320185,103.021806311694,95.2782588480304,99.2887157293014,99.5631022543231,96.7487373993606,94.6725644062441,94.0648661954294,94.8772503634271,98.4420980090525,102.178951060322,104.929935925542,110.537709431883,111.73488277122,112.482026593239
"N2O","irq","ktN2O",11.4146601859053,11.3937669531436,11.2332993997401,11.2231168523274,11.3999323023949,11.1715706366443,11.5801282259083,11.8943555153188,11.8837218513704,12.8836930246797,13.0689390826166,13.0993565522118,13.5689946862112,13.2760601817096,14.4301534928931,14.510593070025,15.0485509685745,15.5984860677132,16.2367959449981,16.5093218484884,16.2108532201353,11.7004090631813,14.1458523541998,17.7088922378652,17.8404673455891,17.2006134754256,17.0542520915246,18.5415239977908,18.6739321724332,18.3685042432545,18.4823553675345,24.1317311409581,24.2411720836757,13.8660143172353,15.258590228518,16.9074487740027,16.7200290005777,16.4557575361823,18.1497130340176,20.7391432993529,20.4033457083626,21.5940827596091,22.8440249907954,22.9303222986267,21.2317508432786,18.9000980577429,20.3295418300999,22.7234166437554,23.2379493987076,24.2984305029621,24.3541685573181,25.4122290776243,25.8432893751483,26.1780508780576
"N2O","isl","ktN2O",0.524928129598886,0.555153838094948,0.581598697524574,0.614892691022103,0.60373491453544,0.636218007821855,0.631313845646269,0.639045768517707,0.673862658716126,0.677741263808368,0.646259096344742,0.671803619170586,0.638522943329287,0.647198496017582,0.639260267633912,0.628368224244537,0.627332417372434,0.595624235673588,0.607315509006823,0.612538093664891,0.753668896218195,0.739372602753545,0.691256107486754,0.723591170929021,0.713743321030946,0.677713172450083,0.754466209274846,0.720711202622243,0.72185778080865,0.738666792177651,0.661784711060883,0.561972081509669,0.542621706896085,0.520605154826837,0.51124118699464,0.506379671700991,0.573908477257657,0.606322023208737,0.630157807147079,0.450446351704087,0.44128504162655,0.454426981979212,0.459386984596008,0.434432184923392,0.488988791644184,0.505502921307708,0.491866480022476,0.538560623469342,0.507579983415648,0.471186039896874,0.473774944606326,0.493816013895358,0.470972846613977,0.471682873131548
"N2O","isr","ktN2O",6.20888021828396,6.75883930770278,7.02816256523027,7.4558503511791,7.91881068716968,8.11994352033021,8.2642279877343,8.53663967536159,8.58853083599029,8.71119906460522,8.66047542428036,8.30735775259307,8.4686657355936,8.59630731184055,8.68700644877045,8.51549660631539,8.31370806351633,8.36242438544355,8.17261140427866,8.04602638380118,7.69370617469301,7.72072406749269,8.02582913419292,8.24814278209534,8.69786215541658,8.97483951954844,9.5826492150313,9.87470517343516,10.065479261311,10.0915909064884,10.0872878975096,10.0023792121489,10.0150273977338,10.2014974811427,10.4127990244197,10.3283915071855,10.3912189694075,11.0555567371829,10.6878106629167,9.95993783062801,10.4813705943158,10.8259978487923,11.4546341746506,11.0770286866298,11.0994284349689,11.4372860591913,11.5167834415045,11.8190988485607,11.9266582981552,12.0304988368292,11.8160182660396,12.0712924206182,12.2549373238565,12.3938133227357
"N2O","ita","ktN2O",83.1778747678739,84.2103190191268,84.4546036381275,88.9481202220601,84.5957108685821,82.1668280548475,82.7532942539422,81.1899964879757,87.8798840416294,89.3784732359848,85.8945984222973,83.4107664027108,79.070662344481,76.7049737286822,79.200728926513,82.004509492899,83.0031277048226,102.763821902104,88.9721322071714,86.6462110423222,88.5514223443097,90.0334662098813,88.7923344678233,88.7165667631077,86.733656456662,90.341372353131,90.7581353543733,90.1942074390453,91.3107571553318,91.2432597253436,91.4825903922382,89.5730242974642,89.7178651401739,88.1990607085503,90.1450976646278,85.4394377330928,67.9210380293131,65.3609146137729,58.9454179340603,53.9199388214437,51.4998089288817,49.3125418852244,49.7185534035855,48.449616022992,46.4965572393348,46.9098942132815,46.4730704056303,46.4337395159119,46.2491086066192,45.7693704510916,44.0282726609118,44.7555537829486,44.4555279080423,44.0460289100579
"N2O","jam","ktN2O",1.38605946362189,1.4367493755963,1.4863501770741,1.3973129440971,1.42401622469266,1.34525855513711,1.36452204723919,1.31688227921004,1.36080961743673,1.34641586950254,1.42301344543644,1.43776577036896,1.30425706202605,1.4479067750356,1.5220487033302,1.39868366170607,1.46549118880033,1.60467269607794,1.65427668950001,1.7141997363614,1.65551523176968,1.69777228201858,1.72248640155981,1.77669297009249,1.77339319856494,1.83524088761726,1.85279378477195,1.8800553959947,1.92869130905324,2.00681078552301,1.92214707983382,1.90325758387175,1.92436776018114,2.01664494589019,1.98412023512042,1.9038993624738,1.71939272787376,1.6741093074123,1.51943827289695,1.45869816850868,1.40467140200219,1.40097873008428,1.44099846980857,1.38396827048098,1.38329077596597,1.31165163249201,1.33877765676182,1.34777151757142,1.45550759073557,1.43487322851263,1.29286762616385,1.34134146370948,1.34886964443848,1.35911525277061
"N2O","jor","ktN2O",1.29296930379297,1.39847457463302,1.44827602010444,1.57138703376269,1.54705478667081,1.60610618204172,1.60264200920339,1.60766005422567,1.73416727973674,1.9153214706985,1.91421599459496,2.00635106246534,2.15131157693661,2.2235894052078,2.24323499639424,2.44417800735616,2.31527591327118,2.50243481919695,2.72425259522473,2.72617036689805,2.79519337133684,3.24314241613586,3.53066925415868,3.56304832735897,3.44617239658723,3.64041568001018,3.64551497530519,3.78245480525345,3.80140142289271,3.84985652003187,3.6630670889917,3.70296594435162,3.82684710083374,3.8990449172794,3.89083217317463,4.22787512515919,4.07636796062916,4.31945365818822,4.5781124153873,4.49655100510892,4.6507902524178,4.86762711856245,5.1451858295709,5.5936946601102,5.7350155124878,6.04279156639377,6.03028583943992,5.96429805792156,5.94881307182949,5.93136281677757,5.73883330201434,5.85449823064082,5.86995724216578,5.91167660291877
"N2O","jpn","ktN2O",92.0675540326617,95.0357228596302,99.5898854797558,106.084238958251,103.288711667569,98.748175446715,101.803702067958,103.555036678359,104.597084644386,107.425321564612,101.450240321703,100.98681659147,102.76668331643,105.234305624985,110.191578401163,112.681228350632,111.22320162305,110.911255619036,117.942041464954,120.58786474887,120.477406968627,119.928342439574,120.743219661414,120.847615421054,125.717351435731,126.296785025219,129.924768499378,132.392380661611,126.241937772461,104.343407136573,112.795817400386,100.117212583178,98.3088331977789,97.3211384728644,95.6077378869776,93.1469591079796,92.0188936096187,88.1681116477656,84.1322010480141,82.3207183079604,80.8672087296407,78.8913049954316,76.9974365389908,75.4918745256475,73.5327020804057,70.36782694028,68.6450095615153,68.9556154700758,66.8790623386975,65.0368508594455,63.8834131861515,63.7089737398933,63.0734547816835,62.4192703448407
"N2O","kaz","ktN2O",33.6324129766937,35.3997326366308,36.9040719030048,38.0499456508553,39.5484885413265,41.005092844089,41.0368247454936,41.3564784816226,42.5138297581142,42.9753313290612,44.1623430999918,43.714219076878,44.0722151530965,44.8664220703139,45.0828892819212,45.3410467138907,45.7524879371927,46.8939470114779,46.719969369885,45.9135559208356,47.8803141693502,46.7193304993267,44.0291098777665,40.5148930018368,38.0792879072975,32.1261952683712,27.1101759629041,20.7779043655189,17.9614100964041,16.6342914840769,16.9402221207901,17.2727879751305,17.561699140727,18.9626333178712,20.1127079587057,21.3284893563205,22.5586739261637,24.3245233302293,25.2896272875465,25.0627117139456,26.0449831982881,27.2186427001333,27.8314104247048,26.7967039253946,27.3219781326799,27.7915350624415,28.5568904496298,30.0924244955663,30.7352240638158,30.8137072309371,32.6427018786334,34.8553901046327,36.3421447863775,36.2698611190405
"N2O","ken","ktN2O",19.4360092819921,19.9903933199379,20.54375866826,20.7761742633544,20.9829124593037,21.3585989328758,21.125160768479,21.9383503416867,23.9988447927657,26.0631397978026,24.0298244547291,23.8929206311197,26.0387638303799,28.9841355876568,29.7726413310766,29.8647895522809,30.4591688379436,30.4650602301207,32.9638914776996,34.1806105543391,34.880699083798,33.6769575116081,33.5612585510572,33.3559124347696,33.6487429510744,33.2322509667053,32.0271829737116,31.8684956314903,31.869920388855,34.4539873039051,32.3952615616293,32.5593812176644,33.6650891275526,35.5884115805843,37.7834984866175,37.2772242390999,36.1580371709873,54.7625955180503,55.5207187507546,54.1740079180716,54.6160814267335,56.429112608835,55.7092893762959,55.9828192785219,56.8737273601741,56.6126095881014,61.8603803784814,58.5665226095082,60.053512977668,68.399882527234,78.4611206080754,70.7964414195785,71.2589666961767,71.3678834714714
"N2O","kgz","ktN2O",4.3378384692822,4.6182161162359,4.83144457878758,4.98066975669939,5.19637218004357,5.42742294592108,5.44540362095672,5.53077516483502,5.71541583906948,5.83332938574532,6.03926619326967,6.08051364519087,6.20595305899502,6.40913990536599,6.5415221290198,6.67599000124472,6.77651400549822,6.96799472456427,6.93386390431619,6.85770515562688,7.31770974406217,7.04692069705852,6.60923246435505,5.94757487700626,5.21464141881219,4.23696987812981,4.03589387640579,3.84957897356677,4.01694307707866,4.06890932296049,4.108238480168,4.12402533369282,3.78398602860285,4.32581762340507,4.26573816956175,4.42882631542156,4.46517488326637,4.72731690645238,4.83945351392939,5.24679492200249,5.33221264115021,5.51717695514235,5.81857696621772,6.00084440095439,6.21492972365098,5.8233046974391,5.92849945645506,5.82647622251461,6.29715529416473,6.40528361985657,6.50679369187821,6.53618441587746,6.55870959433737,6.56354856849236
"N2O","khm","ktN2O",6.40211302281634,6.13172475569469,5.86660401122319,5.60255255057408,5.24084700798357,4.31467701530076,3.23575141630712,2.86517277574237,2.69843941755191,2.43473025915804,2.6753607055451,3.09264353500204,3.68680779802722,3.93531291422188,4.36913271817738,4.65764865970454,4.98721405248487,5.33903721081122,5.58243183822529,6.03506972276524,6.52740387054409,6.78590157937895,7.46538206571298,7.68766294220243,7.72009788800717,8.03793470798421,8.01824320745963,8.58319170294553,8.00498500942554,8.16970173526723,8.54783377139779,8.32438597139295,8.61625615259675,8.79403349006674,8.99415129004737,9.47912207641821,9.89975292640971,10.0593538966583,10.1881310757331,10.6065100343808,10.4964342655781,10.6673024390232,10.2510702700484,10.1508616636015,10.8281809361542,11.5155044785612,11.4704278151268,12.8497347409043,13.0970884717088,13.1165908616935,13.2760655546241,13.303331260818,12.362916628229,12.5114585041205
"N2O","kir","ktN2O",0.00832901243335179,0.00907118493961302,0.00917540261184592,0.0097277183781134,0.00980018357019817,0.00991549851240674,0.010059041236698,0.0102934436952199,0.0103829752745845,0.0107257619660051,0.0111460968239045,0.0111517006144724,0.0112929606929927,0.0113900043543918,0.0111269926089186,0.0112433599745553,0.0113441870891393,0.0119633870174114,0.0122495214971472,0.0124118413000542,0.0133302762031853,0.0136839016157836,0.0141455169325711,0.0144661392097361,0.0147366066649923,0.0149020946527181,0.0154210775054317,0.0157466489547547,0.0161276880357086,0.0163764827407445,0.0180655004548435,0.0185403189033904,0.0208049493479271,0.0209751454626815,0.0215208014580913,0.0228651919214715,0.0235329594574436,0.0242804734384537,0.0254872922122474,0.0247894629297892,0.0256082316744715,0.0254158887475669,0.0257843250998209,0.0258626093911272,0.0261990940560437,0.0267446966628885,0.0269246137623372,0.0275267327062655,0.0280373915597361,0.0282696673338473,0.0284403546314926,0.029211318828648,0.0295119190665523,0.0298134729364112
"N2O","kna","ktN2O",0.0388630993656792,0.0335253819424682,0.0333009090254757,0.0332967553907326,0.0331360870555523,0.035107037320262,0.035120624217319,0.0354298423087653,0.0354626076799186,0.0355259267026465,0.0358482965910564,0.0376663546465712,0.037792891188751,0.0376997497796312,0.0398313851905632,0.0399823188241554,0.0399310633106335,0.0394966924732295,0.0392591698829178,0.0365751447263417,0.035475041440235,0.0375796456007546,0.0372731261444198,0.0446683882470855,0.0441626761446808,0.0419605392840124,0.043035477505076,0.0473322450245657,0.0483292992438299,0.0486783139331727,0.0502082039662548,0.0501409074015837,0.0345470231638651,0.0349132676710216,0.03494348810908,0.035734551864497,0.032169296446993,0.0337392855909375,0.0353679878124899,0.0360936748626456,0.0369401380677714,0.0352145936631997,0.0255407721917538,0.0256459791236827,0.0261664276070619,0.0262884511215133,0.0260317785404876,0.024748759005851,0.0262814979689707,0.0268075387460158,0.0257261982515423,0.0309506175734605,0.0367193754169902,0.0368557525296518
"N2O","kor","ktN2O",17.8116657133506,17.6330149726623,18.3537843521741,19.8954454994262,21.2709395163033,22.1512918186674,19.6222143283446,21.1282129961761,23.7783645193397,24.2896209523934,23.5613728240356,23.543778578365,21.3451696268584,24.0255634417082,26.0368311910233,27.2432239609472,27.973173118046,28.6812120525921,30.0395533425498,33.1513582333446,36.5289670209128,48.2379806676246,52.5287703964379,46.5728439056991,50.6323731546714,53.0054596217844,59.6173989637636,73.0395192798202,62.0288330692636,67.859710165001,67.1492637419819,64.8915478706171,62.5977058192424,71.2234730554591,79.6066045601343,72.1533518927414,67.7247672038354,43.7841273480554,41.0560995531006,40.4605162108623,43.075296134115,45.1015244438231,45.9508315049204,45.529612096377,43.6177519373558,43.5161335857004,45.2655956333466,46.9894936397033,47.9554150228424,46.6364928212672,47.0451947576025,47.9421172277113,48.2288395973697,48.122430165865
"N2O","kwt","ktN2O",0.894366762028932,1.0291355273025,1.07907287222075,1.00911967663883,0.910346868843597,0.872928872898835,0.893735511878465,0.934950844592495,1.09861993289046,1.26529735069431,1.37101450740706,1.42928792517591,1.5667023499942,1.65236082768813,1.68243218852654,1.91674266417273,1.96329681949034,2.14311389145659,2.30759535137055,2.50834742102862,1.59537169019909,1.18917482128403,1.40026636343742,1.55951119001458,1.7933668736413,1.90414238776955,2.08859806341093,2.2696471300145,2.52395753408719,2.7620366623234,2.51846386912069,2.53306738004823,2.73624443580004,2.81784398390659,2.83031187449624,3.03207147063748,3.20625597795054,3.15593808999094,3.45812452196365,3.49450074552535,3.46286511244304,3.56587723058262,3.68240691120214,3.85721780194877,3.83536249634845,3.96725786733647,3.9852918334946,4.01796103776637,4.07598141034504,4.1183062727884,3.90411402829246,4.29817476578261,4.33257656363998,4.38872834401983
"N2O","lao","ktN2O",2.60728627816614,2.52127399899576,2.42483047048663,2.32654910697068,2.28262094420619,2.24811122507224,2.18651403371126,2.31719589877893,2.4489449504171,2.56248328625065,2.97891143341271,3.04231241283886,3.04357325051185,3.1437769649511,3.29451746296042,3.45034034483308,3.55477468704718,3.80013757277757,3.88913542464141,4.00463320301641,4.33578830410671,4.51214876502907,4.78713888038589,4.85554472440871,5.03509105282495,5.27875946850281,5.41925860822683,5.59664396708984,5.07998478838985,4.75508527290883,5.09491695843624,5.33391392607663,5.51745690587203,5.59555043661944,5.78173180827909,5.77920816877456,5.95867234218545,6.13405215609357,6.37672847550111,6.6354788104528,6.83105587725277,7.00106928381217,7.72678211609018,7.70651911284282,7.97765289673094,8.4714499760626,9.24743412427052,9.68121774897822,10.0301071396749,10.4151241653253,10.5392123703021,10.8437278679631,11.246866374378,11.3388807593188
"N2O","lbn","ktN2O",1.44496716449934,1.77585680798247,1.8875832372361,2.04658995987875,1.64641945008646,1.27217513711582,1.40588516519288,1.29647224864762,1.51996106197016,1.64357112607428,1.81794635147955,1.84642299907495,1.9249161176491,1.81499991894558,1.86096968252048,1.82170159535205,1.81637426195243,1.77481575184491,1.73173995236769,1.85881896446566,1.80489076763343,1.91851283231924,2.05483464239187,2.27841662070906,2.19038914177142,2.62601448731187,2.7243013716129,2.88374264820142,3.02435483255924,3.02358434445581,2.76866646554453,2.91285946202496,2.77595074449314,2.92717736549423,2.99438233502226,2.76352763232795,2.64851170742817,2.69459689774982,2.7684567415668,2.93642076152992,3.00595163240955,3.38737612264766,3.79926949512743,3.71485794108971,3.89205193967747,4.0042197874829,4.12508868356315,4.28885766687792,4.14876316273514,4.21166297653977,3.94398511952071,3.62747548578628,3.51742364803571,3.49418313688271
"N2O","lbr","ktN2O",0.534332868816776,0.542614631669957,0.579135316471471,0.59192710805004,0.580701548011531,0.632833124371205,0.681665511243676,0.720165288739394,0.695976540224734,0.777411534367239,0.760907955073926,0.774458040860101,0.751375923023732,0.774297851858805,0.779430763059541,0.808355041808152,0.826633297835979,0.851805720079962,0.875027061706886,0.819681618452299,0.814312635139788,0.787007461732617,0.7588164564302,0.729486918171331,0.713082361611467,0.726894114109988,0.749867512440006,0.786258079542491,0.834669776339591,0.904229149539102,0.976281018819071,0.996045488699906,1.05911102066935,1.09301473637475,1.0884452179107,1.13709915057909,1.26640671065744,1.25441803274265,1.34967291465623,1.4242446619554,1.54322558785208,1.51543745749399,1.60638446226519,1.64007161180894,1.67695504235413,1.67293844002441,1.71969273366518,1.74332447705217,1.75820851880422,1.79411454320069,1.81329637183564,1.81222214107734,1.83678105542664,1.84815366512564
"N2O","lby","ktN2O",2.31284767692494,2.11267980753108,2.04361380474082,2.31210078384188,2.45735175319079,3.14213515330737,3.36529265872892,3.18947932030857,3.29738336450323,3.99586274652848,3.98338547752851,3.89020563404386,4.56360359788635,4.51392245675974,4.33155334575174,4.17473655385996,4.18770417377858,4.18175270956832,4.18641910852885,4.32751375303359,4.64861227476303,4.64283005239874,4.42350468928896,4.61638861823018,4.63924863817033,4.98648572722335,4.88576445098771,4.73426145142742,5.01791852903825,5.36467623678647,4.90318971730132,4.60157323281939,4.95727009103986,5.08186428365567,5.42766932576995,5.70849545482884,5.99195925039717,6.08446512612133,6.19230998024019,6.65682602893503,7.05921789879103,6.45088584121388,6.94986491241039,7.11230142799797,6.89183790766162,6.54521555568699,6.47162370641012,6.81367472541827,6.77181118283284,6.88922174169249,6.55303348479013,6.69910811233608,6.86032348308496,6.86767947193127
"N2O","lca","ktN2O",0.0712666559685138,0.0708548576919153,0.0723413660643149,0.0761995754923357,0.0756146163179995,0.0784751881459867,0.0799866921243238,0.0905971659665225,0.0738438572487627,0.0820753865194729,0.0702828861516815,0.0767525408264886,0.0889481542904332,0.0870061998241568,0.09657301741752,0.101279785821059,0.0981568066509143,0.0986585558367522,0.0999670658802837,0.129801684354013,0.119513340637607,0.133395498624389,0.131021691161738,0.110759280554672,0.0853624085959954,0.078440586102337,0.0796730235310483,0.0777680415630198,0.0962985114627224,0.0931530693596929,0.0919827714970587,0.0733336962653291,0.0770365908247671,0.0857608187819969,0.0808722211006785,0.0832976195097466,0.0816242635965059,0.0813345113829706,0.0792740474229575,0.0824876924977868,0.0869635478582288,0.0832230505377133,0.0872728431461334,0.085581418468898,0.0930652656409359,0.0951481611539399,0.0925138904954943,0.0906743835577205,0.0912900573043967,0.0984667439101527,0.0952582424511534,0.0943517329225922,0.0950281554822499,0.0953009026535797
"N2O","lie","ktN2O",1.55823564356621e-05,1.62433447487576e-05,1.67161641493077e-05,1.70207304378552e-05,1.73987408910188e-05,1.77854966113027e-05,1.83038469424627e-05,1.88451178742207e-05,1.94872063626748e-05,2.02218042082874e-05,2.08953273627174e-05,2.16042960638713e-05,2.22733490187925e-05,2.29870387673764e-05,2.37201324019583e-05,2.45969651271706e-05,2.5568022770974e-05,2.64902036854157e-05,2.73125652363394e-05,2.79977298590124e-05,2.87182295615491e-05,0.0163293583475011,0.0157299078024168,0.0150305106526004,0.0151311592173792,0.0151319056897412,0.0154327075954946,0.01513352196458,0.0147342741801841,0.014034990076804,0.01393564942306,0.014036254593743,0.0145367435915579,0.0146371867930114,0.0147375048161679,0.0154376853086303,0.016137613052031,0.0164372279219847,0.0166368046238362,0.0166362779181355,0.0156357582760595,0.0159351810092002,0.0162345841275616,0.0155339768244328,0.0158333709853847,0.0156333709853847,0.0157333709853847,0.0152333709853848,0.0153333709853848,0.0157333709853848,0.0157333709853848,0.0154333709853848,0.0154333709853848,0.0154333709853848
"N2O","lka","ktN2O",4.48920138952981,4.59061256142437,4.58851409814947,4.71513969077684,4.6984994612519,4.51800530166889,4.87868005309638,5.14425842346023,5.48168954749492,5.52334552562352,5.9067842034668,5.7953309206575,5.90091165756056,6.08013135707831,6.59903595162644,6.72138998955181,6.81452742219022,7.11689484953806,7.25429855822313,7.44050927193076,7.41409013059036,7.356038512208,7.84888148079204,8.23187990159937,8.52898573391442,8.48848834335384,8.92903643231562,8.99842938382134,8.9139892133627,9.56847394375666,9.59115011724695,9.56497023824157,10.2107393724042,9.51391848624123,9.94075120417958,10.4603690977398,10.3231130558579,10.2323082303243,11.1870567144764,10.5872629116792,10.6242524040472,11.4968858996226,10.6623282027481,9.7785873001766,11.9619081968822,10.3784704618581,9.91553803722428,9.78239093558942,8.90854533145854,10.566565709669,12.5333897302054,10.1205013819601,9.91830628282741,9.97123768672957
"N2O","lso","ktN2O",2.12382170773889,2.05380916774918,2.02012424390766,2.00732704566048,2.07129909166539,2.11063412732365,2.07768114841643,1.8901467384666,1.8918838352102,1.97317726127101,2.11936382429254,2.13623918649844,2.22129414459014,2.15912966074051,2.13970586243648,2.23679937479423,2.26737174114167,2.57495473338618,2.54839649888859,2.432185939388,2.25257958556152,2.26727224413909,2.43324252563514,2.40533813701336,2.34399158546067,2.29782471871773,2.18204002809062,2.29120543835889,1.98559698704859,2.70308514550325,2.65790968454546,2.68935846623983,2.39724202364143,2.39901159235886,2.37992209152236,2.60158339249358,2.5685656013589,2.60702951994545,2.51365692328791,2.53265031737366,2.50163700183976,2.5059331818734,2.52133752657743,2.38612038375906,2.34958360749482,2.34255169009752,2.29586115447293,2.47931627259994,2.31207597275904,2.1384810882786,1.76325729859384,1.89204978919275,1.95253648893371,1.95462728224631
"N2O","ltu","ktN2O",15.6088564484182,16.8546203671345,17.6839509124762,18.850612642969,19.8836516802956,20.1933262583381,20.0926057106209,20.4440966457521,20.6477310290134,20.7108656204525,21.0074021890852,20.7962023071638,20.5280159368081,21.0560264070351,21.1038105022837,21.1514810996156,20.8320934073992,20.8894184072808,20.2711271011806,18.8417408879312,19.8139800738207,19.1105156541702,15.662157914394,13.8436795651867,12.8552459077772,12.8707556476932,14.3788699338749,14.6906888059298,15.5917076597299,15.6750332798255,16.2493072669161,16.7038323567234,17.4891845386609,17.8093929152558,18.5425783941793,19.3847028003361,19.4146792698679,21.7514480771944,20.6956577105971,13.61081530894,13.4656970320741,14.4932532720155,13.645215577498,12.9121227983999,12.9972839598727,12.7831404014495,12.5107586945193,12.6821622353534,12.3033317722087,12.6510059963144,12.6692019534714,12.7443573523965,11.4156881668786,11.4061030228107
"N2O","lux","ktN2O",0.693641583363897,0.713422257462626,0.722476537234568,0.761918075749523,0.782696491648177,0.768856108464862,0.791375342705421,0.79572047155779,0.843173774370861,0.843048246200938,0.834996159732801,0.823724462572306,0.817462325479527,0.808976287882682,0.820098790653264,0.835030976227727,0.828477584972219,0.842133273994598,0.842180116906561,0.865429719749503,0.900650047600214,0.964362294069192,0.979519316496928,0.985410002873352,0.986841015944174,0.963612238684407,0.983586665664529,0.991455266429651,1.00221214111984,1.05244746353064,0.927468640206331,0.939858810880156,1.19580572716248,1.20803022360457,1.32041829090882,1.2863577794093,1.25058705016816,1.23305555628243,1.24183440176148,1.20354302550059,1.23407000649558,1.24192473304526,1.20319129661402,1.19914112604026,1.18014286077614,1.14629063335801,1.14167775172341,1.14491255002527,1.11342369906624,1.12943936869528,1.04632092281989,1.08004444266037,0.950550233464792,0.957820211482429
"N2O","lva","ktN2O",5.44121639809753,5.82528201948332,6.09837951475989,6.37390210316282,6.67175374891311,7.01593631059848,6.93645655222948,7.0533431896293,7.19471165805348,7.18589495729885,7.51294969631084,7.54766064882982,7.78325374613624,8.24796206917543,8.28797080758497,8.52592830736271,8.64269594210155,8.7128511637709,8.53673811788073,7.93574371990142,8.87939238421499,8.3407776098569,7.07696888007525,6.05316939767964,5.48220381065811,4.86598233600752,4.89387632708946,4.92078954067432,5.1138570269268,5.11531111623823,5.04392856822034,5.16701845447892,5.09421017965133,5.32298262320529,5.2812334544603,5.39134581308297,5.46821279745876,5.6113237734281,5.62780634640676,5.65386061839598,5.7273657704542,5.80591278997947,5.87649582412288,5.96017549708371,6.02102425469856,6.06241571266009,6.07529644201311,6.0618719406876,5.97935187941592,6.07032774360032,6.12336302780484,6.15285737334892,6.07670354817868,6.07408671143047
"N2O","mac","ktN2O",0.0260997655077877,0.0277755891770109,0.0293707032804951,0.0286758703176976,0.0313923280033289,0.0336316657554766,0.0316289276944479,0.0367030742831593,0.0411976812385458,0.0432009822584579,0.0472944943025846,0.047579023877754,0.047880610697232,0.0611053665203334,0.0627482120108885,0.0574412165617992,0.0679431959440645,0.0783003314683711,0.077408282654471,0.0776458265541808,0.0999821926818984,0.107019657872422,0.118531390093622,0.128311524639804,0.138537265985777,0.119819349690691,0.129494717607881,0.141764290996694,0.152713499182286,0.163194499667352,0.117564154361711,0.143668479249483,0.153930072193019,0.155904382158341,0.171417356397662,0.171017421660114,0.17711914575324,0.182169354826814,0.165627441838252,0.174213843014032,0.153360288315682,0.155976895186642,0.163840015571088,0.150175756794618,0.158980021047308,0.18875416581982,0.183002347459215,0.186743792309091,0.181797829612141,0.18565382938237,0.184967841647665,0.190730572816425,0.193106520611768,0.197990932358647
"N2O","mar","ktN2O",17.3570716717946,17.9674294775507,17.42759964046,17.5701968728751,17.1989299764504,17.2619716555256,17.2720467741072,16.904649623551,17.5988716206445,17.3249989436767,18.0893293257691,17.7721388899613,14.6094088397047,15.8578223059267,15.1215319810488,16.5944804185229,18.4577835205127,19.9112156655256,19.3340929142163,19.8573903565963,20.7190862606534,19.5152106814552,19.067471789944,18.3482101398255,18.2415085155826,18.7967015220448,18.9047695177688,20.6079187869386,20.6032493980241,22.2433201970158,23.0623413348818,22.9484350168092,23.9527526554677,23.382754575766,24.5586814656148,26.811283892691,27.084663915606,26.7827435415475,26.4336802585847,25.0018526302467,26.2610725111007,27.3780801889279,26.6845866304355,28.2638376646734,28.69263956714,29.0295601052494,26.7542427490275,29.9927644419668,29.7150056553851,29.9079546950193,30.1727072667222,30.7729119658594,30.2659763710307,30.2737960003604
"N2O","mda","ktN2O",3.66385922580023,3.91271552116899,4.09909748677762,4.27727054125016,4.48224248159984,4.71571158028694,4.68990776567493,4.76031332810946,4.87466946553273,4.90190346736175,5.09913174798112,5.12269944506868,5.26562626600961,5.516099599952,5.55301577776428,5.67498828815161,5.74348847674467,5.83848466573104,5.73153063114076,5.42466285415379,6.0037695503125,5.59915505469339,5.15314942831815,4.75993751779685,4.82879270398676,4.66993954727656,4.52117577732109,3.06743412741933,2.67127817204809,2.44038141167422,2.32268744882155,2.72032135417702,2.49618258693218,2.52489403804034,2.44996133555733,2.39312366642641,2.39510398647263,2.48567398385187,2.28315248193976,2.11235147930122,2.3875316564837,2.5983368155352,2.58071872865238,2.75691212364249,2.89996754644195,2.77949243552135,3.0217531425204,3.11979149417271,3.45922508083725,3.08733104793115,3.13240992089787,3.10492338636348,2.90553271767363,2.90676375675556
"N2O","mdg","ktN2O",16.1378728975826,15.0852644550325,15.4972881309222,15.809027716506,16.1820845776295,16.4187297823547,16.5469094637323,16.8577386844065,18.6465514924344,18.6209089448716,19.2500359977905,19.6176240185009,19.6108147806817,19.4685113293471,19.5828003225896,19.4816084390896,19.6452806800557,19.6346367597914,19.6374890011858,19.5888386560216,20.3300960636132,20.4369805571771,20.5500909336081,20.7032646687085,20.7325435759126,21.0262062696608,21.1122720260752,21.0748326701286,20.8301525423297,20.6986638079081,20.3920722362312,17.9544070820746,16.6012470663281,17.0740311485048,17.3698567515222,20.0346403114304,20.1944141617571,20.4551195796419,20.8060366928587,20.9748314846505,21.2039932633066,21.6130932873253,22.2188650042666,22.1333407196218,22.8219628691121,23.0942810417747,23.2011519248373,23.837059839351,21.0127339928528,21.3025097734046,20.8086589483361,21.3570884247458,21.6672088045907,21.7463602282474
"N2O","mdv","ktN2O",0.0235913478730511,0.0231159153187538,0.0232000808771569,0.0246884838807522,0.0249714206720911,0.0253550981924127,0.0254914931290135,0.0254818094923459,0.0265123254653315,0.0268132405115775,0.0276000239543426,0.0286685020105648,0.0289779126338908,0.0304577119075681,0.0336478283512652,0.0345324735064025,0.0346174845007675,0.0351774758172003,0.0374120937420767,0.0359265106384488,0.0373562639016248,0.037115168970585,0.0407204550529875,0.0423649664318901,0.0559372966562042,0.0598554022007384,0.0609968832323037,0.0595347076022763,0.0627788590519659,0.0643755633844733,0.0826977354206055,0.0773470732396829,0.0856123669685355,0.0764197889669387,0.0884150113796,0.0831761012286142,0.0969324163222385,0.104492762521238,0.118549608001175,0.124727582279438,0.132481465898065,0.131975623196835,0.160039480304738,0.162573442601304,0.201908037960171,0.188089166850447,0.177942322167828,0.182991011277937,0.201020539924429,0.21574748540731,0.216184518177313,0.225437795690645,0.22676368437879,0.233582026446935
"N2O","mex","ktN2O",77.9336313705721,77.8959842959331,80.2667755386131,82.8788167963711,86.0910047845553,92.3918467254032,97.4949945678691,98.3535956093495,98.9409088736218,102.05349154388,107.699878487724,115.176340269659,118.555557707334,117.182370573092,120.37133776015,123.258464925059,126.976189557945,128.126449552679,125.008855839427,129.308960438781,128.783194451073,126.072654741464,126.350884348086,128.46148336197,130.323419456455,128.272870874607,131.540975677599,133.820282851634,139.318558983534,139.321844152978,133.803194939986,134.278460438544,128.415346412294,131.170801371026,129.376462533214,135.941768120871,133.147346191425,136.24624270337,133.28424387714,134.203591193351,134.901480401346,141.97008541905,139.909672491743,143.720803096976,142.840406868764,137.435421850108,145.719713599418,146.294548092955,144.341972260491,144.866587119793,145.474419135089,144.288324728391,140.327291792176,140.786428297215
"N2O","mhl","ktN2O",0.00206499927124442,0.00205996745609433,0.00208504125628419,0.00211767496425455,0.00214887344848361,0.00217034506803536,0.00218971890235635,0.00220595619720432,0.00222518976776633,0.00225594065433845,0.00228933415753856,0.00232553563494413,0.00236313676697878,0.00240843867910886,0.00245042770066048,0.00253695131638441,0.00259349576926238,0.00264806202011275,0.00268410172175388,0.00269810060023831,0.00493730224497356,0.00513274741142567,0.00542878990951921,0.00574857165259077,0.00592821641038002,0.00543472294287485,0.00536339546018495,0.00515702206199353,0.00511383902627948,0.00469289808810442,0.00445198792193019,0.00499790162223722,0.00488137067111752,0.00484053868087213,0.00470449039019841,0.0046611334040439,0.00486943169024417,0.00471629434602521,0.00471427058841032,0.00467286225729428,0.00487810275738674,0.00491907274159755,0.00456564200130632,0.00452608275681023,0.00435116742339648,0.0044935899354717,0.00426082220055955,0.00438940494239652,0.00474040746020293,0.00474562806728405,0.0047014770888062,0.00479529266695859,0.00477069090226923,0.00490309874054119
"N2O","mkd","ktN2O",4.2299881362364,4.38187167488884,4.39341788166679,4.45629379844918,4.65156984075092,4.81251452669366,4.82650807818675,4.8231140182582,4.89450083566267,4.87160607860856,4.79219823014419,4.95872769051155,4.98578783190573,4.93355015078962,5.12992770405495,4.95481390630995,4.84143117200436,4.82671678990011,4.73198373179835,4.54407894852822,4.54274415324664,4.23334917112886,2.34946975443819,2.53535973566448,3.32559746194358,3.28631090733149,3.29661702593339,3.04042896428956,2.7439977281834,2.53908034887206,2.37831073723072,2.14899291134048,2.00436005251162,2.04329745415125,2.11924933900316,2.11416214506462,2.11821762071973,2.10527475245027,2.02788101932291,1.97088038245125,2.03882798048933,2.05190252572243,1.95317030352879,1.98970529186974,2.01889369366947,2.01453208657223,2.09071627376701,2.07537320749168,1.9855630356415,1.87636927888984,1.95414706953157,1.69173499912244,1.67703130644877,1.67451931185787
"N2O","mli","ktN2O",13.0817898882935,13.3224255360746,11.5649863595062,10.5722486542487,9.53288760075051,10.3802761299471,10.9605845770542,11.209041789988,12.0359210392692,12.8073225860175,14.652227960413,15.3380577534229,15.8726135554697,13.8794751504322,12.7660089905427,11.5731298548806,11.902716669175,12.1554800365723,12.6024708804253,12.9247257198703,13.650223871955,13.465058896056,13.5915246435525,13.7738936362401,13.9274517372561,14.3485976444025,14.6690725674979,15.303848744703,15.7983071285529,16.5741199234775,17.202860084804,17.7281108062843,20.0570327358278,20.7668511405172,21.897925394687,22.7043081033532,23.1768473998464,24.2081569703538,25.7055801479097,26.7100079737903,28.0680054283396,28.749727225246,30.0639255559605,30.8297736289925,32.2383562354358,33.6701749264833,36.3011010909412,37.9946137749989,39.2895228271118,41.6990171375149,42.0132435038601,42.3847600916296,40.5786611567543,40.6236081248578
"N2O","mlt","ktN2O",0.145624536304986,0.149344661177381,0.154817440019664,0.148313858906053,0.141345110784296,0.140363939866984,0.155524891021689,0.167309889377387,0.166184396804445,0.164963051052076,0.169052115466202,0.157658277846028,0.164119771194072,0.171716972721967,0.190290745658851,0.180809693170935,0.222360530871491,0.232604729289588,0.240816512291301,0.249278453767547,0.257376974135826,0.259329575596619,0.264585951139906,0.291584794744236,0.284505036077544,0.303737494160941,0.263872752838196,0.273787074466342,0.278980062736093,0.260696680979405,0.254077360942207,0.25656813186698,0.246440450937073,0.249003407811788,0.23857921659106,0.239734416785108,0.240059644724075,0.234471941857023,0.230667601488549,0.210778980975226,0.212728157647123,0.200958597062691,0.201615881154427,0.190869075878723,0.187133083385857,0.172260250628791,0.166013855022521,0.154603102642427,0.154574872920747,0.158203809560367,0.160298207514449,0.161072215320402,0.16110318849562,0.161617017039912
"N2O","mmr","ktN2O",17.9416479556175,18.6379635084658,19.1660150825489,19.5444181295587,19.6412029724429,20.0694855479708,20.4015062678508,20.9883017212043,21.9348964927787,22.8251937807198,23.4702414506676,24.9851012872715,26.2558963370641,26.7935055439504,27.5781478332739,28.4228960340386,28.2246023973244,28.0813078727154,28.0095646481526,25.7049326983448,27.6433855893966,27.973948327129,28.2974175184201,28.6725250883781,30.1057399630481,30.9157548008266,31.953896972727,32.5717343085063,33.2800751043113,33.861030336474,35.2658370192525,34.1711421676113,34.2791978761801,35.7904439802656,37.3424346661294,37.2352100236367,38.4662363680686,39.8794045214148,40.5075364575275,41.5880567828856,42.8800650116365,46.2588614873049,48.3479834447116,51.3364918504164,54.7698011211225,54.876667775113,57.1026981036152,63.6233543922134,38.6507774514461,41.1077480418627,44.2757204020864,41.6347036550167,36.7164514919733,36.7454939352735
"N2O","mne","ktN2O",0.0401612486242648,0.039919255793537,0.0399035142069061,0.040017323928094,0.0401243246579662,0.0401226409724867,0.0399902217377885,0.0397609561257757,0.0394790750344679,0.0392061227576171,0.0389737770827409,0.0388012444606687,0.038652965156427,0.0384800812678535,0.0382121347014792,0.0378158454536887,0.0372711297171165,0.0366001739241616,0.0358493692211512,0.0350850903216123,0.0343567141965954,0.0336902796478411,0.0331016563274937,0.0322739905365353,0.0313404238419212,0.0307525621028715,0.0302150675034449,0.0295897968958575,0.0289495826929357,0.0281418961377883,0.0275678652052689,0.0269473196422824,0.0262619467447169,0.0257104947876561,0.0255660778571576,0.0849252367679062,0.562700590165082,0.520515762582641,0.521852945525254,0.485597012421798,0.51236762077755,0.474853565583658,0.484382902998235,0.49460772709888,0.497298837154453,0.508298523615215,0.499732408861522,0.481838569119226,0.484070676103291,0.463995833894523,0.454945657078997,0.424861483496327,0.422901647844991,0.419375097656563
"N2O","mng","ktN2O",11.0079753003524,11.5777374775309,11.6757940385134,11.8188944093467,11.9837391084614,12.4455305581193,12.6289419509075,12.4083515139721,12.1100290677557,12.5763513287059,12.6751404650007,12.4285056253125,12.5482525381322,12.7971363629004,12.3729118181722,12.3891793691759,12.434801727368,12.6869156882588,12.9793206342161,12.9353686657073,15.8157717459182,16.3699179024546,16.1639983289044,15.9663038791841,15.5239819177721,16.6341808747319,17.7811750620741,18.373046656488,19.2414303800881,19.9926591905523,20.467483788836,18.1217803779255,15.2317991932402,14.6494651421884,14.6250306251279,16.4431819255529,18.2958776195236,20.5020474494354,21.5849158229288,21.9603743626874,17.7948040461421,20.6159253208166,22.8071930146304,25.1727083147471,28.251248019193,30.223404367452,32.7920421611998,35.4060103632701,35.7674654910921,37.1383472325373,35.6491229816777,36.5435239991933,38.8020857132423,39.0904832496344
"N2O","moz","ktN2O",4.54568858920101,4.88781349953855,4.79956118383665,4.9921720332867,4.92148926782469,4.85138238238935,4.69468884689587,4.82987586762978,4.96180120299679,4.93401561065173,5.15885457188479,5.27368160941007,5.14901916158886,4.77719983253336,4.73431867552409,4.82616273643813,4.55203018619729,4.51722331369464,4.59218590427541,4.60989837308685,5.22274575595888,5.23160419498437,5.57582994636367,5.88926200080838,6.12686486704349,6.33408459590445,6.59186500392406,6.54261826947437,6.96292237242565,7.1044671811747,7.82730601541009,7.14526364230183,7.56716188287358,7.18141302994789,7.66538457260399,8.14393745411473,7.55784170143285,7.49639629481623,8.54721173607593,7.52312311316126,8.14120454960586,8.87216890845065,9.28237848663549,9.41486068030549,10.253935947938,8.82904765444671,9.66657677588662,9.26480196399748,10.6153961051791,10.7799327375604,10.8808966510301,11.511571989873,12.104027019553,12.1804493214968
"N2O","mrt","ktN2O",6.02596347512189,5.82892622812353,5.28476753278521,5.18619014343803,4.37371075620882,4.50313556184023,4.73317610853156,4.95293919794421,5.04194778108214,5.10100404254401,5.2004429022186,5.5640383661131,5.71321043756788,5.08926786387936,4.7659181190948,5.13755394818287,5.21561036601963,5.36116008530517,5.59373319934205,5.81075700127238,6.10975679104673,6.35146241772554,6.13634144601998,6.22710816793637,6.07841663874434,6.13249602845183,6.6390700755711,7.0066638169529,7.37856306505704,7.98981876194536,8.14671396558551,8.51093035644486,8.74851710476652,8.88567507047065,8.61834275849643,8.70182458910569,9.14474090813173,8.66973622476715,8.25418098311977,8.92602313960858,9.16567815921164,9.42823569003532,9.7370711715873,10.0212766714978,10.1667931809545,10.7531132343212,10.6347142790528,10.6499704668043,10.6775452009027,11.1068487145373,11.2035577672576,11.1374388632865,11.2178597485998,11.228666067446
"N2O","msr","ktN2O",0.000675821380204204,0.000685900416126898,0.000733144141427641,0.000725201845905086,0.000704699095335544,0.000765963286286901,0.000749007516404849,0.00080570825250721,0.00081508418842564,0.000817491465219489,0.000828694435873809,0.000845397687351117,0.000841532700796436,0.000848048399078404,0.000881967665327308,0.00110935038569101,0.000862684090191695,0.000906156054480798,0.000917719181300503,0.000913187989582471,0.00111437264946595,0.0214894551008611,0.0218294553906923,0.0217213832630903,0.0220341452890187,0.0224368285815864,0.0224240318216971,0.0224541559252613,0.0225348454800012,0.0224469764049166,0.0212810215966168,0.021388828366935,0.0216267029235333,0.0216650272859971,0.0216675209241272,0.0216954112939822,0.0217821286461801,0.0222509813487297,0.0226701932871555,0.0225138975089689,0.0230100246088321,0.0223597315399749,0.0224736639522484,0.0227915465761809,0.0228777745568793,0.0230054737744975,0.0225448570672142,0.0225432444154024,0.0226283394642557,0.0227342893777543,0.0226627577993818,0.0227215787651281,0.0227360758439342,0.0227543019613639
"N2O","mtq","ktN2O",0.231497538882109,0.257911945266739,0.263395134880684,0.263516523578803,0.263306971051623,0.231538081818916,0.246847041030794,0.237521931562884,0.271057591397416,0.246683278399841,0.287345683578684,0.269727751508473,0.261538057096016,0.270138319689048,0.246480034022607,0.261329377993651,0.278668467584134,0.290920672838093,0.279082722941901,0.285654125057185,0.335972825596875,0.300836915650049,0.307705981818984,0.288551084160341,0.224110287529613,0.220290425403356,0.266552496463843,0.234269722945196,0.291732201695718,0.223420542684316,0.181099832045954,0.257524296630239,0.146859787193423,0.138599045315727,0.143899573842927,0.131052988438976,0.147789030325045,0.138508280830282,0.140146384195502,0.145116457431565,0.152645523107659,0.1521840018468,0.153167110351416,0.154727476382273,0.15400622256595,0.153264130960458,0.153047149476336,0.15401634406462,0.155434924927817,0.156440293412162,0.144856635336352,0.1497621798132,0.155360048300796,0.156093819466738
"N2O","mus","ktN2O",0.911223487508542,0.952039102237375,1.06379820627113,1.04137969059379,1.00859188941535,1.01388784280885,1.01133463355365,1.05290260668231,1.05267090805837,1.03612572464462,1.03295813831011,0.987600173444846,0.961513944168993,1.01032115207489,0.999171485987942,0.97677110469279,0.962692330959418,1.03800242346471,0.990094675620435,1.00769312617438,0.956779168289238,0.964039537330748,0.995684150100768,0.988376773920142,1.03335479001379,1.07491494806138,1.08361931239483,1.07194229184504,1.08545504615785,1.12143551188403,1.13469116438642,0.922995389851224,1.05686960670934,1.08521190348959,1.07479505320516,1.06899473811535,1.04923326963574,1.05678043287767,1.02146935016825,1.00412774554803,0.983393109535628,1.01301609813944,1.04037627171436,0.942749676149073,0.98687298814164,0.887055486580316,0.946206905097631,0.933085808348648,0.916382377758977,0.940016950169811,0.867132629382725,0.889430236551195,0.894760185242798,0.899214097440206
"N2O","mwi","ktN2O",2.01711098144297,2.08854404660771,2.18537200781113,2.31009157624595,2.33708553610296,2.51294552178573,2.78839424347239,2.73297280736577,2.94997282069946,2.85738060143598,3.07873483045243,3.32193123024517,3.35825689571445,3.35536790798638,3.45993556736474,3.48205318988733,3.71143026099669,4.03366540302288,3.69211833471234,3.77483359283759,4.04064173932409,4.38776148965227,4.57373344663709,4.4147701482623,3.5309598775714,3.99994973405686,4.27045276188513,4.4024803434341,4.50262933253704,4.42233831577281,4.75347747722758,4.33567796322119,5.26615094445452,5.36809073666857,5.76193239047529,5.82906480294473,6.39400315909113,6.96273169205825,7.79057462327515,7.65662022631718,8.83835489696472,9.18349403854241,9.17365766027419,9.64727463693466,11.1842645451547,11.7141752541922,11.3074347401929,12.4029617228161,15.0949636615132,17.1388965443819,18.1532726472533,17.5485538577526,17.6861404776651,17.7397930343833
"N2O","mys","ktN2O",7.15256783190917,7.66885900822173,7.52616290976004,8.4622576937464,7.88333833793001,8.1394114736019,8.64873400086481,8.97407390644516,9.43569656873261,10.0973926191126,10.1867932156231,9.88274374304771,10.119336339653,11.001501207088,12.1353577623975,11.9645723084291,11.5169080053604,12.0513971085778,12.5874119165951,13.7421129600618,16.5954698277734,16.101598241735,17.4145833483224,17.811515712666,18.0149061256273,18.3179770753502,18.4286873802867,21.4656622273033,23.2290153293139,23.0004274915938,22.8291924270048,23.1711223622068,25.4020957046453,28.1171288735331,30.5341776142763,31.5037114473673,31.4152347359542,32.5718492042884,34.4793697909321,29.4809224244098,34.6876244175864,35.362761576677,35.9908936664256,33.5907253645204,35.3933650131355,34.0141600958546,33.5991096532751,32.6536397011421,30.5656141399712,28.783964333536,29.4444443603228,31.7524411899803,30.2467126666503,30.4739185393526
"N2O","nam","ktN2O",5.49288634093797,5.59071718082858,5.66888491332104,5.74398166341918,6.21545241395592,4.77369710156086,4.653665521708,5.3671447358368,5.38612793431446,5.63697747870721,5.92243974005487,4.87919421479708,4.37069806627166,4.18995697830755,4.34258440426796,4.35647785786765,4.62177250729312,4.44234023505492,4.71709827253568,4.90050149319875,5.0931893466008,5.31410169871083,5.11196007989443,4.81764737997267,4.7866184230844,4.73430165408642,4.8104697543813,4.96096380300824,5.08235522475561,5.30076710020421,5.76577010811127,5.75388868917355,5.73799240063,5.78081052225608,5.68778786218354,6.9427354919393,5.8394371917951,5.75092471891614,6.13401730515826,6.09101708846779,6.17055228605932,6.22390433752243,7.19438942832123,6.64347330401492,7.08115725622904,7.1509956083348,8.03489640784654,7.59593486038545,7.62480263791717,7.48859806724501,6.61008600009551,7.23056658910438,7.74319914061569,7.74964474295545
"N2O","ncl","ktN2O",0.403963987802483,0.41168953849743,0.394002094744821,0.433802484886093,0.417155355191323,0.430609289919465,0.425038594163169,0.42421659793947,0.433791589933044,0.431940319164331,0.420971226645408,0.401338478172708,0.363881269339535,0.406640667545833,0.409439946152063,0.411370791142208,0.415205354970958,0.443676098896548,0.456689457939132,0.424720499529821,0.461446993108252,0.472786984392668,0.477301377550874,0.465566587666287,0.446103651104422,0.436720219743702,0.453904444921187,0.455720097579523,0.425692789815309,0.462416243282703,0.440835030741589,0.434347963745175,0.463191802052002,0.49388635990134,0.462212937767093,0.450835595077148,0.41560099997214,0.442039602766964,0.437726574742612,0.418262727766108,0.456730658777578,0.446505844317057,0.562202144957684,0.592667769384411,0.676064550631294,0.691262763555594,0.736437309837389,0.752297646558831,0.794622899763198,0.816311344146377,0.782014313361111,0.744627404601887,0.734157370982292,0.762431177339029
"N2O","ner","ktN2O",12.3058683550662,12.7881666162399,13.0601114290232,9.66879237118346,10.0327852453128,10.7654366111984,11.6492943168698,12.7153632460991,13.2072252576518,13.7873302401438,14.3931725049994,15.0714134995649,15.7138740262938,16.4414724715866,11.5122325954852,9.47249410159353,9.59413406948365,10.0299943406037,10.4601381010424,10.9172413226078,11.3270843812031,11.7887499488616,12.3047813409032,12.8721352926174,13.4547861694328,14.1016981576559,14.7420106877309,15.3794838980468,16.0894066923377,16.8183104688184,17.4232588066912,18.2606423122442,19.1691038518201,19.9714645169986,20.9425885890275,21.8777244421277,22.7648334401833,23.7992825809053,24.9220107918349,26.2550414262809,25.5549268685846,26.665410958388,28.1617134111437,29.5726184891112,31.1055443235922,32.404607979363,33.9783301650653,35.6399788685269,37.5008919126432,39.3953997906073,41.2267243406149,43.0958369701269,45.1706349133063,45.2405879357411
"N2O","nga","ktN2O",26.7117996384821,27.6996548498708,28.9254789929916,30.6085227397413,32.6309658181425,33.5666806588512,35.5755890106167,36.8523121609113,38.11236672665,40.6617143805756,42.699260892109,42.8624201635707,43.8388129671473,44.7241353063815,45.8669428406429,47.2815914593564,49.5280947089275,50.8416144935155,53.8189364741459,56.3779583599909,58.5410683814362,59.7008348847579,61.2363147800704,63.1703789168854,64.115634225707,64.5280706179009,66.7104394678677,68.0839017072005,70.2796854396965,72.7997467243313,74.8048766997834,78.6274723229187,80.117093454208,82.317286744879,83.6869791429114,87.7457875141617,89.4706837301417,88.4790964380834,91.6629483264409,92.7873734448123,98.9797223208127,104.441258229417,108.482882212089,112.08034554288,113.148218490046,113.130493364517,117.651173547159,123.192865776601,125.464771429126,127.181120744103,133.06459504865,132.832194253727,128.553996825745,129.048359769254
"N2O","nic","ktN2O",5.2093781780114,4.89442047827703,4.88037825552628,5.429530846814,5.44644999961341,5.55961434963003,5.9165979732596,6.42012945894205,6.45039796773522,5.63897760990513,5.38567963560048,5.64707652856807,5.53982289821148,5.58873577587446,5.80196882344357,6.0002530054386,5.81893540091451,5.12972165979904,5.89739261509787,6.05058819875585,6.83818833441056,5.66315533203114,6.11560951022343,6.59076661743376,6.40051163199996,6.00419565950103,5.89313425558496,6.23553227718992,6.16424910331522,6.98593973707418,7.05007920278021,7.04802150411958,7.61724524531658,7.91192362327157,7.72863624611476,7.95514799013134,8.29648768705565,8.3145353999609,8.15665761699093,8.5296493189838,8.48977016492758,9.45127216847151,10.0191139822753,9.80110087637096,10.5531780590221,11.1296289496421,11.2027992607315,11.5342787304149,11.0677565990535,11.3887483611639,11.9064288595038,12.0215209082208,11.9822126822955,11.992195338399
"N2O","niu","ktN2O",0.00219446715793234,0.00226791897549296,0.00231797665507354,0.00294340502256861,0.00289712462109959,0.00295783057493034,0.00302558838991154,0.00300421261261813,0.00259917042282439,0.00258042769654684,0.00225835759389123,0.00223217412420445,0.0022183778569314,0.00219250523210303,0.00209663814368201,0.0019348950622589,0.00181238650589581,0.0015039111050136,0.00139240080565473,0.00118112155171107,0.00111923810367235,0.0011171330864732,0.001124264066273,0.00112111655281812,0.00131899681710865,0.00142951090877295,0.00142113548789941,0.00139690542236585,0.00137674818142152,0.00133970588841336,0.00129538121122189,0.0013684086320778,0.00173204296864499,0.00172494465065424,0.00169427277327101,0.00169608668640559,0.00170104998926524,0.00166733292368792,0.0019675953210838,0.00175572695181687,0.00177664755992705,0.00168194492593888,0.00174448364215275,0.0017374639277338,0.00161799064866589,0.00173361650855184,0.00170895381572291,0.00182302572942568,0.00174109309259941,0.00144347593720456,0.00144128014947692,0.00145292725995302,0.00144687490522761,0.00146091941389387
"N2O","nld","ktN2O",59.256048957038,61.6294762403209,64.1347305720277,69.3109287068889,72.8392522313084,71.8337395694185,71.6172959249584,72.4052909552741,71.8984346707509,73.3776569310887,71.3567286182162,68.9715368681664,63.646696610765,61.6632985989485,61.9771674708918,59.5463859130532,57.9183707326532,57.6175348309947,55.933357147348,50.4539515118223,52.0518513287549,52.3758592876102,52.8849772980473,54.4234656731653,54.3858765473111,53.350040180959,53.5382916638736,52.595052921649,51.7113605301487,50.1691329685572,49.1403067461741,46.6154781150637,44.9232328405713,44.4279027198882,46.5014232993175,46.2781957633265,46.0557276937834,40.7408326957254,28.4833509055525,28.5063221944444,27.4324836995283,27.070249225048,27.1372311001671,26.4026400111366,26.9503534860067,27.8028247530434,26.7955219039749,26.7770297700075,25.6253531693429,25.4869199795356,24.8423064089154,23.8998113598152,23.2533650147388,23.2040425317534
"N2O","nor","ktN2O",22.1720446061433,23.3744556531532,24.2617769936016,26.1641965277342,27.7017450875124,26.9299744168129,26.8986002243925,27.3003467342516,27.0495745044267,27.273602697847,25.905217915657,24.8050252488429,22.6419836027815,21.4417310939837,21.1222121413968,19.8317394530092,18.6121879766048,17.3942140124071,16.1750332424271,14.6865370047383,14.3406216805109,13.8363579929225,12.077057879701,12.7570891427854,13.1010514622749,13.2038073692379,13.2308415748647,13.1842658804579,13.3887873660697,14.0797409854182,13.188343789014,12.946332718651,13.7179033172554,13.2145240449166,13.6350218147359,13.9721740951707,12.8648383883049,12.2297097180083,10.7466987509777,8.72482565732385,8.71662298501395,8.69782518573808,8.65453529671167,8.46055752010674,8.33677288208101,8.43362581627894,8.18673472783268,8.04474362259524,8.06653729437943,8.07079524981528,7.84143754798137,7.90484082633797,7.78760212573771,7.80238455950063
"N2O","npl","ktN2O",6.95147915244077,7.12839721568095,7.3665911007621,7.54365400690507,7.73162815376387,7.96204777095629,8.22619902948569,8.53307445967334,8.76318285513385,8.94881658276773,9.34818573671832,9.47075173803864,9.58020554010946,9.92634547713787,10.131475381822,10.2383594413778,10.4330900335767,10.7060193622621,10.8947550059724,11.2615483606769,11.9681523224076,12.1911160376816,12.3533237166344,12.3760702584362,12.9763621306829,13.4384579284324,13.7479003173895,14.0519440805204,14.4781345078901,14.1942147257349,14.099478079265,14.2188157844951,13.8864669077683,13.8221056620432,14.1658321596157,14.3365762859751,14.7128574268903,14.9593145879817,15.3675345367043,16.3462461944902,17.0725386130643,17.8652207866065,17.6984999284671,19.0145618039867,19.5187190742518,19.7789022557158,20.5038178830846,20.4835238448014,21.6849344643772,21.8075676587298,22.6839648213375,22.6953869849915,21.814240444822,21.8690930108535
"N2O","nzl","ktN2O",3.05313721964204,3.04896826344442,3.63870063315363,3.70517216519701,3.63437876044537,3.50340841621063,3.73218937272239,3.72390460555647,3.76764970206594,3.61812136671595,3.69755411200773,3.70529400149209,3.89219185533833,3.91747621749773,4.12133660522015,3.98465907003098,3.91659510951539,4.13164398375028,3.88860003240247,3.89641683604601,4.61406542665612,4.99798200616634,5.60299845727817,5.97825057152654,6.53787259082123,7.27627889133878,6.91344039216679,6.93228505687218,7.15151387525175,7.78046663878852,8.90735364038643,9.81205237363494,10.2244770589635,11.2736066354032,11.8149773214099,11.9684640049614,11.0217395219717,11.0704264506143,11.4174435262284,10.6436067637158,11.5264896901931,12.1137533792285,12.1365299649018,12.2887669294467,13.1118166287342,13.5827345602142,13.6513847536255,13.9404878552971,14.269791889269,14.2226318064774,14.365715562024,13.878796710759,13.4349878319238,13.4820140923402
"N2O","omn","ktN2O",0.488368815991214,0.51605091487085,0.552794083692648,0.601111057980498,0.669344089525557,1.03110979239104,1.14405680801443,1.22038616813934,1.14966655593082,1.16376444944878,1.07678468043394,1.14481285266248,1.14271309485571,1.1943993906172,1.18796698060892,1.2174338706723,1.26912580170188,1.28578890510902,1.363420400136,1.38836074107213,1.53095616654931,1.68680340669186,1.76954790408228,1.82730619514133,1.92040701902635,2.02780786069528,2.08237185023726,2.15724559756393,2.27417077651548,2.36972059520123,2.2478723456276,2.38804274344568,2.43411200761134,2.46388334500693,2.5807041070051,2.63900532508499,2.81058302271683,3.00077658147199,3.10103072534219,3.07709014650309,3.28962622014518,3.47795044761785,3.68059700204074,4.15902143416024,4.22560996178913,4.3257075685359,4.36576161832131,4.4484345408224,4.59161236484396,4.66441661076652,4.59944089662023,4.78836253966399,5.00304438834866,5.03755604688179
"N2O","pak","ktN2O",40.183630195334,42.8585724373017,44.9703129961512,45.6699418841981,47.7114882469058,50.7175650990816,53.7585145042045,56.3959110366353,61.1208214715842,65.0189394535513,65.2315762244064,66.3851739602502,70.1993039466902,70.4505613358706,72.581560245542,77.9084015237893,85.5618741228977,86.2955030950415,88.7658427608336,93.7066447336962,94.8213632311808,97.1409749752071,103.020417064728,105.596466929263,110.77197289731,119.266994150468,120.109932413693,124.183103095674,125.019258358789,130.051344783079,132.17723802472,134.535220255394,138.639961553223,142.258467360048,147.526551834745,154.739441247111,161.63759051151,163.029472318189,168.419631353186,182.615134758543,181.164811770488,184.119145251493,179.862281344464,190.790163994134,192.037099129205,196.943519409319,202.91411288405,212.450788166502,216.219283255538,221.731853722831,228.368645717478,237.83407081866,242.256713379758,243.005496385471
"N2O","pan","ktN2O",2.74777411605528,2.84492644406365,2.93504126917949,2.91292715075544,2.98718614165492,3.01543944091765,3.01171709567016,3.01635331805974,3.06556211084632,3.16881340382156,3.11740263883421,3.2196831079342,3.25138007184204,3.23419488378643,3.23717464427475,3.26913987906195,3.43299716085516,3.39895544492671,3.38171708441099,3.33118614730944,3.48068330644137,3.47645032646587,3.71944535411396,3.8034190826271,3.67912203832307,3.66662773634456,3.88703449916132,3.66651407972073,3.83051208465921,3.74841870548694,3.58959180491927,3.94159565148394,3.94326312480647,3.96207122449061,3.87691974521475,4.03965644981436,4.08468265575302,3.99388664486987,4.16185936645686,4.26309155801056,4.42101318637553,4.45971612867155,4.68459951401247,4.75741223374936,4.45904255226674,4.34528168750839,4.26673062613484,4.29330486092232,4.43373891890849,4.46756983633841,4.53140107337233,4.82901825139571,4.54309628154474,4.56141155321213
"N2O","per","ktN2O",21.0232878176911,21.6665678793728,21.4319015638187,21.0512938473946,22.0050623560283,21.4306118172154,21.7975464834141,21.4172799644053,21.0408711270078,21.0450377637828,20.823321911748,21.5309980406921,21.0339524658394,19.6732683137249,19.8552248115583,19.6911158596594,22.1811182103044,22.8088468929304,22.8061728557821,21.623923503067,20.5064062700585,19.8600479923519,19.8171506265734,20.4941718624512,21.2897710714247,22.8971075295457,23.3957271685365,23.6789352593378,24.6466548285544,25.8010808600737,26.3636019323895,26.1849990168123,26.8214323945589,27.0087977051691,27.4382669219726,27.0537663364575,27.7677053772136,29.0852661728255,28.7025424724039,30.3951248742488,29.9012496385802,30.753230901917,30.6420746434407,30.9855445589145,30.8054554198013,31.4990683997301,31.642555652662,32.5055148460405,31.0618909025782,33.1868326469105,32.3175305239477,33.7836254712442,33.0254975393421,33.1089508960883
"N2O","phl","ktN2O",20.5315315939565,21.092893590609,21.6652504656492,23.6897227700108,22.4581398037766,20.4539118520996,19.5775445567602,20.017651353575,21.5712826165291,21.8107597106618,22.3202129366892,22.1027221875395,22.8909888651005,23.5412817898249,21.9978983919193,22.4451360682231,24.5380590176843,26.2204389377339,26.7746727957932,27.3290727676875,28.0499105830944,25.8628291486735,27.5985450506338,29.212571366342,29.7049681256161,30.7619912276933,33.7076206544554,36.1316353933029,33.8334408341966,35.0074761575287,35.0950073909553,35.6926844686882,34.7883017950653,37.8331613264518,39.6020312576705,37.9959769146925,35.8447890475138,37.3979506407482,34.9505145080294,35.8535133434535,39.5145237603452,37.1469591905047,36.0011861030774,37.6379680157829,39.3198146706366,38.5381725170568,41.1220535940944,44.5901054447252,42.6269194680909,44.4516380445685,44.6621253202527,44.1930064143067,46.0406716703361,46.3910327945564
"N2O","plw","ktN2O",0.12477362955996,0.140283183421682,0.144868964652384,0.133923848948682,0.136302125399718,0.138543383764955,0.113257867556691,0.13911579166281,0.11683993434735,0.122090519279934,0.133179720110382,0.132470986697288,0.135160863808065,0.136667818393659,0.155650742719684,0.125409638342798,0.128446360483923,0.134339743601849,0.137760364938399,0.154719056265701,0.176622544731049,0.180975890951346,0.133092096588003,0.136842715038266,0.209770965624178,0.184913069106102,0.180584235864196,0.212422172305424,0.200023555659876,0.213840746475875,0.148375484308291,0.16143896573673,0.100358217268893,0.123876455427216,0.10807154797211,0.121809749426504,0.118012796952701,0.0930068759876449,0.0997680773432866,0.137000813066494,0.133903477021666,0.164542346570279,0.228945395180885,0.104413521806893,0.0929829310080011,0.0968644533473148,0.0866756415609732,0.0904099446200611,0.0961775727537575,0.100343269884762,0.102661122731286,0.106520600495006,0.107118572891705,0.110788711280879
"N2O","png","ktN2O",0.588706206877059,0.642922843531748,0.698285799069284,0.746349935215389,0.818838207190115,0.841795191463117,0.891342490032984,0.940893238302158,0.967925243217299,0.935023907152764,0.939218419015268,1.05088562356858,0.965384122047401,0.980304649638584,1.00367468429251,1.05337828926239,1.09016098272838,1.1155499273435,1.09051840483821,1.09845321402112,4.44015574919939,4.47636124195256,4.55766434374497,4.59169150387449,4.63373339925317,4.96813939225758,4.99203412011017,5.06652094543445,5.07187977173665,5.25723718580503,5.45151669840639,5.75764398834906,5.86739020972778,5.91740066653201,6.13979408324704,6.10037513059271,6.02519227727972,6.07788653782329,6.01748108232334,6.14259785736811,6.06886196927828,5.99909638483506,6.11547440117929,6.15194846478595,6.19324397158239,6.30533347708265,6.29591552554692,6.42045380168334,6.50803676059933,6.58361092931037,6.53485753804089,6.55136659452733,6.71144120464162,6.73261766601351
"N2O","pol","ktN2O",91.1475021257947,94.3207583751514,97.0632802311879,110.141423812118,116.010264387946,120.31860780365,117.086399083042,115.617973908465,116.044972395738,112.634742356395,110.816491252263,103.909365120107,102.953633162569,102.814209694769,100.419815857921,97.539681342239,99.1136984529775,96.1558404270923,97.8339744156918,95.5057804803339,83.6427666340477,79.2890975742661,79.9257508065104,81.0853527900329,82.8702570994016,84.0893746901724,84.611852322757,85.9487689202165,80.9987345836205,79.6214239769637,80.5700374916856,79.368719947598,77.2892168615202,79.8603069377311,79.0751273209782,82.4686768924958,84.2340245021382,86.5161858966353,82.1051788720009,70.5826577050626,73.2138154365272,72.1165114917758,73.1792463291185,70.2573030488539,67.7858051448945,68.9935306353283,71.6213234281213,72.5916230689251,69.5038042418353,69.9580093298362,67.5009878761379,67.4624492208679,67.1833033928009,66.792041623293
"N2O","pri","ktN2O",2.06018564210033,2.18064158601078,2.42944140667753,2.61610883880986,2.51183304617427,2.50191936657585,2.67008139422301,2.89675691539349,2.8948639830036,2.58640600748222,2.28219365060115,2.1590355463012,1.99124379388903,2.03929622623557,2.00324906703611,1.91170718898337,2.08316270442304,1.91762957066382,2.15440287621248,2.23520632062267,2.2895080774881,2.33104132191061,2.10118119817106,2.12133048889685,2.38252831331716,2.31854642869405,2.32789817809649,2.38922960997928,2.56083613925436,2.66481644583757,2.60877928125737,2.53204002713978,2.82863453539777,4.12336874986157,4.26901787926226,4.31686737601659,4.16475272722696,4.19550777827765,4.05459185387863,3.95398917926327,3.7576380544047,3.59879956065556,3.47634852293453,3.43070179684025,3.54207836502707,3.47790143261593,3.6348828557388,1.44630820356691,1.50693735788245,1.51609796895647,1.47775107209649,1.48054401902908,1.50384228973065,1.52206226197025
"N2O","prk","ktN2O",21.4037728259662,23.8862360610646,24.5615882678832,26.2108203380343,27.2413476696347,26.9683529159181,30.2127111041796,31.7310233822723,34.2534801728214,34.358053305581,33.9305773046357,33.4920370818927,32.7055012470164,34.1658398428246,34.1531347441283,33.9182379425519,32.9923830575529,33.0050020841395,33.1947755926641,32.7223396652584,29.6847743438878,30.0203292372883,30.120778700114,30.0923897635218,23.4490826539234,16.926609380265,14.4618469951167,14.2456870172335,12.5867995567838,11.9951455227272,11.264990535349,11.9290206713139,9.56958878980146,9.39745413330454,10.6288349136821,10.7104635268462,11.2895813532862,10.0910847145115,10.3580084661909,10.8812342431418,11.4034959762803,11.6250475434155,10.732186743474,10.4566032338319,10.0922246764965,9.52426274257674,10.4261742221711,11.7702462977638,12.785466299966,10.8017054037217,9.86601193199195,9.22719906334201,8.89274600036127,8.98886622715144
"N2O","prt","ktN2O",10.0063581086136,10.6824217300805,12.5123518442923,12.9170500207998,12.1079990667757,11.6346673704954,12.2681078150278,13.5642117202949,15.9215594670848,16.3086747685681,12.4095812009527,12.1913816586041,12.4372462011366,12.4682982005822,10.7964619512618,11.093922317439,12.0761800099206,11.5483555424769,10.659939054093,11.0720815851712,11.2849162588745,11.038146714516,10.9574927747208,10.6605152561618,10.5137184886038,11.0894492399014,11.302594365172,11.2176288271973,11.7646792264921,11.643984344663,11.5503732626525,10.9908855842836,10.9606729429182,10.6917402340219,10.6907570720487,10.3948945964909,10.1825834785847,10.7437626756834,10.3767787094936,9.63901932823981,9.4534963997347,8.0859390533809,7.99984527115372,7.82632852923772,8.220579618843,8.15735465818419,7.90735719919751,8.06900402587366,8.03095305179638,8.22272473046227,7.98747529562549,7.81686517046717,6.9477201213458,6.90789813157938
"N2O","pry","ktN2O",8.05817078163847,8.21171303791433,8.40812683468947,8.83196687547889,9.04465812177675,9.41344954532736,10.3337183649713,10.7873940075727,10.9135921749893,10.8461903394849,10.9328282044659,11.6851751985301,12.0405392778579,12.2386048921006,12.4947061217619,12.9207412373959,13.4034476898756,14.0395923898473,14.9196463534372,15.5613447411514,15.9408516429925,15.0042096093805,15.4032223119749,16.6521033376107,17.5426349946705,18.7257403890831,18.6728988395922,18.7357795597768,18.8417853337669,18.3698576048256,18.3342758794061,18.6837058594882,17.7430316474319,19.3202451413762,18.7679644651527,18.8329611319538,19.152963063098,20.504133116428,20.0498885173406,21.7810764136702,23.3455956241531,23.9600623860445,25.2004556650358,25.7357085461465,27.8717969502683,27.2782584459457,26.9561114328194,27.2631307639728,26.7743511638827,27.0032202763293,27.6905431718125,27.9684139153619,26.3983867484798,26.4236033729224
"N2O","pyf","ktN2O",0.0698597759270439,0.0706973572464497,0.0692898447799307,0.0663226138379594,0.0662959090861825,0.0693425298756813,0.0741750370790658,0.0782586538969062,0.0837227222245239,0.0833407587259301,0.0865454618126299,0.0984262457141541,0.103001589870416,0.110294560864601,0.136531582670953,0.128472871012042,0.134949930478843,0.135839733030118,0.134047919821351,0.132577368621891,0.145008158443285,0.151345353513004,0.159534864164789,0.161701631900897,0.146309422155545,0.141763467980534,0.142974172989941,0.150604963020244,0.160081643695711,0.164140398628643,0.142740569010136,0.14229623599555,0.141070109050431,0.147937883409632,0.147611497000061,0.143087077165144,0.140204872853796,0.150312749701249,0.156871223738707,0.142208293430753,0.148231765899911,0.141969833833826,0.141418467860942,0.141536329603516,0.137222937104854,0.142209405321806,0.136795823761825,0.140543688358881,0.142085838276425,0.147608496962067,0.145863000753973,0.143503423143908,0.144269834111558,0.146628541597527
"N2O","qat","ktN2O",0.314563526930724,0.375987178313604,0.443244924541082,0.488802550487391,0.43458885402115,0.427134909123052,0.429794970634605,0.420553359692689,0.459129621944071,0.445490808842088,0.406388919045738,0.360951653381426,0.366615666245951,0.357658951897182,0.442645537191428,0.45455071531885,0.488545504192761,0.519137486793589,0.534892952516241,0.591294030324632,0.583223602303921,0.607648552685399,0.639498323187352,0.676526168835108,0.801723209505655,0.84294444447466,0.799797718746097,0.916088594006047,0.940713631393737,0.958600971250721,0.906048032765691,0.836928720991481,0.962546352797112,0.966186108562382,1.0221207778567,1.0848699221354,1.20383000071434,1.4311420512489,1.57485808794,1.66928275050274,1.87757621613317,1.94239078309304,2.0460655025644,2.29308615335118,2.51269965390398,2.49298045862017,2.73039610014471,2.8441198217015,3.01130315050023,3.12465947486015,3.13808106888648,3.16891983322972,3.16737202004693,3.20726577853856
"N2O","reu","ktN2O",0.307380319143207,0.295796327562545,0.277204941214063,0.330666535085188,0.318058201285978,0.318974200675886,0.338266719842248,0.395759808402004,0.363047830044206,0.331209093088529,0.267463148008865,0.370009095068333,0.331012449540722,0.393028373463665,0.363715848104504,0.368055199523108,0.38419294249615,0.412440150443125,0.44779219731018,0.45401673314639,0.433536687648158,0.52230092686206,0.508367125827642,0.531082810502832,0.492626088906616,0.516642381604346,0.520370850085324,0.495126652315997,0.520872803570264,0.527787421130082,0.535967099964546,0.549582272468015,0.522927001888753,0.538372066304946,0.562786516880096,0.56103614085286,0.563246039293879,0.503766013114923,0.523478608857996,0.544331491509791,0.562514428634431,0.56438990635714,0.563757670269218,0.556215724302611,0.558711032675522,0.55730605584328,0.571190864042768,0.58254612988047,0.585227856209369,0.606001640850152,0.617124673466956,0.627158884152088,0.631133393635209,0.630259541099061
"N2O","rou","ktN2O",46.5018848795843,50.181435736318,51.7715081733523,55.3235311497256,57.9835145005994,63.7385792566139,60.8580966596562,61.3866081583348,66.5790685840097,67.0753903598105,63.2108286950363,67.408448464472,65.6998926701947,64.3805152483861,65.5455633492526,65.4422454194786,59.2618524667216,59.3088455736377,58.3531385398415,58.7838704294009,52.9414385723945,35.0381854715291,37.1682933423538,37.114003986079,31.260108331456,32.1531792228662,33.4234742012208,30.1312629150562,28.0885169717944,25.2695924778433,28.7888899256344,26.8910763082448,25.0520942263607,27.4477381523045,29.4345878784126,30.7576003912488,27.9554419968352,29.3452250401499,24.3577222691641,22.6364405186839,23.7358039708902,23.2331863606149,22.1444028774396,21.2960729927854,20.0616702177877,20.9413059864286,20.6294979136612,20.9407372729504,22.3699602583889,21.6737981104087,21.6522491780167,22.5555085797771,21.3495962967454,21.2741508122291
"N2O","rus","ktN2O",240.010213984157,252.408248698244,262.610470980439,274.2127941316,286.31564259939,296.129773420299,294.887393669771,298.572818768314,304.369202194732,305.072559175469,314.557572717833,313.155220200519,317.46035205945,329.136209957926,330.194078281321,334.659377214629,338.668169421999,343.258705595811,337.70992081854,320.67169321592,345.628176662311,330.3083899659,289.418625951461,259.620176048275,216.204571133755,205.634727362891,192.0685184204,178.885678531348,169.311807032233,170.298894560009,171.538525699094,174.051316930461,169.590013028351,168.247100377095,167.615060000701,165.10673082793,166.921520256475,171.419556422422,175.247417074556,173.372962034427,173.459178132305,177.36083621972,174.216083165851,174.054653259514,174.392054469945,177.501994164458,181.851681163726,185.158258175813,188.863234724072,194.723827753906,199.740578374429,207.259940821471,206.513646024117,206.805528079952
"N2O","rwa","ktN2O",2.26611373971912,2.3461244381649,2.36824253944561,2.44620537044989,2.40651669496451,2.46956151873984,2.43606106564865,2.49698893419858,2.58638911481668,2.49954351045914,2.59035349379411,2.64101129071372,2.70977827242553,2.77753654612603,2.76420567644929,2.8937847247996,2.84815640033812,2.87310261742533,2.88580563792537,3.02042204949708,3.02136837723666,3.03528797853599,2.92275204459199,2.81674165362777,2.73035362137546,2.63680506280819,2.82695429923085,3.10044754379438,2.92870388208718,3.22369224964638,3.01289962846932,3.17680998963693,3.29669621440645,3.60921900072084,3.8680106329423,4.02642132123806,4.4105143731598,4.70959511478552,4.97710331008644,5.11786209619441,5.39145948804504,5.25846554081104,5.43144903629239,5.57355312275394,5.54497142356797,6.37191057561963,6.1355481751382,6.32862280755957,6.17655183670844,6.25169207899955,6.39429427386778,6.05096016605225,5.75752409337194,5.7797023850892
"N2O","sau","ktN2O",3.41395203076638,3.86135734063431,4.31177698165223,5.11243706176424,5.59193552943988,5.6170662276133,6.4983895434919,7.01699265994463,8.05322811748555,9.30825255404783,10.4691855444564,11.0159617217814,12.3669574260525,14.704443476334,14.6978802053965,15.6168886005371,16.1954653163929,17.4520012221159,17.728073544287,18.1263192591061,19.4191961883757,20.2161935741869,21.2172449788287,21.1228062588848,21.0960433377852,20.4376782976612,21.9509890190309,23.3554660041879,24.437795365785,24.7485164868145,23.8665255684057,24.2545977303246,24.7684228716323,25.3305646385192,26.2390572792069,25.9618744403494,26.4572409119228,27.95518392065,26.9344545724647,27.1379075754669,29.3242869852793,31.8127952188088,33.3325712432798,34.0530245185656,34.6651987211791,35.28064749235,34.6743499694352,34.106355908512,34.1617032826538,34.6102226064649,39.3902986932251,39.7913179026131,42.4350738343005,42.7381100094601
"N2O","sdn","ktN2O",30.3158498802993,31.0749186632548,31.9438202002699,34.3464982302107,35.5136253565437,38.0650587729634,38.2999248250064,37.7251868716932,38.7765476035901,41.9020893949767,45.1795394784688,47.4691634029707,49.9017575791299,49.2782702325393,50.9612893566547,51.5300050844432,48.4804457151942,48.2736996158832,49.7397984954431,51.1579722675124,53.354690597519,55.6856235002695,63.5949202860263,70.4217429315848,76.6688447542281,79.0792388814417,82.7544444552946,85.9277683122512,88.3380746018564,92.3518958657007,94.7864991775322,100.230299297694,101.205314516998,105.296958454114,106.863114406316,108.538757238091,109.832306416571,110.665396413119,111.43331081003,112.667663066518,114.179803333908,108.775929804932,85.5778317621984,86.4496086276866,86.8526461075189,88.7932263323893,91.1554328291647,91.5694052999083,91.4614586432006,92.1390493168491,95.4048937956901,93.5754528525664,94.2271961489041,94.3068973206301
"N2O","sen","ktN2O",5.96912471542092,6.14952044634757,5.95609739362261,5.60845932038583,5.68430917407217,5.8463014123278,6.02481262753945,6.22459379198867,6.2921650035023,6.23143919268917,5.84692219696108,5.92458771229125,6.064643985919,5.87113041799725,5.85799079359644,6.28505031527536,6.90471232560254,7.19450214892525,7.19322397321658,7.37111079893016,7.63329501859775,7.98242181460202,8.16394859073829,8.49103539587194,8.708079879951,8.69987288818589,8.97585481425322,9.17738853462507,9.38283507303044,9.71771972709959,9.92327120283511,10.1958952598124,10.0708802859342,10.0709742321531,10.3816773199489,10.4664433814286,10.5169012292033,10.7896468531023,11.1002764545471,11.824610722659,12.2930738336484,12.3508754450172,12.5937980026235,12.8636630655305,12.9694746570011,12.9421275803521,14.0243949499326,14.6023646668298,14.6873709968008,14.7643542954309,15.6320709838246,15.2095313668386,16.3900247517046,16.4239732754213
"N2O","sgp","ktN2O",18.4574672902062,18.7452285422391,19.1689147101284,20.6524539245317,21.4026120362347,20.4208584279351,21.0213844544728,21.1593363603437,21.5578255076888,21.0339416320964,19.8307376939242,18.7003380074056,17.4554280373018,18.5760890939663,17.9175520433267,16.4572713897571,15.6239907020527,15.6686787571184,14.7633629522554,14.1568626563489,1.26431824851461,6.75868969305919,12.2669722712661,17.7936766780568,23.3342600607232,28.8023901007505,29.4561632159387,30.0876684689014,38.6474014648267,31.492941452214,32.1802728929643,31.3332923594038,29.9866989154658,28.8294464575957,27.8050179071996,26.7018856382633,25.9276654649695,25.1572709945773,24.3761176419939,23.6994036139667,23.0238347263524,24.1308647170963,25.163430674681,26.5481853068606,27.8737681865744,28.9644627339201,30.2701836965704,31.6499530554334,32.8436158754947,34.1547635192764,35.4147081413835,37.0090397913626,38.5500759651258,40.0680362704707
"N2O","slb","ktN2O",0.0528336506193164,0.0583399263628795,0.0651170323363019,0.0698381993316959,0.0804004232960366,0.0843368660985709,0.0888461813012765,0.092884126062069,0.0940215753075283,0.0908187246248097,0.0922953166228832,0.0965187212724744,0.0976313092748952,0.0975062071314334,0.0989189941956241,0.0983423659590939,0.0916139118053903,0.0795901871506264,0.0790752347056083,0.0794958427059328,0.0866936534464747,0.0877951485238974,0.0898595630070353,0.0905153558228943,0.0919624880903797,0.0921888439698819,0.0936011732060533,0.095787770775423,0.0968564124909185,0.0967814853605977,0.0956766869842031,0.0982664345385908,0.100328307635465,0.102179300676587,0.104437182423816,0.105559808532605,0.107545427254121,0.112078169275417,0.114037445795248,0.112931250534409,0.115576626507747,0.115751299347538,0.118322404342968,0.119837151852483,0.119106110944217,0.123003427779202,0.11736292881322,0.118506984492981,0.149101009860624,0.125527231472848,0.126649221265818,0.125634813926483,0.126114112077254,0.127765120340951
"N2O","sle","ktN2O",1.1011309799637,1.09024910025905,1.10836858420853,1.13314969694515,1.14566813170218,1.188200924084,1.20144268622288,1.23391068717398,1.26843264024018,1.3058665626742,1.31893805005652,1.36727091978508,1.38540578461416,1.36089500557151,1.32499968452906,1.3804262747561,1.40067830607112,1.39552161739963,1.40045090430099,1.4213314492948,1.72258074650441,1.72934004502762,1.75687334772198,1.78828638403778,1.8484083810114,1.87639328381897,1.78101379726804,1.72901717388461,1.74597935720236,1.71098993942897,1.69669496026411,1.52795844923499,1.63309709343313,1.74203213538001,1.76725475389442,1.92424894247238,2.31720422894937,2.20530076492959,2.49193341154654,2.8010348103739,3.03811515834546,3.01521826615845,3.30849803515325,3.48513251134296,3.55137892396092,3.41677218138828,3.39044892948789,3.58494332201894,3.6844844169842,3.5236421576312,3.62467697819792,3.79013328773148,3.71166055252269,3.7220513783217
"N2O","slv","ktN2O",3.98832773448885,4.16256697171415,4.32367554691793,4.20913051573777,4.18311358030598,4.23619135734994,4.65354756071331,5.02315449978823,5.31603450006042,4.73236750721824,4.22241498286708,4.41652195252508,3.74179333942874,4.0174305800183,3.62235649800213,4.18888723856146,3.8491869984571,4.28652139045829,4.3987473378229,4.16684929845007,4.2106720734527,4.37534562037921,4.41095132048808,4.34101720001295,4.26877514370001,4.00254785849458,4.64505299478675,4.77299694548208,4.33049566621538,4.56895946680483,4.03368102582408,4.29965179714641,4.18182923134207,4.20470182336209,4.49127621790659,4.96362023112612,4.78207870641823,5.11806915981962,5.30704323114775,5.0198536621164,5.03332225739764,4.89177110317384,4.7428291692596,4.2641729843647,4.0388146077573,4.20338902691799,3.89340478792833,3.53769760725069,3.78951868938277,3.17115728451058,3.50743112039355,3.86769926889342,3.16225823420966,3.16133597310204
"N2O","som","ktN2O",18.3012591961434,17.9921992990896,18.3377152332576,18.277836666143,17.5463828877412,19.0425356502171,18.6914505437999,20.1858253626292,21.9133345023877,21.6516457396747,21.5686604307161,22.4339109324194,23.0820300825874,22.2388107881063,22.7029243858194,23.4260666509899,23.762966645361,24.7512990978666,25.8779330995554,25.5615915211884,23.2089040317088,19.8515083096407,17.5415559266072,19.8942987494723,22.0742695409712,22.8497556470904,23.4158273122021,23.9053418423788,23.4907898758227,23.4122524622222,23.7506599243312,24.3039516533215,24.6048608851934,24.8105801128365,25.2840655094014,25.8676148538486,24.4346799745678,22.8686659620785,22.9424699120901,23.0105637885642,23.2093521256131,23.4323845355455,23.5573077516951,23.5948596202435,23.7109771118823,23.6515008431646,23.5850748615022,23.3753173945191,23.442986451164,23.441347849106,23.5969778603096,23.2344690501807,22.9557682147115,23.0000141611746
"N2O","spm","ktN2O",0.00144268683533138,0.00147537446733105,0.00177380401310476,0.00166601789044333,0.00155224864273817,0.00187234703519111,0.00178354554333428,0.0018675520008387,0.00182228461420734,0.00176005469629676,0.00188828094752994,0.00189495309094193,0.00172383447758076,0.00175905068878637,0.00198597606609482,0.00180224568607126,0.00230100455303663,0.00287610927734595,0.00317945150336621,0.00414566392501653,0.00515982169422819,0.00538004929370749,0.00505394778547391,0.00295877550636088,0.00309410472311116,0.00201437695797006,0.00200091205323459,0.00133109614311754,0.00174032241027222,0.00173537380710961,0.00151800707464275,0.00203770793061065,0.00215164665785372,0.00243072072491625,0.00236129544557915,0.00243363317737023,0.00254943271870207,0.00276370003448105,0.00281094521946501,0.00296129411784848,0.00315408136849789,0.00259992396140937,0.00264579788359321,0.00285077415581892,0.00299281025701389,0.00299238992947982,0.00299860329731713,0.00292451055169207,0.00304962889124103,0.00307343973606385,0.00285956464601834,0.00298206887777611,0.00305175217896797,0.00309765360212394
"N2O","srb","ktN2O",3.12637511453632,3.44652777028769,3.51331536639105,3.77826452673097,3.93168677673442,3.8608485243772,4.01329289238821,4.06350112528476,4.21304923253364,4.11748471893322,3.87538919290886,3.80614065037117,3.59801239861479,3.80330561609975,3.80086023270081,3.63891154064596,3.59125662818059,3.60637666903411,3.53547943705858,3.40376024146909,3.28362482171715,2.98655975230317,2.80146018868695,2.71784731245341,2.60668878158347,2.71637454846016,2.82516610794461,3.0705383053085,2.88705014557851,2.25880212182282,2.20701906812234,2.53114633796889,3.02080807423491,3.46871487015823,4.0636701566942,4.21665760171193,13.7135237850891,14.9333554735528,12.9663990009613,15.1041735218624,12.3377731215403,12.8585349187339,14.9118325926406,14.699784304455,11.640642176999,11.5374158914569,12.5023758295916,12.163943765692,9.918337035589,10.2607332842048,12.8172625512224,9.64269199744289,12.8842773377934,12.7908649232172
"N2O","srb (kosovo)","ktN2O",0.0165267507093113,0.0166243858256241,0.0168674324886957,0.017089155688102,0.0173143121929688,0.0175180362811599,0.0177254041821265,0.017911861316803,0.0180892210200694,0.0182703451207098,0.0184302226901786,0.0186113561028679,0.0188255282368741,0.019057775366582,0.0192951624283836,0.0195503962486648,0.0197987392816332,0.0200523521270769,0.0203208185541039,0.020560871562262,0.0207836935284785,0.0210239534948192,0.02128307143815,0.0215331915787053,0.0217535537399717,0.0219814833009858,0.0222059238443013,0.0223153578266926,0.020948112960964,0.0187452200092132,0.171542979405929,0.212596136705048,0.229297352313537,0.253278269639799,0.270161143631751,0.269250671404365,0.271516867711077,0.277310127525956,0.304674975651664,0.363200343085325,0.390299546093856,0.379487644160251,0.361852289881482,0.410683888273248,0.372149891682166,0.432002253774913,0.52208519567418,0.453352089833914,0.467131530767774,0.484785032222619,0.491080775204732,0.49767394118617,0.471359574342888,0.4483723928206
"N2O","ssd","ktN2O",0.50059587684761,0.505387574356041,0.516278241497365,0.533985293115945,0.545721728192424,0.542973962063838,0.546764735270457,0.559878129187693,0.583392988780689,0.58957897938002,0.605633039130267,0.624299137855567,0.634715278307151,0.658173064027921,0.63910830353861,0.671841522245515,0.677782985554244,0.677265619600712,0.696607442500259,0.691328567539217,0.694314461723436,0.682150127721424,0.66564959670387,0.640969200930004,0.663484951573868,0.658786154174681,0.667980212965985,0.689192676885181,0.71153564362142,0.747371569005119,0.470965633371906,0.770924618831299,0.818665179373831,0.827236297372528,0.845363515240296,0.870176707629782,0.918148545912147,0.932782550585561,0.976417983934368,1.0181185884691,1.04902225278745,1.10475676934181,32.8822470876101,33.0418518412219,33.3822977634151,33.5146642558545,33.6171857268917,34.0030074118911,37.1195130649698,37.348879872137,37.749902086338,36.2324500076548,37.1701787228215,37.2015869988051
"N2O","stp","ktN2O",0.0184162381862861,0.0179454002693222,0.0171170915729868,0.0183410164030169,0.0170409721304206,0.0191730062427541,0.0225180432552552,0.0213176648304651,0.0215233181168701,0.021325526305492,0.021677182754397,0.0230328703603597,0.0235710145788165,0.0242125032287158,0.0250501575772163,0.0252962601891276,0.0256150353759824,0.0261552324907339,0.0269034727034225,0.0274654251957355,0.0304326205438042,0.0325697261332733,0.0333391545644687,0.0323302884701311,0.033899868522452,0.0347577859532649,0.0353828474387636,0.0357169098834817,0.0363951554626192,0.0377718343829768,0.0389566402710395,0.0406202946221285,0.0453224609896548,0.0480291000708129,0.0506497564590788,0.0517267220320188,0.052778511693067,0.0547315437747503,0.0578857919551761,0.0610385952078519,0.0611962175144664,0.0628376372339002,0.064613680494388,0.0683906569658046,0.0698865213738523,0.0711258278192312,0.0718266736844337,0.077143294235739,0.0751120039051155,0.0782164376864918,0.0788309781783484,0.0791788731487304,0.087041212058793,0.0873736145532511
"N2O","sur","ktN2O",0.228892983764203,0.251033280562323,0.25486949899236,0.256607518638386,0.26146373959535,0.226979209306132,0.246336633917604,0.256351244518426,0.267394653891888,0.24791752938443,0.242279835105329,0.331223998973889,0.369818032796719,0.370267645307497,0.446350934552596,0.400874593215272,0.409663871190311,0.42036956008682,0.326194768464667,0.336972880774195,0.408438561898065,0.398501274370172,0.431641463935041,0.430657901840971,0.4303266478813,0.436759174205958,0.502221982624619,0.517910404174295,0.505215686853498,0.517342466872748,0.554331841922341,0.518541015169104,0.464964858986168,0.503720205494661,0.573131727782996,0.551522042510417,0.623150073848894,0.582562896403775,0.763142173554813,0.632961890220329,0.730408903249966,0.692388536126001,0.702876340340864,0.633653647437152,0.718027162041404,0.681372048226626,0.79687798861107,0.778757936175335,0.646996456202873,0.672357161450049,0.805570052227201,0.717757276101974,0.696746502206213,0.700021550778696
"N2O","svk","ktN2O",10.6459032502859,11.1957168856039,11.6652839704782,12.2058016603321,12.7655214904111,12.7863513550754,13.0490451368419,13.323997114773,13.7137921572977,13.8731003248436,14.1518817716011,13.6249263621651,13.2252209288439,13.1207867988205,13.4108541668772,13.0288626268233,12.4242353887529,12.0342421948011,12.231288238215,12.1503771000376,12.4895563561821,9.18085460415626,8.46214211648813,7.57164302247822,8.80464221584298,9.26242091569858,9.99336848288232,9.64272239719577,8.97355065963955,7.50701654092805,8.51565220748833,9.02688363697108,8.70155657807267,8.94995119329923,9.47024017399604,9.07293491463574,10.2336423368075,9.53222931993316,8.90493041827339,8.27802689613536,7.8050389149942,6.36447214156919,6.24882154110653,5.77703769797441,5.80054257654726,5.73608921370672,5.78462488668527,5.70527472703032,5.87635834283832,5.74575016568495,5.63193733788515,5.53734282598939,5.23538385782434,5.23319690369097
"N2O","svn","ktN2O",3.88018864106286,4.19166123275713,4.21714044269616,4.31590169026908,4.55429878958165,4.74353566324776,4.8584268197611,4.98432612828483,5.18857090163771,5.1839710660058,4.99582076195416,5.52259654202609,5.61245637600537,5.47756922787868,6.20438541711623,5.81021950244714,5.71494953041208,5.66964186648716,5.69652994528837,5.3399974538302,5.46731469298896,4.55887197184835,2.88497744098879,2.77020711330139,2.91787513631308,2.77426183042652,2.62395418798254,2.82599801320105,2.75746596284401,2.66115745783703,2.71749275119263,2.68801467619336,2.60915665308833,2.58682691716534,2.42878630276847,2.38590200714593,2.40909300826193,2.36415242283333,2.27646090582801,2.21540702917368,2.19281741037357,2.21432935415772,2.17660057506842,2.09003481390115,2.03128822669773,2.06479546299435,2.05747304802915,2.00550085331418,2.02130340422267,2.15280008694616,2.12660021649988,2.04951256028125,1.98812472168665,1.98661832339314
"N2O","swe","ktN2O",19.0195597791981,19.9481329358074,19.8671065193068,21.007841276652,20.4303606355557,20.8629271253641,20.1144097093866,20.1294909020827,20.5369929853915,20.3741217185068,19.6622517141538,19.4105561472429,19.0966657043164,19.6645506407095,19.7710948909094,19.4576979679014,17.9068022089894,17.500970672143,16.5168105947954,16.1078220214022,20.2673138518877,19.9833941480532,20.7516795392921,21.0284503676032,20.8606199957292,20.3620297224522,20.7785459439416,20.5290255748838,20.4526913019957,19.8025662716958,19.5383453875043,18.696463844247,18.4393600520683,18.2801670583954,18.2542389220058,17.7906452050775,17.7138257961091,16.9769525624891,17.4246218633998,16.5386452311414,17.4046019389035,16.490806195398,15.8832253349986,15.9971482101354,16.2631902879181,16.3372189991306,16.2460973689051,16.7261381620669,16.4567117794657,16.4435332313226,16.8119386840693,16.4888886565764,16.1800541128919,16.2032381921092
"N2O","swz","ktN2O",1.31782402565599,1.32905508391745,1.34110167224637,1.43829106288228,1.44937991926772,1.49124779173544,1.48687153353483,1.50485841893806,1.57840344926101,1.64323877082558,1.68388339629593,1.64744883551536,1.63161759231418,1.70258132787251,1.52804401054174,1.58564062725321,1.63510535706965,1.6463865836426,1.63695243679815,1.70934361194574,1.8030505872356,1.8209192570537,1.86972952576429,1.62394092944157,1.58899620878788,1.60959021789572,1.61045128072644,1.58678913421267,1.56295072910848,1.53304126073574,1.54946192231332,1.4113839660195,1.51951725499117,1.60509683213293,1.6160410640836,1.60935418898517,1.58018699646745,1.59645289841164,1.58353061865532,1.61234497723743,1.65004129032953,1.70888170346752,1.72141629953482,1.72476598606897,1.70957935990154,1.70284435354276,1.671926077261,1.70470954813367,1.68151905628907,1.72913333160781,1.74595707167164,1.75277893706628,1.75880393270176,1.7605660300656
"N2O","sxm","ktN2O",0.00121375017694149,0.00120048251007686,0.00122515284945842,0.00141716210626817,0.00132017699861472,0.00137211297459014,0.00300267240271581,0.00171062169558363,0.00161579766278886,0.00165833728405799,0.00237205633578633,0.00291217431033163,0.00367918035753318,0.00208070167717932,0.0059567463647295,0.00731803081379342,0.0028527360783765,0.00293690282208977,0.00294168686285495,0.00481851862172284,0.00985246900362319,0.00908419471726537,0.00813075710008,0.0126382273216169,0.0129475315667318,0.0131653804898035,0.0126668182258553,0.0138525587003336,0.000805392587163025,0.00457170354142801,0.0108541145043847,0.0105597528240233,0.00906651933754067,0.00861697114203945,0.00836075661368288,0.00775981043962468,0.00854802322360519,0.00881452758471411,0.00843699857456453,0.0089008647470631,0.00668031995248847,0.00687489830072792,0.00633298758997941,0.00592018830291003,0.00552887727882785,0.00546456581721293,0.00512336653049009,0.00525135499627992,0.00528698111314433,0.00551075747423979,0.0047032199356914,0.00492270013659901,0.00516370238607599,0.0053887359121177
"N2O","syc","ktN2O",0.0175135618433291,0.0195369663652855,0.0225287279077687,0.023582987483228,0.0252482528025121,0.0273900502578693,0.0292701320322609,0.0275930708881272,0.029213651072855,0.0324136989425832,0.0335311217077288,0.0350478255593158,0.0509742826434276,0.0443881394817741,0.0392004129415252,0.0428573490496086,0.0448986130055264,0.0464110630682288,0.0526214346670059,0.054559542559948,0.0504316427649756,0.0575530267382899,0.0542550821390369,0.0553709339210844,0.0572633469893523,0.0607315346233111,0.0583498261256616,0.0606520356901396,0.0585332023164841,0.0587453851178255,0.078741916077652,0.0748235310563595,0.0697813142392444,0.0708950027037579,0.0884530006507364,0.0825772327382101,0.0882537329106713,0.0762812883710702,0.0806775098542891,0.0898465292324319,0.0828497030854348,0.0779499348792292,0.084188596929258,0.0771466636709409,0.0879193123210054,0.0911158728362428,0.100951518724072,0.105410589089387,0.10136487892617,0.11158547085048,0.118095658739575,0.124347795404216,0.128521233938344,0.127819928322702
"N2O","syr","ktN2O",5.96532495470585,6.30429395330231,6.24922931381915,6.28232011744381,6.80015669202216,7.41901298312571,7.85393172942274,8.52461391281843,8.92708477791289,9.80590884934431,10.1178882241683,10.7514315646907,11.3122873876458,12.3415634173294,12.1881978160904,12.0484357650019,12.3224087470065,13.0157650431464,13.5461372000595,13.7263437228897,14.6195669867437,14.0397828668684,14.1438372207824,13.8390612746386,14.8959458346954,15.6688178266333,16.2727221326498,16.7233815995269,17.5908553254087,17.7952912204168,17.280659209813,15.0733849782539,16.3915946074152,17.4875134354189,18.4021381459705,20.6265775905384,21.7587826002317,22.3280048885115,21.4432601463872,19.8707912126781,17.5774287961666,19.1362804352112,18.0345537353137,15.3802040871811,15.048480648912,13.9207689715125,13.7252983530252,12.377868175851,12.7499524025808,12.9727567059188,13.53238493637,13.4878018119731,13.9779610609989,14.1990741601257
"N2O","tca","ktN2O",0.00027322828398277,0.000278359407105375,0.000312783231759641,0.00031714169867382,0.000298303735212899,0.00034798181934432,0.000322989197667479,0.000352126076907443,0.000350132142844239,0.000353624502036672,0.000367908320061946,0.000364731477084023,0.000369499696664744,0.000368695975003317,0.000400127153142365,0.000412525931729383,0.000434988387818429,0.000439399042560728,0.000465131425104302,0.000471194527816934,0.000562105503565035,0.000571863092676346,0.000579775555057033,0.000629835189417118,0.000658524250758592,0.000732748513031157,0.000759379477964056,0.000793983159846586,0.000890442380923672,0.00092759031823014,0.00174547403944757,0.00244284265097277,0.00301786334525167,0.00323226760473035,0.00336108048916765,0.00385140008931623,0.00456368912464463,0.0053313809815482,0.00576982852958251,0.00627925557463862,0.00682668392597675,0.00566968459208242,0.00587948167723704,0.00646415717682903,0.00708177724627579,0.00723519831535522,0.00753621960051134,0.0075712467097814,0.00780504792859448,0.0086222220729703,0.00759627124107936,0.0080358276690406,0.00811716526035112,0.00825113209113732
"N2O","tcd","ktN2O",9.54965937912004,9.54087384174206,10.2093228199856,9.15230275014352,7.48137627295801,7.78074657214945,8.20847460421845,9.00337166062649,9.22971816908776,9.4047608823116,9.64216547411064,9.90429120932131,10.1482732468778,10.1442741918489,8.33613042877542,8.57403015961707,8.77989458279234,9.01746282900953,9.27027427748166,9.50440796348625,9.84532877469849,17.0487416323729,17.988282607327,18.8867736617992,19.9351964082712,21.0668685397826,22.3016974380575,23.4972452850191,24.9710681929844,26.361537548231,27.8131984017226,29.3736367400581,30.8600401678659,32.5789256922529,34.3473845039323,36.3737673911423,38.4102876388535,40.671568395797,42.9940264506074,45.4429946141481,48.0942692627404,50.6432817119665,53.5057738810997,56.5217252817322,59.7702129440838,64.9337363832698,68.5436886056395,72.6179547409615,76.8876777329146,81.4761487828311,86.1488737682519,90.0798684170267,96.037937122656,96.0740847075907
"N2O","tgo","ktN2O",1.06813582784577,1.02543634518587,1.17317519321654,1.19669673433487,1.25182774650812,1.32828903864451,1.34173229218709,1.31505086866509,1.37040507110009,1.34070444031445,1.1818645485119,1.21979625484006,1.35782252426722,1.28214446311313,1.41244469242939,1.55152184316568,1.69207905641951,1.79902801861643,2.1610966121153,2.1924405177186,2.31353102546135,2.17097151956863,1.98458654059367,1.90160461206925,1.8951807038673,1.72311314061198,2.03047530382685,2.1797546699666,2.31725201086542,2.51018550180904,2.61052559845467,2.66858194500284,2.68692393351931,2.79340787910445,2.794413227415,2.89012061632858,2.96748022851467,3.04584172470945,3.08807266722488,3.3485168323726,3.59362320600282,3.73315282921471,4.08595250351133,4.33775114146389,4.00442916820145,4.15856311804182,4.5884309096866,4.59664371925715,5.19525086655538,5.0122159720221,5.2730842690558,5.48643450826715,6.21912883850032,6.23957505665215
"N2O","tha","ktN2O",26.9691862719464,26.5179230027734,26.4057007038263,26.598811527757,27.2504674090035,28.2896839032626,30.5810531456595,31.334656191582,32.1621448494294,31.6627491749933,30.1086919113097,32.6786439394577,34.2317578645586,35.0545091036886,35.4405344297063,36.5746099486113,38.8847453083264,39.8981442360969,41.7671628213316,44.3934711743823,47.5152802949511,48.9599802238851,52.1037467049773,56.4683336548475,56.6319847207125,54.9992157450688,56.7851481767858,56.1413293481059,55.3950088387593,58.3748101489526,54.9359954262414,56.0427424633239,60.1191732015729,65.4375634471226,65.8093020889651,63.661025649905,65.1662095071499,72.3900224289411,70.9673838090149,77.5037048546505,80.5482742773145,80.4809606591433,80.2859368626145,82.0918397700927,78.4177177366574,71.9499095547366,76.6730257126661,81.1653510683658,74.745637475572,71.8096392190229,73.6849614186807,71.5825322675369,67.1252914142811,67.0460241671174
"N2O","tjk","ktN2O",2.4783927236885,2.68356578016864,2.83805798793723,2.96695029673209,3.13537709402831,3.32106670998489,3.34714916672747,3.43926960729318,3.58054598380696,3.67295678043309,3.85123895988307,3.93571111189748,4.10057860416737,4.3472518052314,4.49788006960785,4.68441375802548,4.84346082754062,5.02982362363927,5.05603886110577,4.99627008690848,5.42703759484424,5.29929534312228,5.250315505586,4.44672599619649,4.24209981442607,4.06869672784517,3.72920465719785,3.82572351334543,3.45199239615884,3.05764073949975,3.02468243732672,3.16615497410216,3.31818343079819,3.24477290730937,3.47385996555385,3.58303757474922,4.05225843556016,4.16220063451108,4.7558119500753,5.00153913923542,5.09642159824921,5.26086532523558,5.64539009084766,5.91589559763955,6.19713349070757,6.48975037934197,6.51613533715875,6.65792922274825,6.75760749546067,8.17115330258209,8.39149300764786,8.66640029773115,8.85808424772364,8.87122370528254
"N2O","tkl","ktN2O",0.000506352212876434,0.000491178689553823,0.000578273102578217,0.000568775696911389,0.000560338982029317,0.00055123669669097,0.000542217607258552,0.000533318419982401,0.000525378472821868,0.000519396025591173,0.00051488544187527,0.000512243449445242,0.000510725971250068,0.000509744279278657,0.000507353116440057,0.000505071833109234,0.000499086959894994,0.000491366289154034,0.000482184270403321,0.000472384835068364,0.000487299366917167,0.000477092650247289,0.000467643284331849,0.000459519458563286,0.000452683214301496,0.000443113024446724,0.000439762805983374,0.000438794666576821,0.000438131765389832,0.000437713846825699,0.000428949048346933,0.000479853849872657,0.000472489020076209,0.000462113038192593,0.000452333036057892,0.000444091233094471,0.00043913863159776,0.000435315069386211,0.000433883374870883,0.00043334480612774,0.000433693509767574,0.000435043007391111,0.000436942388883335,0.000440805410828869,0.0004439545105069,0.000444943311319428,0.000446159254128779,0.000447037246792564,0.000548291367504107,0.000650613987474109,0.000852744078184415,0.00105455228051649,0.00105638707779167,0.00105670838830959
"N2O","tkm","ktN2O",4.86551258840271,5.35540472459455,5.65056997915557,6.00665653289002,6.36221660698977,6.54190842141725,6.59337395739683,6.7631739728705,6.94035572499026,7.07374095310567,7.26190472366773,7.30030252116206,7.33403887694833,7.58716837945135,7.7511841661877,7.88500201317596,7.90248309946051,8.04419403785453,7.96972276676508,7.23279928687955,8.38544252447273,8.13860804104795,7.38940224902665,8.67068388929592,8.2773849380679,8.10384168474903,8.31813450794094,8.72585119723075,7.20346759403798,8.2007405428848,9.47217072657635,9.87843998172999,11.4005069232546,12.7769375109686,13.6388210849079,14.9117264094135,18.6427640841786,17.7707872048055,18.6877635588008,17.9896554443977,18.4049745649149,18.2719897608266,18.7192407647535,21.172365612495,21.8771382245212,23.7396162490251,22.5662427388465,22.1529196556517,22.7161463102872,21.5522894862057,24.9140794369377,23.0296985642803,25.3923527777421,25.4216593686709
"N2O","tls","ktN2O",0.589346068092664,0.61788885139042,0.652128384577085,0.64938236345476,0.636157661003563,0.566540815857467,0.50047624652533,0.416677141192016,0.354513049372198,0.272304570753877,0.228613085378966,0.22670262590892,0.241373783474955,0.254445881800391,0.258211501835258,0.276216841478988,0.285715701406208,0.292498178492797,0.296112938586485,0.336314077551406,0.363872946164601,0.396968329752991,0.428979631963277,0.460460923693529,0.558229122069542,0.567039490780797,0.589987774503637,0.610020549150084,0.653220141838426,0.545038966205939,0.574672272160638,0.670144568467918,0.672229720359043,0.656747601945387,0.64074482381769,0.664673049765744,0.678308569105351,0.6922323130006,0.705786175511528,0.719457086814278,0.71369668866723,0.738174178875058,0.76999834279,0.804509423976554,0.812759265147945,0.915204121015416,0.91810665312055,0.90856308055547,0.917584360331083,1.02192161427099,0.944206811903036,0.893292453085699,0.935967599843713,0.938255287872118
"N2O","ton","ktN2O",0.0298585408803807,0.0278528210056949,0.0285952006378508,0.0324904826999791,0.0341320281865966,0.0431495772254722,0.0468208128607359,0.0526013194470916,0.0676632705842204,0.0689953664842895,0.0703283661861279,0.0800546177780218,0.0745725063060943,0.0621409957329189,0.0581596200955991,0.0687820667062901,0.0681087281106711,0.0769898187295741,0.083189783995269,0.0801324695592418,0.0750271732960278,0.0767445271395313,0.0790663070337646,0.0787973475511234,0.0817901948841743,0.0774839556293702,0.0800680412765401,0.0819224731474475,0.0833215336228215,0.0856972562002632,0.0799394718770527,0.0832340687616751,0.0843984243565592,0.0861354201022606,0.0850795046653247,0.0856018474600395,0.0866986774922808,0.0866522230807818,0.0899602096892907,0.0898351594974147,0.0875420315529486,0.0865544865355069,0.0888123308530517,0.089264550235054,0.0899769055596799,0.0909071986862204,0.0918601808034843,0.0940101109761821,0.0929436498224737,0.0949884854396754,0.0951269755057679,0.0961723819725237,0.0958729400623378,0.0962590168967198
"N2O","tto","ktN2O",0.596746261455998,0.613282081419685,0.653615786726777,0.687557868470062,0.653123504230661,0.639175465515897,0.662007434483332,0.704052400673164,0.721779707294481,0.72320780313238,0.72171846172731,0.713453107137621,0.772759554025944,0.784914313354553,0.81911769932176,0.830835120602604,0.797586298212435,0.793538675908816,0.714188061763143,0.716148216453307,0.795709365761878,0.814081841767554,0.816742484750429,0.743701819972093,0.737979098288831,0.776313395356382,0.867998639282643,0.877917284411954,0.884902718596104,0.917792615569625,0.946001056231661,0.879118318590875,1.02205843362546,0.997735983277396,1.07133679714698,1.11557251287639,1.1466400881284,1.16754634408665,1.16946814850884,1.1964190421901,1.23701395602263,1.24967200408774,1.2710476477837,1.27987588350113,1.30300210948035,1.29176714636052,1.24561910483235,1.25342832512859,1.22390729232029,1.15866568969172,1.11976373291116,1.1072284716949,1.10682079537,1.11008327057794
"N2O","tun","ktN2O",6.34756011308133,6.94485540040921,7.26212069962698,7.64399333016348,8.08667131510925,8.14097267412672,8.23108255792341,8.29456838966087,7.93569209918794,7.47489099407226,7.6790061105999,7.63798167701864,7.73827141135095,7.66367742432595,8.11698623504694,8.25905283357103,8.12117556406557,8.2793169099375,8.11788499941457,8.1474415644567,8.02812872538381,8.73582402939974,8.64208124646291,8.65694100484833,7.92593371939723,8.15184358430469,8.7947557514775,8.60730700783085,9.09179448079891,9.46720286710303,9.89333063950842,9.76562847679172,9.59443993364903,9.43242876408235,9.80603766634965,10.0895626289828,10.237297030881,10.6118334932165,10.5172907661679,10.8162508704371,11.0250270195583,10.664306287868,10.8254594192639,10.3715163352281,10.6799150580933,10.8800043211654,11.3473946002022,10.9124880414552,11.0995526122885,11.0157480252088,10.7275447104642,11.9548851147253,11.5585056361706,11.5798291630895
"N2O","tur","ktN2O",24.0533918610615,25.1353409224173,27.4782625747127,29.2590503509686,26.6473995313119,31.4782921647161,35.2845074386468,37.5455005021162,40.8301954756735,37.7069530390686,40.8401906117919,41.1930801971566,42.8306982856826,45.6025606200565,44.1245804246116,42.0469395503049,43.5251271165659,48.2944342848424,46.9957456811948,48.7346747478823,50.7648258103218,48.7276983150633,51.6396778863911,54.8337635079036,46.8709534952901,48.9829187751711,51.7441031877577,51.9086951546728,56.5956644719534,57.9115756474152,55.6527471922832,48.5756646529019,49.8197435100956,54.1380449600448,55.0204971201886,58.0455193747289,61.2451419744753,60.5035454497075,54.9125483865086,62.9082676626005,62.0578533838884,60.0523564931332,65.0099055387896,69.0464579110386,68.1041443566124,66.6034246853217,75.0563744821935,74.288753576528,71.397047518013,75.1502476940096,84.0261814010419,81.3131444861748,76.0701676171685,75.8792090855566
"N2O","twn","ktN2O",4.68607525963727,4.70591287256336,4.94340899138442,5.39196544773525,5.31598042680409,5.44405287688635,6.04291136619689,6.80276843854054,7.46848761192004,7.55659575290275,7.70397229457593,7.27838235834704,7.27401164320709,7.93400997824866,8.53470647721763,8.53378674546693,8.68441650032915,9.0273471328989,9.78564876315323,10.3737656132593,10.7599820966375,11.0929018148412,11.8378872480463,12.3325146849276,12.9210128359325,13.3463076088485,13.0704420137806,13.5406723251117,13.3653070070424,13.4088756464583,14.1143333492948,15.4100617556831,20.1444198198946,19.1918930555756,19.2954949261107,19.226479467966,19.6433001854634,19.5027062965828,18.1407334575093,17.62417089683,18.1871638967526,17.9786924292411,18.005226715959,17.0679396623718,16.5865332375086,16.4412783567211,17.1154612604071,17.4852728687317,17.2401853049486,17.2828819132365,17.3720458765597,17.4795243426766,17.0527582611751,16.9983413259919
"N2O","tza","ktN2O",20.9972162910171,21.4799563376929,21.8234011490649,22.2177954169107,22.8287287711922,23.4413127999586,24.3241566572638,24.9660101860569,25.4917342337235,26.2724332923508,26.7120667429797,27.4084837883708,28.0312502762972,28.4845761020642,27.2216546341695,28.0172070428019,28.38252094646,28.9588968509756,29.1191608758384,29.6122445195428,30.6572636888864,31.0715664070612,31.5081112756487,31.834743329484,32.5195723662724,36.1690267775426,33.2309816364396,33.7551164194823,34.4394095222771,39.5678122222019,39.2405272190079,39.9910416131488,41.4157441369546,42.7265495075957,42.9857022497343,43.7864754745055,45.8713522918941,46.1813930415253,47.1774162187378,48.4222830621009,48.9655161914407,53.7488413992769,56.2403591718782,60.5491013392331,62.5587790410563,63.6851193777065,65.2414637170374,66.0314128960976,68.0869719316701,69.5569500160525,73.5918087703962,73.7001411256569,77.0065305324213,77.1925107108728
"N2O","uga","ktN2O",9.42513485105507,9.59292982020992,9.92335389506534,10.2013704879665,10.3380633120153,10.6378135396185,11.0080380004469,11.0505955327199,11.8327123165429,11.8443383820861,11.1453267210893,11.2017578126662,11.4461534125784,11.6745897615516,11.9865778317399,12.2613460977056,12.6367571162415,10.6651191518459,11.423088850422,12.1022877645767,14.3362040129271,14.8974056455226,15.1984316691834,15.6306462780948,15.3252214658177,15.7048647773505,15.9921632081075,16.4101954609929,16.9563451597022,17.3747198974544,17.8834567761645,18.4675829866656,19.3638579259037,20.4139493344016,21.0366548625628,21.6315449611809,22.1448275614922,22.824366812181,31.0464989535748,32.0578615575791,33.0093290386491,33.9992032422066,34.9194652568107,35.6097978752405,36.4328982517616,37.3912535034835,38.6274006241547,38.7286386814259,39.696070942907,40.0847522989943,40.0672042409231,40.7340832633061,41.0255520471612,41.152322235602
"N2O","ukr","ktN2O",106.512515593106,112.896548058122,117.849500781278,124.368943386629,130.338846912109,133.018180766474,132.433774446243,134.468685480155,135.395726538204,133.512938158693,142.017697050688,141.120182716722,141.768355206637,146.220972766381,145.661811549908,145.110973710971,146.552601376633,148.061924641598,140.03661216277,134.941538384881,134.354155590812,125.836499955499,109.552721117005,92.6172417876434,85.0277364807534,76.8564363955233,67.7017144578561,66.6371959215211,60.4580909787561,57.6369039749195,57.7938203789555,56.6567918518706,61.0409998085648,60.5111176764347,56.195343017721,57.5895626601865,60.0960707905731,66.596382404504,67.1710779356585,55.5181308061897,61.3918939870219,66.914306913168,66.7080779119166,66.3411770107705,63.6302218676622,59.2223088819249,64.5770010095614,65.9120405683058,66.7712559655362,69.9262147678011,74.7574522786811,75.9503511266994,62.3905688593063,62.4777439731437
"N2O","ury","ktN2O",20.2554375727902,19.9718018164213,20.1399010320224,21.1408824593055,21.9944174061776,23.4245329051034,22.0065886478247,21.674332258108,21.4874204769104,22.3870565907871,24.4459486599011,24.9466659426917,24.6183903120737,22.1424267818193,21.2353619738405,21.7988980362739,22.2065674207458,23.4439707442296,24.5463571725707,23.1281508474922,22.1722522883323,23.0630798110914,23.8117199339179,24.2716316877442,24.004143140952,23.5679437767646,24.3801924623086,23.8898938203376,23.2629763441673,22.7365389525762,21.9626685810867,22.4343731841484,22.3202760417304,23.6185515428501,24.3755046594099,24.492747698344,25.861225257658,25.3830122547621,25.8811368105537,25.6377645461665,25.304773507301,25.1487553698612,26.2992789807251,26.2886880956147,25.8965526859203,24.8571498561715,25.7853064430636,25.3658281105589,24.9904779684032,25.4144816554877,25.1186947621898,26.7489492529397,25.8747910887167,25.8845718235451
"N2O","usa","ktN2O",1469.17507653093,1515.75034591238,1544.30774194441,1613.93036890242,1581.50174920513,1627.90653639848,1735.85122091412,1700.25555411102,1728.18656524055,1752.00676437711,1738.7871967884,1686.90519637628,1536.80853696978,1618.93129907426,1665.60426307087,1608.84455047313,1572.96038286088,1585.46742520623,1598.90184370241,1622.0737470351,1655.51667149852,1615.78220028619,1614.62420241267,1693.85383845639,1697.77737844289,1714.68241849231,1757.38085275978,1699.71617574302,1714.59991484963,1695.28578319314,1660.61069249919,1696.72125192137,1692.61222336226,1691.63254959286,1705.99554687409,1666.25891107459,1667.29455515063,1703.54527257078,1637.99059224052,1605.67884362401,1637.56242037682,1641.63007094979,1535.51310748572,1691.8472669383,1711.18098905075,1661.66683635143,1609.62417146684,1623.1902248487,1708.87100262095,1620.65493803675,1519.0421829189,1548.07615115281,1516.71186786327,1511.92569226714
"N2O","uzb","ktN2O",25.1349122151339,28.2539229942188,29.8214139946925,31.6998624233609,33.5936383379571,35.0740141729339,35.4368059446498,36.4238690097654,37.4621026446071,38.2189645209592,39.4800584603191,39.9280336743772,40.3201081750637,42.7429227178689,43.5087243683503,44.9839763421622,51.0500603878316,52.2665186674182,51.4301776705446,48.6821055378157,47.6540456096721,48.0964096728151,43.6368377062071,40.6996146578287,34.1271189068352,36.3271498414629,38.5164725672154,34.3444709438767,33.2799766506298,32.3944259037291,32.3764715919408,31.7559758629331,31.7445436369723,31.9735978383929,31.4293784281582,33.492227947444,35.1498776488938,36.5704357129625,38.3313869834839,40.43530662387,42.5776182981656,44.5511709783557,45.2062269738615,47.33590673153,48.7837604822163,49.8682844333702,52.6739614236493,53.544243303196,53.6726834243509,57.1217017314687,57.9917774463184,62.8388810718212,60.0832533284607,60.133396432058
"N2O","vct","ktN2O",0.057758319390132,0.0580481379545847,0.0581919904666806,0.0632874747043536,0.0658874080956016,0.0727600593871929,0.0734338247542138,0.0807995657482474,0.0813293243044105,0.0821410045393366,0.0827548853965826,0.0834633136147508,0.0846188148022118,0.0858628763568968,0.0894596344016389,0.0891122704290613,0.0907095668119213,0.0900746834971528,0.0924405034555535,0.0682952700414058,0.0470254061559411,0.0457366189523868,0.0459648467678538,0.0562726095559848,0.058087650051612,0.059031901957339,0.0587236857675917,0.0598333484799904,0.0670565542194618,0.0673118795675418,0.0641877628536757,0.0643195101795409,0.0392768177507695,0.0375204966511476,0.0381741317971932,0.0382080190249568,0.0393964817064186,0.0404712190528168,0.0410985435979315,0.0443219679242541,0.0428549708496253,0.0407447474396716,0.0406450275002053,0.0387771639033704,0.0394367258098255,0.0395243670442284,0.0390251172896518,0.0391711817974262,0.0388365370291938,0.0388456853071378,0.0370027339748531,0.0368416654188214,0.0366659309691528,0.0367564572166997
"N2O","ven","ktN2O",19.0078224028157,19.4964154078518,20.2868095845008,20.5256030572417,21.5747148907387,22.3271919413285,23.0232880140993,23.6926693021802,24.7614975634454,25.7382322118995,27.158675822489,26.5519131945731,27.431823206449,27.4741348895578,29.1946955194622,30.9085249281141,32.8347078362405,34.537791234609,35.6374352643253,34.2880807093962,33.9366261655943,34.8405230302431,34.5941593276475,34.133760013106,34.8921304627461,35.74214494279,36.4160419945347,36.9291872397618,37.3084972657869,37.8208070189888,37.9823523767195,39.3512917987242,40.431417006107,40.0121547070686,41.1186644456921,43.1384642016821,42.267874717474,43.6924295919855,46.3010611777191,45.6734660646238,41.8495196916525,42.0314802195146,46.3515020687761,45.7792908428104,45.4245056660098,44.4863208648682,42.8138114775601,41.4753366741077,39.1182458932683,38.1730639374707,36.7408470256895,36.4733883908767,37.8881111176281,37.9419658128912
"N2O","vgb","ktN2O",0.000922930738168272,0.000949901878819808,0.00102827738395768,0.00103551753421909,0.00098985181988409,0.00110910080486311,0.00105570746956422,0.00112987935749503,0.00113327687317447,0.00113802744915377,0.00119053921123098,0.00145467736252705,0.00145789917171821,0.00146675345664565,0.0013784345687974,0.00143986757669681,0.00135365965118653,0.00188735040032908,0.00198460974864723,0.00203040432933866,0.00231164272367308,0.012462401012443,0.0124036276387448,0.012517811085754,0.0124564666566263,0.0125002056265123,0.0129758561610864,0.0131326422914391,0.0133246803692232,0.0134343342734402,0.0132868859910011,0.0139564672611551,0.014158408811496,0.0144362396214196,0.0145754525909514,0.0147422460258107,0.0153215671914896,0.0157604141428942,0.016208638925678,0.0168906487724458,0.0174244985196354,0.0164131912173674,0.0166695096361486,0.0171905293881452,0.0175497317683134,0.0176061023761233,0.0177920830922538,0.0173826641399217,0.0183360067545825,0.0180618712537192,0.0172686856471593,0.017608552567672,0.017687528042785,0.0177810096375506
"N2O","vir","ktN2O",0.0034606069843315,0.00376772188083221,0.00389375605754167,0.00418204052914268,0.00418567556067995,0.0047181752294321,0.00482083518499835,0.00507517381928573,0.00522010886032103,0.0050118275582158,0.0054904777262706,0.00575696255146257,0.00580440460724609,0.00576796623537144,0.00609167502597547,0.00592751023150954,0.00622396825727555,0.00628093270101753,0.00644310012523732,0.00668806707206839,0.00985689275249158,0.0266279046396451,0.0270431938464134,0.0273066758183994,0.0277435591461297,0.0278249357442397,0.0280076374735017,0.0284812064309997,0.0285481339865098,0.0278862746669722,0.0272240592563842,0.0295699978864144,0.0288126238204457,0.0292803801191553,0.02909550226688,0.0288287321286157,0.0293879410507722,0.0292603091082644,0.0290215516957059,0.0291222476696642,0.0289070379432608,0.0274497276596694,0.0276890774184897,0.0279070198237974,0.0287208207843943,0.0285512580432086,0.0288059647545646,0.0249735250880181,0.0249920335041797,0.0251124287071473,0.0246319514899177,0.0246945004098752,0.0248320015929477,0.0249550134639107
"N2O","vnm","ktN2O",18.0799246843642,17.1905983064508,17.9950206572485,17.9059389455907,17.9851561027581,18.2670374463213,18.1250198692935,20.2598518674575,18.7038385859953,17.1008809913536,17.573570112212,19.9104788911235,21.6209183231575,24.6759715209853,25.2013127021908,26.7368604531351,28.4595323150153,27.7001151946626,30.6729809039188,31.1611704100018,31.8613896796597,36.1848544097882,35.7148888710366,38.0827343876193,45.3278475836399,44.9547323252851,49.3887351728737,48.6050433273694,55.0644635506551,56.757164155565,60.0083122685695,54.9734511275286,57.8692090116013,62.2931813424131,65.0941445286359,62.4975772221587,62.2183172929838,66.8464198977922,58.1398337398962,76.4513421307841,69.0550903471201,66.6810349127928,71.2656709773439,80.0879771855218,74.6464887859159,84.1800087847433,84.4275299846964,85.1457176452072,89.8781216867955,93.6530849909109,94.4126154383414,94.7727787804112,98.2977408403942,101.206290835518
"N2O","vut","ktN2O",0.207823228021152,0.231069758493991,0.23338211632286,0.259919063274438,0.273375818999151,0.285621127997152,0.29810301880869,0.287856008491232,0.276631925952006,0.268658363500647,0.264675185722744,0.262688600859417,0.27054723523678,0.279252803028427,0.281761373311163,0.296355700379416,0.300796848351571,0.308440377169111,0.311580426041449,0.31855140212536,0.34330785081658,0.355683831304357,0.378189148972007,0.402927459717439,0.406756367310868,0.407010129625842,0.408259115265958,0.409307045107944,0.41039954195176,0.415049114703327,0.391483712591369,0.369681927194044,0.371364996603424,0.386875110976813,0.393797245245375,0.400640449019165,0.408671549084125,0.491464642537003,0.497695517722076,0.463654798569312,0.474673356667429,0.4896516549386,0.493298727934212,0.497174797997025,0.503807597522162,0.449219993321409,0.358826798351468,0.322161563256291,0.327722794227894,0.328140747799628,0.32843715548686,0.330141418503449,0.328648966346337,0.329603059515869
"N2O","wlf","ktN2O",0.0015887375680163,0.00153145596836159,0.00147282133744267,0.00142841526790419,0.00139925197665709,0.00138242649661458,0.00138306481309282,0.00139713851323963,0.00142078134294087,0.0014510819587547,0.00147781487858225,0.00150129101054134,0.00152121692450548,0.00153612754496367,0.0015383071181216,0.00154268687235841,0.0015218990674585,0.0014877729813626,0.00144220383600798,0.00139149615316102,0.00154940876153665,0.0110924918820089,0.0111399128204655,0.0111932859486556,0.0111520304888026,0.0110755461904508,0.0110452593651591,0.0110287859284698,0.0110158619725192,0.0110140346023137,0.0109512099061475,0.0118648675702645,0.0120933668660417,0.0120824669048045,0.0120102429866266,0.0120825749277109,0.0120873573912045,0.0119777533407295,0.0118178681757201,0.0119022938706726,0.0119344108046611,0.0118518386355274,0.0117420795123771,0.0117152398059928,0.0116528875650167,0.0116740244512825,0.011606912019999,0.011632328555274,0.0116701459906352,0.011680405794288,0.0116779205800725,0.0117103492650267,0.0116984311905257,0.0117324220425158
"N2O","wsm","ktN2O",0.0810048082544067,0.0825795911974909,0.0839091765205056,0.0854462815009857,0.0909195923495657,0.0990256464432915,0.101434751519519,0.103203037977469,0.106450159416802,0.110930786671714,0.11144388816635,0.114454059910173,0.11365982249024,0.112172916249536,0.114599994896615,0.118290150867015,0.128003693043727,0.138875734076076,0.139047156166082,0.138879391283917,0.142520154511288,0.14440114646865,0.141603588101961,0.146537094043158,0.150290440363332,0.147531995969657,0.148481653217736,0.150011352776189,0.154062252300845,0.155686229766674,0.156421176696128,0.165652685403308,0.16727706099264,0.170190633349324,0.172623017010781,0.172653264681584,0.172223275366903,0.170577551507828,0.170153389133082,0.182427158844389,0.196229211770821,0.204804810243124,0.211253738963105,0.215231420091476,0.216366701517383,0.234678207318252,0.21355050691333,0.204553363472794,0.190251531613951,0.171399376405839,0.161607686900983,0.191561551670714,0.187192152760476,0.187986623206029
"N2O","yem","ktN2O",5.2177458754256,5.2915667658598,5.26431492505226,5.11712930061066,5.45631322303874,5.72121994849226,5.43187780405715,5.57852041812495,5.85355803276942,5.99717788298943,6.11205189828133,6.29861535739767,6.45037693518551,6.67734786073759,6.87286372033796,7.06625195334325,7.2308697242223,7.25921826532971,7.72542747854957,7.85528614084175,9.11716691628037,8.94599049211637,9.20209447248276,9.33941622102387,9.50656302994484,10.0073318731963,10.4306781015895,11.2031941235387,11.6902076253938,12.0689795977395,12.2848738482077,12.9196782082167,13.0792045976129,14.0400463220497,14.6247374535343,14.627073501783,15.100314826358,16.1011697875787,16.447504344291,16.1771174571637,16.5373788139246,16.4910602310394,16.5786657457116,17.6404065919866,17.7753665220937,16.6108219442854,16.6483183646233,16.5709373787425,16.027843207271,17.4841713118678,17.6873025370642,18.0966008239902,18.3475237848656,18.478001585519
"N2O","zaf","ktN2O",49.6712595056633,50.4906670774558,51.6682201667374,53.1498679377081,54.163775492783,56.5879711901946,57.6540854970193,59.0519831174087,59.8703215401039,61.8708942673895,62.5318738223558,63.3136582203311,62.407435938075,59.7384688734218,60.3266753079758,57.7065194505394,56.9130392766289,57.0031916262882,58.3734255414837,59.3389838517046,63.5941783944744,64.0203903080452,67.9784087531358,66.8102508017909,65.8755635232698,67.7603011976699,73.2226509975339,74.3470607102452,73.7718722799314,71.3105253922177,66.9797737900937,68.2459529326944,71.2213179934401,70.6119659945761,71.8114581424027,69.9075740286856,68.5200910383225,70.0989534599132,71.1084333547922,69.4717125445319,70.3479046508465,70.3476598916222,71.323925744495,71.1207852359254,71.0787930948995,68.8856295611006,67.9070575469427,70.7698090482571,71.4769625392839,71.5132117145915,70.4269114070364,70.8536281523035,68.5495755319154,68.5324990004016
"N2O","zmb","ktN2O",6.68370710155018,7.16520266182645,7.2993105171727,7.68244528390715,8.21355740697567,8.2474487331049,8.80678729332476,9.16429871877625,8.89521596645844,9.21439725863127,9.42457113668853,9.59008443629737,9.49630853145027,8.9189243707364,8.60537562162606,9.23206204592785,9.17873618529372,9.43041081375313,9.33923944599819,9.28033235958953,10.2337710417291,10.5565517232447,10.3390880620744,10.7172989479424,10.2832082595922,9.69533083411603,9.41062610642343,10.3686437672753,9.8792837743408,10.4423559512234,10.3357202919682,10.6001104868759,11.0180022523531,11.1149948919268,11.6619041697798,11.7477628332764,11.7727937468998,11.5755624735,11.3671812725633,13.4283355525353,14.060119930889,14.1407215172004,16.2537167372752,17.1607729003942,17.3974641315081,17.8240040738374,18.1194014870657,18.9634542166236,18.0773472669887,18.9539504277829,19.5014196583165,19.9622266117122,20.9060295675614,21.0093328033474
"N2O","zwe","ktN2O",11.6534789483168,12.8130580518735,12.7527380052597,13.1548410092075,13.3848054274932,14.0508325868964,13.9830015142572,14.1857231965011,13.5587056805602,12.6764794084848,12.8420832952538,13.116071241605,13.3703042517891,13.16781320815,13.0153945323124,13.6435093396528,14.1124840674789,14.3922386386479,14.713394522023,14.7242567393775,16.0332633682168,14.1699868802733,14.6640188457071,12.1305423262512,12.6682058950121,12.6343452639266,14.5114897188001,14.4283340425424,15.1182639249352,16.0562838584267,15.9970918681832,16.2737071657,14.8886638238125,14.493225938648,13.6536240681417,13.6707339511952,13.6293082056472,13.6935423536259,13.3935138602114,14.7543438991182,15.8560495443018,16.3410217209106,16.0140739264881,16.3690325714704,13.9332393682328,14.7960361017487,15.0944254640644,15.2347416296276,15.1179220385485,14.8848045134999,14.9218269271352,15.0192920672468,15.224504033648,15.2619561850772
