"em","sector","fuel","units","X1970","X1971","X1972","X1973","X1974","X1975","X1976","X1977","X1978","X1979","X1980","X1981","X1982","X1983","X1984","X1985","X1986","X1987","X1988","X1989","X1990","X1991","X1992","X1993","X1994","X1995","X1996","X1997","X1998","X1999","X2000","X2001","X2002","X2003","X2004","X2005","X2006","X2007","X2008","X2009","X2010","X2011","X2012","X2013","X2014","X2015","X2016","X2017","X2018","X2019","X2020","X2021","X2022","X2023"
"N2O","1A1a_Electricity-autoproducer","biomass","ktN2O",0.312001954817606,0.199883665575048,0.185533153180965,0.192619326916468,1.077926345063,0.993012319246577,0.976413693832551,0.991421797139261,1.02111060423322,1.02056898796049,0.907550189883268,0.938483260096407,1.42206356920689,1.28633996031078,1.2922965580878,1.26895523647925,1.17586392981365,1.22404236945951,1.3687436457754,1.37955855686748,3.64962115890124,3.7907469096265,4.03055918565637,3.69309392801674,4.25990179225306,5.15896585966651,5.50531949834638,5.5302521110171,5.42048574275182,3.49333804177274,3.36121720965503,3.54971719306471,3.67621168869809,3.29467410597183,3.44146265470537,4.07537950091088,4.35972254945072,5.43459189728537,6.05702955281879,6.59845499414068,8.50296659088166,9.25775213194267,9.81277694921821,10.3091554771628,10.9041284852204,11.7700839510732,14.8434647621189,15.8103636705206,16.8412494384336,18.5788881572699,20.2952119018876,23.7757616587785,26.130338626374,26.130338626374
"N2O","1A1a_Electricity-autoproducer","brown_coal","ktN2O",0.430927368109666,0.451357572760668,0.425116519192028,0.473004971669658,0.74689136869464,0.705840188510654,0.724030403870345,0.698919257079986,0.637098028600425,0.647727112849434,0.748732329813018,0.859255327503306,0.848319824554446,0.75950244292168,0.791259629419673,0.876480474285838,0.871221530745058,0.853770738792752,0.820324479799983,0.758260474595419,0.861701357407404,0.970813293244084,0.699566677178884,0.617364433217813,0.544829652369016,0.485222318307221,0.361691137169156,0.375098154001104,0.229737926538659,0.206832315695667,0.170976253521046,0.237083221904309,0.186166716868146,0.18977565504442,0.19530419684194,0.19664710722879,0.179860124389432,0.130209340421366,0.155688394576465,0.160578130662969,0.302703825887372,0.223067347046896,0.242786587258054,0.214937231519172,0.202012187938748,0.206470434507171,0.22334822457594,0.215204894940962,0.207020990352964,0.202387352880793,0.183653458499207,0.188502411477112,0.15792821316659,0.128633924973654
"N2O","1A1a_Electricity-autoproducer","coal_coke","ktN2O",0.0205172234256449,0.0224373773441871,0.0221156945148798,0.0248902089176556,0.0310078564595704,0.0334465892605586,0.0243935210755456,0.0255605655716613,0.0289384241273637,0.0291796862493442,0.0317527711878523,0.0282678786253827,0.0294339788816218,0.0314042862111293,0.0272626197837973,0.0258552574055776,0.0267398851861728,0.0250108399786459,0.0267800955398363,0.0289916649913242,0.0110170862803852,0.00138040738075786,0.00152649713117087,0.00173256681997984,0.00175582565462078,0.00169819905905881,0.00207343203090373,0.00206032246289764,0.00200163558302771,0.00197686631524814,0.00212927649210908,0.00221202757724771,0.00282850793536727,0.00274363995705593,0.00318865315931148,0.00337327926157018,0.00264557295594248,0.0162013552750121,0.0184133364527362,0.0156581052016623,0.023288174534881,0.00975189416826519,0.00723746427391009,0.0110445650503673,0.0146223178231348,0.0298772275921407,0.000670556588933491,0.000586815177317056,0.000558339344214484,0.000565656286711331,0.000555140668036805,0.000653622109102287,0.000716940249763847,0.000647016431057312
"N2O","1A1a_Electricity-autoproducer","diesel_oil","ktN2O",0.0481496837289473,0.0531253713656818,0.0562958851271704,0.0621938634903789,0.0805665043347438,0.0780783831260487,0.0876528361456158,0.0928142405719045,0.095483747741059,0.0932939249674849,0.122370614721606,0.133038714740603,0.11690808526372,0.109754956206045,0.168913669582962,0.17572538654941,0.174950052977742,0.187775081502811,0.237654578368212,0.2576095364234,0.257890804610385,0.301739264919793,0.326758143270585,0.302164396337624,0.278892338587768,0.317881614358388,0.340443536352229,0.307437753318303,0.298959937248572,0.283674184513313,0.302479291608522,0.293260001563032,0.305406302096147,0.28868718157985,0.292126495337833,0.251877690838469,0.433392463079034,0.464684160061226,0.389001476964771,0.335120610558723,0.385282370191747,0.312125807453106,0.373657241999019,0.426033108960242,0.451631728617371,0.442917820617885,0.393716684829595,0.397231277337679,0.34357157196637,0.256973288971321,0.247661519310836,0.240040476203518,0.236694427325956,0.243886129024655
"N2O","1A1a_Electricity-autoproducer","hard_coal","ktN2O",0.125506080510495,0.126495081070695,0.131554127267772,0.133247177503194,1.23677138015728,0.964392535139398,1.04405194527355,0.997120274509401,1.11159255924355,1.1715028643795,1.1738087395293,1.06376656561191,1.21269722837735,1.24219375623062,1.23327411461035,1.27410584088454,1.27282930255044,1.35647848838391,1.28400654786989,1.28717716884408,1.34700071369386,1.4053701363116,1.56895394524282,1.65496290503251,1.6225272897065,1.72398672731407,1.65963530381176,1.69366652238807,1.94494294096107,1.85618968241712,1.93845550119251,1.87110701387147,1.88128994353641,2.06482987420425,2.59834172351811,2.53060474876446,2.93523164529267,3.59186572404325,4.27539431069362,5.36351101112022,4.98500096606982,6.03383360466897,8.44639322743691,8.69022671650657,9.72085597351084,8.94920400448747,11.1070033253599,11.1275095039084,13.1834934483049,13.0781176763379,8.53527604816038,7.61862451860784,10.2829790990315,10.9121922998415
"N2O","1A1a_Electricity-autoproducer","heavy_oil","ktN2O",0.04447169604243,0.0491817108359926,0.0556854758677121,0.0894686643542784,0.650918263611419,0.610844155324883,0.614838586131968,0.651372455784038,0.697623630823209,0.740089488962791,0.722237321836273,0.631283375089359,0.474523532507911,0.459269454058947,0.421858359761959,0.388220884600231,0.394313043772865,0.393816221715225,0.370433581827971,0.3492068844354,0.344914604890728,0.391490016144761,0.441848799364158,0.43316383644368,0.43159582571484,0.4436708186832,0.469789571252824,0.645910366555764,0.558435611492454,0.457346939542952,0.370658474532394,0.385514454831754,0.300038849114686,0.397015150842712,0.404232863246747,0.360817688523506,0.555822835247466,0.482097476600813,0.450532274905284,0.394290135399934,0.405736341171911,0.452838273279783,0.42766946139217,0.378382355942251,0.380720942271688,0.389502726330177,0.441930374114846,0.418170574845931,0.441144031334967,0.460915124512776,0.456642622986747,0.47717491067526,0.472787515243332,0.483814669883959
"N2O","1A1a_Electricity-autoproducer","light_oil","ktN2O",0,0,0,0,0,0,0,0,0,0.000807017587359441,0.000281517763032363,0.00060164454974033,0.00732905337990178,0.00774493142157306,0.00916280003359154,0.00864028668218825,0.0126719674118698,0.0129265070243541,0.0149527168513143,0.0179195974014453,0.0141308369148473,0.0161758840972254,0.0173563693162762,0.0196372274023653,0.022892257940857,0.0221299649048949,0.02348811250772,0.0200908138933786,0.0144012477668988,0.0143881783324963,0.0679882743578992,0.0425048454960566,0.0181233220194559,0.0198087013258878,0.0266596353515768,0.018870527959624,0.0332698957074547,0.0293707508782287,0.0308545956356443,0.0546481245276417,0.0486924094110006,0.0368877425308209,0.0272516481670173,0.0218606617281403,0.0211652908782511,0.0217458927304111,0.023550121404675,0.0262982379825802,0.0207210846548664,0.0151819302530609,0.0184098583184608,0.047180496213027,0.0424378077600554,0.0164502204641284
"N2O","1A1a_Electricity-autoproducer","natural_gas","ktN2O",0.0731748859988117,0.0928647255263712,0.111090459528856,0.134463545812244,0.614059677156043,0.582306497067117,0.614271540002607,0.611975506882804,0.554990026467451,0.621644360700839,0.599846958309365,0.563309602446351,0.543706225937726,0.576383321540126,0.572947925671516,0.558154590298902,0.605197923134485,0.633237863991775,0.663499732856667,0.717382216974769,0.924892002302286,1.07038597589544,1.08352912676922,1.14533875541981,1.45093545677847,1.63384492156441,1.75617384121962,1.8107321761395,2.15446639279041,2.24075743993898,2.09792970987887,2.22005216830442,2.68059890195414,2.82462161119106,3.14921435391276,3.41281968819608,3.7300132700912,4.2642061968615,4.09790977955706,4.04224568897736,4.50684542670935,5.03903354727072,5.31060346350939,5.54071015395645,6.05642432720025,6.2731135929151,6.63626611033615,7.08570460484319,7.76805266715221,8.29774693922788,8.5472964136615,8.67908686787279,8.71390676913192,8.83597523369431
"N2O","1A1a_Electricity-public","biomass","ktN2O",0.430670603862952,0.384408519144871,0.403469847913597,0.42509876298362,0.293465097834628,0.293082789959333,0.299096967691171,0.328976393125809,0.314667021955413,0.34293350620255,0.491536974700138,0.589171402365458,0.558146185796219,0.651470763460951,0.723291696875727,0.909816075349636,0.637666099596275,0.629201645243675,0.687911418151256,0.79197239532202,0.679596016129196,0.641598382449423,0.668312276698672,0.677033012831923,0.67703787478804,0.674086753728177,0.747760136685463,0.850720932435031,0.850142734012697,4.80687994390548,4.93410562125578,4.80403039027662,4.92852286421825,4.89955558299842,4.81623069404817,5.07768506781273,5.02883700264052,5.09680298952084,5.25964033485654,4.76216167304723,5.03978088790178,5.10904758943227,5.10903823289318,5.3186945845581,5.67441391755935,5.75498408988244,6.22027784326826,6.34437595076858,6.62201122788344,6.34942210329128,6.50383551743706,6.75787804477552,6.32242424269228,6.32242424269228
"N2O","1A1a_Electricity-public","brown_coal","ktN2O",5.80007398331711,6.1857641399453,6.76955933128799,7.53061410737377,7.55399075938429,8.25460757196148,9.27851844595969,9.3639378571822,9.2265563130258,9.84336997789223,10.1320855324126,10.708902824145,11.2719818658094,11.6250432212317,12.0479807233287,12.274576717093,12.4055968655607,12.3967326228766,12.9332078838882,13.5198583307241,17.3890893844598,16.8209675600898,16.495621854275,16.5595288231769,16.2190440943741,16.2119021901291,16.0631018991125,16.0241177910927,16.0548764823265,16.0893668815469,16.9617994491179,17.3480010358862,17.9183006563731,19.3238807432295,20.1330153117139,19.6551153226109,19.6733013823404,21.3560859758363,20.8872040464526,21.3096645046062,21.5445206101182,24.0514568475284,24.1920977110877,25.2255063667647,25.4789788522947,24.6510922636153,26.9302705708629,26.362653118115,24.5169444477423,21.9557488059851,20.1505064323973,22.8611180343349,23.7857638486281,21.8109755038716
"N2O","1A1a_Electricity-public","coal_coke","ktN2O",0.0115917924625762,0.00984752393124766,0.00966099491271729,0.00917324391227502,0.000512584254153531,0.000394295580118101,0.000433725138129911,0.00015771823204724,0.00011828867403543,3.94295580118101e-05,0.000315436464094481,0.000473154696141721,0.00019714779005905,0.000276006906082671,0.000473154696141721,0.000512584254153531,0.000552013812165341,0.000315436464094481,0.00015771823204724,0.00011828867403543,3.94295580118101e-05,0,0,0,0,0,0,0,0,0,0,0,0,0,0,0,3.12596631575485e-05,0.000626095727492808,6.58483649890758e-05,0,0,0,0,0,0,0,0.000718301924655805,0.000766288601805847,0.000702656617628016,0.000496432010329429,0.000591758948776376,0.000570499871664172,0.000570499871664172,0.000526459059714826
"N2O","1A1a_Electricity-public","diesel_oil","ktN2O",0.345495640568223,0.400868915754088,0.603059394278387,0.536609744812527,0.576053464617598,0.485349810027884,0.514512899014351,0.620854526524732,0.657336213022205,0.53432468163943,0.50666655288149,0.46876926649052,0.395601766892751,0.42169509690941,0.428629342346562,0.412323713955374,0.366099707643812,0.401593366160551,0.430037071876851,0.489539479374129,0.421640185746575,0.428080946054985,0.441464593390003,0.463719766478677,0.494550607372382,0.582705567765201,0.655552532741492,0.549997952657148,0.493510573760532,0.491749187400869,0.520466796084391,0.467286826081917,0.582071008916365,0.701764495829624,0.659945142526592,0.69902546084919,1.03725805171892,1.1165902560581,1.09835791310205,1.04769851423221,1.01326681515327,1.14867295555206,1.12973884543493,1.06796405491324,1.11557604968086,0.999366415979297,0.839455363529285,0.791373442598469,0.789158673068996,0.854639843073406,0.76629505418364,0.824578649703056,0.949767281611144,0.870326371315412
"N2O","1A1a_Electricity-public","hard_coal","ktN2O",32.456013961076,33.1691374978953,33.6593191845454,36.2004883831935,34.6938857570965,36.359066267985,39.8123779905567,42.3842761254229,43.9161208100698,47.6162364993221,51.1155458690535,52.847584856344,53.1103880272266,55.7136255913985,57.7084449362548,61.6106914479676,62.1472563325328,66.1951690893664,69.3362309800884,71.8546187771009,73.9801358567416,74.7424248593669,76.8033228290956,81.5381488887658,82.2335474853463,90.1544394773558,97.6326359637233,99.4043768555963,107.423192407125,115.153058433078,125.602420254623,124.460989838976,130.951762650131,155.337429112417,170.434156738147,149.520437819153,157.917011142516,170.870014243596,170.489342166062,168.573095096016,183.335872606137,195.760074772956,199.189068111619,218.489738822376,225.160037901916,219.116663266113,240.316565168793,250.636613885239,257.319618452965,250.839320965623,242.252200842419,267.953928402638,278.761225607379,286.550799947972
"N2O","1A1a_Electricity-public","heavy_oil","ktN2O",6.75944444914879,7.71631439593608,9.23168730930124,10.8171140984577,9.63184765818754,9.10765232501796,10.1752051099258,10.4499940861448,11.0105560133093,10.3657628591492,9.09564344343103,8.13667255006894,7.14348206586075,6.69603087800144,6.6050064790086,5.40442156451512,5.71085357398172,5.32556097689804,6.09577090125838,6.56169432900037,6.31899826441517,6.4089225996187,6.29150705163519,6.31901952625649,6.09806052104864,6.38495734867117,6.01970256746426,6.15528557776193,5.15055069000745,4.60216270945019,4.94669597612254,4.55718367992411,3.4134508288505,3.54860544263247,3.51813560918793,3.36849784420489,4.05329033842344,3.98375531718238,3.42670487122855,2.94549452254142,2.72245796720069,2.76796868475486,2.8952272391025,2.75709024125159,2.46295660787404,2.43033037708867,2.23316643854526,2.00244484613581,1.84209190433376,1.68910301919998,1.57448495045997,1.76916827073737,1.86295292981842,1.7979134437565
"N2O","1A1a_Electricity-public","light_oil","ktN2O",0.0185770730477744,0.0352588860420185,0.0931970844572788,0.109152391594094,0.111864788198485,0.108730316593796,0.100137706519075,0.121513588772809,0.0959047249732742,0.062635012643283,0.0501270994307595,0.0416889290188393,0.0633567557008372,0.0625368576945188,0.0573472022051675,0.0255915345038455,0.0228196580925838,0.0203038804236373,0.0209770944627602,0.0301390499082792,0.0338289454408109,0.0475453599686398,0.0843955814646139,0.0814516793435433,0.0703206118742319,0.0999259647765909,0.0814067643985817,0.0459400160064651,0.0316091934372237,0.0417872813516206,0.07838067727885,0.0389300449743825,0.0517549764275418,0.0537140157334105,0.0693145120172468,0.0683482504358717,0.0899559772020743,0.0692478001065074,0.088694913432371,0.0569883570477683,0.0466217471320318,0.053276539894547,0.074618752124452,0.0494722255056951,0.0491207793308007,0.041970559871832,0.0430072257286412,0.0355912188157251,0.0347840234417358,0.0460187437521734,0.0400188356563474,0.027549464749627,0.0381597098573485,0.0394326759840976
"N2O","1A1a_Electricity-public","natural_gas","ktN2O",5.65640405368757,5.94964424227822,6.14866443388853,5.86084142063699,5.49831388023246,5.24440564062123,5.18498404640529,5.32999687845327,5.40201704518361,6.00166252374291,6.27476722292775,6.14942239277973,5.61941885925645,5.26422700647083,5.73507193675758,5.65310100983266,5.10640152822624,5.70930972090585,5.6116368250181,6.06136289443936,6.24119331843509,6.18606718442282,6.12790206513027,6.37499653379304,8.62139669532952,9.99178362529241,9.68621293485554,10.6907910651337,12.1673227391654,12.5753322616006,16.9816420588021,19.4024481023696,23.3417191171944,23.1120135315971,25.5169842811739,26.9471430142094,29.9188129947983,32.8876731939345,33.3948922354203,34.735342766933,37.5099694305701,40.0889937529425,42.0781293049091,39.732235195315,39.1050307441603,41.3015286025831,41.4901577676911,39.2484019687225,41.3721436750096,41.6994295920708,43.0354205276284,43.4805358479261,48.0479785792043,47.881231117419
"N2O","1A1a_Heat-production","biomass","ktN2O",0.618787151500476,0.630362221747547,0.725325063423316,0.700572994831426,0.633593264554447,0.662651582106213,0.617724023357326,0.68927335573451,0.812376226132884,0.826156413504773,0.926266273637553,0.947617548893378,1.02245069958967,1.15576330300279,1.46956355985262,1.68338806906502,2.02804450698786,2.09976912324903,2.07886462354122,19.035744659409,19.0674054393018,19.0666355989711,19.5230080123598,20.9494509863973,20.5582156086238,19.5406429324076,20.3093993360616,20.6335284957881,20.4996391633157,10.9299605235733,10.7847319018946,10.7662984166188,10.8232153047086,10.0560110702292,9.74126921264065,9.24697816372455,8.35048968867038,8.7042840072728,8.47392332067851,8.71379735372712,9.76358565092988,10.5117086725534,12.4791044744649,12.3751853743403,12.5668189503225,12.3298006072545,13.8754671544555,16.0084234737845,15.7682223120681,15.5312969726912,16.3769311723235,17.4029714246958,17.8040409302792,17.8040409302792
"N2O","1A1a_Heat-production","brown_coal","ktN2O",5.96677189341903,6.16139986845439,6.48636077979306,6.639573468994,6.7540185097557,7.10409132441418,7.39809062969748,7.6825975723323,7.87533030808498,7.95158336129191,8.14096595234427,8.11943295772726,8.43362780158165,8.79136348921671,9.40749323226406,9.93027111189881,10.3865390191077,10.7139306480842,11.1214964560388,11.2756284662119,6.22946670426929,5.50412540623165,4.93791506489124,4.79763159031668,4.20912790303941,4.07601958159017,4.26348558278852,4.1442875243052,3.93041227681139,3.86264802133008,3.81991120517981,3.44143166290119,3.21801691350647,3.573338889221,3.44461203601773,4.28119238922235,4.31964346411552,4.08626231707734,4.29917807346425,4.34494511754994,4.53614304737797,5.49265409128473,5.55311256262926,5.76318586309554,5.20161767961971,5.48860916371547,5.86141340329616,6.05586433252323,5.98809024954562,5.77752955030806,5.37332881387393,5.72540085151069,5.83731143353282,5.65254172979593
"N2O","1A1a_Heat-production","coal_coke","ktN2O",0.0868102044548655,0.0948778049036368,0.0896003826307429,0.0897536025951625,0.0968931829170004,0.0929452800472132,0.0962690640952962,0.0963571121205403,0.0959009732326458,0.0953511260161668,0.0947960591749808,0.0890832431345996,0.0892538037816699,0.0788729965047791,0.0472050043457566,0.0434879981668013,0.030776757865585,0.0274050815888639,0.0279645130187061,0.0255128082437788,0.0175621852733685,0.010538136304746,0.00913736626711271,0.00760834357100331,0.00684336181909305,0.00591343330623634,0.00622350452330542,0.00502845750754753,0.00373563607541382,0.0038727984440781,0.00235116572025871,0.00214845089482311,0.00151107610589451,0.00119470642338973,0.000691670056883468,0.000539181741808191,0.000449879622662057,0.000608810532927824,0.000561610407133484,0.000629578476479837,0.000469516768263855,0.000414823224636674,0.00030332571244492,0.000266451422402004,0.000315661820473596,0.000557468417223492,8.3338136856668e-05,8.30292039946593e-05,2.20302398065227e-05,3.89323490797794e-05,3.96254966068098e-05,6.17680105392197e-05,0.000133464688641798,0.000113732882894746
"N2O","1A1a_Heat-production","diesel_oil","ktN2O",0.0563981375235148,0.0597026634393212,0.0668449721974791,0.0735415986706019,0.0785099590861503,0.0811449397679802,0.083724116868438,0.086809888636756,0.0905122444326797,0.0928841715847728,0.0943610020407024,0.0985666371664719,0.0996296322504884,0.173942064227368,0.238911112758748,0.30070996191704,0.00827574617870552,0.00841317969513252,0.00725698867271632,0.00772264064873626,0.0105610501478162,0.0113633157549952,0.00964908782706601,0.0494414442719318,0.0473637677326553,0.0406424468711731,0.0400692383667034,0.019595434922433,0.017783623118203,0.0799508412856693,0.0658923270631211,0.0480661103226719,0.0322934613029525,0.0457149094755818,0.0331930119554253,0.0279799124872587,0.049482326530846,0.0448678999343389,0.0343424377536325,0.0410949697723853,0.0335699253836414,0.0244539145045034,0.0229741479522393,0.0225159099230909,0.0248381603341523,0.0235098792682942,0.0158366311085333,0.0155162429608787,0.0183357056388213,0.0172797827605172,0.0143894150554441,0.0262148196948843,0.0312223448852727,0.0303959873008621
"N2O","1A1a_Heat-production","hard_coal","ktN2O",4.15137131539458,4.07285115575921,4.24048299618341,4.51640195841678,4.78013548183485,4.9376205321925,5.30188436860873,5.4613404155982,5.91133418838784,6.06496168901702,6.46563130854129,6.09385504177731,6.29588538405458,6.42894425537901,6.76809403886893,6.94004691056128,7.06636248257056,7.53873617163379,7.60065391556572,8.26388628078026,8.17198091554291,8.45344304661628,8.84653764866505,8.85890748364606,9.27988946696416,9.38037428319813,9.87302630709324,9.3581400403536,9.34195743096371,9.3432428038251,11.1681435244555,10.7731558480709,10.9832191587924,14.0940424931454,15.1087545664965,49.2420244235104,50.702177968805,56.5909827883253,53.1174967221561,53.2221126427514,56.2564438645732,60.6066935070229,62.6900219014909,64.9036101610965,65.1192503197091,64.5803610501805,74.1158315105459,78.6196859478812,86.3124426453799,88.8945725880865,91.0506685732324,102.886312713139,109.575325112526,113.965242617979
"N2O","1A1a_Heat-production","heavy_oil","ktN2O",1.02099610738426,1.05455137536136,1.13600996937069,1.23729604264981,1.49675152229532,1.63307093200105,1.7818495091033,1.85650574213524,1.96208235193987,2.1096362046438,2.20135347535834,2.1708571275924,2.07984712921458,1.96703024271562,1.9021039119999,1.97875395392394,2.02496447344906,1.94482063694309,1.86325781988599,1.7508850212593,2.31038910852997,2.23289088892952,1.77593200612656,1.65723232309839,1.28434964045393,1.12014464714174,1.0592192892059,1.32346438407854,1.12821564307045,1.29766249074591,0.958422178408099,0.730279647086948,0.618278162059256,0.605324043579536,0.53278042972055,0.490272995602404,0.72730802727963,0.60860941023376,0.521573480118294,0.48670622173869,0.520134585429292,0.502365286567478,0.479708004628692,0.350744124636989,0.35555269911598,0.358017416683766,0.333342837182666,0.297804053509148,0.298523403569131,0.288178904744779,0.351262560661171,0.341241529773108,0.339850848928118,0.381632683638186
"N2O","1A1a_Heat-production","light_oil","ktN2O",4.74384390998095e-06,0,9.74073202412715e-05,0,0.00572672453907476,0.00327241402232843,0.0014939281406282,0.00170734644643223,0.0015294978582622,0.00160063729353021,0.000364698407386449,0.00109646002488032,0.00155782678377467,0.000861634883914808,0.000692092471075086,0.000997047528083057,0.000557850739684556,0.00102351298113687,0.00187497390366694,0.0030709428281216,0.00335396977438702,0.00356719259879674,0.00310998783707355,0.0026707066353415,0.00314034838121733,0.0142780875654234,0.0249347177183536,0.022235631728112,0.016298597781793,0.0171734967588382,0.164870144664985,0.0874245605605122,0.0204160535780126,0.0131609105842594,0.0628836659870824,0.0575081277821914,0.0826711292602208,0.0973728397972754,0.0602381655463963,0.0642484070238419,0.07670526090146,0.0805523799740049,0.0868088588759736,0.0497422468097896,0.0501994314706326,0.0706537421642933,0.0583658246751683,0.047121863741359,0.049610092086836,0.0393140459934747,0.0373630245496217,0.0411070065472388,0.0553651977503239,0.0459660045837924
"N2O","1A1a_Heat-production","natural_gas","ktN2O",1.51312271868205,1.6906450021354,1.79310591746937,1.89157557258129,2.00074637708728,2.12243059965684,2.1723683370489,2.24944137173067,2.31110327027715,2.37368686791415,2.52935639898435,2.6741806695568,2.86743646492719,3.00759110590694,3.14705420942884,3.33162013969674,3.32646354037116,3.80549798176493,4.03837961705117,5.39537653930382,6.09657511553077,6.79578953024329,7.17312346277288,7.39834903394656,9.12954612917202,9.50253216491342,9.69937194816581,9.72819860589425,9.84274491865577,10.4289535750307,10.4785831970688,11.7648179467286,14.1671660051057,14.9046870461385,15.8159504406029,15.6326320901176,15.1890970284738,15.0416876356059,15.0644055277548,14.6177038282295,15.7831941933368,15.4287866547329,15.7229225858795,14.9563561630576,15.1475420139182,14.9050007619254,14.21919953192,13.9152317711173,14.3446779986351,14.3705460628386,14.8129789331404,15.3007897246152,15.1340467272471,15.1934214062832
"N2O","1A1bc_Other-transformation","process","ktN2O",2.58297902044145,2.58880643269187,2.67016413796371,3.13538586091045,3.1611006303818,3.02821853618183,3.05679991891893,3.27335294360564,3.62369987787702,3.7531796331371,3.80017693644948,3.71243007293245,3.83965313647684,4.01146198242655,4.20898400487676,4.60186585824678,4.55767890231563,4.8536905993145,4.93950804885809,5.43288627247978,5.17413372745265,5.31900424169827,5.32092083107464,5.4788778652659,5.69731792915931,5.87375246763085,6.00569076835478,6.33767136424592,6.42813962443238,6.02337724532878,5.87787862798503,6.78471524084425,6.87305809251475,7.3897234111188,7.30276444640565,7.4612110815826,8.05149742646614,8.85400736478484,9.38318964972742,9.84074821357391,10.7485965894551,10.3437328963005,10.4908298712085,10.8873856349383,9.4099623241328,9.77737475085556,8.92225917032216,9.22854224340602,9.10664235527648,9.46721360612407,8.38098369508902,8.36610013271758,8.2729922873515,8.31818542793432
"N2O","1A2a_Ind-Comb-Iron-steel","biomass","ktN2O",0.155998663187605,0.144427768443007,0.171459925871852,0.181158694312105,0.261618427273868,0.31448504021485,0.279877178211207,0.277749848698201,0.278014072700388,0.335589615984294,0.370144603926954,0.330047778700644,0.321327798612211,0.363985386661442,0.469422803630722,0.483120572243711,0.540071966860175,0.534685429932673,0.584209287756931,0.682215447416266,0.544585027373695,0.495350334915432,0.463448545488219,0.50167488261607,0.50745937669302,0.46169846150274,0.418334215376263,0.414810542807509,0.377954324997397,0.430829667688151,0.490807505372669,0.45727967919462,0.482135920138559,0.56419091663468,0.680007394011093,0.680006528696586,0.667036927212449,0.700503841386671,0.66434839281427,0.428946846946275,0.504623964396609,0.503756876895361,0.482473951072052,0.443617953425232,0.445828998478333,0.469745963553033,0.429031833378572,0.469419273810188,0.555551450118588,0.585534016173547,0.580255772783857,0.56164401362208,0.619138249749309,0.619138249749309
"N2O","1A2a_Ind-Comb-Iron-steel","brown_coal","ktN2O",0.310038063003106,0.287434055594377,0.247303255223349,0.215188283466309,0.233136046836941,0.211069352400103,0.208065657747035,0.151755952906122,0.056960499824094,0.0683265468125474,0.0677615009350996,0.0684962179398524,0.0675094737726915,0.0747484479314707,0.0875275222058765,0.103527618615483,0.102493886412699,0.104274816791458,0.0895128598791546,0.0954617238708507,0.089878464533194,0.0582896997873337,0.0465288440922601,0.0295404856530511,0.0161873508849785,0.0120401549104016,0.0126907372167293,0.0120117442727859,0.00674042367516827,0.00398057444136911,0.00747196960941786,0.00800423554207051,0.0081724494295372,0.0185856359565819,0.00766047941750506,0.0224181127390621,0.00996044022780123,0.0106183187680463,0.0115298674948767,0.0063814962731888,0.00568417688053855,0.00889194054929083,0.0067229251923203,0.00828992756761297,0.00523515920242781,0.00430654784439224,0.00782337322824827,0.00791140664301827,0.00485253635965011,0.00329865988944248,0.00762648512599838,0.0164001961833474,0.00760367803940369,0.00782658411260633
"N2O","1A2a_Ind-Comb-Iron-steel","coal_coke","ktN2O",2.62098044346911,2.67987963361774,2.77145779338744,2.69690073420387,2.76555622889488,2.67953215061806,2.3459844639579,2.66434943488561,2.72925464205183,2.9181465727682,2.69090072651535,2.89177679406202,2.35725447470793,2.40365604494818,2.50240370084521,2.59566152896797,2.52139388771843,2.30894330046234,2.35121133629441,2.33543074611395,2.44352544764206,2.38908570713232,2.39102071121279,2.3086414997591,2.3670678673187,2.41552127890179,2.34673779695124,2.45027299581334,2.32559348410226,2.06381385061971,2.11550063478991,2.13615520105774,1.9396636575863,2.18580603609083,2.55773485242984,3.04502985624369,2.86926509520198,2.8358059315584,2.989223418952,2.87038174680214,3.76220052118097,3.83738772252938,4.74533558447691,4.35717083129731,4.7154279197296,4.18085254677623,4.54502583996262,4.09333271395998,3.20524098579506,3.3341152902321,2.15238896206445,2.59709421992013,2.68362843806417,2.64210714848661
"N2O","1A2a_Ind-Comb-Iron-steel","diesel_oil","ktN2O",0.0597059178281476,0.0625701358325939,0.0816427843571982,0.0982915634784054,0.0949027698978782,0.0995818880411682,0.10142398471674,0.0962812012223198,0.0939587738124261,0.0971903460381592,0.0934843486676368,0.0852979659535248,0.0816699360935934,0.0747130140159779,0.0736511558110868,0.0813340209281564,0.0833511847823259,0.0824456319361266,0.0778096451044147,0.0871376817020826,0.091809870465998,0.0930537985395204,0.0900954909505631,0.103390102695757,0.0989291193643446,0.107923739996565,0.105494609661835,0.105354445620699,0.0990952175522381,0.10097324113515,0.126267606143752,0.133928414752563,0.134131518465728,0.128765132831854,0.149089318329182,0.149859830307309,0.140795233283141,0.147516181723817,0.122473356471337,0.100746452802616,0.105038837450033,0.0831328180053925,0.0855282430520198,0.0793966787502895,0.0776515328525239,0.0796685496517662,0.0731347964682904,0.0740986636398239,0.0649755339376642,0.0654062373727251,0.0611676245683942,0.0704882093075645,0.070466266278,0.0709969507979482
"N2O","1A2a_Ind-Comb-Iron-steel","hard_coal","ktN2O",1.34129850673696,1.39547822388103,1.33219210840218,1.34699987156952,1.26701877355418,1.22873824721559,1.27062536175556,1.21727793646174,1.13530491305196,1.13149576336872,3.01987790556375,2.89636584386495,3.00686749339408,3.08402135124843,3.32379877426319,2.37851780282072,2.46435762598601,2.44983421422312,2.59917512310211,2.52271876504081,1.96023907005649,2.00341063196585,2.12756749428777,2.27246826045318,2.34971268157146,2.56066623787594,2.51993277026875,2.48234129109423,2.75605357295359,2.44506438048437,2.56786706715198,2.68141782701157,2.82850941523526,3.47276878049624,3.66107187484901,3.8935564837977,4.41094601404236,4.67823174852487,5.29165736749559,5.86998409905816,6.65931500320195,7.55654059543601,7.68942444417019,7.8751501282961,8.25413217764512,8.07236033629854,7.17245058407786,7.34723291072873,7.17708712256329,7.07677982875428,7.28317003326538,7.90351588833664,8.08715304669456,8.39266203896183
"N2O","1A2a_Ind-Comb-Iron-steel","heavy_oil","ktN2O",1.64388227405364,1.70134752478913,1.6004142755231,1.74211762512379,1.71237831404103,1.52483053920723,1.47404313346099,1.36789132406163,1.29721526300556,1.39427992391957,1.20742075257357,0.902424340645341,0.759809148582456,0.636029461871016,0.63895600226066,0.590878919858658,0.601980757218933,0.479008563680678,0.499052117611045,0.492225945305075,0.49454829744077,0.495808002395294,0.440757987735683,0.424599526761625,0.453357901564459,0.476997323279912,0.445318918331941,0.46509160819606,0.448118685039432,0.439258148272696,0.458833306042168,0.404078614674479,0.3702211295312,0.382634647128926,0.359511384121459,0.340980186382353,0.317893764035106,0.304289860816211,0.311089594444414,0.262988808158285,0.223069735771497,0.197221152737634,0.167978456279937,0.133787520205762,0.138974824404971,0.111729087779345,0.122813765077766,0.124992431899633,0.120903621227923,0.108669171946815,0.087720510204527,0.0940889005455401,0.112053898311937,0.106975969791047
"N2O","1A2a_Ind-Comb-Iron-steel","light_oil","ktN2O",0.0213817535906824,0.0269649115122409,0.0218678700353885,0.0246381480786957,0.0255190057400032,0.0238611664724546,0.0261536693279801,0.0268920388356926,0.0290919493790901,0.0283189102326843,0.0475642678309468,0.0459638511923146,0.0620375180569441,0.0537729634446103,0.0537670884831877,0.0526433392062622,0.0566915532213051,0.0590270909133423,0.0627855061029863,0.0706300569309118,0.067989134052805,0.0689530821199009,0.0673013452495577,0.067258723062621,0.073346218434502,0.0723855621149365,0.0838420835570899,0.0785539259339004,0.0809814048941958,0.0782502562899886,0.079551916570935,0.0756022056263937,0.0794614042083881,0.071829579634266,0.0636257526432144,0.0597089271106225,0.0623113869393139,0.0628924772962935,0.0620401741451563,0.0526680671909165,0.0572040087265526,0.0602189884182031,0.0487411600635454,0.0459397792253555,0.0433085869127368,0.0443025213784804,0.0502155077193383,0.0504907152750696,0.0476677361196302,0.0437490595947548,0.0456075014345289,0.0412806259092867,0.0394257232288564,0.0395408173880375
"N2O","1A2a_Ind-Comb-Iron-steel","natural_gas","ktN2O",0.459957527540036,0.530571126486127,0.540110855578009,0.592207239436725,0.616971196257179,0.580010411805722,0.616301634039226,0.61223231552299,0.622248508314825,0.647483251541242,0.635484499960738,0.621427733163838,0.574718703014697,0.564466627731106,0.608236823295652,0.643723121002711,0.631391157976199,0.655145289521858,0.682256028661123,0.68615647523756,0.720051215365016,0.707821778124274,0.561468453844095,0.570717573222397,0.534100154369026,0.706087129055132,0.693230004214668,0.655250916951088,0.664549719552831,0.600644025188963,0.689162436725624,0.672702208940678,0.663785787632312,0.675944110090099,0.706712108880338,0.763681609339127,0.791441963655172,0.866200210110413,0.880241617406919,0.772414837598173,0.852310645229547,0.896866247939702,0.80397271789376,0.84012984989774,0.849090841568632,0.837883595405171,0.867700253386306,0.925433179016924,1.02516770847996,1.0159688228214,0.984784037534801,1.01248254908536,1.00435442229171,1.03249544855825
"N2O","1A2b_Ind-Comb-Non-ferrous-metals","biomass","ktN2O",0.00298704593775883,0.00343569032840478,0.00550799835921736,0.00540923160504109,0.00757727314525806,0.00965007225375327,0.0100285898732069,0.0107660159056919,0.0123311215670064,0.0125464384535942,0.0149992627341668,0.0155930745475767,0.0216051154821363,0.0263950485427975,0.0259995608260179,0.0298117380423734,0.0178121916087833,0.0296080013025721,0.0340208576489451,0.0370161733812691,0.0417591933493989,0.0345260931712262,0.0367529556670866,0.0277847969339773,0.0296887662002411,0.0411245353847098,0.0243414870785766,0.0248942441266336,0.0150536192190013,0.01277669034474,0.0158048166145016,0.0121326267613171,0.023340340591569,0.030188387006091,0.0301239463224488,0.056138066941732,0.029560318045298,0.029602139921989,0.0272930442621023,0.0218564415949717,0.0199946672796178,0.0187933016240688,0.0191466488599641,0.0285052432012946,0.0274788514262197,0.0267660793994449,0.0337607041380512,0.0389264181213213,0.0331771259899892,0.0323336807987173,0.0293763491067179,0.0250817061388952,0.0320142127121738,0.0320142127121738
"N2O","1A2b_Ind-Comb-Non-ferrous-metals","brown_coal","ktN2O",0.0767549808049433,0.0579594566697035,0.051425646734154,0.0509528952826119,0.0447387220354158,0.042037103676102,0.0411232957434681,0.0468200684425442,0.0444025749907284,0.0433637605439112,0.114999829459547,0.147913055719006,0.148838698736734,0.109512875314278,0.133675421919237,0.135662104851808,0.14208738860511,0.152250710265822,0.154695820495967,0.10514086643934,0.106801053001282,0.089876852183094,0.0804195196664722,0.0833008485741656,0.0720373675827324,0.0678053883877814,0.0777029119036908,0.0694098669257146,0.0703490447955699,0.0433626565962707,0.0512291506415409,0.0428024366416802,0.00994268541637979,0.0133364043819661,0.012984692715006,0.0171491748096206,0.0257213360054222,0.0199449665484627,0.0233951266220661,0.00303331400317097,0.00829079721969525,0.0132131117778138,0.00908139880795693,0.0112784836537002,0.0109022193389412,0.0448352214026767,0.0130636235165711,0.0128857247151006,0.0210409080670278,0.0169890849806428,0.0156824026736846,0.0208325618861075,0.0230714363745923,0.0221425432663563
"N2O","1A2b_Ind-Comb-Non-ferrous-metals","coal_coke","ktN2O",0.102269413819469,0.10842072887647,0.109968279530317,0.12808073625271,0.153535308547894,0.149858269075289,0.146316261568701,0.141071312025027,0.139957763297407,0.149453670140688,0.159482453033401,0.142379034247869,0.117798036152028,0.112211947582015,0.130514380157887,0.150444415753706,0.146449734390948,0.143861594373186,0.146683710130663,0.159528085938991,0.153112550703877,0.163332089723227,0.148647157667836,0.15379569891318,0.145434886210455,0.183498089592694,0.212894305321104,0.1522332581499,0.156833482511986,0.165152572791556,0.172665930989091,0.180227664603328,0.178714285513947,0.163023033263279,0.169548328427405,0.172085581566933,0.168459552248719,0.21152697939008,0.208570229235216,0.240570014375212,0.216933128799575,0.251740682617136,0.234280561743439,0.226440406481344,0.23233259271046,0.223961450260147,0.210955081757124,0.211677859038254,0.168850302268959,0.172729025809665,0.169427172754917,0.173275818255572,0.162452293228689,0.164757646526137
"N2O","1A2b_Ind-Comb-Non-ferrous-metals","diesel_oil","ktN2O",0.0338195833712602,0.0354955181896965,0.041655867486045,0.0500297299532604,0.0554475913456489,0.0513246946782776,0.0566683435939014,0.0565889799505461,0.0547456310707443,0.0592600899002957,0.0548818097428776,0.0480780519991367,0.0432748637513942,0.0428493076441848,0.0403209350338902,0.0450087375284347,0.0547954613811813,0.0481502482164098,0.0480334502235237,0.0504520174530021,0.0493346189611161,0.0547595214499986,0.0494333974558573,0.0558365818875143,0.0467246934189834,0.105598192158769,0.113316380261426,0.1061549153008,0.11165270639681,0.0968666504652055,0.0757708066162009,0.0784267681161327,0.076466195036653,0.0810060866465498,0.0878526162451339,0.0692465043827728,0.0640709209211675,0.0676468490326009,0.0686093941701668,0.0532694361811608,0.0552791040185661,0.0410641399437229,0.0401160292103331,0.0370022348258078,0.034492992299863,0.0301755025569834,0.0313274097847186,0.032397667807175,0.0290898893144807,0.0277548329840757,0.0268109037238877,0.0309710398338503,0.0338558586792876,0.0354270202205506
"N2O","1A2b_Ind-Comb-Non-ferrous-metals","hard_coal","ktN2O",0.380503257256637,0.449270693335218,0.403824061405891,0.435395271895789,0.383318816203111,0.376477666373216,0.372106886635234,0.362345727787035,0.323321744932931,0.324893033620202,0.354145961151607,0.408997955650876,0.337097940562957,0.335025032020693,0.362580617670024,0.626442480420052,0.636999545232028,0.644848111921988,0.688398119745211,0.65610596295102,0.667603667690893,0.657105876376664,0.693266155858397,0.679339132476265,0.681333183843817,0.647113147643131,0.598344202244979,0.585203055614075,0.65161030612443,0.604974069715215,0.609102844303345,0.527522796554632,0.590175001827442,0.647870079512509,0.756800504051358,0.796360047923632,0.943387079872891,1.01165913293059,1.06213926551034,1.03314046662704,1.11808281494044,1.07276897800449,1.03716890910103,1.14263133320621,1.22328029297563,1.24339164576429,1.33684794686451,1.24240567299308,1.41232419299715,1.44685781294509,1.50430526271532,1.61725358113873,1.76196927572667,1.770942217891
"N2O","1A2b_Ind-Comb-Non-ferrous-metals","heavy_oil","ktN2O",0.217336158051859,0.20770502495864,0.174016596067566,0.20574283097948,0.295818908712288,0.314373477970739,0.342580913301419,0.395994139154077,0.346964370113195,0.315325267241305,0.301596634730592,0.261328712875407,0.237727629623953,0.208606706094066,0.21838970081965,0.195972651736921,0.183977367090195,0.187383091736959,0.195335172519496,0.202329074795403,0.21660339056096,0.205868300433283,0.195776910968965,0.19305524713494,0.181255282585554,0.189241750840126,0.206202421071642,0.206972840159266,0.215899789244254,0.265010742052866,0.276318214753937,0.252521640317122,0.254157004457954,0.281594158460348,0.282321466677993,0.263407441445047,0.264555248915419,0.236230228302622,0.231609182006448,0.189015978266298,0.209111931377656,0.249423502698668,0.250219206926299,0.206764830852707,0.180134311601404,0.163674261779403,0.148510560051281,0.120722489444407,0.100243758668826,0.101145686279495,0.0964602230847562,0.0932050589965211,0.0808144639018511,0.0784284221708868
"N2O","1A2b_Ind-Comb-Non-ferrous-metals","light_oil","ktN2O",0.00503859022958966,0.00519454662861127,0.00505000248685298,0.00580369321699389,0.00751049664031425,0.00711981863924906,0.0075667709941416,0.00861105416735333,0.017084734959241,0.0195559719375088,0.0216337683230199,0.0195410204446957,0.0294291194602609,0.0287520600799942,0.0282858455704584,0.0294298421123235,0.0289810073927209,0.0290894721052177,0.0299689844157381,0.0315749549758751,0.0286334589111745,0.0332738408196602,0.0333943981236862,0.0407742743803454,0.0359282759983311,0.0455795510681316,0.0519162251681684,0.0485226387434003,0.055910991091941,0.0595166593900388,0.0526823922976097,0.0411059475379024,0.039410198538519,0.0365387444782693,0.0332082363415803,0.0294327409081028,0.0333080848721236,0.0295152484711841,0.0284354859162771,0.0261120381937388,0.0268554605518243,0.0211812441845951,0.0187959162779478,0.0178791874929413,0.0172053156329931,0.015187699924538,0.0180721463688232,0.0182273306806684,0.0208871528894626,0.0180262072767738,0.0173443696008262,0.0172061695342111,0.0153728256472372,0.0155099707023735
"N2O","1A2b_Ind-Comb-Non-ferrous-metals","natural_gas","ktN2O",0.0137285860709475,0.0187751548557127,0.0210242989215387,0.0235359334161462,0.02705913667163,0.0290034343386009,0.0306169257211138,0.0325351958398366,0.0367542269525407,0.0375689466781845,0.0388076829816383,0.0414689598079833,0.0421554264041155,0.043795388599048,0.0425264715244148,0.0476099947712853,0.0480112912728517,0.0515463167917577,0.0530724614786291,0.0574521836566762,0.0608383756965958,0.0685805467246716,0.0618868138175916,0.0624864648335605,0.0608925900047353,0.119262043561571,0.119992106187538,0.117255483751619,0.119716133593867,0.126290508517798,0.134339033987387,0.133553433548617,0.116897498812149,0.117510104199751,0.12000383567497,0.111817860253557,0.111154663518949,0.115884805733766,0.112474127410875,0.09302311316605,0.0991464095055519,0.106321770178693,0.108280226594395,0.119121392986207,0.124088734805634,0.119334706341405,0.119203257758258,0.121757402969572,0.129090419713504,0.126443811408361,0.121915743387671,0.134357152767555,0.15194700631339,0.150909769721103
"N2O","1A2c_Ind-Comb-Chemicals","biomass","ktN2O",0.0357145233514069,0.0381751397349977,0.038755275166331,0.0397234489720092,0.0860996468641912,0.0891381024704067,0.0886789889644247,0.103687204614377,0.124006130011771,0.131840231353289,0.138665763350642,0.139897425202299,0.153586675286734,0.182303237772969,0.301627031683604,0.293302103398712,0.264892703379653,0.292216651368331,0.300210335173827,0.307212895733703,0.335480703188354,0.338946715333214,0.33025032288276,0.338878930390495,0.35159868817692,0.381827473020415,0.304733821500945,0.297652766205731,0.233045469034044,0.768707921444961,0.71193661713022,0.674257583820522,0.505329581566558,0.540521746636996,0.441515468913735,0.401490811495155,0.427731084974291,0.479388851604984,0.342126732292464,0.288860999773001,0.519313302385186,0.491105032660234,0.460404364661291,0.521544937435404,0.518701170940047,0.589229213491344,0.686958970217782,0.666015929093498,0.647692293601934,0.678458258977015,0.688079862325515,0.70304713442468,0.726992780588842,0.726992780588842
"N2O","1A2c_Ind-Comb-Chemicals","brown_coal","ktN2O",1.82893254023206,1.48017782227177,1.22928615547917,1.33212241475326,1.2188736386087,1.14788091920541,1.05391521307257,0.809547339964572,0.728549408339639,0.734051601013821,0.790929679334496,0.776940303917948,0.746936912279142,0.789497510768465,0.834515940491841,0.836249996952516,0.769044095539647,0.692028359685495,0.739453331662343,0.733021013197735,0.601866711753305,0.383342021479874,0.336385332602675,0.278252873864,0.254920180698399,0.229306710821315,0.199587072121373,0.162328944538229,0.135368564767405,0.12002834854707,0.163489725431328,0.128833371889938,0.127042810076774,0.14409943194105,0.151189739288763,0.14713333610649,0.139033725314798,0.118559915304771,0.121329182204572,0.138024912171682,0.125388279752107,0.115957098683164,0.1127140389454,0.0884550669299459,0.0900716609835032,0.0824942132992351,0.0793822357909454,0.0872385761494489,0.0888978666194782,0.0851886273137556,0.0862211042315044,0.0853262852934926,0.0829197577629514,0.0722541515827272
"N2O","1A2c_Ind-Comb-Chemicals","coal_coke","ktN2O",0.204998269924733,0.184507903755948,0.155467053435488,0.147898161906614,0.145877509329807,0.147591495873758,0.139864250749795,0.13401541059786,0.130901232375559,0.147719758866418,0.422361887783077,0.406994984705915,0.436457916667337,0.407137801206426,0.412945722160309,0.390221987743836,0.365092653854233,0.396428146125511,0.412444000103581,0.455018557401077,0.259345750542856,0.218386017986322,0.209488393723609,0.188404352609663,0.180169665660347,0.211565721958924,0.265072040673509,0.177884043577746,0.219074610554229,0.146459110223842,0.257245275182441,0.274471130410943,0.304610803899417,0.253030034560507,0.199450661194653,0.281365520774765,0.305690528081726,0.456396704710214,0.37533507343627,0.286465383357932,0.401785409376391,0.558919592050396,0.528417242273502,0.476972460977473,0.525112137494851,0.580816075897245,0.50166098810278,0.725457218770637,0.853099587074169,0.861584923284919,0.773487878202271,0.675890899204183,0.334275528087604,0.348473006654142
"N2O","1A2c_Ind-Comb-Chemicals","diesel_oil","ktN2O",0.0328017622497798,0.0349812239445036,0.0418853602636379,0.0550090747793648,0.0663450862041414,0.061692399013327,0.0702266642444295,0.0722936677046718,0.076327089892313,0.0866236352880473,0.129229556772413,0.108547414194224,0.113237437512049,0.112635555263028,0.113618056427202,0.115020286235845,0.122690623252342,0.129321119162838,0.118782240251912,0.107604288642611,0.118493387089266,0.121680671136929,0.134894452093166,0.144808635509962,0.155240677434148,0.248046406642259,0.262688022239674,0.258852305476573,0.251236861287573,0.23152802793152,0.231255505203889,0.25181415841308,0.265579806706073,0.242299031646695,0.297522114080588,0.302106661752807,0.278726216227953,0.266914351614241,0.300905798486379,0.279038301391953,0.298691522431329,0.287955753727108,0.221251955182377,0.198470973979203,0.202086076832191,0.199858670945645,0.198165834218729,0.186127086421553,0.165811627698492,0.151628739050243,0.146317269901354,0.15103895579727,0.156134879968921,0.157727985556439
"N2O","1A2c_Ind-Comb-Chemicals","hard_coal","ktN2O",0.755810271820524,1.15691897948412,0.963646490929308,0.958033480812774,0.942197852611251,0.942559972058954,1.03099393146341,0.96041028762658,0.79617021158078,0.860048272539325,2.52303454368328,2.51639915002658,2.63660368821476,2.74868637628401,3.02622189392696,2.46463090321129,2.45034220449123,2.56499588556729,2.71553190366505,2.65383877978464,2.51602557392903,2.74916034181499,2.58928087077384,2.77236299086313,2.96844623409958,3.64126109552669,3.54985649155319,3.3591743835824,3.50451578298053,2.84789184951723,2.20382914040307,2.30729130981932,2.51061656507864,2.75170273519385,3.83811153071846,4.23090334659609,4.33953740017086,4.71143772595582,5.03908131229659,5.03215246347608,5.11738412629169,5.54521287260653,5.35538898529932,5.37090059490845,5.18090975126252,5.8080380525921,4.88862331307755,3.83057648586068,3.34257062262808,2.40446099457697,2.38037556001072,1.79848913124324,2.28268555110989,2.31533740102152
"N2O","1A2c_Ind-Comb-Chemicals","heavy_oil","ktN2O",2.19466661552003,2.29461767043502,2.3753906022671,2.40517775891819,2.21910347241968,1.99730682314112,2.22449868330882,2.40250477167217,2.08365404586246,2.18464041578833,2.15541581815903,1.88282228727769,1.77539852266941,1.41895375673275,1.20776812054027,1.15903087738187,1.13249364661939,1.09546857285784,1.139340596549,1.09304284261359,1.06474382857976,1.16248305849032,1.02453804129899,1.04153138476867,1.07599561612456,1.2099419867495,1.19101530449894,1.21066993382052,1.00945441566435,1.01966651950199,1.03762800920962,1.01276245567131,0.944991274432906,1.00630670107081,0.907434186035352,0.871330415027139,0.841759601114951,0.830051174665072,0.725407080979571,0.593882684470469,1.01597879813213,0.938646066012117,0.731923486893789,0.668051264537744,0.615480770226134,0.660571828794374,0.62316983370712,0.644003443956433,0.762835106380912,0.829115862207602,0.925280174402242,0.874339283562513,0.757535087760604,0.682637752020534
"N2O","1A2c_Ind-Comb-Chemicals","light_oil","ktN2O",0.3176814327067,0.446770092158251,0.520521035247449,0.52360553367015,0.483507252835527,0.330847075393725,0.455032070145998,0.456838694820073,0.391612938656214,0.29367886267843,0.268531761878997,0.260570924740078,0.312980731593716,0.354353029235632,0.350263935075693,0.308834533607836,0.305032779865618,0.365870603552547,0.356125098869304,0.409191772725312,0.699468078848499,0.739150181918747,0.696018801308925,0.751845470642808,0.777885750112221,0.822606595571139,0.856398409092899,0.917874114542791,0.929963627597715,0.858658430212973,0.934368504586788,0.792647332534349,0.822530457051285,0.755191696610002,0.755534510789956,0.746515926886144,0.766450688617548,0.788686971680806,0.645805856669408,0.671714585765363,0.58752106741815,0.557533335351299,0.703142019119282,0.682481365611544,0.676622047154386,0.658093502878348,0.730262691589043,0.761666612424206,0.878424041599156,0.897218076370478,0.73638834397891,0.907097202004112,0.960757925215729,1.01585269973676
"N2O","1A2c_Ind-Comb-Chemicals","natural_gas","ktN2O",0.237496415822035,0.254618528581778,0.280158853147498,0.298886810745036,0.312970161690157,0.309140583139898,0.329344237910052,0.340963960714119,0.266653133931754,0.291761297663391,0.295913419915154,0.305391213003016,0.313140523132464,0.338108978799064,0.375443927666372,0.417313011545526,0.410322364651773,0.431571535347396,0.443518459250209,0.46006960683839,0.74918795604693,0.73139617071632,0.666922916572089,0.72844529063946,0.723416598620598,0.762700048878955,0.799194266108189,0.670560547204032,0.642274043859254,0.619025529302018,0.796683027966717,0.776220008703196,0.694431742960536,0.689161631461734,0.64327502829336,0.641323491644264,0.622260398797641,0.687812379901094,0.645374160168392,0.607557590912609,0.746542829292392,0.774858219514735,0.765836661060388,0.76278177147077,0.775481799356374,0.822617982230544,0.827719488240195,0.879004164833564,0.864880209908039,0.884359625786078,0.910242473829268,0.944414741735371,0.942350418512993,0.944859989882232
"N2O","1A2d_Ind-Comb-Pulp-paper","biomass","ktN2O",1.39123851899761,1.41762567867945,1.43393886991693,1.7493930792969,1.78133417098276,1.48037682025587,1.51358422579057,1.5703312614791,1.76547576693581,1.88198474935142,2.05511990834016,1.9646432616547,2.51753543973336,2.79651094020215,3.08587592931264,3.31025625869166,3.43066667138002,3.5219108017057,3.58408128079849,3.46281658651559,3.52069489598379,3.62440841954631,3.8113640776172,4.8236421813817,4.96273794300996,5.93300671812541,5.21901443683528,5.63075474706696,5.81112778067237,9.61889663909229,10.8727064232607,10.0540495657269,10.3064933776055,10.6332849980953,11.3362495065105,11.5759834355851,12.0335899377352,12.2721555727781,11.8053938888762,10.6051386160927,12.249553247828,12.4231182217048,12.0877798123002,12.456822653315,12.711130556355,12.9302531592568,12.9408297753297,13.0918374696813,13.2673075651965,12.9092820182284,12.478374393739,12.5380557571714,13.2867707829944,13.2867707829944
"N2O","1A2d_Ind-Comb-Pulp-paper","brown_coal","ktN2O",0.234157705623147,0.217561015382979,0.203673122036103,0.181636875727181,0.174572162168534,0.171309176894367,0.175878993379848,0.160662828633696,0.178000514444249,0.20264527262949,0.192404069408873,0.206502381203001,0.19882236078322,0.198825169804842,0.20823458517631,0.213479834449458,0.216722954916821,0.221216494999541,0.209796405143789,0.188002255274073,0.119558325782744,0.104262827098611,0.0942877721018957,0.0735743734095193,0.0739701799337996,0.0607237788958233,0.0700333255640591,0.0587237011409428,0.0707735654831537,0.0504612708121376,0.0503607530616107,0.0582150421693337,0.0483839771489339,0.0646707827965298,0.0572981033370217,0.0417241739844911,0.0427417606217133,0.0451842324862787,0.0457299883341438,0.0936384604110403,0.112192659732662,0.051229579750399,0.0525010220485886,0.0695966879531655,0.0476770020561383,0.0402196365407892,0.0395477820485827,0.0436988457985414,0.0401572818936092,0.0385053668851367,0.0384065412787525,0.0449217968847638,0.0474797485868285,0.0476640846666801
"N2O","1A2d_Ind-Comb-Pulp-paper","coal_coke","ktN2O",0.0194427525721945,0.0179575941979719,0.0171047539414999,0.015847011047508,0.015714642632214,0.0183684728604924,0.0157852631836886,0.0145847341988779,0.0116845664029178,0.0107908871740538,0.0132355202225798,0.0140347769006337,0.00953829072601537,0.0110832577490616,0.0106853085830262,0.0153714630251371,0.0143485933634245,0.0153101286418252,0.0156170804786066,0.014978441321465,0.00904635728595911,0.00385290933740758,0.0046090508438842,0.00444627199234758,0.00438713736185099,0.00477714534148285,0.00355032059693993,0.00582858400231362,0.00362553783204275,0.00306851498624923,0.00312272124300183,0.00222457520899839,0.00181471363234905,0.00108786307056167,0.00254734093043481,0.00166224126292099,0.00453003735442431,0.00289298580223166,0.00261783803330582,0.00167718819215355,0.000985690968220661,0.000976241849380281,0.000514141458758791,0.00041971953436144,0.000477813179455743,0.000517463428726596,0.000613739056752043,0.000269629705714706,6.74074264286764e-05,0.000476902836050008,0.00292714481818577,0.000606359520021873,0.000862306805877397,0.00104502249819049
"N2O","1A2d_Ind-Comb-Pulp-paper","diesel_oil","ktN2O",0.0236300806549322,0.0250319525320543,0.0259559109313868,0.0311677526234733,0.0370429271302235,0.0337340877377127,0.0348479704339529,0.035019188675449,0.0334181671959392,0.0247242545398036,0.0378391793263153,0.0336619323247453,0.0342663188253518,0.0332065274499451,0.0348985524702798,0.0427948176823422,0.0399750679705412,0.0384663274789931,0.0340449265716367,0.0357882933215239,0.0495323151617168,0.0575337252606642,0.0584609630279484,0.0598083947372054,0.0603457874101206,0.0912288433744843,0.0963196414625457,0.0949418569664811,0.0854819137920442,0.0816916925078302,0.0812123770725361,0.082380701434626,0.0847414616270601,0.0836762675205968,0.0960220993124953,0.0905878948393309,0.0806511186743779,0.0807062868985095,0.0856530303157868,0.0789113001078377,0.0883622565727943,0.0462366055894319,0.0407244379069656,0.0416400114458896,0.0419106118119122,0.040422712624468,0.0434631730848785,0.0410164953329991,0.0390166349769189,0.0363699442163707,0.0385033125511702,0.0424682794885421,0.0498125059012277,0.050481871777199
"N2O","1A2d_Ind-Comb-Pulp-paper","hard_coal","ktN2O",0.283746038616105,0.549184156547571,0.535331390362987,0.492070232952966,0.509842448842814,0.467222472883865,0.52692826703912,0.532379520290866,0.482145253750372,0.47383299729183,0.78609389177419,0.793886314849351,0.854253838239455,0.905404617416999,1.02693127175866,1.17778115729454,1.25895230257016,1.34187465493199,1.37849136861727,1.35542491183715,1.28328778616655,1.25389004687664,1.07856823108423,1.21969665661603,1.15894348436405,1.27877312006511,1.16491336597125,1.16466093564193,1.15361554368505,0.953415224760176,1.04433704741963,1.08892775216842,1.17536419694682,1.19944663571739,1.35368864403535,1.43563499941282,1.43499205085408,1.481699399931,1.52833009655204,1.57028958876001,1.60094934934551,1.56761510955824,1.45052997200922,1.32970416843191,1.15416990042933,1.1401367906847,1.09295644443923,1.0488784920174,0.903597137600501,0.735188304004043,0.621042021886471,0.556934686491183,0.52291547868541,0.53314580593144
"N2O","1A2d_Ind-Comb-Pulp-paper","heavy_oil","ktN2O",0.81845366185526,1.19849953817633,1.21845557385981,1.38884991785737,1.34314390018314,1.20566152300079,1.34755443501304,1.20326119241645,1.11044314198356,1.13561911029792,1.08869431093283,0.928253367300319,0.949881168961149,0.598037911171735,0.525148775106328,0.493084196624094,0.48171452347123,0.458321336767805,0.496296126971041,0.493825007940452,0.465584080275412,0.465899707546478,0.453123850390302,0.440425289763795,0.461052283540612,0.585820107141712,0.61169286883162,0.544320977831984,0.524940368843223,0.438342553200686,0.492420196765195,0.49568214218221,0.458570054030584,0.455261774867696,0.4598808689892,0.436465428687784,0.403239166912934,0.356043744919643,0.294231746638326,0.209440854410925,0.168423624653658,0.132410472152025,0.110793970960354,0.0957343492674755,0.0876190274284055,0.0836867003260761,0.0958935347900024,0.0873129122106837,0.0794888695102575,0.0674949904690675,0.0691937287706536,0.0968399721109559,0.108157838484033,0.101694221303409
"N2O","1A2d_Ind-Comb-Pulp-paper","light_oil","ktN2O",0.00281020931492664,0.00247122351027883,0.00277501586251342,0.00508246273408687,0.00582863303610444,0.0102404366419043,0.0132346984102623,0.013342802230485,0.0103067806573504,0.0119665223443809,0.0062724289044945,0.00580119893043904,0.00785833842650435,0.0067924724595562,0.00908154159639167,0.00898413299833666,0.00972929565038387,0.0101637758753853,0.00944418882634698,0.00936672893214954,0.0143059220852613,0.0157446880306725,0.0161412543154327,0.0189710341231942,0.0225925115047959,0.0353915974640312,0.0376625432269904,0.0378083002560466,0.0347929299563349,0.0333544460404199,0.0328791864103216,0.034074568143693,0.0338480260251035,0.037788355051652,0.0411336972442752,0.0407123681462925,0.0362936866050961,0.0274218703382508,0.0262010543518528,0.0223700916024984,0.0226576595533585,0.0301741350856656,0.0288627175702509,0.0285968607982089,0.0271329179148074,0.027503293376027,0.0303350567775298,0.0291585067071666,0.0348160626343181,0.0327588839271781,0.0292781657609189,0.0329329372887405,0.038727527807575,0.0380180403492848
"N2O","1A2d_Ind-Comb-Pulp-paper","natural_gas","ktN2O",0.0159405558363506,0.0185046662741724,0.0274286357806081,0.0278656533760277,0.0327558594589491,0.0326577639422705,0.0371562804582917,0.0407107912640472,0.0516683394960613,0.0518294282523068,0.0514452859356864,0.0534528692975893,0.0512673649967445,0.0494541542160803,0.0578437503006358,0.060117705057644,0.0641127666795198,0.0729673988769027,0.078587991372238,0.0862264405276574,0.0977926535433654,0.116946940760806,0.1221115908799,0.121844273236082,0.125000274982882,0.246248889558846,0.258005319000312,0.254685566225095,0.251814971712502,0.231352922565313,0.256962661071661,0.249061176142584,0.259548425032644,0.240313213564265,0.203823261255491,0.187768879041388,0.178775818151869,0.178358575885441,0.166855807008708,0.156866640326267,0.171676756984955,0.157167288871235,0.152375569488287,0.158295384185735,0.160244115002552,0.156639716140827,0.158005950943346,0.16837476630503,0.16247626954611,0.156176954288979,0.171467790974769,0.215187727217608,0.213413299534941,0.206012728669268
"N2O","1A2e_Ind-Comb-Food-tobacco","biomass","ktN2O",3.26357591928589,2.88784921543219,3.02422147927184,3.24880107782694,3.7537663208086,3.68902619641307,3.96752993546346,4.36213927689709,4.01570762205867,3.8725600284521,4.09194855508687,4.42629790823186,4.78422355120832,4.85439782052735,4.90331193926621,4.70943357031492,4.46271584332635,4.74972034869374,4.54779994036157,4.61780336526027,4.97609322420072,5.00753268707766,4.8966511574284,4.97973015091642,5.46503922654639,5.66533886152874,6.23722832273284,6.45565562345263,6.44294037141206,6.95942909460917,7.01363662083598,7.28220924787061,7.63215517472468,7.65008968328676,8.0779271916287,8.04135825450711,8.81503473987716,9.26080196979148,9.15984541659592,9.11494873052421,9.76653829469843,9.77576108855176,9.64486806502548,10.1472275249866,9.79628201499074,9.78816675046154,9.98447371934549,10.4814550035628,9.92897299210314,9.59849572180863,10.197176351798,9.88413097486984,10.2390087440185,10.2390087440185
"N2O","1A2e_Ind-Comb-Food-tobacco","brown_coal","ktN2O",0.315813643529677,0.258730927645777,0.263614682945582,0.262821546975119,0.299307018357096,0.268110389658764,0.258585092743066,0.282743022139656,0.239951150866589,0.242236196919039,0.265243801528738,0.294715692662536,0.305933131291397,0.294075447400231,0.318009897145355,0.326793115725169,0.322397510074632,0.337548897677196,0.303008256647749,0.303326027310867,0.240619747623047,0.173007371487851,0.137225059258478,0.106479666468126,0.0823694084654614,0.0778412922973186,0.0902730494653626,0.0761398199727478,0.0694663787585022,0.0547897002397405,0.0799395337986409,0.0722927764417033,0.0677343209506392,0.0602724474566694,0.0495682504983115,0.0796123403805288,0.0819612140605963,0.0528850111242686,0.0395101629936301,0.0525993693192061,0.0564012895345434,0.068822045275938,0.0766835637027483,0.0682385486437062,0.0657391936294353,0.077601711006355,0.0743179527471286,0.0645203461476809,0.0723096320489234,0.0633335734936214,0.0700908947369731,0.0694877249805679,0.0785247385763108,0.0712462014554659
"N2O","1A2e_Ind-Comb-Food-tobacco","coal_coke","ktN2O",0.04480678115192,0.0495386609755049,0.0502593910191245,0.0497592421870854,0.0469321145119076,0.0504780340196962,0.0506870262839881,0.0494231688860676,0.047226095002073,0.051164086032131,0.0538279281671141,0.057480245814844,0.0520015894165657,0.043261780532302,0.0438213238766509,0.045793859017015,0.04367151791475,0.046899586691911,0.0429237858246365,0.0491562321678664,0.0447696499765343,0.0450867412268625,0.0415198425801754,0.0446302878863306,0.0401747871292272,0.0456322307724387,0.0515031653795056,0.0411158811693565,0.0491827008809853,0.0547721616181592,0.0495591323978184,0.0507646301201999,0.0433904698460544,0.0270742110163953,0.0204544782068114,0.0170166958676707,0.0237584176306546,0.0236487385328914,0.0266593535442123,0.0210917155695247,0.0134869869272029,0.0136893059580891,0.0125438257544249,0.0116853137383297,0.0120411043908249,0.0587094634377895,0.0581574304446657,0.0554200490149788,0.0553727346708622,0.0508441770916979,0.0132248610552576,0.0133811422477146,0.0136949379643652,0.0129632572058296
"N2O","1A2e_Ind-Comb-Food-tobacco","diesel_oil","ktN2O",0.119025834234882,0.13247217644642,0.16526933080694,0.188537914526051,0.207554766702162,0.215187948067272,0.22527066762814,0.224767220415827,0.236663878909215,0.24170852585469,0.239023550880239,0.240886000628025,0.232594464970074,0.216323539327137,0.207660524105805,0.209331929900807,0.215556977500471,0.218701403243058,0.234649905081067,0.258880251984927,0.25069722105731,0.266458413783102,0.263834263040342,0.254683386090232,0.246740803288935,0.323381990317276,0.343504596596408,0.332467331463608,0.348275377711421,0.342072871276493,0.344850082024226,0.355719972315291,0.356122405473445,0.321063489858296,0.363453054099294,0.335343719941756,0.293971814031726,0.285258977445641,0.272271940576412,0.249425861147074,0.257645512780663,0.202242266537531,0.205787340244456,0.207878976650661,0.213151200478476,0.210342307743962,0.209715605360555,0.187268784006154,0.167089741840586,0.153098233173331,0.145107927196891,0.150000157837907,0.154546295459137,0.154847922569118
"N2O","1A2e_Ind-Comb-Food-tobacco","hard_coal","ktN2O",0.477124968430314,0.613990504841784,0.627976829937222,0.610385456206858,0.592076700899468,0.577972034204151,0.572357717476366,0.607536127744566,0.627349570117536,0.622828111861905,1.12958009643417,1.16744144613069,1.22774534758324,1.26321364455635,1.36138836511539,1.53658504180794,1.5993601844251,1.72205029310188,1.76047062908797,1.81618644346423,1.74458272637659,1.73311610522338,1.51136875064273,1.52474927471953,1.42780284788212,1.62091961526453,1.43678185602083,1.37355257920175,1.43236229046869,1.21006363890426,1.15689320259368,1.24931876468218,1.27947520135572,1.26298975889999,1.74388504544957,1.93413052345154,2.00900614185817,2.20117023463314,2.32456415046952,2.32374187238035,2.39436675769966,2.42744948822258,2.33573730595315,2.33237475003005,2.06534201259436,1.92490548920131,1.84968835029575,1.63301599514231,1.33685874531762,1.23314140440464,1.10465535070947,0.924764051412849,0.858571189055522,0.863080210755732
"N2O","1A2e_Ind-Comb-Food-tobacco","heavy_oil","ktN2O",0.878028832916875,1.02614363727539,1.17718699493287,1.14645641763602,1.27455567045216,1.15540264897471,1.2730740070864,1.15205237313117,1.11581887659124,1.15250632801273,1.10511887877431,1.06798853695181,0.921389887411948,0.754279074825485,0.696922351526964,0.666777615257488,0.607619845817512,0.562268246055711,0.60150087848053,0.561418452833427,0.491672164602748,0.49515658935378,0.487393762882483,0.475540783188778,0.455418993991505,0.500859988826144,0.483684741090636,0.456818127269846,0.461074318951788,0.486197504196012,0.463284294758779,0.480415016301028,0.525055867585791,0.500874067608479,0.496204547254415,0.457953007274631,0.44214872578476,0.372774296206941,0.37908284254811,0.28405609916036,0.219203653345663,0.165757668828468,0.142831819822578,0.124913440249511,0.115944099427414,0.111278060578824,0.128672433704563,0.111664035027049,0.096793055235092,0.0715836551290927,0.0670057821055572,0.077048572338325,0.0725591912135807,0.0716498725829702
"N2O","1A2e_Ind-Comb-Food-tobacco","light_oil","ktN2O",0.00623005823046027,0.00782714722208837,0.00977082258324449,0.0106645743325639,0.0130477940823707,0.011965640855881,0.0151069387190205,0.0146903078347787,0.0127410058861842,0.02024906156504,0.0217913965625706,0.022290539382588,0.0210658663594374,0.0205877850778989,0.0228999547869836,0.0257696199061304,0.0254241956883824,0.0270506436817848,0.0269164499824905,0.0279233858415075,0.0465920266328692,0.0499586802610258,0.0530677220771194,0.0594709033780928,0.0546937310805907,0.0710231098951224,0.0722531082949513,0.0746288052515527,0.0879577183245229,0.0888306309725199,0.0818549308957587,0.0873822231557293,0.0866234965667703,0.0771858895020681,0.0729566805905648,0.0669608422955495,0.075231721856809,0.0705496292422186,0.0641917581811982,0.0534601246181232,0.0498496497800824,0.119762037769725,0.0604739408913676,0.0658314851769253,0.0651387125696492,0.0653563484651195,0.0689485736590817,0.0691726040458391,0.0855542587393688,0.0753787059163446,0.0751236088243794,0.0730214506400744,0.0783842758440053,0.0772548109174679
"N2O","1A2e_Ind-Comb-Food-tobacco","natural_gas","ktN2O",0.0233509891249626,0.0291336173715609,0.0378305795319291,0.0417783868440118,0.0473406968750636,0.0560737221828502,0.0622159130825807,0.0637228553720196,0.0686741955390453,0.0710777981107364,0.0770485372135797,0.0800228120376232,0.0793342573919742,0.0811575341350163,0.0839181247770938,0.0918525091212141,0.100833416760588,0.112260273039239,0.11348315251483,0.123703194029697,0.129055127780851,0.155864043864412,0.162371291677425,0.156352851404865,0.154743707884747,0.264698779510802,0.27821672598704,0.284391110003066,0.293490618400742,0.267288357961205,0.287660699658691,0.290299437666017,0.315895054888713,0.309804700282757,0.294872865422699,0.271863878637807,0.274730320405343,0.280240124482815,0.283657045008529,0.265726247647873,0.28549793663326,0.290254042814379,0.286652901300557,0.295674442478866,0.303445789269803,0.30313422841304,0.318262426582649,0.330404240167758,0.330880420195109,0.320854568227269,0.322001376603907,0.344592475569581,0.350254422276071,0.339632328219423
"N2O","1A2f_Ind-Comb-Non-metalic-minerals","biomass","ktN2O",0.637554041180485,0.681133964253951,0.704840336103584,0.749663519824345,1.07815950029017,1.09143387053773,1.09172037227148,0.97464120334154,0.968074045081859,1.00352765550529,1.02212676970826,1.08108028585835,1.10613291872232,1.20397310193108,1.26957247701395,1.27983166251339,1.37493881916939,1.359813429719,1.36826238157869,1.40306087451158,1.25248651904268,1.33326112526585,1.35722719437879,1.38592086870944,1.46533446283755,1.50276351122525,1.55285657978366,1.60058151511799,1.7390353912056,1.89221273812772,1.79690424523432,1.80081572333125,1.80663656237558,2.13706839420103,2.31209614100078,2.53362583605655,2.6308192575718,2.72913892465044,3.03472988395906,2.95732735501756,3.23793780857969,3.62706419898273,3.70997647952573,3.8906044612679,3.98333007053187,4.15627730148402,4.08436081003373,4.21488646122635,4.49407397303087,4.61077095805578,4.75717329006972,4.97080065321368,4.9935303199115,4.9935303199115
"N2O","1A2f_Ind-Comb-Non-metalic-minerals","brown_coal","ktN2O",0.140855046144875,0.115000284047485,0.11272029278687,0.108563234171106,0.107941416321688,0.098132458963781,0.100410273750614,0.107880166262035,0.110038080470758,0.115332169303597,0.118815226083607,0.139355311640098,0.140337728094135,0.148109306629259,0.177649446196306,0.19672683584013,0.18247433070721,0.195862686865606,0.181280015329008,0.202317733836537,0.265953883127986,0.269854079226639,0.229461596900265,0.222602329864873,0.232633605371371,0.267731653029849,0.265801074779307,0.238269952650655,0.266855967562843,0.246337654706057,0.18743873195062,0.214880440528987,0.227086113010766,0.186145526703141,0.279591259146076,0.285287247441742,0.220134432101947,0.194686116389358,0.199710135269766,0.199239596339696,0.230871136990485,0.315182262872129,0.277638386927976,0.289774276103821,0.232694966344666,0.142754019949098,0.143231018983766,0.175935788928261,0.215519265856784,0.299052035451901,0.312489596265869,0.37154248923827,0.375678666133839,0.368595673901867
"N2O","1A2f_Ind-Comb-Non-metalic-minerals","coal_coke","ktN2O",0.170275514808851,0.139436188328092,0.126670167192926,0.121761328183254,0.125788148432524,0.112436412930979,0.102452170035401,0.0996989126717974,0.105721296257229,0.114361059325454,0.13257504209716,0.163057206332235,0.133664632284009,0.130708616475264,0.150940500655299,0.140645499171769,0.1349809926526,0.130813513209114,0.129413354207484,0.148829110540544,0.148028725934282,0.160803204720701,0.163385828657995,0.150496850834121,0.155495836784156,0.190868914710546,0.204842434993284,0.184875163369992,0.20153798601352,0.200643765763447,0.204744650654362,0.208499395550675,0.222382204233297,0.19826465503331,0.144395771154805,0.13695772385652,0.179157839455963,0.184044828048663,0.194983519919147,0.179004921718355,0.175720106742742,0.345662502372538,0.374158336150551,0.390699553743614,0.392574175125868,0.346348570375127,0.338166852757909,0.300468585050411,0.36815875477305,0.493382674240864,0.528862551165625,0.469796382155479,0.382763423172769,0.393648256176931
"N2O","1A2f_Ind-Comb-Non-metalic-minerals","diesel_oil","ktN2O",0.113445261133131,0.128650967452822,0.163217929451554,0.195384711239876,0.185277993222744,0.171753104867747,0.180750656945013,0.18097017950798,0.183954563182138,0.173900627975972,0.126766218650317,0.121167679991708,0.134988542643939,0.130250232666425,0.125458945151797,0.130436725331693,0.130887938091211,0.141620089449521,0.15626398738001,0.184976823870622,0.182819575340323,0.191635802792251,0.195762248630666,0.200223916409189,0.201839795325744,0.281115057406509,0.281265757748931,0.277925277522819,0.292843852917693,0.291646008194506,0.274091572113879,0.295665181321687,0.300686132631759,0.279178856114487,0.302609049649529,0.297937302741386,0.278669588229058,0.286555612293959,0.317838996343849,0.284504422459375,0.302460842369536,0.204801156235973,0.217423074389914,0.21726070364297,0.213676522402396,0.226340771838443,0.222157220230463,0.224179983033012,0.214605960708364,0.20977336430788,0.185688721998791,0.197136223039201,0.23485656933955,0.248392025773742
"N2O","1A2f_Ind-Comb-Non-metalic-minerals","hard_coal","ktN2O",1.11895920146198,1.21285365609506,1.13071505218454,1.24026554057526,1.28125271083186,1.47618865955007,1.54231954724189,1.66226696240437,1.80027244862442,1.83425994864369,3.71325585316932,4.23688324529752,4.81530369733177,4.69028698946927,5.07993257471463,6.13190197934295,5.9445843249481,6.23110795092434,6.23694397884203,6.31732419304352,6.45381790606539,6.53736583961371,6.75194260170918,6.91950699956622,7.31744115239152,7.62199129223818,7.45568958234729,7.35165641727282,7.34809877328344,6.62297278909731,6.30402006187735,6.77328944001719,6.80622244328541,8.13515078570799,10.103729944216,10.9530448853681,10.9947086509889,12.5081131467292,12.7632815758704,12.7820179337448,13.4260478161635,14.5775366308655,14.404984294357,14.318335003715,15.0748253092373,14.598477766968,14.2988096123778,13.3226755678928,12.8692524795096,12.153830086004,12.3467401522311,12.0142748011132,12.5315360575952,13.0256925756338
"N2O","1A2f_Ind-Comb-Non-metalic-minerals","heavy_oil","ktN2O",2.56933928788501,2.65108816268107,2.6719687352299,2.65789173159776,2.71929329180482,2.20526905825573,2.13319569902669,2.24237759925852,2.27633974064861,2.37945782470491,2.18724500783389,1.94900127544143,1.72720425087325,1.76935637839537,1.52031799089382,1.46103342550669,1.53766154169477,1.48186752560228,1.55538481589999,1.60770774169185,1.69148690547484,1.64221075151321,1.5522064810072,1.44560466039691,1.41972453617676,1.48078066661829,1.5131874406807,1.63734152854736,1.76425597582164,1.87192533387605,2.02011334666556,1.94162917454324,2.0313962850414,2.08945042079314,2.45579754336155,2.54362926041231,2.52944838722307,2.49674616963669,2.46657718064855,1.99203890017465,1.87265921440805,1.80844870755392,1.59955845870816,1.52617789637026,1.35885948860174,1.56921548498175,1.4279408393533,1.42064193158445,1.37801213355003,1.34657019280576,1.28048510861315,1.30095213299464,1.34849619511963,1.3169811317919
"N2O","1A2f_Ind-Comb-Non-metalic-minerals","light_oil","ktN2O",0.017989893168144,0.0204815510258328,0.0235510413618564,0.0291269876977807,0.0341742939954056,0.0370156737911147,0.041252392472314,0.0408018665864426,0.0476578458591324,0.0498107253092382,0.0445953882883849,0.0468990619071138,0.0591969964235422,0.0560446587519272,0.0592384857360892,0.0604862716391977,0.0613498183624516,0.0647809888693813,0.0615996923330361,0.06209385132918,0.0884323021842472,0.0910000450700596,0.100088734745208,0.109380524561197,0.11516913856539,0.139431590102706,0.135745350655702,0.137275130863868,0.141483450290866,0.158893962049929,0.156399805132493,0.154290059466989,0.148793888514969,0.143732503506137,0.13012139454145,0.126954178873198,0.136136731998418,0.129159589982602,0.1111760953177,0.0982222104551792,0.110399911249654,0.116303666042064,0.0996232391630083,0.0938578397657997,0.0788837657289065,0.0897784993571809,0.0934035072699062,0.0666193052488201,0.0747685339728143,0.0679012526606501,0.0637493706948246,0.0600560691157953,0.0610931144318748,0.0609809952696072
"N2O","1A2f_Ind-Comb-Non-metalic-minerals","natural_gas","ktN2O",0.102856594590257,0.125283622231336,0.144716202624707,0.161425574499866,0.189974555432267,0.199275935569976,0.218595332344624,0.233716101373328,0.225779085100112,0.237501005993893,0.244660595970181,0.238742235098184,0.215113860895223,0.201787061545009,0.202269408776351,0.19044467168794,0.193493462741572,0.201280251755269,0.210026851867523,0.220781321036233,0.241836643326679,0.259294674529665,0.265780281814206,0.262418883051588,0.252041166381663,0.376923063372989,0.390472643312019,0.370037768871459,0.383560800903334,0.361266729075089,0.404862697190257,0.41449251727547,0.418211754786644,0.423235651258696,0.439264585674818,0.481477573103465,0.478362329161411,0.472293223063865,0.474366607798944,0.396202842226672,0.411982116776482,0.405567113535817,0.350478502668545,0.363190102856079,0.37330769548934,0.36282050311468,0.359079236307944,0.38895528197634,0.410577481697539,0.415711923533276,0.416839302786463,0.462033063660947,0.455310604560537,0.442385813872994
"N2O","1A2g_Ind-Comb-Construction","biomass","ktN2O",0.00244779153438271,0.0024355551913951,0.00190962295640827,0.00183363134974235,0.00209237638490563,0.00200111584479185,0.00170328303941691,0.00159950452199791,0.0021552193879705,0.00184289495243021,0.00171460466714451,0.00136243462727557,0.00144987377038675,0.00143695343754021,0.00179354648622147,0.00162597891809587,0.00281300966598361,0.00303448832325661,0.00303124497020958,0.00214469321741219,0.00225477816200105,0.00222318701863752,0.00586098801662301,0.00952462059914748,0.00959324346902858,0.0105813999222507,0.00795261267162325,0.00775955563894869,0.00936842651935049,0.0205391894438743,0.0209339980116571,0.0211582193627769,0.0219169433438362,0.0273333827483437,0.0288644989393877,0.0377942702634005,0.0399472360660382,0.0337668268297267,0.0274425765265819,0.0294081132626336,0.0329074562203407,0.030457078133681,0.0308381990280252,0.0260535922563326,0.0240570071522787,0.0288788810901898,0.0316167195710678,0.0330479941601094,0.0342491551807598,0.0355639622503299,0.0350809084376978,0.038037452480995,0.0396140041450541,0.0396140041450541
"N2O","1A2g_Ind-Comb-Construction","brown_coal","ktN2O",0.0308302330402303,0.0332729665287618,0.0447450031326265,0.042781583776694,0.0397737308614089,0.0417490078000399,0.044251304778449,0.0480986189576921,0.0412626593481678,0.0465387765170874,0.0421170156025062,0.0540889879365219,0.0569248324078723,0.0613615912269507,0.0676322094347538,0.0738205938217911,0.0780118824944852,0.082310227579651,0.0807925840169248,0.0764543425111473,0.0104342500232927,0.00615757676172177,0.00575166518743144,0.00431641351483753,0.00343074803977728,0.00464436742884177,0.00452926129931098,0.00216557843810309,0.00285378496632844,0.00145913879310059,0.00243213982340707,0.00171115615825859,0.00152939900319134,0.00180663331757195,0.000766355610350452,0.000952894874449873,0.0014143708125371,0.0060861844947502,0.00763036629810921,0.00461827212575811,0.0041556241834379,0.00437711440561486,0.00214538496932465,0.00242388588749799,0.00146538984451909,0.00192378335052213,0.0062900802259942,0.0023026196184656,0.00246627666875052,0.00209775663174281,0.00207059171696836,0.00301221109566825,0.002872425069084,0.00271787000111713
"N2O","1A2g_Ind-Comb-Construction","coal_coke","ktN2O",0.00978736195177512,0.0107765789152592,0.011357382283343,0.00989348516425528,0.0093160146719061,0.00683377694943058,0.00715920337377217,0.00820526004352576,0.008298042393797,0.00858572337880753,0.0120547445495305,0.0127877479434176,0.0127180957504938,0.00985390462670288,0.00919833089773409,0.00889996235984457,0.00942570159340407,0.0154424738170109,0.0108168452579598,0.0129088429524952,0.0119872429204263,0.00401094256386973,0.00598547348466936,0.00730958301769536,0.00728896177420335,0.00587677982968448,0.00841500535811619,0.0061934685473882,0.00643348372321104,0.00712885506358833,0.00746847364854155,0.00904775179593073,0.0089192983386387,0.00714468367447945,0.00566678018098193,0.00676851020033455,0.00717879885678392,0.00684444189236422,0.00407263207314883,0.00231438356870418,0.00216105902439012,0.00177194916722547,0.00235386073625016,0.00276953131527363,0.00340078380749018,0.0023992718067511,0.00246910743598688,0.00459194787503621,0.00367117099428131,0.00331732735494885,0.0012656658121975,0.000853900110517409,0.000842743771710666,0.000823093197661971
"N2O","1A2g_Ind-Comb-Construction","diesel_oil","ktN2O",0.358455052572725,0.379219584019793,0.425816401704594,0.467310486122125,0.474278817562365,0.479831993805335,0.5219497143545,0.550724324536135,0.610505167983281,0.616464357615477,0.600855918447703,0.596915817825012,0.641522488530892,0.634752548710043,0.648562140018769,0.656377640938229,0.705840244497013,0.686392781254171,0.743150431030468,0.759042832599733,0.693274645754143,0.667870524168363,0.628288155432375,0.697138724526135,0.689966186156978,0.728767566165882,0.788637909656991,0.74708553184584,0.778121629894927,0.707120372691229,0.724394797523353,0.777091615298346,0.791870474900994,0.771334968815793,0.789083633688315,0.786354766544533,0.808969312051405,0.814501203578166,0.789785764774187,0.686549810019138,0.718482969468474,0.774103007998454,0.761368832209222,0.791037364125387,0.808368904570116,0.901348876906009,0.962135071305001,1.0072486339249,1.09165508889761,1.11933643651369,1.14521504972736,1.1490004637335,1.09809489325114,1.09584817729162
"N2O","1A2g_Ind-Comb-Construction","hard_coal","ktN2O",0.014944881099619,0.0150988928833914,0.0167389383024947,0.0181429912431327,0.0174865526011176,0.0180485419264883,0.0199705483820312,0.0215387875115672,0.0187478815930902,0.0232574375726518,0.202446247490463,0.137180160373906,0.153123917157653,0.170638897088907,0.17966704644381,0.202499292581958,0.193890872812425,0.178705341084997,0.174675922069942,0.173770311962604,0.157376175558428,0.151476948117113,0.159619202941714,0.177503816342169,0.174173902496923,0.15317011725452,0.216903164857016,0.129691622432172,0.209732614901442,0.180418566851267,0.183541697800347,0.178135753292471,0.175068105745036,0.178550805779888,0.191157049774622,0.202184561106857,0.21729171784328,0.213832299081297,0.213479850084483,0.228480104340604,0.248482554078376,0.269944316107887,0.262159923451959,0.277549331096763,0.315387617664321,0.302783439636194,0.282848290610725,0.253497149418166,0.227276096414392,0.222961136758958,0.223289783630787,0.155983401070304,0.129885065826143,0.135816726038697
"N2O","1A2g_Ind-Comb-Construction","heavy_oil","ktN2O",0.116934439772255,0.124213376069561,0.133868456788071,0.318624419174274,0.34393799676888,0.329587450930339,0.329796364062437,0.340550693336206,0.346891201361082,0.328422460488653,0.34370247846651,0.247907086302602,0.231502592809794,0.219660556075651,0.211155604612424,0.203145076119165,0.201515708931279,0.200000075968769,0.191073522665683,0.172655974985338,0.224179604576531,0.160834967069867,0.104173271704565,0.0952294626361704,0.0826484351489551,0.0948638481018062,0.0549623999390578,0.0537253294693354,0.0522582248836484,0.0492724871700561,0.0485081298368329,0.0416697088969206,0.0321310665654805,0.0314760021105729,0.0321231296260708,0.0350720062672916,0.0376956744312583,0.0369913881396057,0.038399237150903,0.0349174160011824,0.0498040315743559,0.0491056906504614,0.0441837339841567,0.054689352451334,0.0542193658895486,0.0571459696198378,0.0551300879070424,0.0624557874530268,0.0536633774259437,0.0484783242349422,0.0490731655959465,0.0496530811192713,0.0518576295308026,0.0659438049116
"N2O","1A2g_Ind-Comb-Construction","light_oil","ktN2O",0.036717935142888,0.0328020161288221,0.0348397415130432,0.0348725223652456,0.0335258981707768,0.0352464704893953,0.0355313205308976,0.0346592297839917,0.0381907175035114,0.0355830341207379,0.0547637360612198,0.0544958157890117,0.0540767775701813,0.0575362315545338,0.0694178586617439,0.0706893103160273,0.102552162084236,0.10676585347395,0.114799261369447,0.118544811224377,0.112864500449159,0.101599484130675,0.0919476400592383,0.0953271994951991,0.0905427256296243,0.13755372735691,0.165260207068353,0.133149376813824,0.0845811947956287,0.0673750038102051,0.0635673146655513,0.0940285081597507,0.101863518854978,0.094996504929202,0.0967150814019527,0.087336183635628,0.0885475905869427,0.0737064474252211,0.0749122640548244,0.071516616374279,0.0704770137240368,0.0632043265750102,0.077146532091153,0.106914166150578,0.0800136005427147,0.0685100580905367,0.0777487620523535,0.064334133452083,0.0899285509520318,0.0681359874815727,0.0558389667332886,0.0564811716637912,0.0588340562886268,0.0600496887138854
"N2O","1A2g_Ind-Comb-Construction","natural_gas","ktN2O",0.00152603130906271,0.0017442519230393,0.00183892249115786,0.00195351195263995,0.0020459413189202,0.00217980447245025,0.00229381897548453,0.00244347376948166,0.00259145943904118,0.00271109435197295,0.00538623417499702,0.00518869083023482,0.00716264121589783,0.00738949906800808,0.00799866591791512,0.0106328459827707,0.0113887432316276,0.00945491287959068,0.00930611090473346,0.0123121754370868,0.0188870128048903,0.0187538766363804,0.0171275033926491,0.0150033052440043,0.0133459855878287,0.0161063349669063,0.0149822982817126,0.0128522624153034,0.0141630152407782,0.0140624073703686,0.0153858816904638,0.015606414504064,0.0550632550880624,0.0525991432300038,0.0551967079763966,0.0503710264921225,0.0880686983979222,0.087281918773816,0.0799840928105856,0.0594595247619754,0.0278597737976477,0.0361288980914746,0.0424809805544776,0.0427736661452295,0.0405177508189421,0.0382280422280421,0.0452950115988923,0.0507053590607936,0.0514544978628523,0.0438358625479893,0.0376620043830329,0.0733121641219954,0.0718199950693536,0.0476541000284661
"N2O","1A2g_Ind-Comb-machinery","biomass","ktN2O",0.000749951569325851,0.00104805939956628,0.00107577157057811,0.000954092793164685,0.000965550111625509,0.000982848595432099,0.00148568641254206,0.0020744340808529,0.00196680998231781,0.00211077059337468,0.00319216429894469,0.00524832038536485,0.00460337555264897,0.00306161352037386,0.00390436589488214,0.00408205636484898,0.00528075184863727,0.00488977270057112,0.00349076105586457,0.00328313988555519,0.00394250191694684,0.00431389576450409,0.00871534527141763,0.00788471217969747,0.00939093198150382,0.0123109648666188,0.00899163193649387,0.0101982417442278,0.011311644746007,0.0146947339754993,0.0151363971492816,0.0181943569673131,0.0197964071605053,0.0217597948192783,0.0242476708060937,0.0364231986807938,0.0423743064770556,0.0395938056039638,0.0364335907898047,0.0377138408488579,0.046623973439722,0.0449082872100356,0.044280324936133,0.0654222303167928,0.0465358813176975,0.0490641746392465,0.0590516163507844,0.0422851957001417,0.0563787656163711,0.0497308568315091,0.0572716153997317,0.0529208101473792,0.104406684540464,0.104406684540464
"N2O","1A2g_Ind-Comb-machinery","brown_coal","ktN2O",0.185347545931916,0.174846206142852,0.208931986702505,0.210741397288685,0.180641684697893,0.159844490872996,0.169474860035492,0.17609136384825,0.173015072752085,0.187707886172537,0.197685505296701,0.231091967076184,0.243922655654026,0.265944273099706,0.337499792485381,0.377681094470565,0.385469357049304,0.42953203743758,0.391578598977229,0.3596086558528,0.238256651114191,0.169498828202853,0.12509281522205,0.0529139521904196,0.0335927952287633,0.0243516906868647,0.0215191808462579,0.0152261963528399,0.0114545699897858,0.00800603101011774,0.015145208478553,0.0090431023340469,0.00777081109469503,0.0127998233852703,0.00361358269849016,0.00331825946388322,0.00318633095570793,0.00223338063687501,0.00357811621585224,0.0013487095259562,0.00120057718178406,0.0011278233928974,0.00131083782685803,0.00101277600377808,0.000702187328115256,0.00302328184437719,0.00333185359141935,0.00243126252110333,0.00144597136733,0.00142876103967503,0.00173263311502523,0.00190338110942256,0.00163037721044175,0.00151809489866925
"N2O","1A2g_Ind-Comb-machinery","coal_coke","ktN2O",0.147172566853363,0.164408958390409,0.166463160233288,0.165094775025053,0.179920443389692,0.14889288645965,0.163198800127518,0.164444171812653,0.17471195471094,0.142699472130401,0.243580184904886,0.210933947507386,0.188113413399701,0.181044309108123,0.187461679831313,0.173734176379509,0.192443916581971,0.193869847557643,0.204149522333904,0.204632357088464,0.25556652554485,0.279112386589039,0.272796865117587,0.227418084474774,0.225541348697894,0.244667458850184,0.288246266917162,0.186423343428639,0.207934643646405,0.182729040992329,0.181681502952528,0.198882111164581,0.202619009459845,0.180155326873405,0.158614508109661,0.215333903302235,0.219108162741343,0.249156813316182,0.280250966278851,0.294287696617189,0.302089892962529,0.456785258614364,0.342854354000102,0.310832186996796,0.307718693668182,0.299357110989384,0.287943905883688,0.201365024567884,0.273288376121799,0.246316071127106,0.343750056999523,0.247031214245636,0.220293783570265,0.229980668252076
"N2O","1A2g_Ind-Comb-machinery","diesel_oil","ktN2O",0.092183704167248,0.0981211604392204,0.129095777236124,0.14276574482546,0.151977777337226,0.156598465641285,0.175900776691367,0.176720944524146,0.17724898848955,0.182188624844499,0.178662575202716,0.175964159646289,0.222412689668132,0.207377694982327,0.200053928500781,0.23296034886656,0.233689866293175,0.228900203314111,0.232006083945566,0.230684142536902,0.244517207686289,0.266917153947083,0.265254709455854,0.240054010010817,0.228606229789144,0.300261772640479,0.323757431394705,0.290579589471407,0.292556283860499,0.289329738979944,0.278633754659557,0.281957476151997,0.289898464603645,0.280305468789693,0.296164810101473,0.271805114791303,0.247649118344531,0.25921871365221,0.24854143286689,0.236700983672592,0.248615712282293,0.174768036544884,0.148959597399356,0.153626701442342,0.148180971047512,0.143729038243891,0.139831843094741,0.126755441002201,0.114030625780831,0.10617081963973,0.0946042924770337,0.0974154266356229,0.112558757857225,0.115047510983971
"N2O","1A2g_Ind-Comb-machinery","hard_coal","ktN2O",0.206129035754767,0.248038320029782,0.239780766317215,0.241104811265405,0.250358921760805,0.253654477573269,0.261389391115084,0.25371249227302,0.264809881839795,0.260794793380468,1.07727778531307,0.984306350225884,1.04387526522298,1.05426950993452,1.13621280840255,1.17132330019637,1.18539237883557,1.26387965028601,1.28294772623085,1.22553445568466,1.26588907403309,1.17107809906259,1.15700693973177,0.908395406134666,0.89067639534868,0.889206207988344,0.834404211454032,0.753020094653206,0.71600439903554,0.527670328959759,0.472967291036715,0.453361975282952,0.440207075094121,0.451475978329287,0.570169318827929,0.649199329513709,0.845979051108929,0.906569648532701,0.93481250470398,0.906534363255292,0.923500288557135,0.84924086981589,0.680035302827433,0.635641959832836,0.535372748970307,0.469960399173555,0.367428067153578,0.249620891396442,0.164981222173619,0.118600239613343,0.10557905353741,0.103557278408152,0.0962122739093178,0.0993134041294971
"N2O","1A2g_Ind-Comb-machinery","heavy_oil","ktN2O",0.566616091510588,0.622551147868041,0.567755132026343,0.765218350663241,0.64469268021552,0.555777633359274,0.486461077812013,0.475164579879172,0.47005654528777,0.504030481628142,0.476545906377059,0.442344451073717,0.398718903643306,0.368419586182058,0.350298214568833,0.349030674678959,0.300584523689756,0.297673467959496,0.320615343016673,0.275595074117267,0.271037655131614,0.262324292956308,0.24300858105807,0.196389251559512,0.20830837080553,0.195869998039914,0.204637528836669,0.201642124023923,0.197427825556378,0.228143895449287,0.224497609066244,0.253863864669654,0.270971492386963,0.235587806059764,0.21959584873727,0.208651121345201,0.266298837517181,0.2267399675882,0.194512304294261,0.138407886494124,0.101731722040581,0.0867261967293319,0.0866894522874477,0.074328418747449,0.0689703002527735,0.0708174996885615,0.0682145793810204,0.0548105245516195,0.0479349573259302,0.0362066307347572,0.0278875490624403,0.0313234077138749,0.027588620101603,0.0276655756062555
"N2O","1A2g_Ind-Comb-machinery","light_oil","ktN2O",0.0577743753800841,0.0588691939786471,0.0672218324888105,0.0693715538247791,0.0585928008636727,0.0594812497888152,0.0638721789742825,0.0655386257696198,0.0654258772575195,0.0734587859758234,0.0775255779676517,0.079079653627765,0.105512499888154,0.110916277185844,0.108706393684636,0.114641609534068,0.10617107034147,0.0955652252572079,0.0956709096547236,0.0915067642120945,0.147794067335029,0.158490514254043,0.154051168342969,0.15192507520144,0.153566221219247,0.174365653037388,0.18760034597886,0.163689034349778,0.18559323739609,0.172582845604436,0.169917909777135,0.170284725272129,0.163105946627594,0.151483587918008,0.134041383430643,0.126064627372878,0.132211346929243,0.118666383991258,0.108228095512197,0.0949597165386574,0.0963648656481888,0.0962407003657977,0.0762396020531801,0.0775120404543672,0.0667282274947152,0.063961455451237,0.0708826498331807,0.0689420615011802,0.0752153740500531,0.0641414868630238,0.0618599139460734,0.0556407751930438,0.0573836051959322,0.0582218221879525
"N2O","1A2g_Ind-Comb-machinery","natural_gas","ktN2O",0.0412073658766995,0.0481104399288101,0.0575231899175762,0.0671155717576457,0.0746373393619043,0.0778640395224135,0.100082919085574,0.0892611675966081,0.0920188295486852,0.0958692671956776,0.0995182629153089,0.0936326037677513,0.0942161198614667,0.0945946867095955,0.0935152179178638,0.0988980884770258,0.0999301708259868,0.103754935948362,0.104860758181946,0.106167734726403,0.110026135701129,0.152178457113153,0.150717476336298,0.14132125867035,0.133007211682826,0.220567045330058,0.23493317945752,0.238804421397676,0.238807664765122,0.217408271537502,0.241357650455286,0.245738497645741,0.249828793240632,0.23007935525384,0.237124084248653,0.226650121926149,0.23217576088654,0.238765155981101,0.234211114896927,0.193273832133209,0.208200028329351,0.195532905021815,0.186647130771013,0.193629709794701,0.195855643442806,0.181715995341537,0.193721167709189,0.2093436210693,0.218178600500339,0.224577686074677,0.220904318741497,0.213398203367604,0.209186416451336,0.207643069728675
"N2O","1A2g_Ind-Comb-mining-quarying","biomass","ktN2O",0.00188820731913565,0.00227169716272487,0.00210031794495232,0.00213401033729638,0.00219444463655909,0.00223445876885101,0.00228880028774104,0.00233683744917661,0.00252860126097045,0.00278571735990431,0.00783821562834462,0.00851859175236581,0.0117906380628002,0.0111822391217196,0.0117363181769136,0.0133035553464279,0.0117122663651178,0.0114755505569638,0.0127716444022138,0.00629961118762712,0.00913359763806505,0.0096491478851658,0.0113965415845768,0.00872410651411671,0.00843036764382747,0.0098449134588926,0.0101862398745883,0.000731349822187006,0.00099500658032049,0.00118411270694509,0.00211518846874445,0.00233297974970016,0.0031112059242203,0.00410164750448808,0.004363335151054,0.0216861878702966,0.0215455928876524,0.0176499210339819,0.0269174037407732,0.0293976329076364,0.0336045959503499,0.0357781159944849,0.0302941025244731,0.0275277909629189,0.0269542922379124,0.0433957138677874,0.0325118822193711,0.0279092018942815,0.0188062778901642,0.0149476876230527,0.0174102092748343,0.0196438106891243,0.0196113513873384,0.0196113513873384
"N2O","1A2g_Ind-Comb-mining-quarying","brown_coal","ktN2O",0.127302618596322,0.102435129154972,0.0972712716006853,0.100770948798184,0.0947759958601179,0.0832488989616407,0.0846814225828475,0.0812129174666101,0.0783911383228181,0.0811039353242917,0.0832773600700513,0.0890288002126442,0.0957941127515178,0.0988185221686682,0.1101050920994,0.113424559194013,0.112656715300507,0.122493746396315,0.114022968628558,0.107486249483638,0.0621145086703286,0.0292407941507152,0.0149568462593972,0.0012006825082059,0.00145597846034548,0.00255849490574666,0.00156819522292601,0.00111649843329757,0.000661900645073741,0.0010166298903133,0.000648024232269241,0.000524659017598236,0.000563207663919502,0.000858104185823565,0.000505118749902557,0.00159512671834185,0.0032562536090997,0.00116897476066943,0.0029775919138704,0.00247617943583502,0.00306737952334571,0.00316893834173216,0.00179282705221065,0.00780555280854448,0.0216199830167625,0.0208837699476019,0.00454584622408735,0.00775274260665267,0.00406407364698357,0.00369183956282733,0.00201153241287653,0.00267680806386706,0.00359082986975283,0.00295727841915468
"N2O","1A2g_Ind-Comb-mining-quarying","coal_coke","ktN2O",0.0322583880505612,0.0336573681764386,0.0340397149096571,0.0364248379543063,0.0335461716468013,0.0338157967075292,0.0331247277252093,0.0329890169501176,0.0390736083019858,0.0381258479414794,0.0401100918748777,0.0350351629029692,0.0378493087183975,0.0373904140078544,0.0367661779638202,0.0357131647453814,0.0416939382399089,0.0324865028365724,0.0361530652165273,0.039317271964435,0.0589503206812012,0.043309075427204,0.049309580864725,0.0517736870132664,0.0521805234260344,0.048403960463927,0.0776865405145475,0.0604932004171881,0.0543203976937962,0.0421209375435324,0.0465472116102028,0.0460608370419927,0.0488018064433725,0.0521831779354771,0.0363425371749682,0.0743285060423997,0.0736618418583343,0.0709094784868227,0.0768150435793612,0.0585416392159625,0.139250234484238,0.0832937551528839,0.0730978901193823,0.0758806930796434,0.0763778527524883,0.0695503956799862,0.0655914131883835,0.0515395064632146,0.0584476587973899,0.0690484097762867,0.0792607115020834,0.0831702336792987,0.0913971449552872,0.0936160856321067
"N2O","1A2g_Ind-Comb-mining-quarying","diesel_oil","ktN2O",0.0546428746853911,0.0556083160487866,0.0646757455438471,0.0886648319356392,0.107856843331285,0.106499102266005,0.10886751475878,0.115253394492638,0.123910301656436,0.144507990959483,0.146881781850211,0.146271644837634,0.156443939169519,0.158713003551248,0.162849513742566,0.164155594793236,0.160792276882897,0.170607166709147,0.177018264777165,0.194039586299137,0.256887376570623,0.269272348558138,0.28527899421474,0.277931557678857,0.266441831824566,0.283119224958963,0.279629767771243,0.293797898718045,0.302225600190944,0.297544621163177,0.313181643980108,0.31260469635754,0.316011352316315,0.327622314615786,0.343756925728252,0.356920350440916,0.360814784017539,0.402699701157737,0.429822220768477,0.424194024733711,0.462727322601731,0.598176897682599,0.621540305361074,0.659098725743196,0.685253905205471,0.713823078605229,0.691608616694297,0.714919232359297,0.702971478428448,0.72638334451868,0.685530821678189,0.747946454166209,0.768774243342888,0.790572130151647
"N2O","1A2g_Ind-Comb-mining-quarying","hard_coal","ktN2O",0.228410982004442,0.24499921768562,0.241401075212134,0.227372476688737,0.217373030360732,0.20513769968969,0.206241028949595,0.211722752695789,0.210265732972173,0.196362689006935,0.188731306803031,0.186967311192703,0.182539812526756,0.20653041330089,0.239701912780934,0.232150657395452,0.224999417716353,0.227232740384424,0.224641570016294,0.204619425760199,0.377860587048151,0.274128558884291,0.282868327191546,0.261059117134099,0.295690398705566,0.346833041690447,0.323626184218541,0.329305771992957,0.36616425821583,0.274424565774534,0.279323847645871,0.321600246920931,0.325911102766134,0.340168563592202,0.409833985124138,0.468186249266457,0.554441003858296,0.580750840897091,0.656262317535984,0.630016799119642,0.584695304564388,0.588367886723233,0.597146561256507,0.597584953334918,0.545805922714025,0.472212536811229,0.398375346328041,0.343934584803282,0.421656373126958,0.385969403156724,0.309969382980092,0.385476552225963,0.339770392351899,0.351575398682318
"N2O","1A2g_Ind-Comb-mining-quarying","heavy_oil","ktN2O",0.109475351472366,0.121152817523669,0.115262542137402,0.192307209793528,0.219976007493891,0.176624257154154,0.175131311146943,0.17981028086496,0.162499747884675,0.195147894937166,0.194159277376507,0.154231679998951,0.122262595532813,0.114524091555049,0.114182716459309,0.087867672004935,0.0765816007848944,0.0787558196065869,0.0775819210657302,0.0772299217150318,0.118300222860059,0.105400211597039,0.099903270876613,0.0914075447947231,0.0962372531645523,0.0937795973590474,0.089328912076671,0.0897472981842058,0.089431787259309,0.0962576985363677,0.106212229362936,0.0991392901103005,0.0964597379915409,0.0957283201326516,0.104281483999908,0.123302290224644,0.144137682031805,0.153086781191049,0.137494576266577,0.114583335125675,0.102095665874655,0.084226291601156,0.0977936763818337,0.0855961179953341,0.0859326103848425,0.0818732147900061,0.078769217920308,0.0868273515155371,0.0959400728055049,0.086650768082369,0.0693955356975993,0.081742205249805,0.0909972604921459,0.0870253556377011
"N2O","1A2g_Ind-Comb-mining-quarying","light_oil","ktN2O",0.00318984953745382,0.00409398084418707,0.00405272321658135,0.00647261770960261,0.0063870488324489,0.00679228196028413,0.00630095194065226,0.0068900758791534,0.0059633076545241,0.00414768835818468,0.00511669795787237,0.0053429806840624,0.0048045361270066,0.0041299398746112,0.00400859249017029,0.00427687788325219,0.00630733799957306,0.00569378839667404,0.00584907310804996,0.00727084983888891,0.0081384207439986,0.00854918695343614,0.0110352942366888,0.0133920643528345,0.0147206846563162,0.0158275160410104,0.0162141423384767,0.016773669703648,0.0174759374834145,0.0186452112333959,0.0217255062011328,0.0236693449874425,0.0232900937201368,0.0238389574657635,0.025131485027903,0.015762318888803,0.0161893011736809,0.0146150656073809,0.0153941178527272,0.0126816869530149,0.015008294540172,0.0191490545873218,0.0256197318441385,0.0264839009396812,0.0272363369848474,0.0199090381419357,0.0232172483814452,0.0271402370425959,0.0296952724798746,0.0227089855950602,0.0202494226203425,0.0202900301574795,0.0215423824199274,0.0218769955175937
"N2O","1A2g_Ind-Comb-mining-quarying","natural_gas","ktN2O",0.00565351112854316,0.00776720419051192,0.00894478342104993,0.0112554379449352,0.0127042078601327,0.0129434563840681,0.0132434969813364,0.0132885424844766,0.0208443305683141,0.0206714287510055,0.0312904936394579,0.0310210703988219,0.0283044283448637,0.0279033045428901,0.0290458864483088,0.0290134002535591,0.0285810031816926,0.0296185788165156,0.0226753518811474,0.0246536419017645,0.0251848225598575,0.0253178797916434,0.0238964562535454,0.0295037901344694,0.0228261078313207,0.0241858338986796,0.0260721228011465,0.0234765635193236,0.0212472079178131,0.0219466115087204,0.0224474717464851,0.0243517545998465,0.0383839078231827,0.041709484353351,0.0420351686469505,0.0323236125200216,0.0439992374532444,0.0423094139847142,0.0468502437834423,0.0370004111892578,0.039805285838522,0.0424679103697959,0.0384179754986878,0.0393209535144256,0.0378306644550827,0.0427687973244493,0.0407601213869245,0.0419267447452779,0.0460586756558986,0.057534078391789,0.0623412743225424,0.0508844605636394,0.0497482448070025,0.0497603903707189
"N2O","1A2g_Ind-Comb-other","biomass","ktN2O",12.9770771531128,12.479754983266,12.9117354223642,13.0257575474246,12.6232463267416,12.098781858106,13.1658903440924,13.5356554809073,14.3711535121712,14.3476057353241,14.0958730099659,14.5294528179726,14.4508217763037,15.2582156725325,17.1856421077357,16.4755935004082,17.0197348411718,18.498585540736,18.5438585643364,8.69565148462903,10.3442924310257,10.4684569917398,11.273472181528,8.58856413112748,8.88098332482693,8.9624074412733,9.34099577922557,9.5884664957515,9.97264245082974,9.9595358717295,9.63115230130739,9.78659822431795,9.77731569695677,9.78567138299838,10.0213673253146,10.165355304546,10.7398327711809,10.9841506187165,11.1799497967214,11.2933629633245,11.5349264739445,11.2974174307092,11.9479961666419,12.8135542987456,12.885441262067,12.940128356286,13.8682497435785,14.0879371236649,14.8095843188618,15.6167462345801,16.2361898956094,16.7175917767447,17.6026479479304,17.6026479479304
"N2O","1A2g_Ind-Comb-other","brown_coal","ktN2O",0.975633207341878,0.941118299995014,0.898386417611103,0.905201987374714,0.911544358846963,1.05423527307579,0.895177505610535,0.818211540733849,0.697903477326737,0.728751554458439,0.590090727761414,0.53755797425584,0.564721401141591,0.563496691410353,0.608468956939645,0.678282245409818,0.668247129046771,0.740520721658907,0.571456821627723,0.641278691139663,0.366727047265708,0.425698964644067,0.398345912772309,0.401905023675604,0.303946074763111,0.278412627599372,0.316609678502383,0.323292879622748,0.281640599175914,0.232916448961725,0.281946155555001,0.205641300804345,0.26323971901057,0.304364788751135,0.28214483317799,0.275398130887867,0.34392133525499,0.394419778437583,0.225453537285934,0.196898143053693,0.191361628336114,0.202767967287573,0.165135156500599,0.15488662347178,0.132651803114633,0.0495500088176535,0.0373882929244816,0.0209984608218613,0.0224029244742847,0.0282099667489435,0.0199486751093434,0.0178202122965448,0.0123595901804821,0.0132090166853556
"N2O","1A2g_Ind-Comb-other","coal_coke","ktN2O",0.325278578420654,0.240038519022815,0.223719845183016,0.235906078305119,0.189120581889859,0.129536289442965,0.143724949278743,0.146198830928099,0.130595914775532,0.145308436283103,0.155486123565244,0.157627510288571,0.101825266982255,0.104929406619924,0.110178908530806,0.149616006945931,0.138275398143156,0.213816675176095,0.251505302180811,0.244282445453726,0.132473791331907,0.0598256797911891,0.055618293886447,0.21448048064586,0.0560396822495809,0.0496959379383649,0.0587538542768118,0.0564401442914024,0.0961755986641363,0.10599949246276,0.0959103585774273,0.10072194404341,0.0597870780090943,0.039584547903764,0.0281974418385277,0.033675423879188,0.0566600149707466,0.0441032623177054,0.0455355283444651,0.0270708885010485,0.0255803171097608,0.0226472891103688,0.0198123638056842,0.0217122173158963,0.0266470159916041,0.0151258167382512,0.0108526996908176,0.00970494957884319,0.0168485222128268,0.0359120287285324,0.0260784465540665,0.0188081686951992,0.0240184699897208,0.0251013758911378
"N2O","1A2g_Ind-Comb-other","diesel_oil","ktN2O",2.03314623515646,1.96351965626103,1.85143738099939,2.0027334235178,1.82735147675285,1.82809383667795,1.86139181066165,2.14625283386302,2.21669226911698,2.38129104332939,2.05441839735487,1.84664658790319,1.67175748078681,1.57816388063309,1.56541917605118,1.4315541542887,1.39507985413054,1.52552521344248,1.5547335043659,1.51546662864454,1.39022983747896,1.40364323782872,1.26908950203867,1.31438835137388,1.24975525688193,0.855042451196788,1.08087283263953,1.0844664405081,0.968079387225796,0.967246265907473,0.974584854132645,1.02821761833065,1.02251101227806,0.997870266739724,1.05038346387543,0.973127035534326,0.979089956330598,1.01831394784942,1.00407571599752,0.960956100865523,0.958802653385848,0.893395188032441,0.933896450240273,0.965975056628277,0.933128215647698,0.912880594143324,0.894571904631946,0.880043256290237,0.876791451516909,0.878841579149049,0.856806068080053,0.910508187885957,1.04909412637371,0.981263031710095
"N2O","1A2g_Ind-Comb-other","hard_coal","ktN2O",9.77468402375855,7.34381667482621,7.48473474117121,7.58679806032315,7.53613506610977,8.43951617691885,8.62727259859853,9.56817742469658,10.7117654027064,10.8891098128048,3.24624617582521,3.33720517134571,3.59207838501944,3.55633482599695,4.23767066904344,4.05635455271328,4.04280473322386,4.12535323517831,4.24201268673713,3.86163776147246,3.56632146659825,3.59648497951734,3.63633742321475,3.33164458225734,3.03376510378168,2.61754570411765,2.46000697701078,2.57622331003376,2.55920235794471,2.4589496848325,2.35823351190932,2.37231303057968,2.31817509442596,2.65544673363088,2.82700288184365,6.10292922762854,6.56213341568067,6.12686474091974,6.4346503682501,7.05733894057565,8.34061151550999,8.13507662165807,8.22152893172754,7.16665982620859,6.48853835289642,6.03621360498418,5.39917384338566,5.79668107793522,5.688251733493,5.66021616028412,5.66575290693045,5.8868908751705,5.44044143147836,5.74728928490861
"N2O","1A2g_Ind-Comb-other","heavy_oil","ktN2O",4.52683977379672,3.8969669006039,3.87786890382678,3.78952973834932,3.75081574587927,3.55408892800945,3.99834225739763,4.23173561399172,4.37607717197143,4.58096871728049,3.64155700186912,3.30641009026521,3.06844268818419,3.35319070171565,3.23711935091195,2.8997621716377,2.96371831905715,2.84240026824813,2.78827662123858,2.60028167467551,2.31638316874928,2.18345641882208,2.00633104615463,2.02887957953633,2.01568033322898,1.63651631423468,1.67998354609515,1.62129900618011,1.6354710087593,1.60052037585861,1.49298522494469,1.57506894738231,1.60353303758927,1.63223266315846,1.71212922330779,1.69750739638545,1.72931270555742,1.88083391226759,1.77657227460179,1.85664587719832,1.81605792179742,1.65881340193263,1.77732111927134,1.78649981822694,1.93193849527425,2.10241859126023,2.19634430401782,2.04405266049948,2.05729735515771,2.25455146047923,2.68324244210419,2.52697254651015,2.95854961369128,3.54559923649904
"N2O","1A2g_Ind-Comb-other","light_oil","ktN2O",1.13194843456074,1.08546210648924,1.21439072821465,1.20920989224333,1.11532359302126,0.962654514659818,0.95656710301214,1.41867791140369,1.024232873702,1.64368353711252,1.54237064545251,1.24855080379486,1.37883560922617,1.090251392083,1.11299744666046,1.43444446801868,1.39801539598034,1.46514869211394,1.34173124820087,1.38020839464784,0.828934935198549,0.823607659270909,0.784210635644034,0.880812532213764,0.908430264279631,0.330819942441573,0.353358823066748,0.363006235309671,0.411720455957061,0.434091904895614,0.388262913843736,0.426865153823549,0.449197453329016,0.448538339488308,0.436370233523462,0.429561408485027,0.435549062632829,0.349158560999178,0.319896919980252,0.307040444355966,0.322861668055551,0.233589579244325,0.234343915549149,0.229894513381189,0.223953168600858,0.203690646498264,0.16877610757234,0.187759359479849,0.191648969903191,0.173668279952408,0.18275466803512,0.192272446591777,0.208246589759895,0.194682407279372
"N2O","1A2g_Ind-Comb-other","natural_gas","ktN2O",1.29751568940791,1.35141623785349,1.36290897872252,1.46863047760568,1.42201595799493,1.24380998161268,1.31039747020421,1.33173846283838,1.31112436777677,1.35396286030803,1.41963502673696,1.42274979081524,1.21593775429302,1.1989765206789,1.30641160498424,1.1306339912897,1.09854195493091,1.21435778647,1.31509168202802,1.28100392276497,0.950090631284203,0.826715048154799,0.758186777537554,0.831745399997508,0.872942628292759,0.350265153007806,0.37925615181323,0.510060002564238,0.552680422146177,0.519819580071189,0.438887507655252,0.465783090732467,0.583878267108475,0.561136235122352,0.53284009598781,0.580006732420416,0.610286456644339,0.632485419624193,0.673804164405702,0.616438809625033,0.778074281796961,0.752931596281133,0.795658696717022,0.803042349604144,0.783377868147762,0.794826903532489,0.790313312286059,0.775003205786186,0.727434036897263,0.795081384956479,0.770284778172774,0.851182555532849,0.877431017676363,0.88367964544477
"N2O","1A2g_Ind-Comb-textile-leather","biomass","ktN2O",0.0497625981458992,0.056668200970207,0.048991594422711,0.0424693359602933,0.0363195405071303,0.0338468900518746,0.0253638657027693,0.0240456662465619,0.0269841182325208,0.0232041622288487,0.0196927774844918,0.0276483462389758,0.0382109907127577,0.0470987862857496,0.056526269648356,0.0743723382588409,0.0849093347016603,0.0817351222018282,0.0773900800545561,0.075442443440666,0.057722968225552,0.0505378061663355,0.0403875607005955,0.0388822749135429,0.0394447557611787,0.0441620396334601,0.0464470325270675,0.0435971657164898,0.0417750944868346,0.0406237103369447,0.0507626334019467,0.0528108980825809,0.0625494057782877,0.0754897205166535,0.0713548132237997,0.0661862033599374,0.0719295125032094,0.0664704932637517,0.0615252790706748,0.057989606476824,0.0655376843989575,0.0668502409749605,0.0468594067600323,0.0619886731456567,0.0543746699886534,0.262605785753413,0.278780664031056,0.299772277519391,0.322484155351838,0.341962323227803,0.287397490032628,0.433769228803992,0.431359585063383,0.431359585063383
"N2O","1A2g_Ind-Comb-textile-leather","brown_coal","ktN2O",0.221075761706038,0.216308377895947,0.222316329142172,0.209233656470911,0.185046996595477,0.188969456198793,0.196895174537425,0.202229331201923,0.203438547159329,0.219493066532154,0.182076288849914,0.21354449376472,0.212524597811551,0.208663865935997,0.237540584729964,0.236377629523506,0.241009303615504,0.314394471096531,0.302668386644316,0.27273067010926,0.15993110504095,0.158262988770737,0.131578546419463,0.0939642828275036,0.0832447169415099,0.0778826666909374,0.0742826162742164,0.0686241451931911,0.0655298049473712,0.043858708161648,0.0545299564696033,0.0485746863057344,0.0437178915820246,0.0233176018379281,0.0489516255889664,0.0393245956688141,0.03047199242367,0.0276909083201279,0.0819538167452004,0.0267535072095154,0.0388922458577885,0.137027852388276,0.128007561468794,0.0396962123198335,0.106834743723671,0.0833740073522744,0.0771424003609015,0.104648672300681,0.108597422188551,0.0395805634328247,0.0403835375166092,0.0945776907985833,0.106956912740622,0.113191198779442
"N2O","1A2g_Ind-Comb-textile-leather","coal_coke","ktN2O",0.0058903794986275,0.00454809591169731,0.00449239638160862,0.0052384361811995,0.00482717874712861,0.00253843712948979,0.00241867966260197,0.0038048536327324,0.00457057950806914,0.00360220447737409,0.00864647739349734,0.0090702078053801,0.00784102514462916,0.00799254486970056,0.00811439037636032,0.00909417208565765,0.00576078130766071,0.00507377590065874,0.00614870743412993,0.00600646030489266,0.00657277973587659,0.00632818508868694,0.00566598407791999,0.00346320086480831,0.00396620164385706,0.00332370081743645,0.0040386881779845,0.00453282334142471,0.00639799844789595,0.00268988638352996,0.00270078378046305,0.00287336457750024,0.00406273661756005,0.00258783859408689,0.00125353473055768,0.00155030062870216,0.00440402605756306,0.0039695284640279,0.00459361829128815,0.002754335293394,0.00343866762106423,0.003418582653575,0.00220057402556886,0.00173689255198305,0.00131444481535919,0.00131444481535919,0.00121333367571618,0.000707777977501102,0.000707777977501102,0.000404444558572058,0.00145341291135871,0.00189217885362838,0.00203798979670862,0.00211745545836817
"N2O","1A2g_Ind-Comb-textile-leather","diesel_oil","ktN2O",0.0281829283294874,0.0300283069899234,0.0440548809050843,0.047549693809263,0.0589069048202682,0.0582311736446012,0.0614593840197622,0.0609058982181622,0.0601943350085041,0.0666923525348164,0.0648400992879083,0.071729126774419,0.070754027599002,0.0615548320246782,0.0600451060729867,0.0725292593342782,0.0724582235461134,0.0685674591764633,0.0706699420376691,0.100336451429872,0.0982842329140886,0.103869060119916,0.107064812403784,0.106510401123999,0.108856428177453,0.150051378932834,0.154148539944724,0.160263991638634,0.16604496545167,0.162882316827564,0.149458538828687,0.154486830942956,0.147393388493667,0.137181740145453,0.148424363646238,0.13735896167845,0.123024293236552,0.114531756470441,0.0965662711934566,0.0915212056540386,0.0929442641711859,0.0817174618726022,0.0844188806303944,0.0753187507786907,0.0723911441988419,0.0761277206983924,0.0551105610328406,0.0536116625822378,0.0389886222263491,0.0330183495600991,0.027499583932227,0.0308143077117459,0.0281608233272187,0.0290377222322917
"N2O","1A2g_Ind-Comb-textile-leather","hard_coal","ktN2O",0.157637112086777,0.226423862789122,0.284966600091402,0.279499691830976,0.264757844746635,0.267225429144483,0.288984891997347,0.287849491794495,0.273413672390816,0.256471556490221,0.752078875215054,0.809049342347425,0.826525038137425,0.847038420069823,0.863101310364864,0.85251199346354,0.888811101437829,0.938559547400534,0.98373083262773,0.876513937857881,1.01534487099804,0.984365320627975,1.00676683368364,0.940446311191655,0.983869542046498,1.08875541909377,0.848159408573234,0.808073882719553,0.813321911952541,0.614546511178099,0.665273620422561,0.688980082540162,0.698582815121291,0.73496544160225,0.979260472535625,1.10282633448611,1.1368876166349,1.18517649561509,1.14690414959628,1.14538770108472,1.21845053654025,1.18129168807984,1.07182703973998,1.0605863619021,0.9038409875265,0.779075436850185,0.653204636987852,0.503974246214518,0.387072457924949,0.309310846186062,0.272381560593326,0.214211265956497,0.198176628854369,0.218270886022154
"N2O","1A2g_Ind-Comb-textile-leather","heavy_oil","ktN2O",0.657777205167389,0.660960146519549,0.757108362612744,0.791593666276006,0.779085498572954,0.742769277012175,0.832112401321769,0.727348034049098,0.674399969019727,0.701765691650148,0.733426682600638,0.712236874142042,0.634316461922959,0.568328102234788,0.537070666015199,0.468243812670139,0.492372762834161,0.472976410349507,0.450447173374042,0.437043364507364,0.383779475230659,0.352599296810687,0.344374646902276,0.34086788938379,0.339425753235281,0.350692055884996,0.318052389436617,0.315506253791002,0.329306186444516,0.352750640722821,0.340340740834697,0.31665956893991,0.326347617002265,0.298830976740241,0.277847510572658,0.231283437658337,0.207292057548497,0.19395438855056,0.161417462791249,0.11893840030025,0.0982725425494898,0.0628576864257177,0.0618333464879742,0.0522377011230966,0.045842313852239,0.0432906329522207,0.0458621948525754,0.0416723754898037,0.0371111411796412,0.029082355859767,0.022868658191439,0.0275517166760819,0.0309249788003671,0.0314736187782762
"N2O","1A2g_Ind-Comb-textile-leather","light_oil","ktN2O",0.00102961252018576,0.00106525086001055,0.00108560516693899,0.00139638384011564,0.00311952254797078,0.00386954466886034,0.00526192931205253,0.00550909997122154,0.00563817977711952,0.00527454656363555,0.00770250978137818,0.00828085602809676,0.0118889420285319,0.0105245225354427,0.0109524458487281,0.0111159414287052,0.0117120252316373,0.0129193151115719,0.0125718756324338,0.0127334768987915,0.0210114902891437,0.020281439933688,0.0275531925436408,0.0227841984614788,0.0215126790533277,0.0304298331332814,0.0289508134070566,0.0285856834077716,0.0341470035522635,0.0343467483675406,0.0327723264640956,0.0360495032627511,0.0346020554971654,0.0321504475976031,0.0266100801279017,0.0234453673570953,0.024622310139096,0.0207314293037088,0.0153728794138895,0.0134275747515797,0.0140665983240312,0.0144445235130796,0.0138495201283028,0.0128212391437341,0.0114722437955865,0.00985193628728013,0.0103271833943724,0.0101787742302009,0.0121282760763607,0.0112236998702377,0.00972680382961549,0.00952950896986045,0.00979853989091102,0.00958250840566714
"N2O","1A2g_Ind-Comb-textile-leather","natural_gas","ktN2O",0.0131031000293485,0.0147961532806506,0.0195413645119032,0.0195570467990133,0.0213666221086461,0.0229482126922643,0.0266057388416059,0.025055805951228,0.0304764185742727,0.0321386936178848,0.032810025257186,0.0322601170990952,0.0323952999288011,0.0338165046756006,0.033891187832777,0.0330900777827391,0.0338716774775699,0.0377340326911529,0.0402957545219472,0.0433394300232035,0.0484133982627039,0.0681144998016748,0.0688458028897627,0.0679861313677232,0.0665972556248292,0.102183297695025,0.107951749990091,0.107703649565266,0.113105515518015,0.102577789954047,0.127311208425093,0.12975863249158,0.129785945645327,0.125962100894306,0.121771717332576,0.106110128539178,0.105181864683618,0.0874986036585877,0.0743597172686335,0.0667778401997739,0.0668332616473858,0.061229528795204,0.0591612989999047,0.0601235421152273,0.060463833084937,0.0603703918601852,0.0641626751857965,0.0762785257709013,0.0762677528109817,0.0796998901362276,0.0793595262587227,0.0851365871079322,0.0734606647758441,0.0719727897041648
"N2O","1A2g_Ind-Comb-transpequip","biomass","ktN2O",3.67999951091236e-05,4.1399994497764e-05,0.000116421573980308,0.000311158465886692,0.000318553537731239,0.000337567901646383,0.000952294324679295,0.000945051859418663,0.0013206275186417,0.0013532401182161,0.000448615648085135,0.000404668771009467,0.000404900980040496,0.0003985549428107,0.000224496102741912,0.000125905890610448,0.000160850238725308,6.95686265353252e-05,0.00014015293723115,8.30843068483871e-05,0.00111396814543654,0.00135982852384241,0.0014489207922534,0.00169188635958637,0.00209343413535391,0.00295219617504345,0.00182002889458269,0.00162453196026223,0.00164545405292845,0.00243376086900688,0.00203487949389958,0.00220637921286517,0.00250022136036239,0.00403238176946259,0.00488935126210855,0.00524901829747939,0.00404339829034681,0.00286908414580244,0.00309648899366835,0.00314960094300492,0.00553914474381541,0.00482940978886316,0.00643110442592786,0.00587877874082928,0.0122634792337932,0.00801107294605305,0.00694240328213257,0.00707455108465798,0.00654372501565882,0.00829143497913032,0.00883343119296172,0.00987139412429283,0.00921497651533427,0.00921497651533427
"N2O","1A2g_Ind-Comb-transpequip","brown_coal","ktN2O",0.0866269703109758,0.0837701811005362,0.0770814684300203,0.0796335599013428,0.0702615678784619,0.0692503862807607,0.0622870070531807,0.0655516187479198,0.0637473999075254,0.0695883511364419,0.0705723512607637,0.0737171648290185,0.0752845688343566,0.0792669710616231,0.102568926303979,0.107723757287624,0.111032761593515,0.119114759433634,0.110739856281925,0.120308586554861,0.0743791551529218,0.0471250345926641,0.0476666920470737,0.0406087378019804,0.0284309406235971,0.0147152063587414,0.00743381815118883,0.00494017545099245,0.00249386707937303,0.00211467828302904,0.00283859853937819,0.00189922191369258,0.00185267994080315,0.00221338722711166,0.00165774332751549,0.0022071355849842,0.00141967710022868,0.00114683047341292,0.00142088535362289,0.00113566273312692,0.00104672439501175,0.00126263558618514,0.00129802114597918,0.00113900392190731,0.0012364093344768,0.00122161657064289,0.000881035608622759,0.00105798636719805,0.000838829179412211,0.000496526381589618,0.000580493500154911,0.000593941695275959,0.000587327252738443,0.000539085453091149
"N2O","1A2g_Ind-Comb-transpequip","coal_coke","ktN2O",0.0406443966120825,0.0290104980313436,0.0287142683242941,0.0323053120822696,0.0298520142511738,0.0189193246263467,0.0168176242749113,0.0195526013555098,0.0175789745252411,0.0184314533983593,0.0174551311164717,0.0213746115895794,0.016706781351039,0.0136794203044642,0.00766310785571818,0.00778987392109556,0.00730112665477875,0.00716310452509356,0.0100574460488534,0.0063957112892543,0.00616760074716797,0.0052125400380209,0.00488329974485917,0.0182721225156813,0.0179960324640322,0.0182481869351064,0.0195229438738875,0.0237282567336819,0.0242091939163635,0.0265783023401744,0.0244193258155298,0.0271005057336695,0.027363840700093,0.0300692374662676,0.0336177975661432,0.0445556986954782,0.0467447555617052,0.0600547323145844,0.0752733324238467,0.0733942938149703,0.0649600120870843,0.0669225290691356,0.0742602504226768,0.0758423208279071,0.0642178560323889,0.0497426534796592,0.0478293977777178,0.0297617804303592,0.0168264719828202,0.0104623183892311,0.00728501664369403,0.00700430191271356,0.00861425346591923,0.00862471175945289
"N2O","1A2g_Ind-Comb-transpequip","diesel_oil","ktN2O",0.0229673982886635,0.0248990500153221,0.0319555115936394,0.0372956044508142,0.0334886120215519,0.031294094864489,0.0336318803922025,0.0346828028955833,0.0379537588258652,0.0386691156837189,0.0363892847004201,0.0327734788041529,0.0380287308736312,0.033873311391649,0.0342946236093254,0.0358336698743299,0.0337367818522072,0.0323706284475244,0.0285142475880564,0.0267903475650126,0.0360807890788507,0.0403178397996631,0.0400645846527489,0.0501745787728755,0.0505507765990989,0.0769410379228693,0.0832922196724166,0.0791311142946563,0.0776268589131082,0.0734943309871379,0.111326350251241,0.121839029511845,0.116727258152541,0.103790802973415,0.0701672028120759,0.0705110707608421,0.067072319782368,0.0670668769310301,0.0756105338285787,0.0624349217654511,0.0733144604681876,0.0569301274061753,0.0487194940342145,0.0450101478999374,0.0424421291058468,0.0413694697103865,0.0417544165547447,0.0425042234626553,0.0385252186241784,0.0291490610543974,0.0241776028483286,0.0272711029639885,0.0301161209513423,0.0311455609781678
"N2O","1A2g_Ind-Comb-transpequip","hard_coal","ktN2O",0.0399217294432138,0.137635004439153,0.180299909091889,0.173707624343719,0.143905436013047,0.131606929366471,0.132557171963768,0.142041193323108,0.138070759809542,0.142947984314717,0.159662746982484,0.156600781865629,0.135556718472406,0.1320758449986,0.130522404423516,0.128129466211548,0.126265889582869,0.120007566579798,0.115713592945679,0.104545090788229,0.101078693478301,0.0767232473261977,0.0828592570726225,0.314177914994449,0.284193205212667,0.310521517281267,0.294478786278104,0.284885582476336,0.282963488433177,0.24323819026793,0.242160891146786,0.218324078903059,0.245441974755976,0.190404139599446,0.178174044887284,0.196967668606463,0.233772000412502,0.227043538160404,0.211491507469536,0.207276234196155,0.23006324228472,0.210302763823255,0.2184984642033,0.203599903664184,0.137373167067833,0.12047023525509,0.105813411419434,0.107454167383683,0.0516291200815043,0.0371203659636736,0.0320009155653973,0.0325529228727667,0.0361191850819917,0.0340333006929928
"N2O","1A2g_Ind-Comb-transpequip","heavy_oil","ktN2O",0.100055290746018,0.13381604995177,0.141724075370005,0.152254154365447,0.131969116758205,0.126653528280728,0.135038788148195,0.135594269424922,0.133700851764798,0.122091637546239,0.121123522877463,0.10348434023372,0.0953459905529666,0.0600949394732124,0.0528180719222855,0.0505248336039658,0.0414261738451769,0.0326945924159007,0.0284742333721155,0.0251344741573079,0.0253684164340637,0.0262284140293421,0.0235733181329247,0.0245510115180001,0.0284577704379245,0.0374375492420566,0.0351348579116956,0.0339014026015332,0.0440914750444337,0.0458510857664226,0.0422086160760634,0.0406946615695915,0.0378550702399864,0.0330290646038283,0.0273646395446512,0.0215340888794714,0.0234302019242939,0.0182515226181247,0.0171739126993001,0.0194871944875209,0.0209549175422209,0.019659356676692,0.0145740716131193,0.00944618431807288,0.00723329590689462,0.00859665269161191,0.00848062870488776,0.00787390691837748,0.00712713250260034,0.00495069149916455,0.00639971807631712,0.0136299386654506,0.016670580467298,0.00819277028015449
"N2O","1A2g_Ind-Comb-transpequip","light_oil","ktN2O",0.000903011977270152,0.00128825339696078,0.00164795537623215,0.00202000113235977,0.00202566012341696,0.00351937673022404,0.00417978296405291,0.00409662353605785,0.00333220977240723,0.00338505974721857,0.00453614543360767,0.0043399071551028,0.00425605474384831,0.00371819591836796,0.00469352238719488,0.00510751976064978,0.00521401793094103,0.00572674394624875,0.00529095772189422,0.00542802231437807,0.0253674115081667,0.026255627852751,0.0271149070218192,0.0310887848123191,0.0342144848280134,0.0442576545178777,0.047076449108055,0.0538292603747037,0.0496921126281283,0.0492190765705117,0.0466993785462245,0.0486904658934633,0.0448172113873763,0.0351093501060347,0.0346461022897425,0.0319178512125469,0.0330591067151453,0.0279505348515963,0.0255913134676939,0.0236290275051727,0.0235748304229544,0.0389023161255394,0.0233396098976534,0.0238918865874221,0.0205433834153103,0.0178463299477758,0.0211131697211491,0.0218415465213959,0.0313632331091938,0.0200302043768341,0.0193088215935651,0.0165882216724256,0.0168586125865303,0.0169494427688907
"N2O","1A2g_Ind-Comb-transpequip","natural_gas","ktN2O",0.0026495487068731,0.00468228020061822,0.00512976137104207,0.00573591326018917,0.00767144820782019,0.00759668199722517,0.00845761531700421,0.00896232174428421,0.00936323063736748,0.0101970099244032,0.00980247363263598,0.0104567146936578,0.0104103936679013,0.0108014652424399,0.0166549490505406,0.0173814862269732,0.0177850974311297,0.0191200719410152,0.0180142566085774,0.0187559672380668,0.0211798211258795,0.0215772240847187,0.021564193767797,0.021375512237376,0.020407684128491,0.0473552223759043,0.0506778144821072,0.0536218484043974,0.0504924104140183,0.0500098209584075,0.0612158404831202,0.0611265499816733,0.0636624952549633,0.0633563097051277,0.0624191373792053,0.0617944603534181,0.0661885806839671,0.0683333938418475,0.0637063500075743,0.0541135633467364,0.0540770635768345,0.0619289842781266,0.0658826491849821,0.0666300255810707,0.0651466999502676,0.0610847128396496,0.0659114217799481,0.0714929862770361,0.0967466709185954,0.0717925916079912,0.0674237023950808,0.0870247728736499,0.0894194008141984,0.0884020938424775
"N2O","1A2g_Ind-Comb-wood-products","biomass","ktN2O",0.245955884027476,0.210047606011754,0.249111334738455,0.299163651788816,0.459774617652713,0.456531164751619,0.461378726905206,0.482522885456794,0.485157038993782,0.49663087733241,0.518096411252958,0.512046532866622,0.501902734994455,0.517222774480874,0.624090779850957,0.6171655862406,0.540874175288608,0.563587771748451,0.602278273516189,0.60848646058709,0.515229699575407,0.536053868564175,0.515434969904498,2.02608984518304,2.14687856672224,2.45930478947886,3.05135340963149,3.26747532632072,3.53031207581577,2.22804907431545,2.30209030185646,2.38858563501792,2.37536417460777,2.5806385758436,2.73088799355663,2.49272086531966,2.38466112859492,2.35984207307563,2.43535107286245,2.56967762080132,1.78073617965572,1.85513374700944,1.88147811463009,1.86512270031701,1.85445166224074,2.19860903317383,2.4155736805519,2.55704822422445,2.8090926276227,2.77483978843602,2.66756914540084,3.08534373346006,3.19348499761551,3.19348499761551
"N2O","1A2g_Ind-Comb-wood-products","brown_coal","ktN2O",0.0231400292061658,0.0233272490883078,0.0225242230541295,0.020618452563862,0.0200418660823864,0.0199783781157164,0.0204404747055039,0.0214509018455653,0.020751067338997,0.0228647186560205,0.0199575118648172,0.0268566455131368,0.0263773959482388,0.0252162226271421,0.0276335719153591,0.027227558502402,0.0287644112021253,0.0285603211008581,0.0228955112053295,0.0217479896580567,0.0132861178324273,0.0191475970396588,0.014943026662026,0.00924847742877435,0.0100102781131356,0.00664154489107283,0.00720069523246493,0.00497400861521597,0.00350288537430903,0.00119605583910052,0.00151175939368145,0.00116751221631351,0.00110447284828029,0.00157927457412922,0.00020876952132801,0.000198028939596817,0.00109086908977611,0.0013329459037719,0.00182852095348855,0.00118272930731322,0.00109081060388697,0.00120974525263104,0.000749673563424138,0.000432493030514039,0.000727547712939909,0.00128004813514193,0.000816263803405959,0.000498143788805934,0.000911040502036789,0.00027449855155139,0.000475419722366978,0.000362422336331534,0.00141512473574551,0.000524566386608236
"N2O","1A2g_Ind-Comb-wood-products","coal_coke","ktN2O",0.00214486986912912,0.00233770320682658,0.00244698359903544,0.00185447603768858,0.00179907882192287,0.00111098189509855,0.00124111862467395,0.00146885518727695,0.00156645822242403,0.00156998941554129,0.00202074321753319,0.00179065700065394,0.00173149469678242,0.00175129803880628,0.00165063390407128,0.00158556835343106,0.00108129849132434,0.00113676868730945,0.000952156825844257,0.000759709080135765,0.00137703555302162,0.00133650486677766,0.00138078465492182,0.000918284907051833,0.00110586997321097,0.00128753828921972,0.0012786563340274,0.00134362133260176,0.00105050288813807,0.000838165641914336,0.00083543328791348,0.000893100978992137,0.000937204290463643,0.00116675584223635,0.000923151396149444,0.000923642318199157,0.00657408709999362,0.00668287935673719,0.0071258774731605,0.00640465917620532,0.00208303903968314,0.0016930122377163,0.00140036528899837,0.000935249835683178,0.00101111139643015,0.00111222253607316,0.000876296543572793,0.000404444558572058,0.000303333418929044,0.000202222279286029,3.37037132143382e-05,0,0,0
"N2O","1A2g_Ind-Comb-wood-products","diesel_oil","ktN2O",0.0207492541532445,0.0211886967590542,0.0278916598959937,0.0350704273850038,0.0340701356018652,0.0330714131402175,0.0375258906515946,0.0388450580756959,0.0541901488242132,0.057040090929973,0.053155368502811,0.0496835954947435,0.048775749213894,0.0349281135460889,0.0347121442717882,0.0351040185454408,0.0384588326672198,0.0387015147434384,0.0383716062766544,0.0359201535806477,0.0425180324651546,0.0420870256675252,0.0448989383083617,0.039309497812921,0.035614781690406,0.0936705787969786,0.100478951227658,0.0994969559072667,0.0899090606348596,0.0752340955141778,0.0652620663266198,0.0735127496149921,0.0713062859521684,0.0613979320643962,0.0766099323805284,0.0598420802024738,0.0584655725129616,0.0594997714610616,0.0815415766208937,0.0788118946399394,0.100669566495433,0.0399292450697168,0.0418762329396167,0.043889880655205,0.0436631354081254,0.0461738362848397,0.0473720001180939,0.0453860160054657,0.0369890344467459,0.0358010408358944,0.0331329108028263,0.0350385031163932,0.0343523772594564,0.0345571118678509
"N2O","1A2g_Ind-Comb-wood-products","hard_coal","ktN2O",0.028594184807499,0.0419711738429971,0.0428026519654909,0.0429102576757661,0.0406261857945847,0.0405468865049595,0.0430115497583515,0.0391201297718628,0.0420417906475739,0.0438080317308556,0.168210717639656,0.159531350502087,0.159824931967132,0.164729164052682,0.176431291777926,0.44131284466069,0.449374777284949,0.483247110229546,0.513657080384755,0.522847037734515,0.145799533190408,0.146041641461149,0.147547959955563,0.156065380310138,0.13587887345008,0.16680429749905,0.136925237358388,0.130652820495602,0.142897740382526,0.111443099433258,0.115996615508617,0.113492680154251,0.116399639486041,0.135622494514003,0.182469617628199,0.204495920816011,0.21836588650328,0.231633970548361,0.247434355590632,0.262821308086682,0.260553137837504,0.252795236964697,0.240103790846584,0.226220721272817,0.191680289102809,0.174104131236649,0.122409804539464,0.0775540152414185,0.0276420032845135,0.0223602016858452,0.0162124778718573,0.0152168659281364,0.0085309261831135,0.00814138830155254
"N2O","1A2g_Ind-Comb-wood-products","heavy_oil","ktN2O",0.0477014865531768,0.0580264428085788,0.0619354090773245,0.0768510463306922,0.0684181360678738,0.0693279992060356,0.0754212027302304,0.0769824579873819,0.0771111863736078,0.0775680379614868,0.0763798461254819,0.0740065206630368,0.0725213310233963,0.0547679491975565,0.0503280785815666,0.0456224719982972,0.0437024436797162,0.0399056693576176,0.0552145839239367,0.052198042172313,0.0382813100439704,0.0393703674306262,0.0315472682458239,0.0379205763479281,0.033258792567047,0.0342932410105963,0.0348388165315958,0.0339237188674231,0.0345609209202546,0.0345508952562122,0.0277659292933894,0.0255949888620126,0.0235169372435627,0.0219990496790001,0.0205559034993341,0.0160849514399594,0.0178028578456702,0.01497987067487,0.0138323260881504,0.0105947949220069,0.00985874124284182,0.00810296978538226,0.00705194998406371,0.0045837532869437,0.00344252708931167,0.00359939011236401,0.00376242329998289,0.0031980274463053,0.00320504560342268,0.0099947229020235,0.00301089906484004,0.00465457695753892,0.00516708594825855,0.00265471548652162
"N2O","1A2g_Ind-Comb-wood-products","light_oil","ktN2O",0.000663475503531279,0.00115853580899055,0.00129192038211945,0.00196939640283548,0.00215337125843328,0.00144263342277589,0.00153042450610801,0.00150593386985032,0.000524881055546838,0.000579846368819479,0.00103468291534016,0.00098364091240125,0.000943250507205635,0.00110228716311635,0.00133353915474432,0.00172966581423261,0.000979329285795425,0.00106494264343652,0.000913709395380361,0.002135902716014,0.00329186679944033,0.00344437774553714,0.00374456398608156,0.00457239779981099,0.00505792285575928,0.0136276752605908,0.0146524513020791,0.0139658027282584,0.011879994926124,0.00973119443795021,0.00799382096601209,0.00791993529554288,0.00801895728025214,0.0076785526951509,0.00679876087794125,0.00641276188030114,0.0062412646136541,0.00631123465709895,0.00544225483048253,0.00489654480303891,0.00525587396360498,0.00673690960387345,0.00395994566219206,0.00434704908931782,0.00390790418992584,0.00397260629234245,0.00438577752928013,0.00582181058416391,0.00737751488908964,0.00628919840415902,0.00629491024417588,0.00594664721543811,0.00560131989201729,0.00567733476742947
"N2O","1A2g_Ind-Comb-wood-products","natural_gas","ktN2O",0.0004057332553982,0.000597350933600445,0.000626416152256027,0.000686182843357793,0.000727095228842414,0.000932782809045539,0.000986774997850644,0.00107632249744514,0.00121129827898183,0.00116706266014439,0.00119362136498972,0.00130822745653098,0.00128195771647156,0.00133978595129144,0.00202758772088316,0.00213689037843787,0.0023686141730975,0.00262656609037617,0.00280932549157445,0.00292216730149432,0.0039328390534815,0.00400774366451995,0.0032283082374117,0.00274835588370385,0.00294769058352295,0.0147168549586371,0.0150267660044954,0.0160464484772913,0.0147343293183227,0.0148227158957279,0.0173051603063521,0.0165593821345727,0.0135922899063467,0.0128631167254714,0.0136438952200489,0.0145831833650559,0.0158369852730726,0.0148755054242648,0.01550647353431,0.0132944094973875,0.0142904471675638,0.0161269646390188,0.0148498322879499,0.0156430213846365,0.0153552899106191,0.0156538521380567,0.0171330463364691,0.0178147044411277,0.0181028975908319,0.0168436554272996,0.0172521531157945,0.0196609050894834,0.0195316533945626,0.0192075173256
"N2O","1A3ai_International-aviation","biomass","ktN2O",0,0,0,0,0,0,0,0,0,0,0,0,0,0,0,0,0,0,0,0,0,0,0,0,0,0,0,0,0,0,0,0,0,0,0,0,0,0,0,0,0,0,0,0,0,0,0,0,0,0,0,0,0,0
"N2O","1A3ai_International-aviation","brown_coal","ktN2O",0,0,0,0,0,0,0,0,0,0,0,0,0,0,0,0,0,0,0,0,0,0,0,0,0,0,0,0,0,0,0,0,0,0,0,0,0,0,0,0,0,0,0,0,0,0,0,0,0,0,0,0,0,0
"N2O","1A3ai_International-aviation","coal_coke","ktN2O",0,0,0,0,0,0,0,0,0,0,0,0,0,0,0,0,0,0,0,0,0,0,0,0,0,0,0,0,0,0,0,0,0,0,0,0,0,0,0,0,0,0,0,0,0,0,0,0,0,0,0,0,0,0
"N2O","1A3ai_International-aviation","diesel_oil","ktN2O",0,0,0,0,0,0,0,0,0,0,0,0,0,0,0,0,0,0,0,0,0,0,0,0,0,0,0,0,0,0,0,0,0,0,0,9.91052044232525e-05,0,0,0,0,0,0,0,0,0,0.000198707308116049,0.000198813815559949,0.000198813815559949,0.000198813815559949,0.000198813815559949,0.000198813815559949,0.000298220723339923,0.000298220723339923,0.000309409379626846
"N2O","1A3ai_International-aviation","hard_coal","ktN2O",0,0,0,0,0,0,0,0,0,0,0,0,0,0,0,0,0,0,0,0,0,0,0,0,0,0,0,0,0,0,0,0,0,0,0,0,0,0,0,0,0,0,0,0,0,0,0,0,0,0,0,0,0,0
"N2O","1A3ai_International-aviation","heavy_oil","ktN2O",0,0,0,0,0,0,0,0,0,0,0,0,0,0,0,0,0,0,0,0,0,0.00942567228916052,0.00461645353410867,0.00267291967025881,0.00145701584200548,0.000764451424712626,0,0,0,0,0,0,0,0,0,0,0,0,0,0,0,0,0,0,0,0,0.016371567007075,0.0262177681958674,0.0313369478616863,0.0126564540590081,0.00329045507245816,0.00588794687721596,0,0
"N2O","1A3ai_International-aviation","light_oil","ktN2O",3.67025763143424,3.964777298343,4.24102474498551,4.48111610863887,4.20087207373195,4.34526516583537,4.31941389808354,4.77453098839074,4.95841788371879,5.13359304016144,5.09898087364231,5.02904976712309,5.215000450904,5.23963452789924,5.48203932963465,5.66066352359244,6.31583911095343,6.74784479846389,7.1609630146055,7.58907376285208,7.9337260803444,7.69225453669824,8.0293148718823,8.24271885976422,8.70293328840691,9.04362763794492,9.44298117347585,9.9385770434022,10.309644456947,10.7770539825998,11.2269002126302,11.0559285129229,11.6852478512673,11.6358423568525,12.7698659513477,13.5791279869999,14.0790695818036,14.5586253978276,14.8002943934049,14.0574786665687,14.8260536455642,15.2031787632184,15.2929899367119,15.5880709575097,16.055862946955,16.9938688718579,17.7630059847831,18.7099025807232,19.5325951618584,19.8492406954383,9.44737909706554,10.4287904191982,15.0407267442104,17.5179914382805
"N2O","1A3ai_International-aviation","natural_gas","ktN2O",0,0,0,0,0,0,0,0,0,0,0,0,0,0,0,0,0,0,0,0,0,0,0,0,0,0,0,0,0,0,0,0,0,0,0,0,0,0,0,0,0,0,0,0,0,0,0,0,0,0,0,0,0,0
"N2O","1A3aii_Domestic-aviation","biomass","ktN2O",0,0,0,0,0,0,0,0,0,0,0,0,0,0,0,0,0,0,0,0,0,0,0,0,0,0,0,0,0,0,0,0,0,0,0,0,0,0,0,0,0,0,0,0,0,0,0,0,0,0,0,0,0,0
"N2O","1A3aii_Domestic-aviation","brown_coal","ktN2O",0,0,0,0,0,0,0,0,0,0,0,0,0,0,0,0,0,0,0,0,0,0,0,0,0,0,0,0,0,0,0,0,0,0,0,0,0,0,0,0,0,0,0,0,0,0,0,0,0,0,0,0,0,0
"N2O","1A3aii_Domestic-aviation","coal_coke","ktN2O",0,0,0,0,0,0,0,0,0,0,0,0,0,0,0,0,0,0,0,0,0,0,0,0,0,0,0,0,0,0,0,0,0,0,0,0,0,0,0,0,0,0,0,0,0,0,0,0,0,0,0,0,0,0
"N2O","1A3aii_Domestic-aviation","diesel_oil","ktN2O",0,0,0,0,0,0,0,0,0,0,0,0,0,0,0,0,0.000197705521472393,0.000197705521472393,0,9.88527607361963e-05,9.88527607361963e-05,9.88387528584974e-05,9.88408744280631e-05,9.8928511448245e-05,9.89796684727214e-05,9.89224890829694e-05,9.90303471211806e-05,0,0,0,8.89980697816148e-05,8.89981063808574e-05,8.89981848876138e-05,8.89964647474749e-05,0.000266978949543489,0.000358269075271412,0.000174496400719424,0.00027355154963098,0.000275013156267744,0.000273970732056149,0.000174800587246377,0.000618949294279936,0.000619032374876235,0.000619315753256706,0.000885724005134206,0.00579893561066397,0.00115063526808619,0.0027342009507667,0.00228983458267339,0.00220601256887592,0.00149832392803862,0.00158103796160553,0.00148914284905499,0.00150256903756179
"N2O","1A3aii_Domestic-aviation","hard_coal","ktN2O",0,0,0,0,0,0,0,0,0,0,0,0,0,0,0,0,0,0,0,0,0,0,0,0,0,0,0,0,0,0,0,0,0,0,0,0,0,0,0,0,0,0,0,0,0,0,0,0,0,0,0,0,0,0
"N2O","1A3aii_Domestic-aviation","heavy_oil","ktN2O",0,0,0,0,0,0,0,0,0,0,0,0,0,0,0,0,0,0,0,0,0,0.00165852812566993,0.000812304713370159,0.000512548389430594,0.000292131195788625,0.00014606355878592,0,0,0,0,0,0,0,0,0,0.00212232351166887,8.59570662259688e-05,0,0,0,0,8.89505370932754e-05,0.000177930833810143,0,0.000177937200826446,8.9021411383133e-05,0,0,0.000594213575991582,0.0161864048777563,0.00788632713197066,0.0112047099759758,8.93007827846104e-05,8.48496534246298e-05
"N2O","1A3aii_Domestic-aviation","light_oil","ktN2O",5.80772468390216,6.06413396481854,6.23467066638344,6.4279837865254,6.29298661010578,6.53073369831956,6.5228094302062,6.69304130486058,6.89770729577778,7.23885894697012,7.37599263770576,7.08996135993299,7.04473238421358,7.23338124919316,7.88533105458811,8.14367618983345,8.25375311852259,8.52161032676989,8.86971225536025,9.14094261599332,9.02952063838433,8.60589436716303,8.44105309946531,8.35114731601907,8.71210414763615,8.81039714624156,9.28448513426632,9.40472309836722,9.51167401799876,9.81077680567157,10.282293853058,10.1031013429943,9.6899264526154,9.66990369139788,9.92823776647619,9.87146823954547,9.99949178206715,10.3397048011047,9.72773488000858,9.07588087229418,9.37659272605254,9.79514572596769,10.0120949824496,10.3522648462141,10.986876424769,11.3454318399875,12.2065544913654,12.612132420284,12.5644379162349,13.2566206775368,9.05624098563562,10.4398632418043,10.5815806656389,12.4671323616243
"N2O","1A3aii_Domestic-aviation","natural_gas","ktN2O",0,0,0,0,0,0,0,0,0,0,0,0,0,0,0,0,0,0,0,0,0,0,0,0,0,0,0,0,0,0,0,0,0,0,0,0,0,0,0,0,0,0,0,0,0,0,0,0,0,0,0,0,0,0
"N2O","1A3b_Road","biomass","ktN2O",0,0,0,0,0,0,0,0,0,0,0,0,0,0,0,0,0,0,0,0,0,0,0,0,0,0,0,0,0,0,0,0,0,0,0,0,0,0,0,0,0,0,0,0,0,0,0,0,0,0,0,0,0,0
"N2O","1A3b_Road","brown_coal","ktN2O",0,0,0,0,0,0,0,0,0,0,0,0,0,0,0,0,0,0,0,0,0,0,0,0,0,0,0,0,0,0,0,0,0,0,0,0,0,0,0,0,0,0,0,0,0,0,0,0,0,0,0,0,0,0
"N2O","1A3b_Road","coal_coke","ktN2O",0,0,0,0,0,0,0,0,0,0,0,0,0,0,0,0,0,0,0,0,0,0,0,0,0,0,0,0,0,0,0,0,0,0,0,0,0,0,0,0,0,0,0,0,0,0,0,0,0,0,0,0,0,0
"N2O","1A3b_Road","diesel_oil","ktN2O",1.03606095025039,1.12651853920233,1.23461260629716,1.36752818175916,1.41765075383758,1.46233061482751,1.60286990963589,1.73910111064681,1.90404304143259,2.09082385336042,2.11362830072109,2.19847167255264,2.1088099818272,2.25874245979415,2.38418195434007,2.49837745138369,2.69799897188606,2.85871428125034,3.12472571341189,3.3229672984119,3.50164312392078,3.69253610474262,3.63542799510485,3.50165701814902,3.45902325869917,3.48508802874331,5.28028733172066,5.16478010837118,5.36917997057011,5.75635546366843,5.07015339546949,5.21758284265743,5.32519928312718,5.61671949626839,6.05928378827667,6.13920496473533,6.57083031887167,10.0921860624965,11.4783846460403,12.5764342748565,13.1363321829482,14.0747117989969,15.5490034419018,15.7430935868642,17.2500989788638,17.2504321274861,17.1963007768447,17.5853409045987,17.9943328868531,17.7607644482025,16.4373861192966,17.4101628906973,17.9110722416174,18.4387644242674
"N2O","1A3b_Road","hard_coal","ktN2O",0,0,0,0,0,0,0,0,0,0,0,0,0,0,0,0,0,0,0,0,0,0,0,0,0,0,0,0,0,0,0,0,0,0,0,0,0,0,0,0,0,0,0,0,0,0,0,0,0,0,0,0,0,0
"N2O","1A3b_Road","heavy_oil","ktN2O",0.00174256053667004,0.00190190716217268,0.00170483948878571,0.00170617359772141,0.00175397310019368,0.00187315011322378,0.0021412950607498,0.00248794431789638,0.0030092551086843,0.00294775434974453,0.00262166592516398,0.00346200239404267,0.00318782147543315,0.00480960715637576,0.00307390775132338,0.00300229787880408,0.00268776207778979,0.0032255236762536,0.00263337696638177,0.0018574954281861,0.00255978576906199,0.00258348241094584,0.00192023540338294,0.0010927755380691,0.000608739947225638,0.000587178168841952,0.000424376907706734,0.00033660216340567,0.000248180851004531,0.000179616320803864,0.000132975178735858,0.000133378685818642,0.000354898801395991,7.7913114969844e-05,0.000182965065107959,0.000174754592358547,0.000112562026461261,0.000137093020304406,0.000274285333365538,0.000248870717926679,0.000169134453501065,0.000324315596605937,0.000342815424840557,0.000443422204433862,0.00176360591914226,0.000385049617890544,0.000563280458228549,0.000284938246701162,0.000282372432469588,0.000605164740388671,0.00058975782325477,0.000620047267780992,0.000649609672866135,0.00062321700832204
"N2O","1A3b_Road","light_oil","ktN2O",184.668678256999,194.908488530662,208.019970769207,219.400461219113,215.86013226189,223.568524176592,233.835584005209,241.226636027555,251.492259989445,247.100826410135,240.227076855596,239.738474041613,240.711290243692,242.679177408872,244.522101882232,245.119016318686,252.909324887151,261.489834103818,270.457383436929,275.636567575928,275.433172543129,291.979080727582,310.979473457288,322.009235149154,336.328562977379,351.765672285718,366.884909871503,380.387070629504,391.923333321982,386.274695796814,349.390625180199,336.466786952737,328.201851777653,321.293761336013,314.235301575544,293.243879741339,298.102979369078,287.172738119956,287.921991877492,278.258519307717,284.17260650148,285.65477603754,280.050517274713,268.221488564565,263.061280089389,251.824255342173,234.727670382372,237.911902342591,242.728615422468,253.346258909194,228.849898991755,246.480297929886,249.605829138335,262.160096166689
"N2O","1A3b_Road","natural_gas","ktN2O",0.0043515577450164,0.00461368192111824,0.00505101371099287,0.00558034163085822,0.00719210265507153,0.00988018812730513,0.0113794865602865,0.0114170415987832,0.00961820494633389,0.00986157539770893,0.010320521170651,0.0104234881521635,0.0106007034379504,0.0111531125084522,0.0116336097877454,0.0121828096592042,0.0126822574839411,0.0145146381806577,0.0148313663105723,0.0153914711216072,0.0168218821704817,0.0245457711252175,0.0338072244984475,0.0448116404130826,0.032330361910612,0.0597836827591278,0.0774202615557654,0.112575673605379,0.130466684177311,0.206995921905712,0.280798909069866,0.364902262057889,0.518807670652594,0.6532125031738,0.662706324301043,0.613413764522028,0.528519141379709,0.652621950511392,0.396428357609515,0.559770951531651,0.522125514724099,0.494561204492706,0.426590845421024,0.284214613059852,0.314447704978631,0.389659961785114,0.388664194385779,0.406501907406557,0.417433932218044,0.441748684004154,0.425004609992779,0.447797558999035,0.442256409099139,0.458217953631169
"N2O","1A3c_Rail","biomass","ktN2O",0.0515195698400397,0.07582753612,0.06947602348,0.06419694992,0.043726183,0.02054209884,0.0099163908,0.0099963908,0.0100363908,0.0103843908,0.0108483908,0.0105323908,0.0106483908,0.0101483908,0.0099523908,0.0097283908,0.00824351264,0.00866351264,0.00847151264,0.00807951264,0.00783912314682927,0.00537780590682927,0.00200361050682927,0.00259561050682927,0.00181561050682927,0.00232761050682927,0.00227561050682927,0.00220361050682927,0.00233961050682927,0.00169561050682927,0.00146761050682927,0.00164688918777778,0.000723804028292684,0.000741803210140845,0.000178366946211503,0.000268502433870509,0.000197437869718871,0.00255385799683696,0.00031284029367306,0.000304673507357604,9.75578357858678e-05,0.000540568096822274,0.000394231343143472,0.00053978917892934,0.000442231343143472,0.000398231343143472,0.000121557835785868,0.000117557835785868,0.000203115671571736,0.000101557835785868,7.99999999999999e-06,4e-06,7.99999999999999e-06,7.99999999999999e-06
"N2O","1A3c_Rail","brown_coal","ktN2O",3.88100383928713,4.17643921799125,4.35143345167964,4.59059241760823,4.84456601855249,4.95121659810937,5.13979646772482,5.0928588186111,5.19949132655841,5.1464134823109,5.40792798040597,5.01026357749425,5.04201504167673,4.75928515094625,4.39766178963053,4.07302376543091,3.99080861427888,3.91697365479234,3.96546739950193,3.62385830629773,3.18471860463411,2.28850288935708,1.81690999701206,1.21207408592835,0.683747151388238,0.339000970663998,0.0315810215190092,0.0252272851080604,0.00268398396895713,0.0159150529071145,0.0193572090241056,0.0168624452451894,0.0214679538485169,0.00196254940880337,0.0209699966977115,0.000479393075707459,0.00133793820614559,0.00186800322461147,0.00134335306194454,0.00133530895416992,0.00342813485488116,0.00214940559773891,0.00257059884378032,0.0081618750651184,0.026960415517828,0.0234958280176868,0.0235261269886426,0.0335165620950356,0.0221323553207406,0.0282618062689491,0.00690716506597051,0.00560363928791026,0.00603447953585165,0.00718238152206484
"N2O","1A3c_Rail","coal_coke","ktN2O",0.00762014453803247,0.00724401990317706,0.00707337147027592,0.00526373050720889,0.00492425232504293,0.00495254217355675,0.00492425232504292,0.00444150621667147,0.00492425232504293,0.00427267646740665,0.00532193596517435,0.00481180935010722,0.00444404131942742,0.00427430222834443,0.00475649720445753,0.0225591155581814,0.0242676439786584,0.020934656724453,0.0184065226558678,0.0190026769848291,0.0193942674774733,0.0180338196460534,0.0213602720035385,0.0197191903369816,0.0127109226523569,0.0170903019353662,0.00872966875871199,0.0063692062710389,0.00673904181188956,0.0055446656437961,0.00474841486506713,0.00163587075191899,0,0,0,0,0,0,0,0,0,0,0,0,0,0,0,0,0,0,0,0,0,0
"N2O","1A3c_Rail","diesel_oil","ktN2O",7.55742714637411,7.39366462638623,8.19962642121401,8.93911612817777,9.58137286519313,9.65654862008793,10.0739306381683,10.3342185134131,10.5617448040699,10.9368988554564,10.9551908795103,11.5321739343004,11.7687237179279,11.6410606687673,11.6971893413829,11.6718126478409,14.6577382263084,14.7798434511337,14.7033875974143,14.8888059434068,15.6011810661745,14.4087654823871,13.0094941481566,12.6566372782806,9.9785415561999,9.75092456509695,9.58787051616627,9.08419886330674,8.64447009450061,8.77719559516283,13.3101159158556,13.5710286104027,14.4784543857647,15.5649828352874,17.18967408912,18.0504886440743,18.6017248527941,18.780652722341,18.3351972056715,16.8669416739309,16.8342279110496,17.5764819775303,16.9808588215138,16.7428398182301,16.1796235005238,15.6113197162565,15.6138615774537,16.1691548353462,17.1674680481716,18.2066129696938,15.5211406318892,17.0508411614375,18.3885787956474,19.2434740335288
"N2O","1A3c_Rail","hard_coal","ktN2O",1.50714032903598,1.48132497007139,1.41996763380645,1.339816839256,1.28967525191393,1.32329564527226,1.2289551820239,1.24389756947854,1.10513381149015,1.05319001584569,1.0228340155049,1.00766514938007,0.993727767783986,0.969544714850956,0.925068968040633,0.909110586133753,0.840927635669435,0.79314832066632,0.738415332974171,0.686915278027864,0.599266758725461,0.528251281936973,0.461871632469403,0.347877206818559,0.245288379456612,0.18741222652724,0.1548958189486,0.103426228831347,0.0741912481100141,0.0504978871382517,0.0266712137181073,0.00945190829021035,0.00312068536276006,0.00123535126754239,0.0044799894808878,0.00431611830351423,0.00165786601701573,0.00379070612911393,0.00347138209640596,0.00306027434258384,0.00313332461057977,0.00420759662414219,0.00271885159321382,0.00241368421383571,0.00286922398945398,0.00264713445312919,0.00227649698587774,0.00276400050960566,0.0030421307529441,0.00283448622262281,0.00256070339229941,0.00279345574805469,0.00277684604156344,0.00272798927849701
"N2O","1A3c_Rail","heavy_oil","ktN2O",2.14089201511165,2.16999685602942,2.12354839207733,2.37759598447412,2.69207301675305,2.90766275086187,2.99413275525505,3.05794699192339,3.13712448201891,3.18721752288465,3.29295849568896,3.35686205124329,3.26416002168937,2.93389894147549,2.56854287263965,2.19749417817912,1.78837837386264,1.6275674490899,1.3769646810183,1.17870829751485,1.53453506277599,2.38353147326574,1.71323947744445,1.04836555639975,0.768718664135702,0.72993297842079,0.463411634183577,0.270907688910109,0.16496183315185,0.200018933944757,0.198475639035824,0.143804732527501,0.157444910559286,0.127080812125531,0.140904617523192,0.198448976065556,0.232387916209648,0.103390716308288,0.129182378406954,0.108272804859304,0.109353711528765,0.0752489564135945,0.0632664232848662,0.124301726824451,0.22642951818708,0.0342239238967955,0.055864686808249,0.0708329488745001,0.0661790759933693,0.0931826551273918,0.11035226884037,0.11530591298733,0.138607601189987,0.131781478084957
"N2O","1A3c_Rail","light_oil","ktN2O",0.822860866417521,0.0053625715,0.0055225715,0.0048025715,0.0045625715,0.0046425715,0.0024025715,0.0024025715,0.0024025715,0.0026425715,0.00152,0.00144,0.00112,0.00112,0.00112,0.0012,0.0012,0.00128,0.00136,0.00136,0.0012,0.00128,0.00128,0.00128,0.00128,0.00128,0.00249450029190939,0.0012,0.00380194367402116,0.00521029318582936,0.00593085605794113,0.00349353890222222,0.0025555157468599,0.00236748556571429,0.00130687928,2.687928e-05,2.687928e-05,0.00126422244032715,0.00129100533578053,0.00374599898226151,0.108650127523995,0.0963578131316831,0.0942629258071934,0.115768160524963,0.0989247609189123,0.103184619588005,0.0796708434759172,0.0884925442117963,0.0920136254321683,0.0796722087805125,0.0762472192038161,0.0777182513144586,0.0801526565510871,0.07926142450955
"N2O","1A3c_Rail","natural_gas","ktN2O",0.00435231700401514,0,0,0,0,0,0,0,0,0,2.94730679765883e-06,2.94730679765883e-06,5.89461359531764e-06,0,0,0,0,0,0,0,0,0,0,0,0,0,0,0,0,0,0,0,0,0,0,0,0,0,0,0,0,0,0,0,0,0,0,0,0,0,0,0,0,0
"N2O","1A3di_International-shipping","biomass","ktN2O",0,0,0,0,0,0,0,0,0,0,0,0,0,0,0,0,0,0,0,0,0,0,0,0,0,0,0,0,0,0,0,0,0,0,0,0,0,0,0,0,0,0,0,0,0,0,0,0,0,0,0,0,0,0
"N2O","1A3di_International-shipping","brown_coal","ktN2O",0,0,0,0,0,0,0,0,0,0,0,0,0,0,0,0,0,0,0,0,0,0,0,0,0,0,0,0,0,0,0,0,0,0,0,0,0,0,0,0,0,0,0,0,0,0,0,0,0,0,0,0,0,0
"N2O","1A3di_International-shipping","coal_coke","ktN2O",0,0,0,0,0,0,0,0,0,0,0,0,0,0,0,0,0,0,0,0,0,0,0,0,0,0,0,0,0,0,0,0,0,0,0,0,0,0,0,0,0,0,0,0,0,0,0,0,0,0,0,0,0,0
"N2O","1A3di_International-shipping","diesel_oil","ktN2O",3.77329562800461,3.84179756733812,4.13389463543117,4.2993557905775,3.96953450337653,3.88463756304561,4.14151385713942,4.298157233112,4.63277119877893,4.4661573436068,4.18126842545122,4.24151441847847,4.23461228731105,3.97929254616476,4.17272344781691,4.19855609353823,4.33567315395406,4.63973822635311,4.85039808006879,5.35103348983481,5.78530792509066,5.6211209678832,5.43518872605822,5.81765728776984,6.16383832015812,6.35914742676957,6.37826478403926,7.06172440096155,7.07789641355915,6.6394534535046,7.11950962269726,7.73666759520193,7.53569798542886,7.78818642679733,8.16632707319131,7.94604947273122,8.48720540302207,8.53429003105028,8.39144086404921,7.54051781737861,6.6034582894506,7.74196986418891,6.13545136055743,6.77038188669943,7.60848652789087,11.1950248620882,11.374337042672,11.7680416345341,11.7358676757301,12.9001884550694,10.7362302515833,10.9218996648675,10.9446629806934,12.0018694406757
"N2O","1A3di_International-shipping","hard_coal","ktN2O",0.00172568075934369,0.00113159394055324,0.000792115758387268,0,0,0,0,0,0,0,0,0,0,0,0,0,0,0,0,0,0,0,0,0,0,0,0,0,0,0,0,0,0,0,0,0,0,0,0,0,0,0,0,0,0,0,0,0,0,0,0,0,0,0
"N2O","1A3di_International-shipping","heavy_oil","ktN2O",17.6144355685828,18.0071575753219,18.7422176872252,19.7292013914166,18.3358261574977,16.5782959902124,16.9313960840787,16.6779100388001,16.4521994191031,17.2325292736234,16.9012364615979,15.2338167291537,13.2821634331057,12.4564335201316,12.8637492957247,14.3357005589249,15.432918961102,15.9380736622519,17.6178981716374,19.0520358196622,18.7319950738992,20.7180725598445,21.4213873187612,22.4070378086831,23.3980528309048,24.1957865296954,23.6784740187895,25.7835684342692,25.6274218247066,26.1135540051289,28.3721153772999,28.1545658660136,28.9176838747346,30.8964265297928,33.7559954979978,36.5075076251324,39.9837626182751,43.4452359902174,46.3501852093334,38.5222575814762,35.7984115237684,39.9399860161645,36.9197951450308,35.7247950018345,35.3094473792991,33.2320140479579,37.038710079624,38.0311863106664,37.4106124325036,35.8549080103663,33.8976797282991,35.3010236063894,34.9972593896477,35.2952869545158
"N2O","1A3di_International-shipping","light_oil","ktN2O",0,0,0,0,0,0.00069,0.000874,9.2e-05,0.000506,0.000782,0.000782,0.00092,0.00092,0.000368,0,0,0,0,0,0,0,0,0,0.000279,0.000744,0.0006045,0.0009765,0.000651,0.000651,9.3e-05,0,0,0,0,0,4.8e-05,0.0002425,0.000294,0.0002475,0.000297,0.000505,0.0004545,0.000459,0.000411999999999999,0.000415999999999999,0.000312,0.00042,0.001155,0.0011025,0.008925,0.0062475,0.0004725,0.000787499999999999,0.000812702978329557
"N2O","1A3di_International-shipping","natural_gas","ktN2O",0,4.63445070541481e-05,4.81982834732612e-05,4.95464768231362e-05,5.22428997390062e-05,5.59100897116508e-05,5.79614129925494e-05,6.08245809602658e-05,6.40677646736524e-05,6.75506025241795e-05,7.28988119881945e-05,7.7756763837691e-05,8.3316692738396e-05,0.000100047027110086,0.000104863071848279,0.000122392665464723,0.000108235523263605,0.000129085090782034,0.000131947188626533,0.000143814725290878,0.000197837235600127,0.00018710791500325,0.000112346397516231,4.61595232875298e-05,5.33134507526734e-05,5.50359143979826e-05,5.36832014147774e-05,2.16238370611678e-05,0,0,0,0,0,0,0,0,0,0,0,0,0,0,0,2.25672504062105e-05,3.61076006499368e-05,0.00313289853764218,0.00384207438165733,0.00689241439489679,0.00984496298970933,0.0182719504122284,0.0245776162965638,0.036878648372149,0.0291907384004333,0.0285003100448219
"N2O","1A3di_Oil_Tanker_Loading","process","ktN2O",0,0,0,0,0,0,0,0,0,0,0,0,0,0,0,0,0,0,0,0,0,0,0,0,0,0,0,0,0,0,0,0,0,0,0,0,0,0,0,0,0,0,0,0,0,0,0,0,0,0,0,0,0,0
"N2O","1A3dii_Domestic-navigation","biomass","ktN2O",0.000997020943681379,0.001556,0.001348,0.001196,0.000675999999999998,0.00052,0.000468,0.000416,0.000364,0.000312,5.2e-05,0,0,0,0,0,0.000228,0.000228,0.000192,0.000196,0,0,0,0,0,0,0,0,0,0,0,0,4e-06,0,0,0,0,0,0,0,0,0,0,0,0,0,0,0,0,0,0,0,0,0
"N2O","1A3dii_Domestic-navigation","brown_coal","ktN2O",0.000918931557933086,0.00101985472560526,0.00106556025517743,0.00112872385007139,0.0011926883624458,0.00122298288466739,0.00127183159190456,0.00126122125005619,0.00129144802095013,0.00127858252776704,0.00134506109833541,0.00124837511439529,0.00125604069318107,0.00118784741092937,0.00109957830333281,0.00102064161697684,0.00102211805069219,0.001027625644887,0.00106768634606111,0.000985293140214563,0.000848171563165843,0.000650851004061254,0.000552006105662641,0.000363963963870045,0.000233498254158792,9.18213690516466e-05,9.65946615760906e-07,0,0,2.07664527243491e-07,7.35414730189118e-08,0,0,0,0,0,0,2.8289848513831e-05,0,0,0,0,2.8289848513831e-05,0,0,0,0,0.000113159394055324,0,0,0,0,0,0
"N2O","1A3dii_Domestic-navigation","coal_coke","ktN2O",0.000113159394055324,0.000141449242569155,0.000169739091082986,0.000113159394055324,8.4869545541493e-05,0.000113159394055324,0.000113159394055324,0.000113159394055324,0.000113159394055324,8.4869545541493e-05,0.000113159394055324,0.000113159394055324,0.000113159394055324,0.000113159394055324,0.000113159394055324,8.4869545541493e-05,8.4869545541493e-05,8.4869545541493e-05,8.4869545541493e-05,0.000113159394055324,8.4869545541493e-05,2.8289848513831e-05,0,0,0.000113159394055324,2.8289848513831e-05,2.8289848513831e-05,2.8289848513831e-05,2.8289848513831e-05,0.00028289848513831,0.000367768030679803,0.000396057879193634,0.000452637576221296,0.000367768030679803,5.6579697027662e-05,2.8289848513831e-05,8.4869545541493e-05,2.8289848513831e-05,0,0,0,0,0,0,0,0,0,0,0,0,0,0,0,0
"N2O","1A3dii_Domestic-navigation","diesel_oil","ktN2O",1.91492833222945,2.02885320232287,2.09511699511334,2.31961705512623,2.52573412210625,2.45029773080547,2.40921544038835,2.35677016161717,2.44576561225422,2.56519734442525,2.47546907548661,2.29967490506744,2.25260663985142,2.25503127737697,2.31932333028596,2.44397127524096,2.54621517616267,2.54494382207649,2.58367929380702,2.64233788852881,2.81811520456742,2.80054747574381,2.68008632255112,2.80815658266032,2.8117644361257,2.89356791118073,3.52611766502177,3.07024389408808,3.12442476402114,3.39531960529579,3.71051139102706,3.6882,3.7152,4.07574,3.7926,3.8367,3.95064,4.1067,4.2426,4.18608,4.56084,5.463,5.71554,5.88708,5.81364,6.04548,6.08616,6.3081,6.52734,6.24024,5.65686,6.08022,6.2973,6.63209179967327
"N2O","1A3dii_Domestic-navigation","hard_coal","ktN2O",0.0150070836240389,0.0116554175876984,0.00970341804024403,0.00814747637198333,0.00828892561455248,0.00678956364331943,0.00534678136911406,0.00435663667112997,0.00407373818599166,0.00381912954936718,0.00707246212845775,0.006025737733446,0.00311188333652141,0.00364939045828419,0.00758167940170671,0.00681785349183327,0.00681785349183327,0.006025737733446,0.00500730318694809,0.00545994076316938,0.00495072348992043,0.00514875242951724,0.00548823061168321,0.00562967985425237,0.00531849152060023,0.00548823061168321,0.00543165091465555,0.00585599864236302,0.00577112909682152,0.0056579697027662,0.0056579697027662,0.00704417227994392,0.00370597015531186,0.00512046258100341,0.00585599864236302,0.0116271277391845,0.01004289622241,0.0107501424352558,0.0116271277391845,0.0112876495570186,0.00599744788493217,0.00427176712558848,0.00367768030679803,0,0,0,0,0,0,0,0,0,0,0
"N2O","1A3dii_Domestic-navigation","heavy_oil","ktN2O",2.70545291341834,2.97421336444276,2.80597021726051,3.01657869875208,3.3546923628797,3.49079401003935,3.66256513492282,3.56713742173345,3.51496470381007,3.75010352101302,3.71527034307197,3.67593557638631,3.49096313568531,3.15919620207903,3.08651319162263,2.731026926117,2.49494150777717,2.48506225235068,2.33086161766944,2.23518360610846,2.58592960333581,2.08256554311441,2.25443664428074,2.21775268318775,1.96372373924253,1.95729874407721,2.68799299048888,2.4251793883557,2.15649954147687,2.59063501343992,2.50923525127962,2.49875238361271,2.41422377822205,2.60946258817463,2.83596337243703,2.80877337983363,3.19892880995856,3.27336120267958,2.34255508573123,2.46444225766622,2.26443898063933,2.04645355654596,2.22168485496914,2.35001668361567,2.39808262070093,2.11723064663448,2.25348992037597,2.69342581386413,2.62056572903839,3.09644925410703,2.78234858167817,3.1293978586533,3.02952157927538,3.54915928775901
"N2O","1A3dii_Domestic-navigation","light_oil","ktN2O",0.015496001033699,0.01725,0.018216,0.017434,0.017848,0.021068,0.01794,0.019182,0.020654,0.02139,0.027784,0.029026,0.029946,0.030314,0.151064,0.198536,0.169648,0.175444,0.184092,0.186714,0.186576,0.1748865,0.2018565,0.204042,0.1456845,0.170004,0.1612155,0.161076,0.148149,0.1666095,0.170892,0.15275,0.164124,0.1691475,0.163392,0.19728,0.1976375,0.199038,0.188694,0.236115,0.20377059688581,0.235525170799096,0.240205232915854,0.248438663007348,0.262045382109435,0.260013070541604,0.266464220640635,0.259371684313316,0.260805711088824,0.28703568067558,0.220719712678679,0.221992558440015,0.225324861246157,0.229340322976199
"N2O","1A3dii_Domestic-navigation","natural_gas","ktN2O",0,0,0,0,0,0,0,0,0,0,0,0,0,0,0,0,0,0,0,0,0,0,0,0,0,0,0,0,0,0,7.97376181019439e-05,8.12421014623576e-05,9.1773484985256e-05,0.000296383222001565,0.000470903291809593,0.000562676776794849,0.000556658843353193,0.00265089968104953,0.00312481193957995,0.00333092615995667,0.0034949148462418,0.00413732924113859,0.00529728591201782,0.00623457904555576,0.00730426671481014,0.00850503249684059,0.0076282948185593,0.00884072034663297,0.00687736956129265,0.00659151772281399,0.00655954745140519,0.00757695432388518,0.00977654096708191,0.0095128205910262
"N2O","1A3eii_Other-transp","biomass","ktN2O",0.00323383426940382,0.00492912984761179,0.00485585519007153,0.00341290808774036,0.00189668632786892,0.00174450050066993,0.00144012884627194,0.0010624825343337,0.000228278740798488,0,0,0,0,0,0,0,0,0,0,0.002344,0.002188,0.003088,0.000599999999999998,8.40000000000001e-05,0.000148,0.000128,9.59999999999997e-05,0.000892000000000001,0,0,0,0,0,0,0,0,0.000805701441568114,0,0,0,0,0,0,0,0,0,0,0,0,0,0,0,0,0
"N2O","1A3eii_Other-transp","brown_coal","ktN2O",0.00050419202881089,0.000562945381083322,0.000588914602544154,0.000624796864900114,0.000661135301353196,0.000678356880645695,0.00070611414813682,0.000700108427234166,0.000717289388104119,0.000709996294634583,0.000747754898042897,0.000692850718863321,0.00069719870334993,0.000658465967889463,0.000608334009207598,0.000563504053782406,0.000568015456171017,0.000566661335745492,0.000589300573067534,0.00164651477455391,0.00047959671399487,0.000327482097142545,0.000341638196359325,0.000181590954183103,9.22540947780554e-05,4.91108818561473e-05,7.39036399332476e-06,0,0,2.91075610949199e-05,3.10541470660457e-07,0,0,0,0,0,0,0.000266485281481434,0,0,2.88586910653148e-05,0,1.79537503733706e-05,0,0,0,0,0.000188081402746575,0,0,0,0,0,0
"N2O","1A3eii_Other-transp","coal_coke","ktN2O",0,0,0,0,0,0,0,0,0,0,0.00049294360247299,0.000258494815930958,0.000276529337972653,0.000294563860014348,0.000330632904097737,0,0,0,0,0,0,0,0,0,0,0,0,0,0,0,0,0,2.8289848513831e-05,2.8289848513831e-05,0,0,0,0,0,0,0,0,0,0.000269694084173423,0.000346235625107863,0.000346235625107863,0.000346235625107863,0.000259676718830897,0,0,0,0,0,0
"N2O","1A3eii_Other-transp","diesel_oil","ktN2O",0.0305730701502962,0.0337405546429067,0.0351865332797607,0.0383683160845202,0.0424115166939448,0.0466087728075263,0.0510135990099378,0.0620192651217836,0.0712657291668243,0.0782326537744215,0.0759200918562835,0.042372023762945,0.0422051963212535,0.0410250079201216,0.0423138465123744,0.0439493570133628,0.0268431370663076,0.0266347635546509,0.0271718613476533,0.0309297441618404,0.0415634666659971,0.0563657550413274,0.0475106107074543,0.0267334745337572,0.0193489170715185,0.0164086368225079,0.0243415905798398,0.0200447296381352,0.0149068743949977,0.0190181812777715,0.0154201582978132,0.0193577814001152,0.0179414933384024,0.0181933703787113,0.0240301032895205,0.0222725761840975,0.0280368213091986,0.0443227075251462,0.050531575324494,0.0534867390500606,0.0558794706936138,0.0547931143653198,0.0802647364280869,0.0727585678395699,0.0790019735750718,0.0818397013471182,0.0830301212946741,0.0796622401807953,0.0784689475942806,0.082309618669161,0.0790800829021322,0.0834103384309124,0.0851470703914475,0.0933322556184314
"N2O","1A3eii_Other-transp","hard_coal","ktN2O",0.0734886201213171,0.079676920013304,0.083352442023244,0.0884310103211312,0.0935741398639469,0.0960115530676728,0.0999401385695143,0.0990900681247586,0.101521737829165,0.100489475956104,0.105833628083945,0.0980627526485832,0.0986781582865343,0.0931961332089684,0.0861007138269241,0.0797557083711372,0.075848202912314,0.0726873640799802,0.0684206670006872,0.061125240759038,0.0656398635430975,0.0460361250353831,0.0306060098925086,0.0200834098592516,0.0088554893918231,0.00416654902640495,6.39619439488039e-05,7.09412368564304e-05,5.40281642378944e-05,4.59816269817306e-05,2.90430317136717e-05,3.14364407398635e-05,3.43872197396325e-05,3.65857953741948e-05,8.95508551181865e-05,0.00016414992647886,0.000699721753516679,0.00137557227991156,0.00148796217740825,0.00188243978324531,0.000736899946541007,0.00332082298591515,0.0013333596882817,0.0012364929286665,0.00111166637560668,7.68700428278715e-05,0.000206935179815632,0.0835075166008163,0.0715036338968363,0.0814873848250355,0.0783274867072036,0.0634783112189852,0.0665134428275125,0.0723860737042543
"N2O","1A3eii_Other-transp","heavy_oil","ktN2O",0.0206024584599598,0.0216463912881211,0.0233798490993671,0.0256314541765051,0.0276754844405482,0.0314455860862485,0.0342238923370984,0.0359924624286282,0.0369726003707555,0.0370894116411575,0.0377182755303588,0.0385052333360049,0.038097204721746,0.0346798123951663,0.0302149248995579,0.0266605458804966,0.0237955277577716,0.0221909121926828,0.0193128273933437,0.0165296869060171,0.0190549938073953,0.0187958056490644,0.0131326685612376,0.00836438147651987,0.00437367953675713,0.00266812994795249,0.00215137676157837,0.00141567950207283,0.00153869056656961,0.00907633707447088,0.00441462165624044,0.00531814067820884,0.00482185321465975,0.0050428902689788,0.00571538495131417,0.00674292083781966,0.00656877826642791,0.0154642235416956,0.0173400116957836,0.0783940680589703,0.00611683299646253,0.0223044848104188,0.00686249306582743,0.0187398341682501,0.181734786219693,0.224723887544958,0.0306991304872439,0.00567375828381619,0.0110510399136859,0.0085549448365605,0.00736180181661908,0.00712010793325547,0.011121846655164,0.00770218309314674
"N2O","1A3eii_Other-transp","light_oil","ktN2O",0.193233986681859,0.210128779038235,0.21497180323881,0.222666710804945,0.233166545608932,0.238326504719037,0.246559801172128,0.242405595388391,0.247437123908222,0.253956147926757,0.265779514008978,0.269565717330053,0.268704520709581,0.273997598682719,0.279937630758648,0.286026804571414,0.29013649218135,0.31183995981712,0.300030791454775,0.291509101057227,0.302007154713188,0.0322612693933794,0.0370417278315961,0.0373735314077694,0.0724588556282334,0.0720151862056363,0.0872575386127312,0.0969848299015784,0.26736010344838,0.233785117357377,0.190644759804316,0.245862365350043,0.136920414944621,0.107467866985089,0.161164159215052,0.257154926391781,0.192473451658209,0.162802769496962,0.176456520138301,0.177453442334125,0.42195602409421,0.202156232426368,0.196540940295801,0.198397654473313,0.215432683723954,0.196984877941269,0.185652166182756,0.179046122784975,0.200873883897273,0.202052952353799,0.187544261325061,0.205165892672951,0.217961719485544,0.220651606397307
"N2O","1A3eii_Other-transp","natural_gas","ktN2O",0.636011726392097,0.643744898755952,0.661845903523708,0.626664935977592,0.580264445874137,0.507502057399901,0.47841577418989,0.466255960397436,0.469254298776223,0.594946367338856,0.6237470667873,0.636417786003882,0.593498143975888,0.495597043768759,0.545134004446895,0.544507125586485,0.520303311245663,0.568204866824948,0.671460243899764,0.697089088295783,0.726880498430232,0.885777049493336,1.01076050007621,1.34476625187601,0.816727089724544,1.54359720189375,1.98051778476752,2.14752512961111,1.97092099682265,2.4637825426132,2.88661317012844,2.77345775773996,3.12069264406904,2.95394632419653,2.42562505101973,1.55971434715228,1.0992838243755,1.16040754842173,0.451169100376557,0.382625968137125,0.325160535478749,0.296065564097735,0.231935178272772,0.164413681407144,0.155870029957117,0.178439742162188,0.182030907957802,0.182212989999208,0.192429512001356,0.198375942581463,0.177904363924467,0.194204404890625,0.198790064475443,0.199784567587516
"N2O","1A4a_Commercial-institutional","biomass","ktN2O",1.04829769003657,1.11156740861896,1.1300965701095,1.10805442408966,1.14185573473755,1.10579901699272,1.08397441112438,1.13424249790065,1.12958215120912,1.14050142074278,1.16058949060011,1.18362222966726,1.19822810643774,1.24480462334105,1.25878587012477,1.30655502343349,1.13554812306351,1.115698997221,1.20492567485795,1.15466081501651,2.56090472873435,2.58734160257468,2.6493294348049,3.96378950992094,3.073817946408,3.04302046707626,3.01113717683017,2.93045253957801,2.82512331841322,3.01315913169309,2.94940948728553,3.10084745269741,3.24312449139028,3.51496311936885,3.66472291843423,4.31333224649356,4.43635512430376,4.61186995937716,4.69940803418964,4.79534038309047,5.07763641782224,5.27364359246361,5.93799923103089,5.94596630676528,6.44386091542824,6.69494213917546,6.67586746826763,6.72307854879742,6.84937178540875,6.98935388004162,7.13284343864938,7.21143039751308,7.20797161675724,7.20797161675724
"N2O","1A4a_Commercial-institutional","brown_coal","ktN2O",0.172959936676287,0.145666425312254,0.172488996836218,0.168107185059624,0.151560330043693,0.181092902159637,0.184750146817084,0.19336688651173,0.160426700055674,0.177810526065953,0.383007261064717,0.402322144066702,0.436210047092366,0.444789664918345,0.556607236727005,0.61408618494976,0.570155092438348,0.624102817225936,0.594389174882781,0.532844972462936,0.579443109334807,0.371558432482052,0.265924414682182,0.22368184019773,0.133474575720316,0.113725472904383,0.107618688472042,0.0883515146678839,0.0969956895389931,0.09512745837423,0.0925048447402654,0.0677336445884233,0.0887403109605908,0.095919805846102,0.109929541009003,0.113230874345159,0.110551011367249,0.124126063442943,0.146007775323438,0.143018083471274,0.162803635422752,0.18979351481117,0.170698680206013,0.12609776061312,0.107351639921085,0.110684915797033,0.117582599650866,0.110192925296922,0.0801915565291576,0.0881360644501925,0.146648949290797,0.168579141760736,0.143502467404382,0.137324730996682
"N2O","1A4a_Commercial-institutional","coal_coke","ktN2O",0.0857924231176415,0.113496186724551,0.112212149863576,0.124773379706305,0.120834251167486,0.116363917999713,0.112074854703464,0.10222422203043,0.104956806555831,0.104526693437904,0.10140452526081,0.0846181492986665,0.11758787109122,0.115429633212222,0.142151491783852,0.158559515317214,0.154591701784591,0.151962081198281,0.147322191623372,0.138957314692506,0.0747972673330385,0.0572363289373153,0.0603855975608982,0.058898259307918,0.0537956341319035,0.0520210335716853,0.10212648546478,0.0599654521848193,0.0458615215867783,0.0458662692569118,0.0330741311974288,0.0298953965588494,0.033278741237848,0.0346243820950645,0.0349619812959132,0.0352221689654963,0.0362160319749455,0.0398241139132622,0.0157378237256128,0.0155641684138825,0.0105951402066682,0.0147905217659709,0.0144461505692065,0.026705667654828,0.03455032244724,0.0315972147860173,0.0314031433191555,0.0353705322076848,0.01871353152388,0.0194265532143023,0.00995802667686851,0.00777808618291827,0.00749518769777996,0.00693110195796889
"N2O","1A4a_Commercial-institutional","diesel_oil","ktN2O",1.41161498860106,1.59854115018719,1.80223037454495,2.00959633856246,1.7926347967343,1.81343655632557,2.02501606032162,2.03217777379864,2.18557958287356,2.0575194924215,1.78362068617817,1.72216053858089,1.763358292051,1.84113348132733,1.85818909922664,1.58042740297746,1.6932893772755,1.74477128865123,1.78814988048533,1.75581360544998,1.84352610046911,1.99584169745265,2.03340778032632,2.05139617534546,2.29736708390811,2.37895766813138,2.33319103047278,2.40450862275266,2.28701575150433,2.43205428460848,2.00590629604754,2.05653114790372,1.99364991998745,2.00602044938833,2.05038387043494,2.10443812165903,2.03574946754604,2.13076197819879,2.16259688773309,1.97405962129795,2.09934529321498,2.11076778751411,2.11344258689991,2.31854967507674,2.28557193027859,2.25727880671363,2.29721569190873,2.29099156383713,2.1508661091174,2.02587848533048,1.97806494523932,1.96396201388517,1.89700311212477,1.95084241648131
"N2O","1A4a_Commercial-institutional","hard_coal","ktN2O",4.9423471197454,4.97134996597618,5.16287738640623,5.43901627342947,5.72345774034016,5.84589775984785,6.06822618460197,6.0496669041049,6.28729177854227,6.3166856177642,6.44080589840589,6.09331937738536,6.1660580745346,6.15746808719382,6.14569915306565,6.12788156729867,6.05288509450156,6.37843539061403,6.67532316255918,6.66899145033984,6.52098285772387,6.24245383750818,3.56899862772801,1.90403641082343,1.81520617553708,1.8156212032425,1.91208159392722,1.79513119965668,1.64071054531458,1.70312227706858,1.14340294535948,1.24131026212236,1.36561609601639,1.53837908237118,1.76820079271517,2.15477048700588,2.29158139930473,2.3514014571828,2.89207843344677,2.83575989906086,2.76989303611807,3.06448853421544,3.30096102677717,3.51396391115448,3.39952703770521,3.43090751014037,3.39015651263926,3.30066068615298,2.85437121121266,2.60409983546026,2.35438804551562,2.05786238688676,1.95166872569253,2.03008885642884
"N2O","1A4a_Commercial-institutional","heavy_oil","ktN2O",1.59101401139418,1.69158037352203,1.72977656944625,1.67125662802065,1.62387418459611,1.57041938992634,1.75436010505283,1.80898201303626,1.73099043843508,1.61173306320018,1.65528546541406,1.57652739336659,1.56525991992178,1.53955731341813,1.62811334118239,1.59565773545906,1.35688079732694,1.35075001719011,1.33925344446271,1.272846868872,1.09848252581756,1.07210268810079,1.19950745717939,0.996360534217423,1.05174369601989,0.850602812368517,0.96615264573894,0.825589718101252,0.764022740454819,0.661236529991392,0.657747676758439,0.650949338383791,0.618544956100492,0.588485539059347,0.568644568860589,0.621903733442922,0.617144140368119,0.611562886123562,0.555028841040573,0.486676418059572,0.461777783131268,0.337112384561804,0.313305328601628,0.277139966790216,0.210591761629383,0.242816782063736,0.240105710041332,0.1741294478348,0.144440735023171,0.167019457359549,0.15734712723049,0.159836219575609,0.160288540831357,0.170545186977028
"N2O","1A4a_Commercial-institutional","light_oil","ktN2O",0.500030561942782,0.551365516415666,0.586705206809087,0.645871131890122,0.64334559847294,0.665324402270448,0.717991443720908,0.757186185979683,0.828461175627889,0.8888807150844,0.813158884286142,0.801012285759579,0.63818080842303,0.729247709656022,0.737782023652417,0.760483957601934,0.723447762288634,0.735058981463743,0.818515106751695,0.894534762410922,1.07367080982905,1.11438946698629,1.25686804003089,1.47246997907477,1.57150325793989,1.84941311401375,2.07360318202126,2.28689407793035,2.06300957949665,2.24638093912367,2.1158297560953,2.0232335109344,1.9045581925303,1.50634513606235,1.43683906508086,1.35090771567039,1.29085351146384,1.32089734243147,1.28798725643829,1.21208993424172,1.33790884422547,1.26585385132605,1.28960223110864,1.27407908347548,1.18982382280609,1.27439150575429,1.26619746510332,1.23953217199176,1.3625386661742,1.39260938500421,1.37511312514632,1.40769231629185,1.44885448821857,1.50185681318158
"N2O","1A4a_Commercial-institutional","natural_gas","ktN2O",0.333984081105929,0.358548970195535,0.374887385692976,0.378243619124664,0.384438369912884,0.387294986290899,0.413155424600681,0.40505879011926,0.424409731896795,0.454801722539487,0.448561214383674,0.449520528522161,0.473398030886951,0.475268124358324,0.534392692723307,0.543580232022906,0.595961972110986,0.591000779042605,0.659053359991142,0.678969555482337,0.693382846482435,0.752653001629691,0.74820525873152,0.752016411125343,0.723139826412553,0.756306258315105,0.781749537759764,0.805954908101863,0.750606991731347,0.782420496748934,0.81011580331611,0.817194893625653,0.827815052712572,0.86811048513906,0.909693042782008,0.930444685828023,0.961378406437021,1.02712776859585,1.03587356889146,1.03936821879076,1.09150205022311,1.09157105632835,1.09001006337071,1.15997332727857,1.1504998364437,1.14908246853914,1.14273244207069,1.17942781510275,1.25517860297596,1.32651771383068,1.21088604832212,1.30372283435877,1.36152658702218,1.36519783770664
"N2O","1A4b_Residential","biomass","ktN2O",122.635790745424,123.517230668537,124.369087560725,125.14647506165,126.001386697794,127.673913492963,128.47563976393,129.182003692871,129.488223032959,130.792296302682,131.41232760808,131.186241854527,130.978150405716,130.287134313982,131.411210780785,132.497584705679,132.927749562716,134.261069233445,135.593666771746,136.88276009111,138.979906010001,140.466135309884,141.158000805381,143.766359262082,146.943126240939,151.336401596927,146.464798793297,155.181014859074,157.49479936007,162.431514181914,146.767863148055,146.100457703276,147.494397362532,150.653694078818,152.627338605362,154.440719636331,156.379845471573,153.498734952984,151.117753418693,150.180637162617,150.93059869771,151.125569248057,150.56522494449,149.359649159486,149.73074124376,148.113119859727,144.258497905431,144.337369777007,144.517887210862,142.405633772947,139.27244282162,138.962503770169,137.628573114158,137.628573114158
"N2O","1A4b_Residential","brown_coal","ktN2O",2.08202832289803,2.09396292922299,2.14887187273474,2.14092638713397,2.14153690236218,2.30035348987873,2.36562378832474,2.42159369533912,2.3627448932814,2.40192264996519,2.30679898320659,2.20162621537839,2.23757361622565,2.26731630207439,2.24299747966133,2.24127895723052,2.2528500416135,2.40903215544416,2.4066417591361,2.33620693882868,2.041678263082,1.80712778848765,2.16551462186858,1.64727262897447,1.26736745446291,1.09457062571108,0.873678282278181,0.865992019689282,0.701811075722481,0.661555798608921,0.706899116160287,0.596887244213385,0.781674125851735,0.557000390021462,0.562691230019955,0.440385639951972,0.408496884849952,0.450171043758525,0.45049516481426,0.469575736760252,0.464285011617299,0.492513352741152,0.494540086486234,0.411328651008911,0.387985040575506,0.366170751896506,0.375443593581287,0.435533834441257,0.439531673411865,0.406797800198927,0.330458945469699,0.361591007745456,0.368953499343856,0.353118664027242
"N2O","1A4b_Residential","coal_coke","ktN2O",0.308526122900794,0.27001197724761,0.239530401365065,0.233546208634261,0.242054038846638,0.19871122287723,0.190138749581768,0.181400650809068,0.17094670150895,0.181800773529966,0.170867597353628,0.163782064761539,0.166775543311093,0.155457432131878,0.154008123178497,0.17005013594569,0.173155316169486,0.170411330281673,0.156398390581448,0.141315796627603,0.145518935782224,0.0977468826571186,0.152595175337122,0.136943538111537,0.126242107502737,0.126156155580936,0.118742555352009,0.118824427095243,0.112621237937728,0.109808132786301,0.0826223410184027,0.0799676597276361,0.0677002210988948,0.0691742612276302,0.0611446273328859,0.049653447803398,0.0487968240760406,0.0419974402079958,0.0331324350750446,0.0307739666076339,0.0306461557175724,0.029444465584586,0.0274506105133969,0.0283140453356189,0.0276428031645701,0.0232290694869043,0.0207446251392992,0.017582133429783,0.013794020736192,0.0093543325243621,0.00810399955863328,0.00593398786145088,0.00234805742664797,0.00199957442627936
"N2O","1A4b_Residential","diesel_oil","ktN2O",2.96031740794246,3.04698263304206,3.27450960556282,3.35814676199074,3.06706656686805,3.06060407372563,3.34665617827881,3.25536366555335,3.39243800502663,3.11716465630796,2.71333043433113,2.43220783909411,2.29584134707098,2.16779068911945,2.24701832319831,2.59413619173667,2.68330958938258,2.60835730711017,2.52556386676428,2.49693750137569,2.37623080477356,2.53102318754034,2.50111055255908,2.24539158922141,2.47793667796482,2.66047308838359,2.81408404226692,2.77173728069138,2.62281817889996,2.44105356751154,2.41539319113894,2.49410602064876,2.31126998009912,2.25368185050893,2.25568715478427,2.44287442363047,2.40989752504101,2.18724172257653,2.29972439219676,2.00358825687324,1.87411914059835,1.74633538520817,1.68991841777602,1.73394625538912,1.63848593334346,1.63304323122771,1.40424877730963,1.44896021682149,1.41937739711248,1.43303869584057,1.40853645846456,1.28842079886298,1.32025503863129,1.31676512756671
"N2O","1A4b_Residential","hard_coal","ktN2O",10.9429638533157,11.052028560865,11.1229023100907,11.5043398971811,11.7552867348174,12.27197752599,12.6087273836842,13.1676473705292,13.7155435039806,13.8597697285254,13.8493937837432,13.6227836633629,13.8059676618374,13.9302917765622,14.3248339020796,15.3042434148955,15.4677960765095,16.006212727013,16.427210792356,15.7332584955786,15.0385126014552,13.6797742006684,12.8058301884821,12.4091819362515,10.6365750571001,10.4551922032762,6.78614238745135,8.28823579000352,6.68848675103888,6.75241944842601,5.79132123266789,5.94716261581905,5.31130569273729,5.5989415091061,6.05919875461215,5.9325868620592,6.33787307553205,6.10434105941282,6.14430010542528,6.02800274465779,6.03457970556308,6.45672696012046,6.73191286052019,7.00542740498525,7.24128664142887,7.41906601876993,7.29727780948666,7.56340691859183,6.49256526281641,5.63930574039903,5.38568286401361,5.14776445025021,4.82709723177434,4.95640822479236
"N2O","1A4b_Residential","heavy_oil","ktN2O",0.819092918395641,0.804426685227998,0.759956156797704,0.938410053339987,0.828198278098498,0.874951027423745,0.930386318469694,1.05072166714624,0.924762141397321,0.919946672103227,0.791487874133091,0.892829468820373,0.755564436920816,0.842906562095088,0.740071957346104,0.814180058143341,0.34509289816874,0.345361786044768,0.348351703481349,0.348954120782309,0.3832405592606,0.400130947297046,0.431248399859061,0.45265337218115,0.372534736636617,0.426753867929219,0.343532317440155,0.268345892071513,0.227208567993399,0.324482615024576,0.266349175863202,0.275208328165895,0.161252295533339,0.126993234346053,0.100852412132094,0.0575807848404343,0.0557666967016698,0.0476756755293755,0.0492872134150243,0.0450972085734075,0.0317117074774221,0.0360723929054108,0.0235334132788079,0.0150723231469247,0.010388207367642,0.00989559859150842,0.0122120790668347,0.0185638865784402,0.0160477311916321,0.0146293016386871,0.0136230873262688,0.0131196046004432,0.0139653942662966,0.0144341783766033
"N2O","1A4b_Residential","light_oil","ktN2O",3.2929860437118,3.56716856796839,3.82328353101593,3.98169512658512,4.0590009725794,4.29442201560353,4.5827876456363,4.8130377371271,4.83665264384948,5.15408391644993,4.83374891362509,4.75995908841091,5.0475085380606,5.60115719574494,5.7110042198283,5.85680113463236,5.63422695078851,5.89444400982438,6.07088386974828,6.6129026052531,6.34805163518908,6.51471689366377,6.864688892173,6.82894844726653,6.9095891725401,7.3234562238575,7.39632336424866,7.73153093232006,7.709005939389,8.07765034544641,8.24086998051051,8.35750059819379,7.94214589133094,7.81281409775627,8.37864927341949,8.78091844504189,8.71462800939796,8.80576992714574,8.76891321543359,8.33678067001735,8.6646096467729,8.5836004930888,8.62124062124551,8.20487234142768,8.1689155150881,8.45062858087085,8.74471020914441,8.83729101806961,8.91241144851473,8.6258355960846,8.55821171876481,8.66181552329593,8.75350230846066,9.11447743218779
"N2O","1A4b_Residential","natural_gas","ktN2O",0.872006259282411,0.929338813204005,0.98400470261509,0.986222127212025,1.01237341151861,1.06995804031717,1.1166104891665,1.11772795784632,1.17612088980948,1.23872594151331,1.28488532403391,1.32897739149594,1.38430650554021,1.46292436956861,1.65271113271824,1.7253114731895,1.91343866598308,1.83801953848106,1.94386641000094,2.00314566208205,2.18817245937018,2.52931637471973,2.55773795800372,2.65512577030183,2.73977318847393,2.85375338591899,3.05664334785229,3.0748060188772,2.84280941055266,2.97884716311962,3.15165462832018,3.21264270718623,3.17789469772859,3.36843493863454,3.41239876713826,3.47029172199325,3.65407856026471,3.89485567783939,4.00134116483255,3.99565417731776,4.16477777842106,4.3211873373687,4.13789379957131,4.39481612286336,4.32530997245831,4.34352977991739,4.57906441124542,4.5309043792212,4.74973862170979,5.01898154882452,5.08672878927606,5.16331428250575,5.23799403088044,5.27392305962073
"N2O","1A4c_Agriculture-forestry-fishing","biomass","ktN2O",2.24326906006412,2.5461391034183,2.50056627314984,2.37941448928678,2.28870170823974,2.34033078868896,2.29422750497656,2.23103131050561,2.15132375966208,2.05176645825422,1.95487185619259,1.95290794251604,1.98395603720871,1.90837096745986,1.79181685835092,1.71453565923717,1.71547168994756,1.7656449472449,1.86458113030895,1.79621686103849,2.10673536370668,2.00708099095817,2.00414429091164,1.97474450390442,1.83056328726923,2.26230406211634,2.18141785937449,2.24089887446835,1.973742922312,2.01387390030989,1.88106622352649,1.9426568294189,2.00991640871321,2.14380372489885,2.23776009420535,2.33122925323942,2.3956719560409,2.61964375902379,2.82031196722062,2.80672676118056,3.09767106600121,3.10810338756013,3.07874757204179,3.13928716308793,3.15035504599805,3.38149789912251,3.27354303394552,3.57930169728741,3.56651215253268,3.75589329748582,3.73578750943825,3.80046846432918,3.81913064263555,3.81913064263555
"N2O","1A4c_Agriculture-forestry-fishing","brown_coal","ktN2O",0.228349368505022,0.247929988135732,0.252473361086663,0.258493428583453,0.2609853438633,0.266669080195082,0.277683544397473,0.278588699049503,0.281317655486564,0.28638473094778,0.293872329539285,0.278001925040768,0.277169759506309,0.270922689093977,0.258413569058642,0.248846607023268,0.250016529094732,0.251877219295402,0.243944583808009,0.222183934663501,0.19949333559555,0.155537516350147,0.127592325487308,0.109715437066965,0.0924476923989048,0.0714411192969002,0.0425757533704658,0.0390589791525537,0.0331305826282243,0.0286148164623018,0.0320888815714848,0.0316598326034522,0.0275497008960342,0.0394258446116238,0.023796589010725,0.0191155487748562,0.0270423569068424,0.0203523411374083,0.0293914041190994,0.025744428263925,0.023168733757727,0.0192894855588587,0.015116928997856,0.0174706147479451,0.0159468444365075,0.0163290953144793,0.015487438577063,0.0163794360863086,0.0156246360645216,0.0151703425661346,0.0118040071384306,0.0108346835600032,0.0113282369731794,0.00970799256753371
"N2O","1A4c_Agriculture-forestry-fishing","coal_coke","ktN2O",0.0107562764273231,0.0126795552930614,0.0121646348609473,0.0120231856183782,0.0117685769817537,0.00814747637198333,0.0074347529460842,0.00711215829470183,0.00661982455223645,0.00752509970467905,0.0148061924905027,0.0139856096742814,0.014199968793112,0.013739299034264,0.0218690872755025,0.0157924097018335,0.0273181316253128,0.0259963637184693,0.0292106872450071,0.0265790224959402,0.0285116504241083,0.0179602746473397,0.0241136123746034,0.0590355162100413,0.0527155392848124,0.0613402247368949,0.0336055628683591,0.0689527714059568,0.0763762257998558,0.0759821358470466,0.0291324386329624,0.0287873712163862,0.0316802836603894,0.0313384527803914,0.0299429685050821,0.0286154876623197,0.0257369656774292,0.0254838519847846,0.0236852843003175,0.0206560559126877,0.0226880108612975,0.027240679633272,0.0294535559650973,0.037913450482365,0.0198308475020178,0.0274868801131292,0.0294936413527696,0.0214132610139508,0.0568325835897888,0.0329228099635716,0.0129198880561212,0.0123517557714948,0.000769405540993683,0.000805379806742718
"N2O","1A4c_Agriculture-forestry-fishing","diesel_oil","ktN2O",2.09360400372048,2.21271030276619,2.41476182654074,2.70002314840301,2.86550768262455,3.01170737915728,3.18417528302539,3.40439179513349,3.5507400703375,3.71227130039613,3.78288760787806,3.84947234617119,4.11791180533593,4.22662127456751,4.3631751537773,4.48049300299102,4.81730153771733,5.07871273443249,5.21369666487209,5.29911107841749,5.73302262762609,5.9750177728378,5.96776350882514,5.57625377089182,5.78613432027837,6.39768853985135,6.10996417436505,6.79119896613382,6.62550644471294,6.76720222604096,6.15983772741265,6.30001983035895,6.07304798747661,6.33335903803008,6.79562048387793,7.48864695381936,7.8964107963551,8.2452210601853,8.31958040265766,7.388586456938,7.51894968186361,7.79769413935582,7.80533041408962,7.70820879401655,7.50967997095936,7.42034870712226,7.24103882884908,7.3740774404108,7.22647536533774,7.12749259890405,6.8241230311894,7.29023589459182,7.51176109238031,7.70441766391893
"N2O","1A4c_Agriculture-forestry-fishing","hard_coal","ktN2O",1.14385843730665,1.25964725335187,1.3224636987348,1.38565279166647,1.43287427734764,1.54363240920994,1.59340415505566,1.65898480076394,1.73161885355051,1.74259022621495,1.75844411463205,1.69254817272499,1.75943026649377,1.76217822324681,1.77385014961961,1.79741636485986,1.82033658786698,1.79394497506912,1.81642980947286,1.6809309420203,1.64787810625977,1.51796646696538,1.36134119982755,1.18253060713108,1.2173741925819,1.15402480122606,0.666213654542428,1.01214919314344,1.05632559815298,1.00357914705202,0.514567525470456,0.622059578617256,0.652393285649067,0.712425500110163,0.799018139743929,1.09019846706535,0.973378278409785,0.995907048458899,1.05852886856484,1.09496281912306,1.17686150046821,1.26276711145515,1.36704408700603,1.53153634105539,1.54791519626882,1.61481337086987,1.66462749999453,1.74573122247479,1.45659559791415,1.33499229621538,1.35319658479135,1.08919051244879,1.04473016283358,1.08217101056256
"N2O","1A4c_Agriculture-forestry-fishing","heavy_oil","ktN2O",0.0693237618949754,0.0751125725546113,0.0703175646166814,0.0778034070031384,0.0796540499543798,0.0754546222591884,0.082765176316456,0.0821180202739404,0.0873557854281977,0.0901507354190706,0.0959931431331947,0.0929864671491471,0.0864100781751759,0.0782820523324553,0.0751622116910385,0.0724701502696206,0.0708684463145462,0.0699541688090685,0.0747230003783765,0.0762599980470844,0.063996551894339,0.101434378845573,0.0985759933564218,0.127363969543257,0.186460413188769,0.235370098509485,0.185787246841229,0.169484397763049,0.176804036742531,0.152808992003603,0.1426590229116,0.123602800582309,0.114756813526538,0.0954296840592194,0.16153308932734,0.140653037442374,0.156463575922551,0.219006193506762,0.193391580051665,0.159549718204397,0.146903155845014,0.180542129552632,0.153359736062375,0.14143791693739,0.146395986732979,0.159325651823254,0.132040148231769,0.10056043319006,0.12344453288771,0.160332932479208,0.131544423334324,0.108149130645917,0.117548031881592,0.115609558184535
"N2O","1A4c_Agriculture-forestry-fishing","light_oil","ktN2O",2.06965680918692,2.36604612771193,2.44648173792212,2.53686919928167,2.61453038984965,2.61802521239613,2.67366636771016,2.71474049131609,2.76959474308543,2.84813498546624,2.95370107786687,2.95373283137929,2.9341121021071,2.79845301476877,2.74869293356482,2.74444058218399,2.77421135798449,2.7531457898787,2.75529923858032,2.73713093309267,2.38369669023709,2.1003072529614,1.89761249888592,1.51629833200558,1.43709658151154,1.51925123097373,1.19098667412932,1.06931117466661,0.849996217180295,0.701986827254551,0.496999556305662,0.35690272544563,0.354659214820978,0.305912562922956,0.357644414274335,0.409686627289058,0.407652531236796,0.398614300263471,0.348892041661408,0.354393113410225,0.390611141414691,0.461076154113739,0.460582468165707,0.470510361349373,0.455589745009009,0.476099856738368,0.477764069809818,0.507378753626059,0.521985574766919,0.478289634260251,0.448156649106197,0.465924883441525,0.465089303736904,0.486479483931515
"N2O","1A4c_Agriculture-forestry-fishing","natural_gas","ktN2O",0.00946603083722042,0.0112980042206228,0.0118526163679779,0.012218453521627,0.0130461750282167,0.0139014127199953,0.0141998542550911,0.0150349570943507,0.0170354730821882,0.0184040624685308,0.0196637092792684,0.0205759916173207,0.0222282594924671,0.0276848905757837,0.0438782213784499,0.0541921582420511,0.0579512287574584,0.0628475680917584,0.0654586107172802,0.0697701082666998,0.0823836310448104,0.0775541823038558,0.108897594408915,0.0910392619392341,0.0727851845959356,0.0606951244999835,0.0454091538836324,0.0403712048703839,0.0356980186618856,0.0344597986037845,0.0323999092682756,0.0308490255682842,0.0381749718352908,0.039792497235229,0.0426961289858492,0.0424140751301371,0.0480862465410358,0.0593352874986001,0.0604344644548232,0.0634822587638005,0.0599836608429116,0.066137733314477,0.0729947934083025,0.0855542434494564,0.0894930971055748,0.100271765258232,0.113549951705543,0.12045205428827,0.120505792313378,0.151995523059426,0.166738103520213,0.196330106759582,0.197343682436841,0.20040640399863
"N2O","1A5_Other-unspecified","biomass","ktN2O",1.16199768162108,1.13663338917697,1.14341056656617,1.12817194119191,1.15872955988574,1.13774806708909,1.23171073057703,1.32045790526046,1.47120510108143,1.66354476261283,2.04652369591051,2.16812518275354,2.33986718258584,2.47513201156508,2.10935424813563,2.24605946271508,2.2934939275509,2.50680153954563,2.40336621329584,3.06805980570791,1.14198902984513,1.59120498268136,1.99120990249959,0.56787392,0.49983168,0.49853184,0.61693984,0.60548992,0.57252768,0.725215347624712,0.72720582307947,0.601278068597544,0.58495056,0.58920176,0.59171616,0.53818896,0.5058736,0.53499648,0.5028912,0.50616848,0.4797472,0.46746528,0.48953936,0.47831648,0.4563064,0.46632752,0.47247696,0.46780352,0.45090544,0.44328912,0.54570336,0.47661056,0.47882768,0.47882768
"N2O","1A5_Other-unspecified","brown_coal","ktN2O",0.264018214145842,0.29958949576147,0.307623812739399,0.301852683642577,0.327002358971373,0.205497459604468,0.269489096942754,0.250421739044432,0.246376290706954,0.282332688168033,0.389918982066132,0.341854529441134,0.425733930284643,0.585175516508594,0.458295545924063,0.417841062549284,0.348219745356746,0.450459257885731,0.229147772962031,0.155565876977557,0.225837860685913,0.224319638815671,0.212617071480449,0.244396001310986,0.121627488710464,0.112909500393452,0.0811069956891534,0.0643876952174794,0.0549954655108874,0.0705831720420083,0.0633692606709813,0.0500164521724532,0.0420952945885806,0.0438492651964381,0.0496486841417734,0.038163005645158,0.0358715279155377,0.0347682238234983,0.0321655577602259,0.0390682807976007,0.0368616726135218,0.0451505982280743,0.0457446850468647,0.0647271733996454,0.032307007002795,0.0168041700172156,0.040511063071806,0.0191805172923775,0.0194634157775157,0.0260266606327245,0.0680370856757635,0.0187278797161562,0.0380781360996165,0.0227841989395924
"N2O","1A5_Other-unspecified","coal_coke","ktN2O",0.0209558743658452,0.0194351259290019,0.016068633955856,0.0138337359232634,0.0127021419827101,0.0120231856183782,0.0106086931926866,0.0109481713748526,0.0110047510718803,0.0102692150105206,0.00639350576412581,0.00554481030871088,0.0088547225848291,0.00472440470180978,0.00342307167017355,0.00333820212463206,0.00330991227611822,0.00268753560881395,0.00237634727516181,0.00217831833556499,0.00135791272866389,0.00147578709747152,0.0017351107088483,0.00991559190409777,0.00556367020772009,0.00712432685073311,0.00121646348609473,0.00140591488914116,0.00208548746920886,0.0024520469372436,0.0027262891034797,0.00313179146584003,0.00377715312204533,0.00367121266377164,0.00104252584578493,0.000802340090590197,0.00028289848513831,0.000169739091082986,0.000500652963794357,0.000337661320256148,0.000329172681996312,0.00149266673887476,0.000622376667304282,0.000820405606901099,0.000961854849470254,0.00104672439501175,0.00107501424352558,0.0052902016720864,0.00517704227803107,0.00234805742664797,0.0028289848513831,0.00254608636624479,0.0028289848513831,0.00214529740329235
"N2O","1A5_Other-unspecified","diesel_oil","ktN2O",0.556294821940374,0.62226466447603,0.670043111668719,0.747994742232297,0.665489148917125,0.673452223449241,0.67118796263979,0.704821140056582,0.596111180070233,0.630151415610072,0.627963478198693,0.596874414050947,0.372890681844113,0.360322762295024,0.340962060317583,0.323585766689996,0.308015793483433,0.314935781575239,0.253546328393152,0.170659118087624,0.0966763042237588,0.0959385113757352,0.0819204472632903,0.0816151536710047,0.0917152833491184,0.103774380244398,0.0673426782316551,0.0694797333776539,0.0654600344125608,0.0568354904304939,0.0548765232133283,0.0709807602063912,0.069759585837249,0.0831161804997419,0.0829126514382183,0.0920714592067848,0.0959385113757353,0.0960657170391876,0.148194597921946,0.16053354727682,0.164960304364961,0.183812183688594,0.206938173304224,0.265808954349955,0.249297659233845,0.242225024345896,0.218361241882242,0.217318155441933,0.23250651165814,0.250391627939535,0.219277122659099,0.222711675572311,0.228181519100761,0.23057057633615
"N2O","1A5_Other-unspecified","hard_coal","ktN2O",0.687901836182853,0.999673537892725,0.854016349746118,0.854924296758277,0.952790969810284,1.09137571411628,1.10328922661498,0.99776802128978,1.2318713664865,1.45742186448847,1.07941892917546,1.38211704472274,1.34667147238344,1.5180540865118,1.65682732116969,1.2739757360055,1.37469765895355,1.3805992817663,1.56305268792416,1.41532897354355,1.50702096952609,1.56828707182864,1.32432324852847,1.48673998382112,1.49121449486106,1.32638369249522,0.857946235878953,0.992782704088879,0.80476132067295,0.864330311693574,0.994501334655215,1.03050498849648,1.1513142758825,1.3089916388931,1.42218726448731,1.4456961286023,1.41491677341925,1.34294739880007,2.15305550084213,1.69804157734568,1.64799683532472,1.39259608294185,1.57017146206316,1.55642259568544,1.5475395832521,1.52272938610547,1.49118620501254,1.3364690234904,1.17518859711305,1.04378225076631,1.01099431633878,0.898061241071566,0.815879231138886,0.865738563038825
"N2O","1A5_Other-unspecified","heavy_oil","ktN2O",0.321518865166093,0.341012942582964,0.346279257049889,0.357575119964455,0.319845920184498,0.313053137756145,0.294582875422869,0.258609113798554,0.230115045185236,0.282116720404542,0.254106033312342,0.213349338742221,0.20228244602187,0.145014456335638,0.129088307271408,0.116647593385772,0.111788337041893,0.116062447333891,0.110134663417014,0.0599901908841113,0.0822766231209567,0.1228425091959,0.0874072515468667,0.177863198827807,0.123279248640419,0.114018676341091,0.113916911810329,0.115264899318028,0.118183665603389,0.144259579648212,0.16670600669655,0.225448858089547,0.185657549770073,0.227659970579647,0.219100288665286,0.195563729434177,0.213468608923908,0.229737848697918,0.155481444693479,0.156245959159075,0.157216891241405,0.14888856597823,0.139203545823025,0.107659732007357,0.105260957130879,0.0968659875413724,0.102609242045952,0.0962318848079776,0.0968631063058158,0.0746863361423664,0.0821373321831284,0.103776287998736,0.105273307423757,0.104313916261026
"N2O","1A5_Other-unspecified","light_oil","ktN2O",0.114726142464122,0.128599626072368,0.132140838707348,0.137004990216852,0.139121499421166,0.134623314100579,0.12317969937783,0.136999129391329,0.137258435706193,0.0953109027860551,0.0861315487712336,0.0890367332919989,0.0910005959032171,0.0995537118812652,0.0972689053077953,0.0972483595691573,0.0980673709301153,0.105730045588861,0.107057881024956,0.112481737428269,0.114852657883345,0.20663060379991,0.196211923009954,0.150344790482995,0.261381083065462,0.333125708448084,0.280868897691135,0.277165101180773,0.325850004818796,0.231395261196926,0.329196338847877,0.31195131761181,0.334137805406539,0.313518615533827,0.339264780735603,0.432151773450398,0.486691522143106,0.494609477271097,0.489443254164163,0.403517662503054,0.345852470629551,0.384943337324158,0.263719665327453,0.290738243382108,0.321812978201835,0.328007960584606,0.329772463755483,0.276675610878102,0.150495896468192,0.142175737545771,0.131278867027667,0.12471845439947,0.203293439386376,0.206577162670678
"N2O","1A5_Other-unspecified","natural_gas","ktN2O",0.0218309123599798,0.0377588597941866,0.0526766673767827,0.0634616942408377,0.0704961497021123,0.0784914198772341,0.0908973868748871,0.0973630846542698,0.10611025591262,0.117431071944394,0.118824012908467,0.121193488680267,0.117080188662214,0.125539086477704,0.0624469218270446,0.0645665282541975,0.0696498465426973,0.0796968766925439,0.0596784618162123,0.0607356923632425,0.0340428777757718,0.0526244358187399,0.0589588532105674,0.0749323883853883,0.0905112834928085,0.0304945413492207,0.0368549500692063,0.0441999379889094,0.0477015222005757,0.0591003406070114,0.0560437159764619,0.0575034888396055,0.0520292761733284,0.0359266359080733,0.034718420550572,0.0340451132349146,0.0355283755630386,0.0363017795623199,0.0356987725553903,0.0350275958343401,0.039280735308717,0.0290902194593383,0.0197804668308626,0.0138064134577429,0.0255597815809249,0.0272875445455408,0.0476281895236039,0.0634763547723847,0.0705796640132068,0.0366759442191921,0.0297545337977034,0.0271470213518669,0.0247309813990457,0.0227974365019237
"N2O","1B1_Fugitive-solid-fuels","process","ktN2O",2.79697278902852,2.77021787870979,2.83428001668714,2.86197894440607,2.97484650564026,3.12495379688383,3.07067619833386,3.13874939471061,3.19242845570966,3.35142202726188,3.46546152370974,3.4484117214466,3.48460208490601,3.52511962510457,3.76482313764134,3.86344743797186,3.97484847092444,4.02788860940663,4.15916570878291,4.39736229428126,4.495450067089,4.4822310206138,4.444058643747,4.4496461729822,4.5223566387986,4.4941997835396,4.5057023764322,4.4922072942048,4.4451149570974,4.56399294907,4.76350625802,4.7822582579994,4.9362831748182,5.1257697225188,5.3872957862196,5.44967957410439,5.550969186468,5.8682677082862,6.001529428557,5.6963536290974,6.01678181199201,6.29217498663475,6.75244391999368,6.77542406270776,6.84521643214756,6.90920640956008,6.75558099578708,6.79370128568895,6.75979334270073,6.98177961579242,7.05963298308197,7.02932328577012,7.19400862982258,7.34449222441118
"N2O","1B2_Fugitive-petr","process","ktN2O",5.67401060013969,14.140178854576,14.4437737725367,15.27667908776,14.7551087008907,13.2539944245771,14.7593051566401,14.4530273444839,14.5367636287403,12.9316996852828,10.524284100136,7.69051523733523,6.03507620309778,4.39243866780823,3.98362030400235,3.93483240569317,3.80026960048255,3.65107466053343,3.99707901215373,3.95971979318172,4.12951448253756,4.17608558364796,4.38965988572532,4.46286114822141,4.70912391390996,4.90581671490967,5.28815022644744,5.34017351370661,5.13976692400584,5.0493935455106,5.30950744816554,5.16394127699308,4.89371933343475,5.26748324513709,5.16802701572343,5.2178952794395,5.20518037719764,5.04466256495312,5.08868967205211,4.98690637291057,5.11842356514829,5.2342525105717,5.75884982778893,5.80876678897374,6.00465299311468,6.10691142890998,5.79645901852956,5.70813548533469,6.19408232128993,6.56545146595038,5.94677966283537,5.65376313567395,5.47073719519231,5.47076729544809
"N2O","1B2b_Fugitive-NG-distr","process","ktN2O",0,0,0,0,0,0,0,0,0,0,0,0,0,0,0,0,0,0,0,0,0,0,0,0,0,0,0,0,0,0,0,0,0,0,0,0,0,0,0,0,0,0,0,0,0,0,0,0,0,0,0,0,0,0
"N2O","1B2b_Fugitive-NG-prod","process","ktN2O",0,0,0,0,0,0,0,0,0,0,0,0,0,0,0,0,0,0,0,0,0,0,0,0,0,0,0,0,0,0,0,0,0,0,0,0,0,0,0,0,0,0,0,0,0,0,0,0,0,0,0,0,0,0
"N2O","1B2d_Fugitive-other-energy","process","ktN2O",0,0,0,0,0,0,0,0,0,0,0,0,0,0,0,0,0,0,0,0,0,0,0,0,0,0,0,0,0,0,0,0,0,0,0,0,0,0,0,0,0,0,0,0,0,0,0,0,0,0,0,0,0,0
"N2O","2A1_Cement-production","process","ktN2O",0,0,0,0,0,0,0,0,0,0,0,0,0,0,0,0,0,0,0,0,0,0,0,0,0,0,0,0,0,0,0,0,0,0,0,0,0,0,0,0,0,0,0,0,0,0,0,0,0,0,0,0,0,0
"N2O","2A2_Lime-production","process","ktN2O",0,0,0,0,0,0,0,0,0,0,0,0,0,0,0,0,0,0,0,0,0,0,0,0,0,0,0,0,0,0,0,0,0,0,0,0,0,0,0,0,0,0,0,0,0,0,0,0,0,0,0,0,0,0
"N2O","2Ax_Other-minerals","process","ktN2O",0,0,0,0,0,0,0,0,0,0,0,0,0,0,0,0,0,0,0,0,0,0,0,0,0,0,0,0,0,0,0,0,0,0,0,0,0,0,0,0,0,0,0,0,0,0,0,0,0,0,0,0,0,0
"N2O","2B_Chemical-industry","process","ktN2O",120.08028256298,124.121819888809,128.768817236848,140.827511262832,149.717921189709,142.359334912784,142.501061621653,152.618286522833,158.160834835496,157.472045457539,162.194254727984,148.458609308001,137.601286207952,138.372894340983,142.632446628499,135.435233306037,126.168727907826,132.677183517611,123.33129993359,126.384689426485,113.232325725411,121.420013109874,115.434071778539,116.627519876954,119.647446779738,125.243604337776,116.585208386288,106.267562697284,99.2942017962162,88.443415795504,71.3251178292935,66.3914282515706,57.2541048608799,60.1054080006439,60.0111227049616,63.4470195803865,57.8910431339318,73.7090436150422,76.6643539310324,73.4959124589853,87.2023970051243,80.3884029171274,84.2258724217502,83.9989145586963,79.1800037997502,76.2997052157055,75.7682689414239,75.5472595479261,70.4256353799624,71.1259475493631,68.9286573445092,70.3297856517391,64.4270181488393,64.6078534146235
"N2O","2B2_Chemicals-Nitric-acid","process","ktN2O",475.134867637236,522.874937448365,539.994968471024,583.781085474571,618.643900574503,601.872454320911,617.644813385102,618.307807361847,625.657265539217,612.21549296083,573.26748258401,540.453931404132,501.274465324747,521.22225351974,494.534874527821,456.080506407203,439.418902658335,424.915840230044,395.057421671296,361.319833318464,307.579526486333,288.120920495074,277.993384017908,271.935149469728,277.954742299576,288.094218098517,304.052654865433,302.759830471063,289.820839968395,278.038917618458,290.756220109728,279.276681829039,279.952511850204,282.525027197498,301.216009082439,308.480869827832,305.659292511965,317.264322784464,303.514659129053,278.733865355365,293.920221157709,271.972186260813,259.529851426265,255.097132352598,256.946487408056,260.949980437692,257.440714880166,257.138499404126,261.565466676338,267.695578234466,267.802251249822,268.621825755593,274.401140648057,277.791019947485
"N2O","2B3_Chemicals-Adipic-acid","process","ktN2O",489.755451985819,492.485989762099,503.187559886466,528.169974313375,615.281847874906,660.223083107083,737.373820442799,713.667751355212,721.522859385254,699.169030482652,638.93593934309,610.425114713042,581.387022071867,613.712502067792,569.253729970017,524.501657992915,498.994866640207,478.856506553029,445.425022263606,387.418221412873,310.50615267983,315.98059365499,319.136609622092,312.671547723417,331.183942443524,350.609300818538,364.566392663119,353.748798055546,284.565963637472,205.820162301977,224.779674202592,210.864700700039,205.147519794314,212.86510841051,228.376966164518,222.249386093706,214.009712187463,186.276648733748,158.721800542442,159.293787994792,133.286528925918,178.006591169059,187.682777069432,217.082472208852,257.516860900674,288.686865664732,310.948424383246,324.966832894815,347.357125048819,344.639074738606,368.005258898127,380.199205462878,378.689138898655,394.516053414505
"N2O","2C1_Iron-steel-alloy-prod","process","ktN2O",0,0,0,0,0,0,0,0,0,0,0,0,0,0,0,0,0,0,0,0,0,0,0,0,0,0,0,0,0,0,0,0,0,0,0,0,0,0,0,0,0,0,0,0,0,0,0,0,0,0,0,0,0,0
"N2O","2C3_Aluminum-production","process","ktN2O",0,0,0,0,0,0,0,0,0,0,0,0,0,0,0,0,0,0,0,0,0,0,0,0,0,0,0,0,0,0,0,0,0,0,0,0,0,0,0,0,0,0,0,0,0,0,0,0,0,0,0,0,0,0
"N2O","2C4_Non-Ferrous-other-metals","process","ktN2O",0,0,0,0,0,0,0,0,0,0,0,0,0,0,0,0,0,0,0,0,0,0,0,0,0,0,0,0,0,0,0,0,0,0,0,0,0,0,0,0,0,0,0,0,0,0,0,0,0,0,0,0,0,0
"N2O","2D_Chemical-products-manufacture-processing","process","ktN2O",0,0,0,0,0,0,0,0,0,0,0,0,0,0,0,0,0,0,0,0,0,0,0,0,0,0,0,0,0,0,0,0,0,0,0,0,0,0,0,0,0,0,0,0,0,0,0,0,0,0,0,0,0,0
"N2O","2D_Degreasing-Cleaning","process","ktN2O",0,0,0,0,0,0,0,0,0,0,0,0,0,0,0,0,0,0,0,0,0,0,0,0,0,0,0,0,0,0,0,0,0,0,0,0,0,0,0,0,0,0,0,0,0,0,0,0,0,0,0,0,0,0
"N2O","2D_Other-product-use","process","ktN2O",49.5288561212866,53.191748925712,53.9206945781927,54.6625258796671,55.4172847186817,56.1860074094826,56.9682971170387,57.7663842154672,58.5867284408592,59.4374636639843,60.3240032461044,61.2477936942377,62.2055761343986,63.1916966289034,64.1981684010569,65.2179699684873,66.2504538666496,67.2938708821678,68.3395218854663,69.3765454630516,70.3976704308996,69.6615162228612,70.5843365450655,72.9720618484842,73.1177858944107,74.9933502104368,74.9862511516515,77.2714140840479,71.782732126296,71.6800883931739,74.0152041675558,73.3135645604199,73.1516740918686,74.4033332307409,70.5092901321616,80.0575974465875,81.6626663867897,81.3423804027787,70.7230819729639,70.5304797524474,71.0581647859693,78.3000434171799,69.5878641341128,65.662834470426,68.3129494654675,68.6896276017301,70.9667547190451,73.6633795898426,79.6719901529328,81.6821333308381,81.1919134853718,81.9993538642418,82.8514643360621,83.8069773277155
"N2O","2D_Paint-application","process","ktN2O",0,0,0,0,0,0,0,0,0,0,0,0,0,0,0,0,0,0,0,0,0,0,0,0,0,0,0,0,0,0,0,0,0,0,0,0,0,0,0,0,0,0,0,0,0,0,0,0,0,0,0,0,0,0
"N2O","2H_Pulp-and-paper-food-beverage-wood","process","ktN2O",0,0,0,0,0,0,0,0,0,0,0,0,0,0,0,0,0,0,0,0,0,0,0,0,0,0,0,0,0,0,0,0,0,0,0,0,0,0,0,0,0,0,0,0,0,0,0,0,0,0,0,0,0,0
"N2O","2L_Other-process-emissions","process","ktN2O",0,0,0,0,0,0,0,0,0,0,0,0,0,0,0,0,0,0,0,0,0,0,0,0,0,0,0,0,0,0,0,0,0,0,0,0,0,0,0,0,0,0,0,0,0,0,0,0,0,0,0,0,0,0
"N2O","3B_Manure-management","process","ktN2O",1556.09562959477,1584.23893841778,1610.69219257331,1632.60927650927,1665.7466995696,1694.24994862792,1720.13319300257,1743.95571477409,1762.96693170494,1790.08944260842,1822.24222733149,1844.59680872025,1871.12179031684,1895.7942148765,1902.20960529384,1919.96204050625,1951.83713376583,1975.639084467,2004.69122833039,2050.81907224006,2076.47981265156,2099.87145756153,2122.82745906761,2130.45226316279,2173.78475480763,2210.46952735321,2235.81899155367,2204.4264239989,2232.40862220539,2267.75356724978,2296.23026503595,2320.16087950744,2359.26140270897,2405.13437416047,2446.472078978,2491.20379034909,2525.890043521,2568.19835911373,2608.84998184897,2631.7532891051,2646.64847602318,2663.45629225636,2703.88439826458,2721.45600688573,2749.32987438105,2796.01835611373,2845.71693616002,2877.90704691113,2894.59736633831,2936.44668340549,2995.33135599474,3029.17650307454,3080.59064814756,3080.59064814756
"N2O","3D_Rice-Cultivation","process","ktN2O",0,0,0,0,0,0,0,0,0,0,0,0,0,0,0,0,0,0,0,0,0,0,0,0,0,0,0,0,0,0,0,0,0,0,0,0,0,0,0,0,0,0,0,0,0,0,0,0,0,0,0,0,0,0
"N2O","3D_Soil-emissions","process","ktN2O",1784.47543980256,1854.29155271274,1922.69575086889,2028.27398733676,2028.64669596755,2199.28576077287,2267.53812132043,2335.41872722885,2457.47598746984,2571.34638370574,2686.96774886004,2665.31779215798,2601.42237582836,2746.98718685931,2890.22195539491,2862.27052070812,2882.76674611145,2961.82811684709,3047.48422157638,3061.04388921508,3306.88807604921,3227.54296044947,3168.18780686992,3177.82043421251,3178.6609108512,3284.23036002393,3401.88988630317,3308.08843501729,3349.08685815217,3390.47956287844,3287.08049798918,3366.29473546527,3420.27651035922,3460.85311415589,3549.27518752113,3536.08250717261,3584.24349680857,3709.16717053897,3687.83145668194,3730.04841039408,3827.77461417324,3879.29130239424,3820.2587325098,4020.31877174687,4074.12979802687,4019.95539342925,3993.89339262124,4066.45548977845,4101.47049101961,4030.32009053749,4068.77768449607,4066.76183031047,3958.66065653546,3960.11578710842
"N2O","3E_Enteric-fermentation","process","ktN2O",0,0,0,0,0,0,0,0,0,0,0,0,0,0,0,0,0,0,0,0,0,0,0,0,0,0,0,0,0,0,0,0,0,0,0,0,0,0,0,0,0,0,0,0,0,0,0,0,0,0,0,0,0,0
"N2O","3I_Agriculture-other","process","ktN2O",0,0,0,0,0,0,0,0,0,0,0,0,0,0,0,0,0,0,0,0,0,0,0,0,0,0,0,0,0,0,0,0,0,0,0,0,0,0,0,0,0,0,0,0,0,0,0,0,0,0,0,0,0,0
"N2O","5A_Solid-waste-disposal","process","ktN2O",0,0,0,0,0,0,0,0,0,0,0,0,0,0,0,0,0,0,0,0,0,0,0,0,0,0,0,0,0,0,0,0,0,0,0,0,0,0,0,0,0,0,0,0,0,0,0,0,0,0,0,0,0,0
"N2O","5C_Waste-combustion","process","ktN2O",18.189693463651,19.1739991042318,20.0518482105813,20.94947995824,21.9237672444979,23.0412270611755,24.2494713706019,25.4324893839838,26.6779298791787,27.9345389281804,29.1521778556481,30.4470190058386,31.7096923542069,32.9826068288727,34.2183717500375,35.5942952622999,37.0468080501624,38.4889093666347,39.9687973397256,41.4575729208608,43.0521059633259,44.6852341800738,46.2763678906206,49.2088928268111,50.8237714335582,52.4471829125351,58.7363544273196,60.5748242203683,63.10139098711,64.5865853535784,64.216121784066,66.5648168417798,67.6498432854139,70.2441713555009,72.9237964787629,75.8798263684762,78.8284820501699,81.5900213109954,84.4280412113018,87.2295446576244,89.9130083221039,92.4498934676966,94.951784040591,97.2841872465417,99.5451281031646,99.5253527272445,99.5227244448002,99.4838496546471,99.6470698151576,99.6474028048941,99.8006141121323,99.6427468388804,99.554181924362,99.554181924362
"N2O","5D_Wastewater-handling","process","ktN2O",172.454552916622,175.351840815451,177.641442700974,181.504032372882,184.421966965284,188.667792097982,192.533157748937,195.187265515289,202.966241656081,207.654876547329,209.334003706394,216.428507060474,220.436282653716,226.503649938348,232.662510986249,238.121660499871,244.055560699092,250.13060002617,255.449454634934,260.813069738984,263.98601205308,268.824276921498,276.553511354924,281.870338675158,289.475317665615,295.437237673926,297.143967487953,300.673022139355,308.614773492415,314.343159528959,317.709916912177,321.27912143856,327.458204814688,331.397872202701,336.250638659453,341.714931213101,350.126081833215,357.219677790288,363.029715083692,371.079644096767,378.146403872972,386.878384923931,394.267361932508,401.145989836083,407.644721815634,415.052146574724,423.051363435545,430.634901110513,440.31026095635,446.239580173805,454.261414274107,459.030125975557,465.027816742769,468.732712857033
"N2O","5E_Other-waste-handling","process","ktN2O",12.2938012581393,12.3616824813073,12.4352152030453,12.5143174021103,12.5990711303161,12.6894144025461,12.8036396027497,12.9232725603622,13.0488754530368,13.181347937512,13.3213359891869,13.4641251535006,13.6139387210637,13.7707187784278,13.9343550720566,14.1046568992308,14.2756484341538,14.4529260873534,14.6351524035161,14.8202923584236,15.0069351835147,16.08549699462,17.2156204573347,18.9772185990891,21.4319478808586,23.3493181693056,24.754197830231,26.1563947656296,27.5441895871975,29.4508645540357,31.950714791116,32.5545288054267,33.5183320646184,36.1148476021465,37.4058745922218,36.9843984819834,37.6785222438752,38.8846763976035,39.2097432405736,39.0509054235266,39.6428595222652,41.1020217818526,42.8066694553273,43.6444658714022,44.6532742401879,45.4991647184356,47.5621263549376,49.0858090975213,48.2583811994022,48.6245680153418,49.5409416083547,49.825490266274,50.3236367532118,50.6303108145712
"N2O","6A_Other-in-total","process","ktN2O",0,0,0,0,0,0,0,0,0,0,0,0,0,0,0,0,0,0,0,0,0,0,0,0,0,0,0,0,0,0,0,0,0,0,0,0,0,0,0,0,0,0,0,0,0,0,0,0,0,0,0,0,0,0
"N2O","6B_Other-not-in-total","process","ktN2O",0,0,0,0,0,0,0,0,0,0,0,0,0,0,0,0,0,0,0,0,0,0,0,0,0,0,0,0,0,0,0,0,0,0,0,0,0,0,0,0,0,0,0,0,0,0,0,0,0,0,0,0,0,0
"N2O","7A_Fossil-fuel-fires","process","ktN2O",0.710418031237187,0.7269,0.728700000000001,0.730500000000001,0.732300000000001,0.734100000000001,0.735900000000001,0.737700000000001,0.739500000000001,0.741300000000001,0.743100000000001,0.744900000000001,0.746700000000001,0.753000000000001,0.753000000000001,0.753000000000001,0.753000000000001,0.753000000000001,0.753000000000001,0.753000000000001,0.753000000000001,0.979497890295361,0.753000000000001,0.753,0.752999999999999,0.752999999999999,0.753,0.753,0.753,0.753,0.753,0.752999999999999,0.752999999999999,0.753000000000001,0.753,0.753,0.753000000000001,0.753,0.753,0.753,0.752999999999999,0.753,0.753,0.753,0.753,0.753000000000001,0.752999999999999,0.752999999999999,0.753,0.753000000000001,0.752999999999999,0.753,0.753000000000001,0.756600521954993
"N2O","7BC_Indirect-N2O-non-agricultural-N","process","ktN2O",330.745193766833,331.802263611725,347.031802586778,365.139344606597,366.127444649145,370.80715909285,386.344750945956,399.414102085261,410.893188949003,419.493367882277,418.629232577953,414.94329655029,411.664913492395,414.234292375455,422.953160547028,424.951008715997,433.256048841837,446.667255840991,459.455923596101,465.901530446084,469.550544784563,469.595840724244,470.16495258329,467.733032787141,468.249719249012,473.077513539167,480.171949125568,478.313479599358,477.659496307083,473.177306153289,474.537674131047,469.674540213916,465.862448595901,474.43211881308,488.069487246432,491.817762077691,496.301995263759,505.925115228345,499.745041229833,490.773446177527,506.34456152798,512.050952216642,511.846627319243,507.911092887095,502.179651801129,490.254808398853,479.435483532871,478.327847963589,483.81294182878,480.904324255629,455.116317086709,474.436309632262,479.150932214953,482.937838763788
